  0
SECTION
  2
HEADER
  9
$ACADVER
  1
AC1024
  9
$ACADMAINTVER
 70
     6
  9
$DWGCODEPAGE
  3
ANSI_1251
  9
$INSBASE
 10
0.0
 20
0.0
 30
0.0
  9
$EXTMIN
 10
1.000000000000000E+20
 20
1.000000000000000E+20
 30
1.000000000000000E+20
  9
$EXTMAX
 10
-1.000000000000000E+20
 20
-1.000000000000000E+20
 30
-1.000000000000000E+20
  9
$LIMMIN
 10
0.0
 20
0.0
  9
$LIMMAX
 10
420.0
 20
297.0
  9
$ORTHOMODE
 70
     0
  9
$REGENMODE
 70
     1
  9
$FILLMODE
 70
     1
  9
$QTEXTMODE
 70
     0
  9
$MIRRTEXT
 70
     1
  9
$LTSCALE
 40
1.0
  9
$ATTMODE
 70
     1
  9
$TEXTSIZE
 40
2.5
  9
$TRACEWID
 40
1.0
  9
$TEXTSTYLE
  7
Standard
  9
$CLAYER
  8
0
  9
$CELTYPE
  6
ByLayer
  9
$CECOLOR
 62
   256
  9
$CELTSCALE
 40
1.0
  9
$DISPSILH
 70
     0
  9
$DIMSCALE
 40
1.0
  9
$DIMASZ
 40
2.5
  9
$DIMEXO
 40
0.625
  9
$DIMDLI
 40
3.75
  9
$DIMRND
 40
0.01
  9
$DIMDLE
 40
0.0
  9
$DIMEXE
 40
1.25
  9
$DIMTP
 40
0.0
  9
$DIMTM
 40
0.0
  9
$DIMTXT
 40
2.5
  9
$DIMCEN
 40
2.5
  9
$DIMTSZ
 40
0.0
  9
$DIMTOL
 70
     0
  9
$DIMLIM
 70
     0
  9
$DIMTIH
 70
     0
  9
$DIMTOH
 70
     0
  9
$DIMSE1
 70
     0
  9
$DIMSE2
 70
     0
  9
$DIMTAD
 70
     1
  9
$DIMZIN
 70
     8
  9
$DIMBLK
  1

  9
$DIMASO
 70
     1
  9
$DIMSHO
 70
     1
  9
$DIMPOST
  1

  9
$DIMAPOST
  1

  9
$DIMALT
 70
     0
  9
$DIMALTD
 70
     3
  9
$DIMALTF
 40
0.0393700787401575
  9
$DIMLFAC
 40
1.0
  9
$DIMTOFL
 70
     1
  9
$DIMTVP
 40
0.0
  9
$DIMTIX
 70
     0
  9
$DIMSOXD
 70
     0
  9
$DIMSAH
 70
     0
  9
$DIMBLK1
  1

  9
$DIMBLK2
  1

  9
$DIMSTYLE
  2
ISO-25
  9
$DIMCLRD
 70
     0
  9
$DIMCLRE
 70
     0
  9
$DIMCLRT
 70
     0
  9
$DIMTFAC
 40
1.0
  9
$DIMGAP
 40
0.7
  9
$DIMJUST
 70
     0
  9
$DIMSD1
 70
     0
  9
$DIMSD2
 70
     0
  9
$DIMTOLJ
 70
     0
  9
$DIMTZIN
 70
     8
  9
$DIMALTZ
 70
     0
  9
$DIMALTTZ
 70
     0
  9
$DIMUPT
 70
     0
  9
$DIMDEC
 70
     2
  9
$DIMTDEC
 70
     2
  9
$DIMALTU
 70
     2
  9
$DIMALTTD
 70
     3
  9
$DIMTXSTY
  7
Standard
  9
$DIMAUNIT
 70
     0
  9
$DIMADEC
 70
     2
  9
$DIMALTRND
 40
0.0
  9
$DIMAZIN
 70
     0
  9
$DIMDSEP
 70
    44
  9
$DIMATFIT
 70
     3
  9
$DIMFRAC
 70
     2
  9
$DIMLDRBLK
  1

  9
$DIMLUNIT
 70
     2
  9
$DIMLWD
 70
    15
  9
$DIMLWE
 70
    15
  9
$DIMTMOVE
 70
     0
  9
$DIMFXL
 40
1.0
  9
$DIMFXLON
 70
     0
  9
$DIMJOGANG
 40
0.7853981633974483
  9
$DIMTFILL
 70
     0
  9
$DIMTFILLCLR
 70
     0
  9
$DIMARCSYM
 70
     0
  9
$DIMLTYPE
  6

  9
$DIMLTEX1
  6

  9
$DIMLTEX2
  6

  9
$DIMTXTDIRECTION
 70
     0
  9
$LUNITS
 70
     2
  9
$LUPREC
 70
     4
  9
$SKETCHINC
 40
1.0
  9
$FILLETRAD
 40
0.0
  9
$AUNITS
 70
     0
  9
$AUPREC
 70
     0
  9
$MENU
  1
.
  9
$ELEVATION
 40
0.0
  9
$PELEVATION
 40
0.0
  9
$THICKNESS
 40
0.0
  9
$LIMCHECK
 70
     0
  9
$CHAMFERA
 40
0.0
  9
$CHAMFERB
 40
0.0
  9
$CHAMFERC
 40
0.0
  9
$CHAMFERD
 40
0.0
  9
$SKPOLY
 70
     0
  9
$TDCREATE
 40
2460775.037021227
  9
$TDUCREATE
 40
2460774.953687894
  9
$TDUPDATE
 40
2460775.037021227
  9
$TDUUPDATE
 40
2460774.953687894
  9
$TDINDWG
 40
0.0000000116
  9
$TDUSRTIMER
 40
0.0000000116
  9
$USRTIMER
 70
     1
  9
$ANGBASE
 50
0.0
  9
$ANGDIR
 70
     0
  9
$PDMODE
 70
     0
  9
$PDSIZE
 40
0.0
  9
$PLINEWID
 40
0.0
  9
$SPLFRAME
 70
     0
  9
$SPLINETYPE
 70
     6
  9
$SPLINESEGS
 70
     8
  9
$HANDSEED
  5
D2
  9
$SURFTAB1
 70
     6
  9
$SURFTAB2
 70
     6
  9
$SURFTYPE
 70
     6
  9
$SURFU
 70
     6
  9
$SURFV
 70
     6
  9
$UCSBASE
  2

  9
$UCSNAME
  2

  9
$UCSORG
 10
0.0
 20
0.0
 30
0.0
  9
$UCSXDIR
 10
1.0
 20
0.0
 30
0.0
  9
$UCSYDIR
 10
0.0
 20
1.0
 30
0.0
  9
$UCSORTHOREF
  2

  9
$UCSORTHOVIEW
 70
     0
  9
$UCSORGTOP
 10
0.0
 20
0.0
 30
0.0
  9
$UCSORGBOTTOM
 10
0.0
 20
0.0
 30
0.0
  9
$UCSORGLEFT
 10
0.0
 20
0.0
 30
0.0
  9
$UCSORGRIGHT
 10
0.0
 20
0.0
 30
0.0
  9
$UCSORGFRONT
 10
0.0
 20
0.0
 30
0.0
  9
$UCSORGBACK
 10
0.0
 20
0.0
 30
0.0
  9
$PUCSBASE
  2

  9
$PUCSNAME
  2

  9
$PUCSORG
 10
0.0
 20
0.0
 30
0.0
  9
$PUCSXDIR
 10
1.0
 20
0.0
 30
0.0
  9
$PUCSYDIR
 10
0.0
 20
1.0
 30
0.0
  9
$PUCSORTHOREF
  2

  9
$PUCSORTHOVIEW
 70
     0
  9
$PUCSORGTOP
 10
0.0
 20
0.0
 30
0.0
  9
$PUCSORGBOTTOM
 10
0.0
 20
0.0
 30
0.0
  9
$PUCSORGLEFT
 10
0.0
 20
0.0
 30
0.0
  9
$PUCSORGRIGHT
 10
0.0
 20
0.0
 30
0.0
  9
$PUCSORGFRONT
 10
0.0
 20
0.0
 30
0.0
  9
$PUCSORGBACK
 10
0.0
 20
0.0
 30
0.0
  9
$USERI1
 70
     0
  9
$USERI2
 70
     0
  9
$USERI3
 70
     0
  9
$USERI4
 70
     0
  9
$USERI5
 70
     0
  9
$USERR1
 40
0.0
  9
$USERR2
 40
0.0
  9
$USERR3
 40
0.0
  9
$USERR4
 40
0.0
  9
$USERR5
 40
0.0
  9
$WORLDVIEW
 70
     1
  9
$SHADEDGE
 70
     3
  9
$SHADEDIF
 70
    70
  9
$TILEMODE
 70
     0
  9
$MAXACTVP
 70
    64
  9
$PINSBASE
 10
0.0
 20
0.0
 30
0.0
  9
$PLIMCHECK
 70
     0
  9
$PEXTMIN
 10
0.0
 20
0.0
 30
0.0
  9
$PEXTMAX
 10
0.0
 20
0.0
 30
0.0
  9
$PLIMMIN
 10
-20.0
 20
-7.5
  9
$PLIMMAX
 10
277.0
 20
202.5
  9
$UNITMODE
 70
     0
  9
$VISRETAIN
 70
     1
  9
$PLINEGEN
 70
     0
  9
$PSLTSCALE
 70
     1
  9
$TREEDEPTH
 70
  3020
  9
$CMLSTYLE
  2
Standard
  9
$CMLJUST
 70
     0
  9
$CMLSCALE
 40
20.0
  9
$PROXYGRAPHICS
 70
     1
  9
$MEASUREMENT
 70
     1
  9
$CELWEIGHT
370
    -1
  9
$ENDCAPS
280
     0
  9
$JOINSTYLE
280
     0
  9
$LWDISPLAY
290
     0
  9
$INSUNITS
 70
     4
  9
$HYPERLINKBASE
  1

  9
$STYLESHEET
  1

  9
$XEDIT
290
     1
  9
$CEPSNTYPE
380
     0
  9
$PSTYLEMODE
290
     1
  9
$FINGERPRINTGUID
  2
{a01327bd-0129-af05-f7d4-efba79ced75c}
  9
$VERSIONGUID
  2
{FAEB1C32-E019-11D5-929B-00C0DF256EC4}
  9
$EXTNAMES
290
     1
  9
$PSVPSCALE
 40
0.0
  9
$OLESTARTUP
290
     0
  9
$SORTENTS
280
   127
  9
$INDEXCTL
280
     0
  9
$HIDETEXT
280
     1
  9
$XCLIPFRAME
280
     2
  9
$HALOGAP
280
     0
  9
$OBSCOLOR
 70
   257
  9
$OBSLTYPE
280
     0
  9
$INTERSECTIONDISPLAY
280
     0
  9
$INTERSECTIONCOLOR
 70
   257
  9
$DIMASSOC
280
     2
  9
$PROJECTNAME
  1

  9
$CAMERADISPLAY
290
     0
  9
$LENSLENGTH
 40
50.0
  9
$CAMERAHEIGHT
 40
0.0
  9
$STEPSPERSEC
 40
2.0
  9
$STEPSIZE
 40
6.0
  9
$3DDWFPREC
 40
2.0
  9
$PSOLWIDTH
 40
5.0
  9
$PSOLHEIGHT
 40
80.0
  9
$LOFTANG1
 40
1.570796326794897
  9
$LOFTANG2
 40
1.570796326794897
  9
$LOFTMAG1
 40
0.0
  9
$LOFTMAG2
 40
0.0
  9
$LOFTPARAM
 70
     7
  9
$LOFTNORMALS
280
     1
  9
$LATITUDE
 40
37.795
  9
$LONGITUDE
 40
-122.394
  9
$NORTHDIRECTION
 40
0.0
  9
$TIMEZONE
 70
 -8000
  9
$LIGHTGLYPHDISPLAY
280
     1
  9
$TILEMODELIGHTSYNCH
280
     1
  9
$CMATERIAL
347
44
  9
$SOLIDHIST
280
     0
  9
$SHOWHIST
280
     1
  9
$DWFFRAME
280
     2
  9
$DGNFRAME
280
     2
  9
$REALWORLDSCALE
290
     1
  9
$INTERFERECOLOR
 62
   256
  9
$CSHADOW
280
     0
  9
$SHADOWPLANELOCATION
 40
0.0
  0
ENDSEC
  0
SECTION
  2
CLASSES
  0
CLASS
  1
ACDBDICTIONARYWDFLT
  2
AcDbDictionaryWithDefault
  3
ObjectDBX Classes
 90
        0
 91
        3
280
     0
281
     0
  0
CLASS
  1
VISUALSTYLE
  2
AcDbVisualStyle
  3
ObjectDBX Classes
 90
     4095
 91
        3
280
     0
281
     0
  0
CLASS
  1
MATERIAL
  2
AcDbMaterial
  3
ObjectDBX Classes
 90
     1153
 91
        3
280
     0
281
     0
  0
CLASS
  1
SCALE
  2
AcDbScale
  3
ObjectDBX Classes
 90
     1153
 91
        3
280
     0
281
     0
  0
CLASS
  1
TABLESTYLE
  2
AcDbTableStyle
  3
ObjectDBX Classes
 90
     4095
 91
        3
280
     0
281
     0
  0
CLASS
  1
MLEADERSTYLE
  2
AcDbMLeaderStyle
  3
ACDB_MLEADERSTYLE_CLASS
 90
     4095
 91
        3
280
     0
281
     0
  0
CLASS
  1
SUN
  2
AcDbSun
  3
SCENEOE
 90
     1153
 91
        3
280
     0
281
     0
  0
CLASS
  1
DICTIONARYVAR
  2
AcDbDictionaryVar
  3
ObjectDBX Classes
 90
        0
 91
        3
280
     0
281
     0
  0
CLASS
  1
CELLSTYLEMAP
  2
AcDbCellStyleMap
  3
ObjectDBX Classes
 90
     1152
 91
        3
280
     0
281
     0
  0
ENDSEC
  0
SECTION
  2
TABLES
  0
TABLE
  2
VPORT
  5
8
330
0
100
AcDbSymbolTable
 70
     1
  0
VPORT
  5
29
330
8
100
AcDbSymbolTableRecord
100
AcDbViewportTableRecord
  2
*Active
 70
     0
 10
0.0
 20
0.0
 11
1.0
 21
1.0
 12
210.0
 22
148.5
 13
0.0
 23
0.0
 14
10.0
 24
10.0
 15
10.0
 25
10.0
 16
0.0
 26
0.0
 36
1.0
 17
0.0
 27
0.0
 37
0.0
 40
297.0
 41
1.414141414141414
 42
50.0
 43
0.0
 44
0.0
 50
0.0
 51
0.0
 71
     0
 72
   100
 73
     1
 74
     3
 75
     0
 76
     0
 77
     0
 78
     0
281
     0
 65
     1
110
0.0
120
0.0
130
0.0
111
1.0
121
0.0
131
0.0
112
0.0
122
1.0
132
0.0
 79
     0
146
0.0
348
2F
 60
     3
 61
     5
292
     1
282
     1
141
0.0
142
0.0
 63
   250
361
5D
  0
ENDTAB
  0
TABLE
  2
LTYPE
  5
5
330
0
100
AcDbSymbolTable
 70
     6
  0
LTYPE
  5
14
330
5
100
AcDbSymbolTableRecord
100
AcDbLinetypeTableRecord
  2
ByBlock
 70
     0
  3

 72
    65
 73
     0
 40
0.0
  0
LTYPE
  5
15
330
5
100
AcDbSymbolTableRecord
100
AcDbLinetypeTableRecord
  2
ByLayer
 70
     0
  3

 72
    65
 73
     0
 40
0.0
  0
LTYPE
  5
16
330
5
100
AcDbSymbolTableRecord
100
AcDbLinetypeTableRecord
  2
Continuous
 70
     0
  3
Solid line
 72
    65
 73
     0
 40
0.0
  0
LTYPE
  5
61
330
5
100
AcDbSymbolTableRecord
100
AcDbLinetypeTableRecord
  2
CenterLine
 70
     0
  3

 72
    65
 73
     4
 40
8.0
 49
5.0
 74
     0
 49
-1.0
 74
     0
 49
1.0
 74
     0
 49
-1.0
 74
     0
  0
LTYPE
  5
62
330
5
100
AcDbSymbolTableRecord
100
AcDbLinetypeTableRecord
  2
DraftedLine
 70
     0
  3

 72
    65
 73
     2
 40
3.0
 49
2.0
 74
     0
 49
-1.0
 74
     0
  0
LTYPE
  5
63
330
5
100
AcDbSymbolTableRecord
100
AcDbLinetypeTableRecord
  2
SectionLineISO
 70
     0
  3

 72
    65
 73
     5
 40
13.75833333333342
 49
4.23333333333336
 74
     0
 49
-2.11666666666668
 74
     0
 49
1.05833333333334
 74
     0
 49
-2.11666666666668
 74
     0
 49
4.23333333333336
 74
     0
  0
LTYPE
  5
64
330
5
100
AcDbSymbolTableRecord
100
AcDbLinetypeTableRecord
  2
SectionLineANSI
 70
     0
  3

 72
    65
 73
     7
 40
11.99444444444452
 49
4.23333333333336
 74
     0
 49
-1.05833333333334
 74
     0
 49
0.17638888888889
 74
     0
 49
-1.05833333333334
 74
     0
 49
0.17638888888889
 74
     0
 49
-1.05833333333334
 74
     0
 49
4.23333333333336
 74
     0
  0
LTYPE
  5
65
330
5
100
AcDbSymbolTableRecord
100
AcDbLinetypeTableRecord
  2
DetailCircleISO
 70
     0
  3

 72
    65
 73
     5
 40
13.75833333333342
 49
4.23333333333336
 74
     0
 49
-2.11666666666668
 74
     0
 49
1.05833333333334
 74
     0
 49
-2.11666666666668
 74
     0
 49
4.23333333333336
 74
     0
  0
ENDTAB
  0
TABLE
  2
LAYER
  5
2
330
0
100
AcDbSymbolTable
 70
     4
  0
LAYER
  5
10
330
2
100
AcDbSymbolTableRecord
100
AcDbLayerTableRecord
  2
0
 70
     0
 62
     7
  6
Continuous
370
    -3
390
F
347
46
  0
LAYER
  5
5E
330
2
100
AcDbSymbolTableRecord
100
AcDbLayerTableRecord
  2
Geometries
 70
     0
 62
     7
  6
Continuous
370
    -3
390
F
347
46
  0
LAYER
  5
5F
330
2
100
AcDbSymbolTableRecord
100
AcDbLayerTableRecord
  2
Annotations
 70
     0
 62
     7
  6
Continuous
370
    -3
390
F
347
46
  0
LAYER
  5
60
330
2
100
AcDbSymbolTableRecord
100
AcDbLayerTableRecord
  2
Border
 70
     0
 62
     7
  6
Continuous
370
    -3
390
F
347
46
  0
ENDTAB
  0
TABLE
  2
STYLE
  5
3
330
0
100
AcDbSymbolTable
 70
    16
  0
STYLE
  5
11
330
3
100
AcDbSymbolTableRecord
100
AcDbTextStyleTableRecord
  2
Standard
 70
     0
 40
0.0
 41
1.0
 50
0.0
 71
     0
 42
2.5
  3
txt
  4

  0
STYLE
  5
66
330
3
100
AcDbSymbolTableRecord
100
AcDbTextStyleTableRecord
  2
Shapr0
 70
     0
 40
3.3495
 41
1.0
 50
0.0
 71
     0
 42
2.5
  3

  4

  0
STYLE
  5
67
330
3
100
AcDbSymbolTableRecord
100
AcDbTextStyleTableRecord
  2
Shapr1
 70
     0
 40
3.3495
 41
1.0
 50
0.0
 71
     0
 42
2.5
  3

  4

  0
STYLE
  5
68
330
3
100
AcDbSymbolTableRecord
100
AcDbTextStyleTableRecord
  2
Shapr2
 70
     0
 40
3.3495
 41
1.0
 50
0.0
 71
     0
 42
2.5
  3

  4

  0
STYLE
  5
69
330
3
100
AcDbSymbolTableRecord
100
AcDbTextStyleTableRecord
  2
Shapr3
 70
     0
 40
3.3495
 41
1.0
 50
0.0
 71
     0
 42
2.5
  3

  4

  0
STYLE
  5
6A
330
3
100
AcDbSymbolTableRecord
100
AcDbTextStyleTableRecord
  2
Shapr4
 70
     0
 40
3.3495
 41
1.0
 50
0.0
 71
     0
 42
2.5
  3

  4

  0
STYLE
  5
6B
330
3
100
AcDbSymbolTableRecord
100
AcDbTextStyleTableRecord
  2
Shapr5
 70
     0
 40
3.3495
 41
1.0
 50
0.0
 71
     0
 42
2.5
  3

  4

  0
STYLE
  5
6C
330
3
100
AcDbSymbolTableRecord
100
AcDbTextStyleTableRecord
  2
Shapr6
 70
     0
 40
3.3495
 41
1.0
 50
0.0
 71
     0
 42
2.5
  3

  4

  0
STYLE
  5
6D
330
3
100
AcDbSymbolTableRecord
100
AcDbTextStyleTableRecord
  2
Shapr7
 70
     0
 40
3.3495
 41
1.0
 50
0.0
 71
     0
 42
2.5
  3

  4

  0
STYLE
  5
6E
330
3
100
AcDbSymbolTableRecord
100
AcDbTextStyleTableRecord
  2
Shapr8
 70
     0
 40
3.3495
 41
1.0
 50
0.0
 71
     0
 42
2.5
  3

  4

  0
STYLE
  5
6F
330
3
100
AcDbSymbolTableRecord
100
AcDbTextStyleTableRecord
  2
Shapr9
 70
     0
 40
3.3495
 41
1.0
 50
0.0
 71
     0
 42
2.5
  3

  4

  0
STYLE
  5
70
330
3
100
AcDbSymbolTableRecord
100
AcDbTextStyleTableRecord
  2
Shapr10
 70
     0
 40
3.3495
 41
1.0
 50
0.0
 71
     0
 42
2.5
  3

  4

  0
STYLE
  5
71
330
3
100
AcDbSymbolTableRecord
100
AcDbTextStyleTableRecord
  2
Shapr11
 70
     0
 40
3.3495
 41
1.0
 50
0.0
 71
     0
 42
2.5
  3

  4

  0
STYLE
  5
72
330
3
100
AcDbSymbolTableRecord
100
AcDbTextStyleTableRecord
  2
Shapr12
 70
     0
 40
3.3495
 41
1.0
 50
0.0
 71
     0
 42
2.5
  3

  4

  0
STYLE
  5
73
330
3
100
AcDbSymbolTableRecord
100
AcDbTextStyleTableRecord
  2
Shapr13
 70
     0
 40
3.3495
 41
1.0
 50
0.0
 71
     0
 42
2.5
  3

  4

  0
STYLE
  5
74
330
3
100
AcDbSymbolTableRecord
100
AcDbTextStyleTableRecord
  2
Shapr14
 70
     0
 40
3.3495
 41
1.0
 50
0.0
 71
     0
 42
2.5
  3

  4

  0
ENDTAB
  0
TABLE
  2
VIEW
  5
6
330
0
100
AcDbSymbolTable
 70
     0
  0
ENDTAB
  0
TABLE
  2
UCS
  5
7
330
0
100
AcDbSymbolTable
 70
     0
  0
ENDTAB
  0
TABLE
  2
APPID
  5
9
330
0
100
AcDbSymbolTable
 70
     1
  0
APPID
  5
12
330
9
100
AcDbSymbolTableRecord
100
AcDbRegAppTableRecord
  2
ACAD
 70
     0
  0
ENDTAB
  0
TABLE
  2
DIMSTYLE
  5
A
330
0
100
AcDbSymbolTable
 70
     1
100
AcDbDimStyleTable
  0
DIMSTYLE
105
27
330
A
100
AcDbSymbolTableRecord
100
AcDbDimStyleTableRecord
  2
ISO-25
 70
     0
 41
2.5
 42
0.625
 43
3.75
 44
1.25
 73
     0
 74
     0
 77
     1
 78
     8
140
2.5
141
2.5
143
0.0393700787401575
147
0.625
171
     3
172
     1
178
     0
271
     2
272
     2
274
     3
278
    44
283
     0
284
     8
340
11
  0
ENDTAB
  0
TABLE
  2
BLOCK_RECORD
  5
1
330
0
100
AcDbSymbolTable
 70
     2
  0
BLOCK_RECORD
  5
1F
330
1
100
AcDbSymbolTableRecord
100
AcDbBlockTableRecord
  2
*Model_Space
340
22
 70
     4
280
     1
281
     0
  0
BLOCK_RECORD
  5
75
330
1
100
AcDbSymbolTableRecord
100
AcDbBlockTableRecord
  2
*Paper_Space
340
76
 70
     0
280
     1
281
     0
  0
BLOCK_RECORD
  5
23
330
1
100
AcDbSymbolTableRecord
100
AcDbBlockTableRecord
  2
*Paper_Space0
340
26
 70
     0
280
     1
281
     0
  0
BLOCK_RECORD
  5
1B
330
1
100
AcDbSymbolTableRecord
100
AcDbBlockTableRecord
  2
*Paper_Space1
340
1E
 70
     4
280
     1
281
     0
  0
ENDTAB
  0
ENDSEC
  0
SECTION
  2
BLOCKS
  0
BLOCK
  5
20
330
1F
100
AcDbEntity
  8
0
100
AcDbBlockBegin
  2
*Model_Space
 70
     0
 10
0.0
 20
0.0
 30
0.0
  3
*Model_Space
  1

  0
ENDBLK
  5
21
330
1F
100
AcDbEntity
  8
0
100
AcDbBlockEnd
  0
BLOCK
  5
77
330
75
100
AcDbEntity
 67
     1
  8
0
100
AcDbBlockBegin
  2
*Paper_Space
 70
     0
 10
0.0
 20
0.0
 30
0.0
  3
*Paper_Space
  1

  0
ENDBLK
  5
78
330
75
100
AcDbEntity
 67
     1
  8
0
100
AcDbBlockEnd
  0
BLOCK
  5
24
330
23
100
AcDbEntity
  8
0
100
AcDbBlockBegin
  2
*Paper_Space0
 70
     0
 10
0.0
 20
0.0
 30
0.0
  3
*Paper_Space0
  1

  0
ENDBLK
  5
25
330
23
100
AcDbEntity
  8
0
100
AcDbBlockEnd
  0
BLOCK
  5
1C
330
1B
100
AcDbEntity
  8
0
100
AcDbBlockBegin
  2
*Paper_Space1
 70
     0
 10
0.0
 20
0.0
 30
0.0
  3
*Paper_Space1
  1

  0
ENDBLK
  5
1D
330
1B
100
AcDbEntity
  8
0
100
AcDbBlockEnd
  0
ENDSEC
  0
SECTION
  2
ENTITIES
  0
LWPOLYLINE
  5
7D
330
1F
100
AcDbEntity
  8
Geometries
  6
Continuous
370
    13
100
AcDbPolyline
 90
       31
 70
   128
 43
0.0
 10
414.5274889528556
 20
238.5041246165275
 10
414.7056041576282
 20
238.5548090789312
 10
414.7940164533778
 20
238.5828265680013
 10
414.8817759044464
 20
238.6128218080746
 10
414.9928975206977
 20
238.654355926132
 10
415.1024814296573
 20
238.6998745616077
 10
415.2100592589359
 20
238.74981350041
 10
415.290648489142
 20
238.7912639044213
 10
415.3696244399555
 20
238.8358748001822
 10
415.44658104997
 20
238.8838304707815
 10
415.5211122577784
 20
238.9353151993082
 10
415.5778170494681
 20
238.9784502881793
 10
415.6326030236282
 20
239.0239934128797
 10
415.6856686551092
 20
239.0724113333394
 10
415.7363136543171
 20
239.1233519397718
 10
415.7861805255139
 20
239.1790424196158
 10
415.832958076705
 20
239.2374217412581
 10
415.876351670709
 20
239.298283475192
 10
415.9173150963055
 20
239.3634581282502
 10
415.9544331107552
 20
239.4309737661436
 10
415.9875720664738
 20
239.500458980761
 10
416.0159199502463
 20
239.5695890402766
 10
416.0406165353124
 20
239.6401642444679
 10
416.0617342836604
 20
239.7118456812838
 10
416.0797603645092
 20
239.7860382505402
 10
416.0944051003885
 20
239.8610155436966
 10
416.1058565418239
 20
239.9365151068372
 10
416.1151632338123
 20
240.0216442473414
 10
416.1210242258888
 20
240.1070839800845
 10
416.1237368794334
 20
240.1931750192741
 10
416.1235351358216
 20
240.2793116077268
  0
CIRCLE
  5
7E
330
1F
100
AcDbEntity
  8
Geometries
  6
Continuous
370
    13
100
AcDbCircle
 10
110.1203579468507
 20
188.0235676294093
 30
0.0
 40
8.1
  0
LWPOLYLINE
  5
7F
330
1F
100
AcDbEntity
  8
Geometries
  6
Continuous
370
    13
100
AcDbPolyline
 90
      449
 70
   128
 43
0.0
 10
-78.5126239579156
 20
186.0392491418417
 10
-78.54633590543057
 20
185.9092087652367
 10
-78.57615868831601
 20
185.7802205602849
 10
-78.60212892832584
 20
185.6522806193482
 10
-78.62428324721367
 20
185.5253850347893
 10
-78.64265826673335
 20
185.3995298989704
 10
-78.65729060863845
 20
185.274711304254
 10
-78.66821689468281
 20
185.1509253430023
 10
-78.67599902287543
 20
185.0159488135118
 10
-78.67938987935281
 20
184.8822118412065
 10
-78.6784382076691
 20
184.7497092250207
 10
-78.67319275137851
 20
184.6184357638886
 10
-78.66370225403517
 20
184.4883862567447
 10
-78.65001545919341
 20
184.3595555025232
 10
-78.63218111040726
 20
184.2319383001584
 10
-78.61024795123126
 20
184.1055294485848
 10
-78.58426472521933
 20
183.9803237467363
 10
-78.55428017592578
 20
183.8563159935478
 10
-78.52098344534699
 20
183.7356836838255
 10
-78.48392021685805
 20
183.6161969765263
 10
-78.44313666910341
 20
183.4978509442671
 10
-78.39867898072771
 20
183.3806406596647
 10
-78.34659666195506
 20
183.2553362611264
 10
-78.2903417057924
 20
183.1313443770315
 10
-78.22997226622806
 20
183.0086588021961
 10
-78.16554649725055
 20
182.8872733314365
 10
-78.0971225528487
 20
182.7671817595688
 10
-78.02475858701081
 20
182.648377881409
 10
-77.95297321668227
 20
182.5375366434199
 10
-77.87778568896897
 20
182.4278294215103
 10
-77.79924474742512
 20
182.3192510146147
 10
-77.71739913560509
 20
182.211796221667
 10
-77.63229759706286
 20
182.1054598416018
 10
-77.54398887535274
 20
182.0002366733534
 10
-77.45252171402899
 20
181.8961215158562
 10
-77.35794485664576
 20
181.7931091680442
 10
-77.26030704675736
 20
181.691194428852
 10
-77.15965702791777
 20
181.5903720972138
 10
-77.05791948907779
 20
181.4924084527181
 10
-76.95336955655267
 20
181.3954886052103
 10
-76.84605340898707
 20
181.2996076273072
 10
-76.73601722502536
 20
181.204760591626
 10
-76.59936265683177
 20
181.091419786612
 10
-76.45887838182489
 20
180.9795755412501
 10
-76.31464610217154
 20
180.8692191377035
 10
-76.16674752003865
 20
180.7603418581358
 10
-76.01526433759312
 20
180.6529349847104
 10
-75.86027825700154
 20
180.5469897995911
 10
-75.71101356225569
 20
180.4484295794819
 10
-75.55877597528882
 20
180.3511537133448
 10
-75.40363397728521
 20
180.2551548940569
 10
-75.24565604942893
 20
180.1604258144953
 10
-75.08491067290407
 20
180.0669591675373
 10
-74.90232342159186
 20
179.9641254861788
 10
-74.71646949698038
 20
179.862845050159
 10
-74.52744410132397
 20
179.7631077011464
 10
-74.335342436877
 20
179.6649032808094
 10
-74.14025970589375
 20
179.5682216308167
 10
-73.9422911106285
 20
179.4730525928371
 10
-73.74153185333563
 20
179.3793860085389
 10
-73.53807713626941
 20
179.2872117195907
 10
-73.30237902197541
 20
179.1836839444116
 10
-73.06342676245009
 20
179.0820768582081
 10
-72.82136246718113
 20
178.9823752975236
 10
-72.57632824565599
 20
178.8845640989011
 10
-72.32846620736211
 20
178.7886280988839
 10
-72.07791846178696
 20
178.6945521340152
 10
-71.82482711841817
 20
178.602321040838
 10
-71.54365839293405
 20
178.5029795675614
 10
-71.25977301432721
 20
178.4058318586878
 10
-70.97336013032555
 20
178.3108577316564
 10
-70.68460888865695
 20
178.2180370039061
 10
-70.39370843704927
 20
178.1273494928758
 10
-70.06149993342308
 20
178.0270755838433
 10
-69.72704713516919
 20
177.9294889666078
 10
-69.39062578710036
 20
177.8345602184712
 10
-69.05251163403
 20
177.7422599167351
 10
-68.71298042077098
 20
177.6525586387013
 10
-68.37230789213629
 20
177.5654269616716
 10
-68.03076979293928
 20
177.4808354629479
 10
-67.68864186799277
 20
177.3987547198319
 10
-67.25812611371828
 20
177.2990843762047
 10
-66.82766183284122
 20
177.2032770943808
 10
-66.39779687483451
 20
177.111274417378
 10
-65.96907908917126
 20
177.0230178882135
 10
-65.5420563253245
 20
176.9384490499049
 10
-65.18789407679145
 20
176.8707498302253
 10
-64.83560642028414
 20
176.8055370825745
 10
-64.48551039832171
 20
176.7427769776801
 10
-64.13792305342321
 20
176.6824356862698
 10
-63.79316142810796
 20
176.6244793790714
 10
-63.45154256489491
 20
176.5688742268125
 10
-63.18553901586517
 20
176.5268118343796
 10
-62.9218251507354
 20
176.4861636266839
 10
-62.66055475361395
 20
176.4469131945558
 10
-62.40188160860885
 20
176.4090441288257
 10
-62.14595949982839
 20
176.372540020324
 10
-61.89294221138084
 20
176.3373844598811
 10
-61.6542767581148
 20
176.3050697988015
 10
-61.41853192608414
 20
176.2739546537045
 10
-61.18584146760162
 20
176.2440247528659
 10
-60.95633913497983
 20
176.2152658245614
 10
-60.73015868053164
 20
176.1876635970668
 10
-60.50743385656983
 20
176.1612037986579
 10
-60.28829841540716
 20
176.1358721576103
 10
-60.07288610935626
 20
176.1116544021999
 10
-59.88273740121627
 20
176.0908452904116
 10
-59.69579546343272
 20
176.0709124976034
 10
-59.51215713964217
 20
176.0518456903038
 10
-59.33191927348145
 20
176.0336345350418
 10
-59.15517870858696
 20
176.016268698346
 10
-58.98203228859558
 20
175.9997378467453
 10
-58.81257685714388
 20
175.9840316467683
 10
-58.64690925786851
 20
175.9691397649438
 10
-58.48512633440617
 20
175.9550518678006
 10
-58.32732493039344
 20
175.9417576218676
 10
-58.17360188946725
 20
175.9292466936733
 10
-58.02405405526395
 20
175.9175087497465
 10
-57.8787782714204
 20
175.9065334566161
 10
-57.73787138157314
 20
175.8963104808107
 10
-57.6324111937534
 20
175.8889449542049
 10
-57.52964295409225
 20
175.8820146322553
 10
-57.42961087490568
 20
175.8755147973915
 10
-57.33235916850964
 20
175.8694407320426
 10
-57.24911270078411
 20
175.8644440047991
 10
-57.16808372122046
 20
175.8597701252891
 10
-57.09863645157407
 20
175.8559216179808
 10
-57.068636351235
 20
175.854306125759
 10
-57.06473310591008
 20
175.8540980805221
 10
-57.06083574123653
 20
175.8538908461596
 10
-57.05694426114223
 20
175.8536844222523
 10
-57.05305866955473
 20
175.8534788083812
 10
-57.0491789704019
 20
175.8532740041272
 10
-57.04530516761133
 20
175.8530700090711
 10
-56.93582818277525
 20
175.847298261901
 10
-56.82286322050186
 20
175.8413161978714
 10
-56.70643071555247
 20
175.8351257510759
 10
-56.5865511026883
 20
175.8287288556076
 10
-56.46324481667074
 20
175.8221274455601
 10
-56.33653229226098
 20
175.8153234550265
 10
-56.20643396422037
 20
175.8083188181002
 10
-56.0594395890696
 20
175.8003842792382
 10
-55.90840031625385
 20
175.7922118727721
 10
-55.75334334444045
 20
175.7838041729803
 10
-55.59429587229664
 20
175.7751637541409
 10
-55.43128509848958
 20
175.7662931905322
 10
-55.26433822168667
 20
175.7571950564324
 10
-55.09348244055514
 20
175.7478719261197
 10
-54.9187449537622
 20
175.7383263738724
 10
-54.74015295997532
 20
175.7285609739686
 10
-54.55773365786143
 20
175.7185783006866
 10
-54.37487275880642
 20
175.7085648920498
 10
-54.18837202398441
 20
175.6983468224938
 10
-53.99825722085546
 20
175.6879265308369
 10
-53.8045541168795
 20
175.6773064558977
 10
-53.60366901650036
 20
175.6662905446685
 10
-53.39911785703606
 20
175.6550726218534
 10
-53.19092783715382
 20
175.6436552617306
 10
-52.97912615552093
 20
175.6320410385785
 10
-52.76374001080461
 20
175.620232526675
 10
-52.54873734194416
 20
175.6084482563099
 10
-52.33032908695361
 20
175.5964814961023
 10
-52.10854101329301
 20
175.5843346848706
 10
-51.88339888842239
 20
175.5720102614332
 10
-51.65023134391009
 20
175.559253763935
 10
-51.41362565859885
 20
175.5463174613588
 10
-51.1736092099631
 20
175.5332039449064
 10
-50.9302093754776
 20
175.5199158057795
 10
-50.68345353261702
 20
175.5064556351802
 10
-50.4333690588557
 20
175.4928260243102
 10
-50.1799833316685
 20
175.4790295643714
 10
-49.8939519311993
 20
175.4634721234933
 10
-49.60389812724458
 20
175.4477145510672
 10
-49.30985973127736
 20
175.4317604258437
 10
-49.01187455477049
 20
175.4156133265736
 10
-48.70998040919687
 20
175.3992768320076
 10
-48.40421510602943
 20
175.3827545208965
 10
-48.09461645674099
 20
175.3660499719911
 10
-47.78122227280454
 20
175.3491667640422
 10
-47.4488748076019
 20
175.3312918702057
 10
-47.11244669432796
 20
175.3132289394881
 10
-46.77198140739836
 20
175.2949820866216
 10
-46.42752242122879
 20
175.2765554263389
 10
-46.07911321023488
 20
175.2579530733725
 10
-45.72679724883227
 20
175.2391791424551
 10
-45.3706180114367
 20
175.2202377483191
 10
-45.01061897246376
 20
175.2011330056972
 10
-44.64684360632913
 20
175.1818690293217
 10
-44.2793353874485
 20
175.1624499339254
 10
-43.90813779023756
 20
175.1428798342407
 10
-43.53329428911184
 20
175.1231628450002
 10
-43.1765701268194
 20
175.1044416989903
 10
-42.81667991763987
 20
175.0855970779659
 10
-42.45366010099201
 20
175.0666324308168
 10
-42.08754711629456
 20
175.0475512064324
 10
-41.71837740296621
 20
175.0283568537026
 10
-41.28747235676934
 20
175.0060118717482
 10
-40.85258047177271
 20
174.9835254032492
 10
-40.41375818959187
 20
174.9609027902478
 10
-39.97106195184227
 20
174.9381493747857
 10
-39.52454820013952
 20
174.915270498905
 10
-39.07427337609911
 20
174.8922715046475
 10
-38.62029392133667
 20
174.8691577340553
 10
-38.11670503568189
 20
174.8436063954644
 10
-37.6087769649985
 20
174.8179297516371
 10
-37.09658483307661
 20
174.7921349128312
 10
-36.58020376370661
 20
174.7662289893045
 10
-36.05970888067864
 20
174.740219091315
 10
-35.53517530778308
 20
174.7141123291205
 10
-35.00667816881011
 20
174.6879158129787
 10
-34.47429258755005
 20
174.6616366531477
 10
-33.93809368779318
 20
174.6352819598852
 10
-33.39815659332979
 20
174.608858843449
 10
-32.86429526045617
 20
174.5828478468005
 10
-32.32697168329602
 20
174.5567844435446
 10
-31.78625703258908
 20
174.5306753697936
 10
-31.2422224790748
 20
174.5045273616603
 10
-30.68495896056496
 20
174.4778708954161
 10
-30.12440262410516
 20
174.4511881596697
 10
-29.56062859348569
 20
174.4244862646791
 10
-28.9937119924968
 20
174.397772320702
 10
-28.42372794492871
 20
174.3710534379964
 10
-27.86100910028748
 20
174.3448137507097
 10
-27.29547501808335
 20
174.3185828942027
 10
-26.72719686905606
 20
174.292367604588
 10
-26.15624582394517
 20
174.2661746179782
 10
-25.47315581836881
 20
174.2350309115019
 10
-24.78649863836921
 20
174.2039397252909
 10
-24.09639436199478
 20
174.1729124243985
 10
-23.40296306729391
 20
174.141960373878
 10
-22.706324832315
 20
174.1110949387829
 10
-22.00659973510645
 20
174.0803274841665
 10
-21.24156037530778
 20
174.0469608954644
 10
-20.4731605629014
 20
174.0137385283239
 10
-19.70155517368025
 20
173.9806750413081
 10
-18.92689908343738
 20
173.9477850929803
 10
-18.1493471679658
 20
173.9150833419036
 10
-17.3830112426333
 20
173.8831629202568
 10
-16.61417811104201
 20
173.8514520614821
 10
-15.84299449934477
 20
173.819964652802
 10
-15.06960713369452
 20
173.7887145814389
 10
-13.96123608708592
 20
173.7445108614588
 10
-12.84909479759904
 20
173.7008603321487
 10
-11.73361103827426
 20
173.6578034810375
 10
-10.61521258215214
 20
173.615380795654
 10
-9.494327202273013
 20
173.5736327635267
 10
-8.061695197061425
 20
173.5214259438825
 10
-6.626600803394467
 20
173.4704666237195
 10
-5.189931719233442
 20
173.4208388211812
 10
-3.752575642539625
 20
173.3726265544112
 10
-2.315420271274434
 20
173.3259138415531
 10
-0.8793533033990855
 20
173.2807847007504
 10
0.5547375631250588
 20
173.2373231501466
 10
1.677106764461172
 20
173.204470012783
 10
2.797287941326715
 20
173.1727339995254
 10
3.91485332068109
 20
173.1421555979026
 10
5.029375129483924
 20
173.1127752954436
 10
6.14042559469479
 20
173.0846335796768
 10
7.0106799031023
 20
173.0634175124928
 10
7.87831960892521
 20
173.0430107166759
 10
8.743137217295896
 20
173.0234328310383
 10
9.60492523334662
 20
173.0047034943923
 10
10.46347616220984
 20
172.98684234555
 10
11.31858250901786
 20
172.9698690233237
 10
12.17003677890304
 20
172.9538031665256
 10
13.01763147699774
 20
172.9386644139679
 10
13.86115910843426
 20
172.9244724044629
 10
14.700412178345
 20
172.9112467768228
 10
15.31302755595092
 20
172.9021735446676
 10
15.92315075340193
 20
172.8936383174867
 10
16.53069994087019
 20
172.8856488402457
 10
16.93023261587405
 20
172.8806785089375
 10
17.32858488130825
 20
172.8759515066567
 10
17.67813975801542
 20
172.8719947946279
 10
17.83164441150637
 20
172.8703144744678
 10
17.85173254369124
 20
172.8700971872362
 10
17.87181750087885
 20
172.869880538866
 10
17.89189928000241
 20
172.8696645296477
 10
17.9119778779949
 20
172.8694491598713
 10
17.93205329178974
 20
172.8692344298273
 10
17.95212551831997
 20
172.8690203398059
 10
18.18804974780176
 20
172.8665657463413
 10
18.42772034378626
 20
172.8641873505632
 10
18.67112077451119
 20
172.8618848558915
 10
18.91823450821443
 20
172.8596579657456
 10
19.16904501313374
 20
172.8575063835451
 10
19.42353575750687
 20
172.85542981271
 10
19.6816902095716
 20
172.8534279566595
 10
19.94349183756574
 20
172.8515005188135
 10
20.22165402057021
 20
172.8495607932275
 10
20.50378184844146
 20
172.8477020755456
 10
20.78985631349087
 20
172.8459240247691
 10
21.07985840802996
 20
172.8442262998994
 10
21.37376912437006
 20
172.8426085599381
 10
21.67156945482273
 20
172.8410704638866
 10
21.97324039169914
 20
172.8396116707461
 10
22.27876292731077
 20
172.8382318395183
 10
22.58811805396908
 20
172.8369306292045
 10
22.9012867639855
 20
172.8357076988061
 10
23.21825004967138
 20
172.8345627073246
 10
23.53898890333824
 20
172.8334953137615
 10
23.84484085668896
 20
172.8325596810971
 10
24.15401638359614
 20
172.8316924424392
 10
24.46649955218109
 20
172.8308933119695
 10
24.78227443056485
 20
172.8301620038694
 10
25.10132508686871
 20
172.8294982323205
 10
25.44327397742077
 20
172.8288677138282
 10
25.78887081290179
 20
172.8283125036924
 10
26.13809658562315
 20
172.8278322609145
 10
26.49093228789633
 20
172.8274266444959
 10
26.84735891203258
 20
172.8270953134382
 10
27.20735745034335
 20
172.8268379267427
 10
27.55003914752521
 20
172.82666266848
 10
27.89586337418595
 20
172.8265525562871
 10
28.24481419844682
 20
172.8265073043455
 10
28.59687568842895
 20
172.8265266268367
 10
28.95203191225349
 20
172.8266102379424
 10
29.35204648153174
 20
172.8267791181314
 10
29.75587390562211
 20
172.8270273238473
 10
30.16349203609357
 20
172.8273544577465
 10
30.57487872451523
 20
172.8277601224853
 10
30.99001182245601
 20
172.8282439207202
 10
31.40886918148496
 20
172.8288054551076
 10
31.83142865317112
 20
172.829444328304
 10
32.25766808908367
 20
172.8301601429656
 10
32.66611471594166
 20
172.8309113225366
 10
33.07784562021735
 20
172.8317312862568
 10
33.49284179422207
 20
172.8326196931277
 10
33.91108423026728
 20
172.8335762021505
 10
34.33255392066431
 20
172.8346004723268
 10
34.75723185772461
 20
172.8356921626579
 10
35.26183803643323
 20
172.8370648879225
 10
35.77084304875666
 20
172.8385302299494
 10
36.28421577774404
 20
172.8400876304996
 10
36.80192510644457
 20
172.841736531334
 10
37.3346378933021
 20
172.8435128242147
 10
37.87180062890144
 20
172.8453832158181
 10
38.41338025202776
 20
172.8473471130248
 10
38.95934370146639
 20
172.8494039227156
 10
39.50965791600251
 20
172.8515530517712
 10
40.06428983442134
 20
172.8537939070721
 10
40.62320639550825
 20
172.8561258954992
 10
41.18637453804831
 20
172.8585484239333
 10
41.75376120082689
 20
172.8610608992548
 10
42.32533332262918
 20
172.8636627283446
 10
42.90105784224045
 20
172.8663533180833
 10
43.48090169844585
 20
172.8691320753517
 10
44.06483183003076
 20
172.8719984070304
 10
44.65281517578029
 20
172.8749517200002
 10
45.19533230883962
 20
172.8777348276384
 10
45.74120202153236
 20
172.8805900684847
 10
46.2903988483047
 20
172.8835169856862
 10
46.84289732360295
 20
172.88651512239
 10
47.39867198187338
 20
172.8895840217432
 10
47.95769735756213
 20
172.8927232268931
 10
48.56987797767479
 20
172.896219725315
 10
49.18584733802564
 20
172.8997983981711
 10
49.80557259332866
 20
172.9034586562157
 10
50.42902089829801
 20
172.9071999102033
 10
51.05615940764756
 20
172.9110215708885
 10
51.67565918259029
 20
172.9148526832573
 10
52.29865574595874
 20
172.9187602296677
 10
52.9251179808021
 20
172.9227436518805
 10
53.55501477016958
 20
172.9268023916565
 10
54.2012747110426
 20
172.9310210223853
 10
54.85104536160182
 20
172.9353169018565
 10
55.50429366063236
 20
172.939689436951
 10
56.16098654691956
 20
172.9441380345494
 10
56.82109095924858
 20
172.9486621015325
 10
57.48457383640479
 20
172.953261044781
 10
58.15140211717332
 20
172.9579342711755
 10
58.9335525560613
 20
172.9634794629953
 10
59.72015896100589
 20
172.9691240132778
 10
60.51116883202255
 20
172.9748669801715
 10
61.30652966912672
 20
172.980707421825
 10
62.10618897233391
 20
172.9866443963867
 10
62.91009424165946
 20
172.9926769620052
 10
63.67190385559661
 20
172.9984515169656
 10
64.43739737086892
 20
173.0043094236961
 10
65.20653078299969
 20
173.0102498927549
 10
65.97926008751207
 20
173.0162721347003
 10
66.75554127992908
 20
173.0223753600904
 10
67.58270207022801
 20
173.0289360921479
 10
68.41375632674917
 20
173.0355860914023
 10
69.24865154950797
 20
173.042324416002
 10
70.08733523851981
 20
173.0491501240956
 10
70.92975489380018
 20
173.0560622738316
 10
71.77585801536455
 20
173.0630599233585
 10
72.5769389717683
 20
173.0697351717997
 10
73.38120377863402
 20
173.0764848010815
 10
74.18860843148488
 20
173.0833080217623
 10
74.99910892584424
 20
173.0902040444002
 10
75.8126612572351
 20
173.0971720795534
 10
76.7241935388123
 20
173.1050329717323
 10
77.63941124820272
 20
173.1129814829921
 10
78.55825321056761
 20
173.1210165158543
 10
79.48065825106829
 20
173.1291369728402
 10
80.40656519486603
 20
173.1373417564712
 10
81.33591286712215
 20
173.1456297692685
 10
82.26864009299771
 20
173.1539999137535
 10
83.20468569765396
 20
173.1624510924476
 10
84.1785166485289
 20
173.1712967567069
 10
85.1557800708824
 20
173.1802271089804
 10
86.13640780545572
 20
173.1892409264887
 10
87.12033169299025
 20
173.1983369864524
 10
88.10748357422736
 20
173.2075140660922
 10
89.09779528990822
 20
173.2167709426287
 10
90.0911986807744
 20
173.2261063932825
 10
91.18743194749082
 20
173.2364646827199
 10
92.28723294850496
 20
173.2469149397569
 10
93.39051096384364
 20
173.257455536874
 10
94.49717527353333
 20
173.2680848465519
 10
95.60713515760087
 20
173.2788012412712
 10
96.84970995758133
 20
173.2908623408313
 10
98.0961506551453
 20
173.3030276250292
 10
99.34633113176726
 20
173.3152948312944
 10
100.6001252689216
 20
173.3276616970563
 10
101.8574069480827
 20
173.3401259597443
 10
103.1180500507253
 20
173.352685356788
 10
104.3819284583236
 20
173.3653376256166
 10
105.648916052352
 20
173.3780805036597
 10
107.1005472564589
 20
173.3927518404875
 10
108.5558864539659
 20
173.4075351914852
 10
110.014745386316
 20
173.4224271792882
 10
111.476935794952
 20
173.4374244265316
 10
112.942269421317
 20
173.4525235558506
 10
114.4105580068538
 20
173.4677211898803
 10
115.8816132930055
 20
173.4830139512561
 10
117.5027449603945
 20
173.4999418299691
 10
119.1267459705338
 20
173.5169762308866
 10
120.7533657512841
 20
173.5341126587363
 10
122.3823537305058
 20
173.5513466182454
 10
124.0134593360595
 20
173.5686736141413
 10
126.3335199392087
 20
173.5934369497959
 10
128.6566295316119
 20
173.6183660504459
 10
130.9820699638661
 20
173.6434480324671
 10
133.3091230865684
 20
173.6686700122349
 10
135.637070750316
 20
173.6940191061253
 10
137.965194805706
 20
173.7194824305138
 10
140.2927771033356
 20
173.7450471017761
 10
142.619099493802
 20
173.7707002362878
 10
144.4455725479194
 20
173.7909099375575
 10
146.2704761105358
 20
173.8111600483684
 10
148.0934618373163
 20
173.8314443194115
 10
149.9141813839258
 20
173.8517565013776
 10
151.7322864060296
 20
173.8720903449578
 10
153.5474285592924
 20
173.8924396008432
 10
155.3592594993793
 20
173.9127980197245
 10
157.1674308819551
 20
173.9331593522928
  0
CIRCLE
  5
80
330
1F
100
AcDbEntity
  8
Geometries
  6
Continuous
370
    13
100
AcDbCircle
 10
86.12035794685073
 20
106.7925620826295
 30
0.0
 40
8.2
  0
LINE
  5
81
330
1F
100
AcDbEntity
  8
Geometries
  6
Continuous
370
    13
100
AcDbLine
 10
173.5674308819551
 20
194.1430962697534
 30
0.0
 11
157.1674308819551
 21
194.1430962697534
 31
0.0
  0
LWPOLYLINE
  5
82
330
1F
100
AcDbEntity
  8
Geometries
  6
Continuous
370
    13
100
AcDbPolyline
 90
      656
 70
   128
 43
0.0
 10
356.381992536286
 20
187.4779377626556
 10
356.2307885292433
 20
187.4733949592859
 10
356.0749691108632
 20
187.4687272162603
 10
355.9145676769092
 20
187.4639364334851
 10
355.7496176231442
 20
187.4590245108664
 10
355.5801523453319
 20
187.4539933483104
 10
355.4062052392358
 20
187.4488448457232
 10
355.227809700619
 20
187.443580903011
 10
355.0604011548125
 20
187.4386558339015
 10
354.8893084749723
 20
187.4336368228808
 10
354.71455738434
 20
187.4285253333603
 10
354.5361736061567
 20
187.4233228287515
 10
354.3541828636641
 20
187.4180307724658
 10
354.1686108801033
 20
187.412650627915
 10
353.9794833787158
 20
187.4071838585104
 10
353.7868260827435
 20
187.4016319276636
 10
353.590664715427
 20
187.395996298786
 10
353.391025000008
 20
187.3902784352892
 10
353.187932659728
 20
187.3844798005847
 10
352.9814134178282
 20
187.378601858084
 10
352.7835796249489
 20
187.3729884733794
 10
352.5827438146289
 20
187.3673071132088
 10
352.3789275475947
 20
187.3615590041757
 10
352.1721523845715
 20
187.3557453728833
 10
351.962439886286
 20
187.349867445935
 10
351.7368318156799
 20
187.343564389636
 10
351.5079695566464
 20
187.3371918513037
 10
351.2758788324268
 20
187.3307512943498
 10
351.0405853662623
 20
187.3242441821857
 10
350.8021148813946
 20
187.3176719782228
 10
350.5604931010647
 20
187.3110361458728
 10
350.2717139271274
 20
187.3031356478302
 10
349.9786353484878
 20
187.2951511964432
 10
349.6812994759387
 20
187.2870851874213
 10
349.3797484202732
 20
187.2789400164743
 10
349.0677418682648
 20
187.2705495021606
 10
348.7514349183734
 20
187.2620816017435
 10
348.4308723125782
 20
187.2535388606227
 10
348.1060987928588
 20
187.2449238241975
 10
347.7771591011942
 20
187.2362390378678
 10
347.4440979795635
 20
187.2274870470329
 10
347.1069601699459
 20
187.2186703970925
 10
346.7665391411535
 20
187.2098110710615
 10
346.4221481908675
 20
187.2008924308456
 10
346.0738317688489
 20
187.1919170052197
 10
345.7216343248591
 20
187.1828873229591
 10
345.3656003086588
 20
187.1738059128388
 10
345.0122326328587
 20
187.1648387670087
 10
344.6552491691245
 20
187.1558265592255
 10
344.2946920282489
 20
187.1467716851987
 10
343.9306033210247
 20
187.1376765406381
 10
343.5554875250267
 20
187.1283567555372
 10
343.1767831353608
 20
187.119000079326
 10
342.7945348940059
 20
187.109609057404
 10
342.4087875429415
 20
187.1001862351709
 10
342.0195858241468
 20
187.0907341580261
 10
341.6269744796008
 20
187.0812553713691
 10
341.2309982512828
 20
187.0717524205997
 10
340.7648328361957
 20
187.0606384997788
 10
340.2942193878296
 20
187.0494991954877
 10
339.8192289547912
 20
187.0383385497267
 10
339.3399325856857
 20
187.0271606044958
 10
338.8564013291194
 20
187.0159694017956
 10
338.3687062336974
 20
187.004768983626
 10
337.9051295281614
 20
186.9942037803595
 10
337.4379739671943
 20
186.9836373659114
 10
336.9672991023709
 20
186.9730731282085
 10
336.4931644852652
 20
186.9625144551776
 10
336.0156296674515
 20
186.9519647347456
 10
335.4589452520842
 20
186.9397740672432
 10
334.8978809288473
 20
186.9276051676967
 10
334.3325289381549
 20
186.9154632837218
 10
333.762981520421
 20
186.9033536629342
 10
333.1893309160595
 20
186.8912815529494
 10
332.6116693654844
 20
186.879252201383
 10
332.03008910911
 20
186.8672708558508
 10
331.3859348108332
 20
186.854153085764
 10
330.7372732614306
 20
186.8411067371697
 10
330.0842272328934
 20
186.8281387946444
 10
329.4269194972123
 20
186.8152562427645
 10
328.7654728263788
 20
186.8024660661063
 10
328.1000099923831
 20
186.7897752492462
 10
327.4306537672163
 20
186.7771907767607
 10
326.7575269228699
 20
186.7647196332261
 10
326.0807522313345
 20
186.7523688032189
 10
325.4004524646014
 20
186.7401452713154
 10
324.7289884841163
 20
186.7282706835318
 10
324.0543589380037
 20
186.7165322424828
 10
323.3766801379319
 20
186.7049365652126
 10
322.6960683955697
 20
186.6934902687661
 10
321.9192334312325
 20
186.6806728357228
 10
321.1389319660286
 20
186.6680665561362
 10
320.355334677064
 20
186.6556811399352
 10
319.5686122414445
 20
186.6435262970485
 10
318.7789353362758
 20
186.6316117374047
 10
317.9864746386635
 20
186.6199471709326
 10
317.1914008257138
 20
186.6085423075611
 10
316.3938845745328
 20
186.5974068572188
 10
315.388090352782
 20
186.583805198995
 10
314.3790449222775
 20
186.5706639606475
 10
313.3670873840938
 20
186.5580024338517
 10
312.3525568393056
 20
186.5458399102825
 10
311.3357923889879
 20
186.5341956816151
 10
309.9603580006286
 20
186.5193337547139
 10
308.5823050962493
 20
186.5054988296586
 10
307.2024677363063
 20
186.4927383566771
 10
305.8216799812556
 20
186.4810997859976
 10
304.4407758915531
 20
186.470630567848
 10
303.0605895276543
 20
186.4613781524565
 10
301.9772042159466
 20
186.4549929319783
 10
300.8951814626907
 20
186.4494112103384
 10
299.8149258358413
 20
186.4446560036641
 10
298.7368419033526
 20
186.4407503280828
 10
297.661334233179
 20
186.437717199722
 10
296.588807393275
 20
186.4355796347089
 10
295.6721778405055
 20
186.4344776780712
 10
294.7582902907406
 20
186.4340650902709
 10
293.847399515637
 20
186.4343563654293
 10
292.9397602868511
 20
186.4353659976672
 10
292.0356273760391
 20
186.4371084811059
 10
291.1352555548578
 20
186.4395983098662
 10
290.2388995949635
 20
186.4428499780692
 10
289.5376031254958
 20
186.4459487556984
 10
288.8390666973113
 20
186.4495338309704
 10
288.1434138895188
 20
186.4536122343793
 10
287.4507682812272
 20
186.4581909964187
 10
286.7612534515451
 20
186.4632771475826
 10
286.0749929795817
 20
186.4688777183648
 10
285.392110444446
 20
186.4749997392591
 10
284.7142078100231
 20
186.4816351502115
 10
284.0399142008537
 20
186.4888037227648
 10
283.3693523889286
 20
186.4965124414955
 10
282.7026451462388
 20
186.5047682909799
 10
282.0399152447756
 20
186.5135782557943
 10
281.3930100369838
 20
186.5227770192465
 10
280.7501761288972
 20
186.5325236392895
 10
280.1115298321843
 20
186.5428247329679
 10
279.4771874585134
 20
186.5536869173263
 10
278.9728905456088
 20
186.5627850967566
 10
278.4714821344934
 20
186.5722499970574
 10
277.9730217767417
 20
186.5820850061555
 10
277.477569023928
 20
186.5922935119778
 10
276.9851834276265
 20
186.602878902451
 10
276.5046335417195
 20
186.6136453958005
 10
276.0271561107315
 20
186.6247819114771
 10
275.552807552604
 20
186.6362916591332
 10
275.0816442852783
 20
186.6481778484214
 10
274.6052454192017
 20
186.660670238391
 10
274.1322667653997
 20
186.6735595985776
 10
273.6627678754464
 20
186.6868493169082
 10
273.1968083009165
 20
186.7005427813095
 10
272.7344475933839
 20
186.7146433797082
 10
272.2839039905329
 20
186.7288917533323
 10
271.8369457329766
 20
186.7435393279421
 10
271.3936292386563
 20
186.75858931319
 10
270.9540109255133
 20
186.7740449187286
 10
270.5092915233939
 20
186.7902373975786
 10
270.068541476175
 20
186.8068589737823
 10
269.6318207269301
 20
186.8239130575393
 10
269.1991892187328
 20
186.8414030590491
 10
268.7707068946568
 20
186.8593323885111
 10
268.3464336977753
 20
186.8777044561248
 10
267.926429571162
 20
186.8965226720896
 10
267.5500027619196
 20
186.9139430849579
 10
267.1771669779154
 20
186.9317343306938
 10
266.8079666689105
 20
186.9498989380727
 10
266.442446284666
 20
186.9684394358694
 10
266.0806502749428
 20
186.9873583528592
 10
265.7289831252426
 20
187.0063102221366
 10
265.3809935115442
 20
187.0256319512831
 10
265.0367235446406
 20
187.0453259360083
 10
264.6962153353244
 20
187.0653945720217
 10
264.3595109943889
 20
187.0858402550333
 10
264.0266526326268
 20
187.1066653807527
 10
263.6976823608311
 20
187.1278723448896
 10
263.3726422897945
 20
187.1494635431537
 10
262.9434647115686
 20
187.1791857889449
 10
262.7661817292966
 20
187.1919335377205
 10
262.5875882884333
 20
187.2050434555267
 10
262.2654218669833
 20
187.2293508000432
 10
261.9391046174968
 20
187.2548016257619
 10
261.6205599005062
 20
187.2804169432809
 10
261.2981890293955
 20
187.3070819687361
 10
260.9720080526525
 20
187.3347901549185
 10
260.6420330187652
 20
187.363534954619
 10
260.308279976222
 20
187.3933098206288
 10
259.9707649735108
 20
187.4241082057388
 10
259.64910531309
 20
187.4540782605853
 10
259.324129065167
 20
187.484946894944
 10
258.9958496812757
 20
187.5167086210701
 10
258.6642806129496
 20
187.549357951219
 10
258.329435311723
 20
187.5828893976462
 10
257.9913272291297
 20
187.6172974726071
 10
257.6499698167035
 20
187.6525766883569
 10
257.3053765259785
 20
187.6887215571511
 10
256.9575608084886
 20
187.7257265912452
 10
256.6065361157673
 20
187.7635863028943
 10
256.2586692043911
 20
187.8015965591081
 10
255.9077326198907
 20
187.8404207487357
 10
255.5537391059739
 20
187.8800536728002
 10
255.1967014063482
 20
187.9204901323249
 10
254.8077360269785
 20
187.9650534498712
 10
254.4152515436431
 20
188.010541209875
 10
254.0192640048302
 20
188.0569468651274
 10
253.6197894590276
 20
188.1042638684194
 10
253.2168439547238
 20
188.152485672542
 10
252.8104435404066
 20
188.2016057302861
 10
252.4241160104909
 20
188.2487357720922
 10
252.034744854394
 20
188.2966530349564
 10
251.6423435236497
 20
188.3453520311339
 10
251.2469254697922
 20
188.3948272728803
 10
250.8485041443552
 20
188.4450732724509
 10
250.4003075917058
 20
188.5020548103974
 10
249.9484055733296
 20
188.5599819515265
 10
249.4928167894925
 20
188.6188470667986
 10
249.0335599404604
 20
188.6786425271742
 10
248.5706537264993
 20
188.7393607036139
 10
248.104116847875
 20
188.8009939670782
 10
247.6339680048534
 20
188.8635346885275
 10
247.1602258977011
 20
188.9269752389223
 10
246.6829092266826
 20
188.9913079892233
 10
246.2020366920644
 20
189.0565253103908
 10
245.7176269941125
 20
189.1226195733855
 10
245.2296988330928
 20
189.1895831491677
 10
244.7382709092711
 20
189.2574084086979
 10
244.2433619229135
 20
189.3260877229368
 10
243.7449905742857
 20
189.3956134628448
 10
243.2431755636543
 20
189.4659779993822
 10
242.7137914334642
 20
189.5405845773236
 10
242.1806698893147
 20
189.6160945947825
 10
241.6438324321702
 20
189.6924992801349
 10
241.1033005629952
 20
189.7697898617564
 10
240.5590957827541
 20
189.8479575680227
 10
240.0112395924116
 20
189.9269936273093
 10
239.4107568418279
 20
190.0140034663264
 10
238.8060007610387
 20
190.1020205056555
 10
238.1969990818314
 20
190.1910334317195
 10
237.5837795359935
 20
190.2810309309411
 10
236.966369855313
 20
190.3720016897432
 10
236.3559336130612
 20
190.4622843692232
 10
235.7415085702357
 20
190.5534842279839
 10
235.1231209993638
 20
190.6455905477742
 10
234.5007971729724
 20
190.7385926103427
 10
233.8617425539719
 20
190.8344049004457
 10
233.2186446464552
 20
190.9311273191785
 10
232.5715313645219
 20
191.028748478587
 10
231.9204306222716
 20
191.1272569907175
 10
231.2653703338035
 20
191.2266414676157
 10
230.6063784132176
 20
191.3268905213278
 10
229.9434827746138
 20
191.4279927638995
 10
229.2767113320903
 20
191.5299368073771
 10
228.6060919997474
 20
191.6327112638066
 10
227.9316526916846
 20
191.7363047452338
 10
227.2534213220013
 20
191.840705863705
 10
226.5714258047971
 20
191.9459032312658
 10
225.8856940541718
 20
192.0518854599625
 10
225.1962539842251
 20
192.1586411618409
 10
224.4336201139445
 20
192.2769522039091
 10
223.6665701070113
 20
192.3961702117361
 10
222.8951411170922
 20
192.5162800279553
 10
222.1193702978534
 20
192.6372664951997
 10
221.3392948029608
 20
192.7591144561028
 10
220.6264310635976
 20
192.8706201522843
 10
219.910068360659
 20
192.9828139119925
 10
219.1902346082445
 20
193.0956843472736
 10
218.4669577204537
 20
193.2092200701734
 10
217.740265611386
 20
193.323409692738
 10
217.0101861951413
 20
193.4382418270134
 10
216.2767473858189
 20
193.5537050850456
 10
215.4661179120374
 20
193.6814300252969
 10
214.6514945023586
 20
193.8098896885029
 10
213.8329143104491
 20
193.9390689172967
 10
213.0104144899754
 20
194.0689525543116
 10
212.1840321946031
 20
194.1995254421808
 10
211.3538045780003
 20
194.3307724235374
 10
210.5197687938327
 20
194.4626783410148
 10
209.6819619957666
 20
194.5952280372461
 10
208.8404213374687
 20
194.7284063548645
 10
207.9951839726045
 20
194.8621981365035
 10
207.1614778042141
 20
194.9941832429805
 10
206.3242768129153
 20
195.1267311190242
 10
205.483616197331
 20
195.2598274048559
 10
204.6395311560832
 20
195.3934577406969
 10
203.7658979389736
 20
195.5317482081519
 10
202.8887020285972
 20
195.670575147853
 10
202.0079819775681
 20
195.8099228317127
 10
201.1237763385006
 20
195.9497755316436
 10
200.2361236640091
 20
196.0901175195582
 10
199.3450625067078
 20
196.2309330673692
 10
198.450631419211
 20
196.372206446989
 10
197.5528689541327
 20
196.5139219303303
 10
196.608824791718
 20
196.6628428167091
 10
195.6612110617916
 20
196.8122135691142
 10
194.7100720909095
 20
196.9620161038963
 10
193.755452205628
 20
197.1122323374063
 10
192.7973957325032
 20
197.262844185995
 10
191.8359469980918
 20
197.4138335660131
 10
190.8711503289491
 20
197.5651823938116
 10
189.9030500516317
 20
197.7168725857413
 10
188.9316904926959
 20
197.868886058153
 10
187.9571159786978
 20
198.0212047273975
 10
186.9793708361936
 20
198.1738105098256
 10
185.9984993917403
 20
198.3266853217881
 10
184.8385190763402
 20
198.5071799900057
 10
183.6743303685269
 20
198.6879936255079
 10
182.5060058340551
 20
198.869096624063
 10
181.3336180386797
 20
199.0504593814386
 10
180.1358143615216
 20
199.2353559287255
 10
178.9339501500786
 20
199.4204598273973
 10
177.7281020006396
 20
199.6057398289081
 10
176.518346509494
 20
199.7911646847123
 10
175.3047602729307
 20
199.976703146264
 10
174.1091905852529
 20
200.1590087663892
 10
172.910072193842
 20
200.3413642244175
 10
171.707477664453
 20
200.5237399161167
 10
170.5014795628406
 20
200.7061062372551
 10
169.267436094207
 20
200.8921539364378
 10
168.0300013721582
 20
201.0781295998094
 10
166.7892524965364
 20
201.2640017733926
 10
165.5452665671842
 20
201.4497390032097
 10
164.2981206839439
 20
201.6353098352834
 10
163.0478919466577
 20
201.8206828156359
 10
161.7946574551667
 20
202.0058264902903
 10
160.3955666243962
 20
202.2117009256931
 10
158.9929502014726
 20
202.4172085290124
 10
157.5869146702349
 20
202.622305858651
 10
156.1775665145224
 20
202.8269494730121
 10
154.7650122181741
 20
203.0310959304987
 10
153.3493582650293
 20
203.2347017895138
 10
151.9307111389269
 20
203.4377236084603
 10
150.5091773237058
 20
203.6401179457413
 10
148.7181747039788
 20
203.8935993687828
 10
146.9229897871004
 20
204.145934149509
 10
145.123834135038
 20
204.3970359782057
 10
143.3209193097591
 20
204.6468185451588
 10
141.5144568732319
 20
204.8951955406538
 10
139.7046583874219
 20
205.1420806549768
 10
137.8917354142978
 20
205.3873875784133
 10
136.0758995158267
 20
205.6310300012492
 10
134.257362253976
 20
205.8729216137702
 10
132.4363351907137
 20
206.112976106262
 10
130.645607663686
 20
206.346872195484
 10
128.8528829659016
 20
206.5788311674887
 10
127.0583615268336
 20
206.8087712542213
 10
125.2622437759548
 20
207.0366106876271
 10
123.1491531678052
 20
207.3016373199834
 10
121.0344593092699
 20
207.5635155132045
 10
118.9184877519479
 20
207.8221124538847
 10
116.801564047438
 20
208.0772953286177
 10
114.6840137473393
 20
208.3289313239974
 10
112.6039819309367
 20
208.5724928727203
 10
110.5239681470333
 20
208.8123791482114
 10
108.4442808165434
 20
209.0484643257716
 10
106.3652283603815
 20
209.2806225807012
 10
104.7026507638222
 20
209.4634372461529
 10
103.040834787726
 20
209.6435937310672
 10
101.379938343601
 20
209.8210276131979
 10
99.7201193429552
 20
209.9956744702991
 10
98.06153569729717
 20
210.1674698801243
 10
96.4339248708159
 20
210.333359657253
 10
94.80780759772092
 20
210.4963757409355
 10
93.18333348013944
 20
210.6564570988561
 10
91.56065212019863
 20
210.8135426986987
 10
89.91046404862827
 20
210.9703433576553
 10
88.26244752170047
 20
211.1239106374483
 10
86.61676045092335
 20
211.2741801158314
 10
84.97356074780501
 20
211.4210873705586
 10
83.33300632385357
 20
211.5645679793838
 10
82.04595788769402
 20
211.6748568804408
 10
80.7607165890056
 20
211.7829593327176
 10
79.47735902407734
 20
211.8888440876686
 10
78.19596178919832
 20
211.9924798967478
 10
76.91660148065779
 20
212.0938355114096
 10
75.63935469474478
 20
212.1928796831081
 10
74.36429802774833
 20
212.2895811632975
 10
73.09150807595759
 20
212.3839087034322
 10
71.82106143566162
 20
212.4758310549662
 10
70.55303470314908
 20
212.5653169693538
 10
69.3100808928233
 20
212.6508031216222
 10
68.06960778754458
 20
212.7338793287087
 10
66.83168795306784
 20
212.8145159863814
 10
65.59639395514847
 20
212.8926834904083
 10
64.45538453080809
 20
212.9628106537764
 10
63.31674457015038
 20
213.0307734736693
 10
62.18053162110095
 20
213.0965484725918
 10
61.04680323158561
 20
213.1601121730491
 10
59.91561694952989
 20
213.2214410975462
 10
58.78703032285958
 20
213.2805117685881
 10
57.66110089949902
 20
213.3373007086799
 10
56.63138235735315
 20
213.38733274841
 10
55.60398928689989
 20
213.4354096890614
 10
54.57896601469551
 20
213.4815134469849
 10
53.55635686729613
 20
213.5256259385313
 10
52.53620617125802
 20
213.5677290800514
 10
51.51855825313771
 20
213.6078047878962
 10
50.50345743949063
 20
213.6458349784164
 10
49.49094805687329
 20
213.6818015679628
 10
48.48107443184193
 20
213.7156864728862
 10
47.4738808909529
 20
213.7474716095375
 10
46.46941176076214
 20
213.7771388942676
 10
45.46771136782684
 20
213.804670243427
 10
44.64052622723003
 20
213.8258344725545
 10
44.02251989956781
 20
213.8407071628395
 10
43.4456379838399
 20
213.8540100326644
 10
42.93238704949462
 20
213.8654789047016
 10
42.42084644329395
 20
213.8765617139197
 10
41.66902318939498
 20
213.8922113670215
 10
40.92087971154646
 20
213.907017561202
 10
40.17638901964824
 20
213.9209787328324
 10
39.43552412360026
 20
213.9340933182845
 10
38.69825803330238
 20
213.9463597539294
 10
37.96456375865455
 20
213.9577764761387
 10
37.23441430955691
 20
213.9683419212839
 10
36.43531197637461
 20
213.9789788197438
 10
35.64043030026323
 20
213.988581699776
 10
34.84973335739951
 20
213.9971484801908
 10
34.06318522396018
 20
214.0046770797986
 10
33.28074997612219
 20
214.0111654174098
 10
32.57452457794892
 20
214.0161494909614
 10
31.87162706909899
 20
214.02027432536
 10
31.17203063574962
 20
214.0235383671895
 10
30.475708464078
 20
214.0259400630336
 10
29.78263374026145
 20
214.0274778594762
 10
29.10507038669812
 20
214.0281457952356
 10
28.4305882686445
 20
214.0279774395584
 10
27.75916198323424
 20
214.0269713207698
 10
27.0907661276008
 20
214.025125967195
 10
26.29897279168247
 20
214.0218328366519
 10
25.51139542147163
 20
214.0173457457142
 10
24.72799115768902
 20
214.0116622113975
 10
23.94871714105508
 20
214.0047797507178
 10
23.17353051229063
 20
213.9966958806907
 10
22.40238841211587
 20
213.9874081183321
 10
21.63524798125221
 20
213.9769139806577
 10
20.87206636041986
 20
213.9652109846833
 10
20.11280069033944
 20
213.9522966474246
 10
19.3574081117317
 20
213.9381684858974
 10
18.60584576531724
 20
213.9228240171176
 10
17.85807079181626
 20
213.9062607581007
 10
17.15645623334171
 20
213.8895254277712
 10
16.45813454724635
 20
213.8717023292824
 10
15.76306980970691
 20
213.8527893814447
 10
15.07122609690015
 20
213.8327845030685
 10
14.38256748500291
 20
213.8116856129642
 10
13.65561244401835
 20
213.7881102055491
 10
12.93215700650046
 20
213.7632993364314
 10
12.21215831317002
 20
213.737250522627
 10
11.4955735047476
 20
213.7099612811517
 10
10.78235972195384
 20
213.6814291290212
 10
10.07247410550988
 20
213.6516515832513
 10
9.406163202247257
 20
213.6224327017239
 10
8.742736946099456
 20
213.5921024021554
 10
8.082159413243232
 20
213.5606586033562
 10
7.424394679855311
 20
213.5280992241365
 10
6.769406822112785
 20
213.494422183307
 10
6.0416285817127
 20
213.4555138642247
 10
5.317214572056713
 20
213.4152078829686
 10
4.596114851996646
 20
213.3735013462774
 10
3.878279480384549
 20
213.3303913608904
 10
3.163658516072246
 20
213.2858750335463
 10
2.452202017911588
 20
213.239949470984
 10
1.74386004475457
 20
213.1926117799427
 10
1.038582655453069
 20
213.1438590671612
 10
0.3106076233819977
 20
213.0918204609964
 10
-0.4141831099762214
 20
213.0382547485125
 10
-1.135845187623005
 20
212.9831587061208
 10
-1.854434252559628
 20
212.9265291102324
 10
-2.570005947787365
 20
212.8683627372585
 10
-3.28261591630752
 20
212.8086563636103
 10
-3.992319801121539
 20
212.7474067656988
 10
-4.769703957658209
 20
212.678245936619
 10
-5.54371314177655
 20
212.6072096150414
 10
-6.314421414311454
 20
212.5342935103694
 10
-7.081902836097527
 20
212.4594933320061
 10
-7.846231467969261
 20
212.382804789355
 10
-8.607481370761974
 20
212.304223591819
 10
-9.365726605310073
 20
212.2237454488017
 10
-10.12104123244836
 20
212.1413660697061
 10
-10.87349931301151
 20
212.0570811639355
 10
-11.623174907834
 20
211.9708864408933
 10
-12.35682669972516
 20
211.8843677918883
 10
-13.08793609623299
 20
211.7959987208205
 10
-13.81657326107489
 20
211.7057751628668
 10
-14.54280835796806
 20
211.6136930532035
 10
-15.36524881921915
 20
211.506793143953
 10
-16.18478099956312
 20
211.3974820316415
 10
-17.00150785806119
 20
211.2857537514993
 10
-17.81553235377444
 20
211.1716023387569
 10
-18.62695744576405
 20
211.0550218286448
 10
-19.43588609309111
 20
210.9360062563932
 10
-20.2424212548168
 20
210.8145496572328
 10
-21.04666589000183
 20
210.6906460663939
 10
-21.88686333909052
 20
210.5582112542609
 10
-22.72477829948744
 20
210.4230774504204
 10
-23.56052915021021
 20
210.2852377967719
 10
-24.39423427027666
 20
210.1446854352153
 10
-25.2260120387044
 20
210.0014135076505
 10
-26.05598083451119
 20
209.855415155977
 10
-26.95947731524481
 20
209.6930266927948
 10
-27.86111553803329
 20
209.5273764942136
 10
-28.76104919103793
 20
209.3584556565541
 10
-29.6594319624198
 20
209.186255276137
 10
-30.55641754034033
 20
209.010766449283
 10
-31.45215961296063
 20
208.8319802723125
 10
-32.34681186844216
 20
208.6498878415463
 10
-33.32985403749643
 20
208.4457568180282
 10
-34.31196804943025
 20
208.2376026031681
 10
-35.29335846318611
 20
208.0254133461687
 10
-36.27422983770674
 20
207.809177196233
 10
-37.25478673193496
 20
207.5888823025634
 10
-38.23523370481283
 20
207.364516814363
 10
-39.21577531528311
 20
207.1360688808345
 10
-40.19661612228856
 20
206.9035266511807
 10
-41.17796068477162
 20
206.6668782746043
 10
-42.16001356167538
 20
206.4261119003082
 10
-42.88075429682425
 20
206.2469258138194
 10
-43.60206662696771
 20
206.0655141129693
 10
-44.32403122409153
 20
205.8818721241545
 10
-45.27815994443444
 20
205.6360417624361
 10
-45.69842896581372
 20
205.5266399519931
 10
-45.88344111353257
 20
205.4782634194339
 10
-45.9648651418687
 20
205.4569313016444
 10
-45.97552866735975
 20
205.4541357077624
 10
-45.98619239170426
 20
205.4513396269916
 10
-45.99685631516002
 20
205.4485430593173
 10
-46.00752043798445
 20
205.4457460047245
 10
-46.01818476043525
 20
205.4429484631982
 10
-46.02884928276995
 20
205.4401504347235
 10
-46.54364051888734
 20
205.3037252742771
 10
-47.05408884373821
 20
205.1657601715915
 10
-47.56020012944799
 20
205.0262842942038
 10
-48.06198024814194
 20
204.885326809651
 10
-48.55943507194536
 20
204.74291688547
 10
-49.05257047298392
 20
204.5990836891978
 10
-49.51357574554356
 20
204.4621921378867
 10
-49.97075128151835
 20
204.3240857037464
 10
-50.4241020028108
 20
204.1847888344451
 10
-50.87363283132339
 20
204.0443259776509
 10
-51.31934868895826
 20
203.9027215810325
 10
-51.76125449761827
 20
203.7600000922578
 10
-52.19935517920567
 20
203.6161859589951
 10
-52.63365565562293
 20
203.4713036289128
 10
-53.06416084877242
 20
203.3253775496791
 10
-53.49087568055648
 20
203.1784321689622
 10
-53.90628592880449
 20
203.0331423066908
 10
-54.31804938767397
 20
202.8869159650814
 10
-54.72617072007444
 20
202.7397763053539
 10
-55.13065458891572
 20
202.5917464887282
 10
-55.53876026145895
 20
202.4401345807939
 10
-55.94310475248699
 20
202.287648311124
 10
-56.34369298390237
 20
202.1343121273869
 10
-56.74052987760757
 20
201.9801504772506
 10
-57.13362035550483
 20
201.8251878083838
 10
-57.51604946020768
 20
201.6722362945178
 10
-57.89487416561872
 20
201.518558857859
 10
-58.27009913464735
 20
201.3641786596274
 10
-58.64172903020295
 20
201.209118861043
 10
-59.01724217325807
 20
201.050218068279
 10
-59.38902181725814
 20
200.890658377936
 10
-59.7570729164629
 20
200.7304643984042
 10
-60.12140042513175
 20
200.5696607380737
 10
-60.4820092975246
 20
200.4082720053347
 10
-60.83890448790083
 20
200.2463228085774
 10
-61.19209095051991
 20
200.0838377561922
 10
-61.54081516002981
 20
199.921197623528
 10
-61.88585666223446
 20
199.7580729197574
 10
-62.22722037903617
 20
199.5944880925489
 10
-62.56491123233741
 20
199.4304675895706
 10
-62.89893414404065
 20
199.2660358584907
 10
-63.22342684525108
 20
199.1041637847651
 10
-63.54439084375269
 20
198.9419417820775
 10
-63.86183080245507
 20
198.7793930116479
 10
-64.17575138426753
 20
198.6165406346963
 10
-64.49245550207166
 20
198.4500758134991
 10
-64.80550493858749
 20
198.2833435918395
 10
-65.11490464807457
 20
198.1163685781077
 10
-65.42065958479253
 20
197.9491753806939
 10
-65.722774703001
 20
197.7817886079882
 10
-66.02125495695964
 20
197.614232868381
 10
-66.31610530092775
 20
197.4465327702624
 10
-66.60733068916556
 20
197.2787129220225
 10
-66.89493607593232
 20
197.1107979320515
 10
-67.17892641548758
 20
196.9428124087396
 10
-67.45930666209114
 20
196.7747809604771
 10
-67.73608177000256
 20
196.6067281956541
 10
-68.0092566934814
 20
196.4386787226607
 10
-68.27883638678719
 20
196.2706571498874
 10
-68.57122747148276
 20
196.0858950147043
 10
-68.85928091644286
 20
195.9012291687067
 10
-69.14300331578698
 20
195.7166923656621
 10
-69.4224012636347
 20
195.5323173593376
 10
-69.69748135410555
 20
195.3481369035007
 10
-69.95806217070339
 20
195.17115404806
 10
-70.21465833284662
 20
194.9944107540981
 10
-70.46727571266052
 20
194.817936189152
 10
-70.71592018227034
 20
194.6417595207587
 10
-70.96059761380138
 20
194.4659099164551
 10
-71.20131387937909
 20
194.2904165437783
 10
-71.42465210106991
 20
194.1253038491401
 10
-71.64447906917025
 20
193.9605582141615
 10
-71.8607997055824
 20
193.7962040865107
 10
-72.07361893220906
 20
193.632265913856
 10
-72.28294167095237
 20
193.4687681438658
 10
-72.48877284371497
 20
193.3057352242082
 10
-72.69111737239933
 20
193.1431916025515
 10
-72.88998017890776
 20
192.981161726564
 10
-73.08536618514273
 20
192.8196700439138
 10
-73.27728031300671
 20
192.6587410022695
 10
-73.46239273002561
 20
192.5012570085538
 10
-73.64416556782481
 20
192.3443624844887
 10
-73.82260348931379
 20
192.1880805912944
 10
-73.99771115740214
 20
192.0324344901907
 10
-74.17258579221124
 20
191.874635637881
 10
-74.34401772849947
 20
191.7175443663246
 10
-74.5120118881693
 20
191.5611851231898
 10
-74.6765731931232
 20
191.4055823561449
 10
-74.8377065652636
 20
191.2507605128581
 10
-74.99263065836209
 20
191.0994871310819
 10
-75.14425756232748
 20
190.9490137755017
 10
-75.29259194006914
 20
190.7993636073375
 10
-75.43763845449655
 20
190.6505597878093
 10
-75.58226074431491
 20
190.4996156266301
 10
-75.72346941237805
 20
190.34960143604
 10
-75.8612694129456
 20
190.2005418244292
 10
-75.99566570027713
 20
190.0524614001881
 10
-76.12666322863231
 20
189.9053847717067
 10
-76.25426695227077
 20
189.7593365473752
 10
-76.37848182545196
 20
189.614341335584
 10
-76.49905285109077
 20
189.4707365558794
 10
-76.61625965241853
 20
189.3282291475574
 10
-76.73010715133773
 20
189.1868435582861
 10
-76.84060026975078
 20
189.046604235734
 10
-76.94774392956003
 20
188.9075356275692
 10
-77.04971879706727
 20
188.7721135851017
 10
-77.14847217202436
 20
188.637867562661
 10
-77.24400871734088
 20
188.5048207214671
 10
-77.3363330959263
 20
188.37299622274
 10
-77.4272353175358
 20
188.2397654812583
 10
-77.5148027351566
 20
188.1078562074825
 10
-77.59904030304853
 20
187.9772930098027
 10
-77.67995297547111
 20
187.8481004966092
 10
-77.75754570668397
 20
187.720303276292
 10
-77.83182345094679
 20
187.5939259572414
 10
-77.90279116251907
 20
187.4689931478478
 10
-77.97045379566049
 20
187.345529456501
 10
-78.03481630463074
 20
187.2235594915913
 10
-78.09588364368938
 20
187.1031078615091
 10
-78.15366076709603
 20
186.9841991746444
 10
-78.20815262911026
 20
186.8668580393874
 10
-78.2593641839918
 20
186.7511090641284
 10
-78.30730038600012
 20
186.6369768572575
 10
-78.35625308854975
 20
186.5133281673015
 10
-78.4012552028965
 20
186.3916982970145
 10
-78.44231332316008
 20
186.272120000164
 10
-78.47943404345989
 20
186.1546260305173
 10
-78.5126239579156
 20
186.0392491418417
  0
LWPOLYLINE
  5
83
330
1F
100
AcDbEntity
  8
Geometries
  6
Continuous
370
    13
100
AcDbPolyline
 90
       34
 70
   128
 43
0.0
 10
416.1235351358216
 20
240.2793116077268
 10
416.1220440495956
 20
240.5825391612041
 10
416.1198649206681
 20
240.8857630106371
 10
416.1185704565705
 20
240.9854970489191
 10
416.1144527241248
 20
241.0851124119676
 10
416.1081452101504
 20
241.1350010781054
 10
416.0998823254237
 20
241.1846748455836
 10
416.0835552999829
 20
241.2841134906633
 10
416.0629734682894
 20
241.3852094156141
 10
416.0379875018513
 20
241.4854213148727
 10
416.0083249920524
 20
241.5843156694958
 10
415.9737135302767
 20
241.6814589605403
 10
415.9335963243477
 20
241.7776780324885
 10
415.8884552777753
 20
241.8717227505388
 10
415.838376540368
 20
241.9631454855804
 10
415.7816674492527
 20
242.0541123868205
 10
415.7196945168828
 20
242.1416884181622
 10
415.6527021392444
 20
242.2253634551589
 10
415.5828864260339
 20
242.3028588164143
 10
415.5087565554463
 20
242.3763548448646
 10
415.4306256164436
 20
242.4454522110162
 10
415.3459899118714
 20
242.5118193594222
 10
415.2574592617044
 20
242.5730670590952
 10
415.1655498083098
 20
242.6289392128241
 10
415.0763555768341
 20
242.6763836942166
 10
414.9845626205433
 20
242.7187694115394
 10
414.8905763241715
 20
242.7558092076532
 10
414.7917636541557
 20
242.7883033358986
 10
414.6911978008305
 20
242.8152119018894
 10
414.5893808630016
 20
242.8365420829774
 10
414.4989071352468
 20
242.8507298848598
 10
414.4078587788781
 20
242.8605717651382
 10
414.3155514467528
 20
242.8660043133156
 10
414.2230912066279
 20
242.8667011158566
  0
LWPOLYLINE
  5
84
330
1F
100
AcDbEntity
  8
Geometries
  6
Continuous
370
    13
100
AcDbPolyline
 90
       49
 70
   128
 43
0.0
 10
242.0802742083677
 20
230.8475797283291
 10
245.4637733986259
 20
230.8887609840297
 10
257.8572499074385
 20
231.0418015822146
 10
270.25069059814
 20
231.1977204275958
 10
272.7293900348809
 20
231.2287741956868
 10
275.2080891530793
 20
231.2602914979615
 10
277.6867547229697
 20
231.2940710576152
 10
280.1653535147857
 20
231.331911597843
 10
282.6438522987613
 20
231.3756118418401
 10
285.1224071782923
 20
231.4257526671342
 10
287.6008499461005
 20
231.4815095195735
 10
290.0791717481767
 20
231.5425827095505
 10
292.5573637305108
 20
231.6086725474572
 10
295.0354170390932
 20
231.6794793436862
 10
298.1326757614551
 20
231.7741823698291
 10
301.2297397871153
 20
231.8754419837961
 10
304.3266041757676
 20
231.9829683809104
 10
307.4232639871066
 20
232.0964717564957
 10
310.5197142808262
 20
232.2156623058752
 10
313.6159501166208
 20
232.3402502243724
 10
316.7119665541844
 20
232.4699457073107
 10
319.8077586532113
 20
232.6044589500135
 10
323.3489358255316
 20
232.7639543466098
 10
326.8898555502382
 20
232.9292545009307
 10
330.4305166239536
 20
233.1001455973468
 10
333.9709178432996
 20
233.2764138202281
 10
337.511058004898
 20
233.4578453539451
 10
341.0509359053708
 20
233.6442263828678
 10
344.59055034134
 20
233.8353430913666
 10
348.9643268884793
 20
234.0778226011958
 10
353.3377260235612
 20
234.3271062856442
 10
357.7107438372905
 20
234.5830012288098
 10
362.0833764203716
 20
234.8453145147903
 10
366.4556259554926
 20
235.1138591990292
 10
370.8274988829107
 20
235.3885345800101
 10
375.1989866029338
 20
235.6692764339036
 10
379.5700805158696
 20
235.9560205368805
 10
383.9407817451726
 20
236.2487054176059
 10
388.3110751060178
 20
236.5474848658683
 10
392.6809287802936
 20
236.8526176319823
 10
397.0503109498882
 20
237.1643624662624
 10
399.9640120228255
 20
237.3761159470645
 10
402.8774603824885
 20
237.5913301376456
 10
405.7906169505267
 20
237.8104386575654
 10
407.9753072508068
 20
237.9776702549857
 10
410.1597547598934
 20
238.1480394871078
 10
411.6159256922218
 20
238.263561682584
 10
413.0718877620317
 20
238.3816889387819
 10
414.5274889528556
 20
238.5041246165275
  0
LINE
  5
85
330
1F
100
AcDbEntity
  8
Geometries
  6
Continuous
370
    13
100
AcDbLine
 10
230.4555751843233
 20
89.71209072297361
 30
0.0
 11
246.8555751843233
 21
89.71209072297361
 31
0.0
  0
LWPOLYLINE
  5
86
330
1F
100
AcDbEntity
  8
Geometries
  6
Continuous
370
    13
100
AcDbPolyline
 90
      246
 70
   128
 43
0.0
 10
414.2230912066279
 20
242.8667011158566
 10
410.7234883043105
 20
242.808063346319
 10
407.2237848286584
 20
242.7553706298835
 10
403.7239983413447
 20
242.7082464641328
 10
400.2241464040422
 20
242.6663143466491
 10
396.7242465784238
 20
242.6291977750151
 10
393.2243016556505
 20
242.5968498845514
 10
389.7243053020358
 20
242.5697003903587
 10
386.2242694488599
 20
242.5480877398785
 10
382.7242060274013
 20
242.5323503805524
 10
379.2241269689399
 20
242.5228267598218
 10
376.307350215628
 20
242.5198719313447
 10
373.3905575479678
 20
242.5218988081676
 10
370.4737707593993
 20
242.5294844553192
 10
367.5570116433639
 20
242.5432059378286
 10
364.6403019933024
 20
242.5636403207248
 10
361.7236636026557
 20
242.5913646690367
 10
359.5340278448511
 20
242.6173997519101
 10
357.3444517026168
 20
242.6485471830811
 10
355.1549682268843
 20
242.6854557085912
 10
352.9656104685853
 20
242.7287740744827
 10
351.5058758310992
 20
242.7614879166853
 10
350.0462060176646
 20
242.7976176665132
 10
348.5866348779617
 20
242.8376396628294
 10
347.1271962616698
 20
242.882030244497
 10
345.6679240184686
 20
242.9312657503791
 10
344.2088519980376
 20
242.9858225193385
 10
343.1218667411321
 20
243.0302642441953
 10
342.0350319747459
 20
243.0784190227386
 10
340.9483953055796
 20
243.1307810592537
 10
339.8620043403337
 20
243.1878445580263
 10
338.9927342067004
 20
243.2374946891125
 10
338.1236978822669
 20
243.2915262263704
 10
337.2549922890546
 20
243.3506084745877
 10
336.3867143490844
 20
243.4154107385515
 10
335.5189609843771
 20
243.4866023230491
 10
334.6520294461968
 20
243.5639681516018
 10
333.7855625229151
 20
243.6465466433883
 10
332.9195422113053
 20
243.7338127966548
 10
332.0539505081402
 20
243.825241609647
 10
331.1887694101928
 20
243.9203080806108
 10
330.1073069784663
 20
244.0436641329797
 10
329.0263600985174
 20
244.1715299649676
 10
327.9458953947418
 20
244.3034347917213
 10
326.8658794915345
 20
244.4389078283875
 10
325.1395777157544
 20
244.6619336469492
 10
323.4141775934944
 20
244.8919318767072
 10
321.6895877217174
 20
245.1280214573701
 10
319.965716697385
 20
245.3693213286457
 10
318.2424731174598
 20
245.6149504302423
 10
316.0620212650646
 20
245.9310611892615
 10
313.8823150367821
 20
246.25230796667
 10
311.7032494380739
 20
246.5778917544829
 10
309.5247194744015
 20
246.9070135447152
 10
306.0834577761782
 20
247.4325527547547
 10
302.6430191161114
 20
247.9634698291827
 10
299.2031955876907
 20
248.4983888939255
 10
295.7637792844051
 20
249.0359340749094
 10
292.3245622997438
 20
249.5747294980608
 10
288.0255465208746
 20
250.2483198320243
 10
283.7263519204621
 20
250.9207728112477
 10
279.4267683608844
 20
251.5907247727054
 10
275.1265857045187
 20
252.256812053372
 10
271.9986252879369
 20
252.7380928131536
 10
268.8701692985612
 20
253.2163003607026
 10
265.7411764631383
 20
253.6910802540023
 10
262.6116055084145
 20
254.162078051036
 10
259.4814151611362
 20
254.6289393097873
 10
256.3505641480504
 20
255.0913095882396
 10
253.2190111959031
 20
255.5488344443763
 10
250.0867150314412
 20
256.001159436181
 10
246.953634381411
 20
256.447930121637
 10
243.8197279725593
 20
256.8887920587278
 10
240.6849545316324
 20
257.3233908054369
 10
237.7655571069398
 20
257.7220972070913
 10
234.8453457259985
 20
258.1148463656194
 10
231.9243066743705
 20
258.5013841253795
 10
229.002426237618
 20
258.8814563307302
 10
226.6642834391687
 20
259.1806533770618
 10
224.3255573514555
 20
259.4753171566398
 10
221.9862411344822
 20
259.7652713652689
 10
219.6463279482513
 20
260.0503396987535
 10
217.3058109527661
 20
260.3303458528981
 10
214.9638074263262
 20
260.6052286100532
 10
212.6211687886347
 20
260.8747353134662
 10
210.2778978549534
 20
261.1387096318657
 10
207.9339974405437
 20
261.3969952339796
 10
205.5894703606672
 20
261.6494357885364
 10
204.0004918321312
 20
261.8170587443132
 10
202.4112122127501
 20
261.9818020206357
 10
200.8216063139694
 20
262.1435834257647
 10
199.2316933738711
 20
262.3023184660863
 10
197.1113225268192
 20
262.5090851512495
 10
194.990391046166
 20
262.7101060628297
 10
192.8689071265265
 20
262.9052004502747
 10
190.7468789625157
 20
263.0941875630322
 10
188.6242908514985
 20
263.2769067210448
 10
186.5011479797983
 20
263.4531861399042
 10
184.377465765033
 20
263.6228305241501
 10
182.2532596248205
 20
263.7856445783225
 10
180.5525168829289
 20
263.9108819958243
 10
178.8514235616343
 20
264.0314174254827
 10
177.1499914965193
 20
264.1471101848824
 10
175.448232523166
 20
264.2578195916076
 10
173.7461584771565
 20
264.3634049632427
 10
172.0645102023216
 20
264.462548506991
 10
170.3825511431612
 20
264.5564265858444
 10
168.7002988141218
 20
264.6448756373424
 10
167.0177707296499
 20
264.7277320990243
 10
165.3349553820214
 20
264.8048168661913
 10
163.6518661762921
 20
264.8759331851568
 10
161.9685293495385
 20
264.940892382039
 10
160.2849711388372
 20
264.9995057829557
 10
158.5998946068902
 20
265.0516449791193
 10
156.9146156892024
 20
265.0972408415709
 10
155.229172905696
 20
265.1363221229776
 10
153.5436047762942
 20
265.1689175760066
 10
151.8592606710034
 20
265.1959710049741
 10
150.1748400082496
 20
265.2182885973328
 10
148.49036203719
 20
265.2356237760647
 10
146.8058460069817
 20
265.2477299641521
 10
145.1212828082547
 20
265.2543778725
 10
143.4366964606997
 20
265.2553230052897
 10
141.7521190978846
 20
265.2502961810289
 10
140.0675828533771
 20
265.2390282182246
 10
138.3818907481342
 20
265.2211945212672
 10
136.6962706280888
 20
265.1964780924044
 10
135.0107731869754
 20
265.1645900445297
 10
133.3254491185281
 20
265.1252414905367
 10
131.9782585644904
 20
265.0882022356348
 10
130.6312031873855
 20
265.0459924056637
 10
129.2843227678096
 20
264.9984252511868
 10
127.9376570863584
 20
264.9453140227666
 10
126.5912459236278
 20
264.8864719709663
 10
125.2450727357866
 20
264.8217414570117
 10
123.8991814132424
 20
264.7509511511842
 10
122.5536295582669
 20
264.6738904260528
 10
121.2084747731315
 20
264.5903486541862
 10
119.8637746601078
 20
264.500115208153
 10
118.5168345487563
 20
264.402802232867
 10
117.1703934722248
 20
264.2984133149521
 10
115.8245280524159
 20
264.1867585778742
 10
114.479314911232
 20
264.0676481450982
 10
113.1348306705752
 20
263.9408921400898
 10
111.841153665637
 20
263.811427770234
 10
110.5482225580155
 20
263.6745049222561
 10
109.2561179446084
 20
263.5300030560375
 10
107.9649204223131
 20
263.3778016314595
 10
106.9326299572662
 20
263.2504068748319
 10
105.9009600550106
 20
263.1179235913899
 10
104.8699602809203
 20
262.9802801172912
 10
103.8396802003688
 20
262.8374047886927
 10
102.8101693787299
 20
262.6892259417513
 10
101.7814329896043
 20
262.5356844516836
 10
100.7534928117302
 20
262.3767573208229
 10
99.72639624700511
 20
262.2124231077102
 10
98.70019069732625
 20
262.0426603708854
 10
97.67492356459093
 20
261.8674476688892
 10
96.64420711070085
 20
261.6855882407763
 10
95.61447164339529
 20
261.4981234394627
 10
94.58576518956627
 20
261.30505048337
 10
93.55813577610532
 20
261.1063665909198
 10
92.53163142990404
 20
260.9020689805339
 10
91.36408460670212
 20
260.6626069350871
 10
90.19800602941412
 20
260.4159326468522
 10
89.03345334258509
 20
260.1620969068891
 10
87.8704841907598
 20
259.9011505062571
 10
86.70915621848323
 20
259.633144236016
 10
85.54948508764875
 20
259.3581169408045
 10
84.3914517302236
 20
259.076144466696
 10
83.23509115663
 20
258.7873399998342
 10
82.08043837728977
 20
258.4918167263627
 10
80.92752840262477
 20
258.1896878324249
 10
80.20781627006716
 20
257.997875012434
 10
79.48874073958766
 20
257.8036645495951
 10
78.7705218982909
 20
257.6063322476479
 10
78.0533798332813
 20
257.4051539103325
 10
77.33727920658183
 20
257.1986923703561
 10
76.62292848574995
 20
256.986158706441
 10
75.91044460995931
 20
256.7674551944937
 10
75.19994451838343
 20
256.5424841104208
 10
74.48141972742371
 20
256.3078430148252
 10
73.76504778409614
 20
256.0666063433494
 10
73.05097190773955
 20
255.8186635828207
 10
72.33933531769279
 20
255.5639042200665
 10
71.77099430060088
 20
255.3547667976922
 10
71.20431822373828
 20
255.1410723745476
 10
70.6393884934605
 20
254.9227789653262
 10
70.07628651612245
 20
254.6998445847214
 10
69.51509369807954
 20
254.4722272474265
 10
68.96469493229276
 20
254.2435589110614
 10
68.41624459284503
 20
254.010165510456
 10
67.86985061061617
 20
253.7719747738369
 10
67.32562091648552
 20
253.5289144294304
 10
66.78366344133266
 20
253.2809122054631
 10
66.24399082637896
 20
253.0278779065947
 10
65.70669478160238
 20
252.7697346017768
 10
65.17191664911746
 20
252.5063904539258
 10
64.63979777103833
 20
252.2377536259573
 10
64.11047948947939
 20
251.9637322807874
 10
63.58399118043931
 20
251.6841709215382
 10
63.06048120928614
 20
251.3989525282461
 10
62.54013596679638
 20
251.1079730236951
 10
62.02314184374646
 20
250.8111283306681
 10
61.50968523091274
 20
250.5083143719486
 10
61.07377335748347
 20
250.2446730327396
 10
60.64061363346656
 20
249.9764042862798
 10
60.21038561859024
 20
249.7034086705492
 10
59.78326887258277
 20
249.4255867235273
 10
59.35944295517223
 20
249.1428389831941
 10
58.93908742608693
 20
248.8550659875292
 10
58.53266506701215
 20
248.5694689305549
 10
58.12983263328783
 20
248.2787591958293
 10
57.73084662968301
 20
247.9828029552452
 10
57.33596356096652
 20
247.6814663806956
 10
57.02309311777586
 20
247.4363575550612
 10
56.71309880386386
 20
247.1875437250493
 10
56.40618703928271
 20
246.9349231594554
 10
56.10256424408414
 20
246.6783941270749
 10
55.80243683832006
 20
246.4178548967031
 10
55.50165372192083
 20
246.1492428710966
 10
55.20486325021926
 20
245.8761017462311
 10
54.91244227303847
 20
245.5982711044693
 10
54.62476764020104
 20
245.3155905281734
 10
54.34221620152971
 20
245.0278995997057
 10
54.13256942568205
 20
244.8072933105563
 10
53.92626285544836
 20
244.5835082419808
 10
53.72359777948358
 20
244.3564319443429
 10
53.5248754864428
 20
244.1259519680063
 10
53.3293656004584
 20
243.8906685883751
 10
53.13850544495233
 20
243.6515112621553
 10
52.95284835923917
 20
243.4083192841301
 10
52.77294768263354
 20
243.1609319490827
 10
52.62145509135743
 20
242.9419572684554
 10
52.47527289729302
 20
242.7193619591036
 10
52.33506588943331
 20
242.493016982573
 10
52.23414048241725
 20
242.3205298532047
 10
52.13732987846419
 20
242.1456248576816
 10
52.04516340683915
 20
241.9682553100067
 10
51.95817039680725
 20
241.7883745241832
 10
51.90130109528954
 20
241.6623785748064
 10
51.84743883940672
 20
241.5350491994315
 10
51.79688512667639
 20
241.4063976075894
 10
51.74963043266314
 20
241.2754871423152
 10
51.70642592385147
 20
241.1431543759942
 10
51.66773598283012
 20
241.0094784262348
  0
CIRCLE
  5
87
330
1F
100
AcDbEntity
  8
Geometries
  6
Continuous
370
    13
100
AcDbCircle
 10
-23.87964205314927
 20
188.0235676294093
 30
0.0
 40
8.2
  0
LWPOLYLINE
  5
88
330
1F
100
AcDbEntity
  8
Geometries
  6
Continuous
370
    13
100
AcDbPolyline
 90
     1381
 70
   128
 43
0.0
 10
30.67885929058443
 20
153.9989257779882
 10
31.58968227803265
 20
154.1387041417622
 10
32.49908567697517
 20
154.2754017695952
 10
33.40706773067708
 20
154.4090898560199
 10
34.31362703329629
 20
154.5398386600565
 10
35.21876252988406
 20
154.6677175052145
 10
36.12247351638425
 20
154.7927947794912
 10
37.02475963963406
 20
154.915137935373
 10
38.01562866591448
 20
155.0466368601917
 10
39.00477409971404
 20
155.1749951941506
 10
39.99219694214383
 20
155.3002987942355
 10
40.97789870805732
 20
155.4226321477501
 10
41.96188142605072
 20
155.5420783723156
 10
43.05804963390793
 20
155.6720798611673
 10
44.15208403901801
 20
155.798698520221
 10
45.24398972848178
 20
155.9220438553413
 10
46.333772586501
 20
156.0422232472515
 10
47.42143929437819
 20
156.159341951533
 10
48.50699733051692
 20
156.2735030986259
 10
49.590454970422
 20
156.3848076938284
 10
50.6718212866987
 20
156.4933546172971
 10
51.90512039822468
 20
156.6141555230791
 10
53.13571691006933
 20
156.7316219034923
 10
54.36362818950545
 20
156.8458911616398
 10
55.58887296362445
 20
156.9570970752269
 10
56.81147131933704
 20
157.065369796561
 10
58.03144470337321
 20
157.1708358525521
 10
59.24881592228147
 20
157.273618144712
 10
60.58494764549141
 20
157.3837211667323
 10
61.91799408484681
 20
157.4908747716809
 10
63.24799129710917
 20
157.595227341446
 10
64.57497732995162
 20
157.6969219499716
 10
65.8989922219578
 20
157.7960963632563
 10
67.3000506285689
 20
157.8986749920896
 10
68.69786673541142
 20
157.9987191343423
 10
70.09249565268502
 20
158.0963735793366
 10
71.4839950098227
 20
158.1917763998976
 10
72.8724249554896
 20
158.2850589523539
 10
74.2578481575834
 20
158.3763458765366
 10
75.56140892438938
 20
158.46069460952
 10
76.86241137667068
 20
158.5434675286517
 10
78.16091419517844
 20
158.6247526982649
 10
79.45697805157502
 20
158.7046328747481
 10
80.75066560843405
 20
158.783185506545
 10
82.39743141916199
 20
158.8815673597483
 10
84.04057538838126
 20
158.9780434826908
 10
85.68024165279817
 20
159.0727369967945
 10
87.31657961884008
 20
159.1657569739403
 10
88.9497439626548
 20
159.2571984364674
 10
90.5798946301115
 20
159.3471423571734
 10
92.20719683680004
 20
159.4356556593145
 10
94.01627579269636
 20
159.5326076775276
 10
95.8222768435095
 20
159.627903205374
 10
97.6254512460372
 20
159.7215731519896
 10
99.42605836223049
 20
159.8136268174559
 10
101.2243656591934
 20
159.9040518927999
 10
103.0206487091836
 20
159.9928144599939
 10
104.8151911896116
 20
160.0798589919559
 10
106.6082848830411
 20
160.1651083525489
 10
108.4855369349831
 20
160.2523839014771
 10
110.3618824779103
 20
160.3374417025411
 10
112.2376856168117
 20
160.4201167562318
 10
114.1133202194844
 20
160.5002180345301
 10
115.989169916534
 20
160.5775284809069
 10
117.8656281013748
 20
160.6518050103225
 10
119.4748104730174
 20
160.7128525685971
 10
121.0849955262439
 20
160.7712891421052
 10
122.6964481221499
 20
160.8269159906619
 10
124.3094380659119
 20
160.8795219213013
 10
125.9242378337273
 20
160.9288944341501
 10
127.5411209798185
 20
160.9748275336238
 10
129.1603620489046
 20
161.0171221576168
 10
130.4344564990012
 20
161.0476757473273
 10
131.7103107665824
 20
161.0757741980455
 10
132.9880593087618
 20
161.1013299614577
 10
134.2678369601484
 20
161.1242581317187
 10
135.5497789328471
 20
161.144476445452
 10
136.834020816458
 20
161.1619052817488
 10
138.1206985780763
 20
161.176467662169
 10
139.2900747968374
 20
161.1871355318846
 10
140.4616695860466
 20
161.1953299526539
 10
141.635585238644
 20
161.2009991094179
 10
142.8119243031612
 20
161.204092976259
 10
143.9907895837214
 20
161.204563316401
 10
145.1722841400399
 20
161.2023636822097
 10
146.3565112874231
 20
161.197449415192
 10
147.4445417968079
 20
161.1905232956236
 10
148.5350354318376
 20
161.1812483886006
 10
149.6280723376083
 20
161.1695942577338
 10
150.7237328396814
 20
161.1555317298878
 10
151.8220974440827
 20
161.1390328951802
 10
152.9232468373032
 20
161.120071106982
 10
154.0272618862978
 20
161.0986209819177
 10
155.1342236384871
 20
161.0746583998653
 10
156.244213321756
 20
161.0481605039556
 10
157.3573123444544
 20
161.0191057005735
 10
158.4736022953964
 20
160.9874736593566
 10
159.5931649438617
 20
160.9532453131963
 10
160.6518237348744
 20
160.9185788566608
 10
161.7135335730002
 20
160.8815746060959
 10
162.7783634364963
 20
160.8422196655645
 10
163.8463824462389
 20
160.8005021374597
 10
164.9176598657226
 20
160.756411122504
 10
165.8944343751458
 20
160.7142603938172
 10
166.8740113920218
 20
160.6701331884535
 10
167.8564432618819
 20
160.6240234655236
 10
168.8417824276677
 20
160.575925866011
 10
169.8300814297313
 20
160.5258357127717
 10
170.8213929058352
 20
160.4737490105342
 10
171.8157695911524
 20
160.4196624459005
 10
172.7300193748447
 20
160.3683240117821
 10
173.6469299451258
 20
160.315301395281
 10
174.5665421372202
 20
160.2605935542317
 10
175.4888968551305
 20
160.204199927916
 10
176.4140350716381
 20
160.1461204370635
 10
177.3419978283021
 20
160.0863554838514
 10
178.2728262354601
 20
160.0249059519047
 10
179.2065614722279
 20
159.9617732062958
 10
180.1432447864995
 20
159.8969590935449
 10
181.0829174949472
 20
159.8304659416198
 10
182.0256209830214
 20
159.7622965599357
 10
182.9713967049506
 20
159.6924542393558
 10
183.8659793217182
 20
159.6250740161984
 10
184.7633648640115
 20
159.5562134879405
 10
185.6635882459717
 20
159.4858765889514
 10
186.5666844360946
 20
159.4140676340812
 10
187.4726884572302
 20
159.3407913186607
 10
188.3929219388466
 20
159.2651170533925
 10
189.3162082004405
 20
159.1879496886669
 10
190.2425837538301
 20
159.1092952883704
 10
191.1720851679337
 20
159.0291603160908
 10
192.1047490687694
 20
158.9475516351172
 10
193.0406121394558
 20
158.8644765084398
 10
193.9797111202118
 20
158.7799425987502
 10
194.922082808356
 20
158.6939579684411
 10
195.9128796783896
 20
158.6023320689718
 10
196.9073512530186
 20
158.5091334861084
 10
197.9055400422623
 20
158.4143729012482
 10
198.9074886249184
 20
158.3180614772355
 10
199.9132396485626
 20
158.2202108583627
 10
200.9228358295488
 20
158.1208331703695
 10
201.936319953009
 20
158.0199410204435
 10
202.9537348728539
 20
157.9175474972197
 10
203.9751235117721
 20
157.8136661707809
 10
205.0005288612304
 20
157.7083110926577
 10
206.0299939814741
 20
157.6014967958278
 10
207.0635620015264
 20
157.4932382947171
 10
208.0418657243013
 20
157.3898571368764
 10
209.0238915062392
 20
157.2852192628122
 10
210.0096756652623
 20
157.1793384333586
 10
210.999254573647
 20
157.0722287898303
 10
211.992664658024
 20
156.9639048540226
 10
212.8991200056475
 20
156.8643873566179
 10
213.8087992110317
 20
156.7638900924256
 10
214.7217297589862
 20
156.6624247904867
 10
215.6379391714459
 20
156.560003439716
 10
216.5574550074701
 20
156.4566382889013
 10
217.4803048632429
 20
156.3523418467044
 10
218.4065163720736
 20
156.24712688166
 10
219.4292647668391
 20
156.1303450833819
 10
220.4561511250467
 20
156.0124853463331
 10
221.4872123803997
 20
155.8935657543199
 10
222.5224852742244
 20
155.7736046835109
 10
223.562005450746
 20
155.6526204793212
 10
224.6058070940443
 20
155.530631326754
 10
225.6539229206314
 20
155.4076552477495
 10
226.7063841794505
 20
155.2837101011845
 10
227.7632206518767
 20
155.1588135828729
 10
228.8244606517162
 20
155.0329832255653
 10
229.8710621973699
 20
154.9085076718459
 10
230.9219613616123
 20
154.7831643906697
 10
231.9771808345718
 20
154.6569695328953
 10
233.0367419408603
 20
154.529939097657
 10
234.0788914078106
 20
154.4047082306067
 10
235.1252436198527
 20
154.2787055312103
 10
236.1758148101895
 20
154.1519456147126
 10
237.2306199546933
 20
154.0244429566548
 10
238.2896727719043
 20
153.8962118928748
 10
239.3529857230325
 20
153.7672666195069
 10
240.3594499515105
 20
153.6450481209014
 10
241.3697196895743
 20
153.5222188696561
 10
242.3838023106888
 20
153.3987904234438
 10
243.4017041946701
 20
153.2747742295324
 10
244.4234307276841
 20
153.1501816247841
 10
245.448986302247
 20
153.0250238356555
 10
246.4783743172256
 20
152.8993119781979
 10
247.5115971778372
 20
152.7730570580568
 10
248.548656295649
 20
152.6462699704725
 10
249.589552088579
 20
152.5189615002793
 10
250.6155944226101
 20
152.3934292243329
 10
251.6453356001563
 20
152.2674143263189
 10
252.6787732182696
 20
152.1409267125825
 10
253.7159039494486
 20
152.0139761867407
 10
254.7756816482321
 20
151.8842518830106
 10
255.8392780919495
 20
151.7540678677964
 10
256.906686813946
 20
151.6234341609803
 10
257.9779003539172
 20
151.4923606720387
 10
259.0529102579095
 20
151.3608572000428
 10
260.1124097004411
 20
151.2312928451598
 10
261.1755521393405
 20
151.1013321478748
 10
262.2423267666301
 20
150.970984080641
 10
263.3127218497791
 20
150.840257513183
 10
264.4086806297979
 20
150.70648198894
 10
265.5083815247252
 20
150.5723306904787
 10
266.6118090919167
 20
150.4378127109443
 10
267.7189468863591
 20
150.3029370321081
 10
268.82977746067
 20
150.167712524367
 10
269.9442823650984
 20
150.0321479467434
 10
271.0624421475239
 20
149.8962519468854
 10
272.1817848616592
 20
149.7603306112518
 10
273.3047248420302
 20
149.6240961671136
 10
274.4312397793537
 20
149.4875568740606
 10
275.5613063706976
 20
149.3507208812775
 10
276.6949003194797
 20
149.2135962275432
 10
277.8116604901974
 20
149.0786469251662
 10
278.9317738814446
 20
148.9434342346865
 10
280.0552146762627
 20
148.8079654608927
 10
281.181956133139
 20
148.6722478058452
 10
282.5275801707872
 20
148.5103645012775
 10
283.8777943764787
 20
148.3481503182377
 10
285.2325485070402
 20
148.1856168384341
 10
286.5917904622858
 20
148.0227754372408
 10
287.9554662850169
 20
147.859637283697
 10
289.3235201610232
 20
147.6962133405072
 10
290.6958944190817
 20
147.5325143640411
 10
292.0725295309572
 20
147.368550904334
 10
293.453364111402
 20
147.2043333050861
 10
294.8383349181564
 20
147.0398717036633
 10
296.2273768519483
 20
146.8751760310965
 10
297.6204229564929
 20
146.7102560120819
 10
298.9374721170247
 20
146.5545630657545
 10
300.2579605552734
 20
146.3986869534428
 10
301.5818276136487
 20
146.2426353221868
 10
302.9090111669922
 20
146.0864156559633
 10
304.2394476225771
 20
145.9300352756858
 10
305.7827692608799
 20
145.7489081401147
 10
307.3302552034842
 20
145.5675862462251
 10
308.8817995957363
 20
145.386080116297
 10
310.4372939529019
 20
145.2043999803793
 10
311.9966271601671
 20
145.0225557762897
 10
313.559685472636
 20
144.8405571496147
 10
315.1263525153342
 20
144.6584134537097
 10
316.8537122347072
 20
144.4578986389859
 10
318.5851323944496
 20
144.2572309002149
 10
320.3204470724623
 20
144.0564214614897
 10
322.0594864959459
 20
143.8554811190477
 10
323.8020770413999
 20
143.6544202412707
 10
325.5480412346232
 20
143.453248768685
 10
327.2971977507138
 20
143.2519762139609
 10
329.0493614140694
 20
143.0506116619132
 10
330.8043431983864
 20
142.8491637695014
 10
332.5619502266607
 20
142.647640765829
 10
334.8672196611942
 20
142.383640970861
 10
337.1762014845599
 20
142.1195421147248
 10
339.4884326077012
 20
141.855359348507
 10
342.1193095863936
 20
141.5550673818426
 10
344.7530555747397
 20
141.2547033753578
 10
347.3889377813903
 20
140.9542836453751
 10
350.0262045323577
 20
140.653822410146
 10
352.6640852710157
 20
140.3533317898512
 10
355.3017905580996
 20
140.0528218066003
 10
357.7878831169824
 20
139.769473233964
 10
360.2724083818952
 20
139.4861194430779
 10
362.7546585354497
 20
139.2027637093278
 10
365.2339109125862
 20
138.9194076517692
 10
367.7094329755164
 20
138.636051348825
 10
369.5778167212479
 20
138.4218550290397
 10
371.4433414068278
 20
138.207657036697
 10
373.3056987127493
 20
137.9934561024614
 10
375.164583206944
 20
137.7792505960685
 10
377.019692344778
 20
137.5650385263235
 10
378.8707264690547
 20
137.3508175411029
 10
380.3220582541848
 20
137.1824930434908
 10
381.7705483752998
 20
137.0141599018437
 10
383.2160552327267
 20
136.8458165063018
 10
384.6584383272441
 20
136.677461109449
 10
386.0975582600816
 20
136.5090918263126
 10
387.5332767329218
 20
136.3407066343633
 10
388.9654565478986
 20
136.1723033735156
 10
390.3939616075972
 20
136.0038797461276
 10
391.8186569150548
 20
135.8354333170003
 10
393.2394085737607
 20
135.666961513379
 10
394.6560837876552
 20
135.4984616249521
 10
396.0685508611309
 20
135.3299308038518
 10
397.3963338670512
 20
135.1709993030263
 10
398.7201512502178
 20
135.0120350365071
 10
400.0398953139781
 20
134.853035281257
 10
401.3554592313498
 20
134.6939972055301
 10
402.6667370450204
 20
134.5349178688719
 10
403.8549999935333
 20
134.390261921443
 10
405.0395555176921
 20
134.2455669865568
 10
406.2203258812887
 20
134.1008306211203
 10
407.3972339421114
 20
133.9560503077906
 10
408.5702031519446
 20
133.8112234549756
 10
409.7391575565699
 20
133.6663473968332
 10
410.9040217957649
 20
133.5214193932723
 10
411.9681570521361
 20
133.3885206884104
 10
413.0287354517802
 20
133.2555737484027
 10
414.0857002635316
 20
133.1225762982567
 10
415.1389951756256
 20
132.9895260105548
 10
416.1885642956988
 20
132.8564205054545
 10
417.2343521507891
 20
132.7232573506877
 10
418.2763036873348
 20
132.5900340615618
 10
419.3143642711764
 20
132.4567481009585
 10
420.3484796875547
 20
132.3233968793346
 10
421.3785961411119
 20
132.1899777547217
 10
422.4046602558917
 20
132.0564880327263
 10
423.4266190753383
 20
131.9229249665297
 10
424.3863729239993
 20
131.7969243838732
 10
425.3423868468414
 20
131.6708537227207
 10
426.2946174811693
 20
131.5447105526828
 10
427.2430217957339
 20
131.4184924019394
 10
428.1875570907324
 20
131.2921967572396
 10
429.040969955213
 20
131.1775638676479
 10
429.891132965789
 20
131.0628631747032
 10
430.7380149587048
 20
130.9480927140315
 10
431.5815849946166
 20
130.8332504932072
 10
432.4218123585945
 20
130.7183344917528
 10
433.2437524904927
 20
130.6053967636325
 10
434.0624101783777
 20
130.4923839233645
 10
434.8777569556731
 20
130.3792939777755
 10
435.6897645646086
 20
130.2661249075909
 10
436.5148725652018
 20
130.1505625783948
 10
437.3364449319445
 20
130.034913531077
 10
438.1544523138077
 20
129.9191755361494
 10
438.9688655861444
 20
129.8033463358259
 10
439.7796558506902
 20
129.6874236440229
 10
440.586794435562
 20
129.5714051463587
 10
441.39025289526
 20
129.4552885001541
 10
442.1900030106665
 20
129.3390713344319
 10
442.986016789046
 20
129.2227512499172
 10
443.7782664640449
 20
129.1063258190373
 10
444.5667244956927
 20
128.9897925859218
 10
445.3513635704003
 20
128.8731490664022
 10
446.1321566009614
 20
128.7563927480128
 10
446.9090767265514
 20
128.6395210899895
 10
447.6178285171953
 20
128.5322852204816
 10
448.3232832607996
 20
128.4249482755135
 10
449.0254207690099
 20
128.3175082353856
 10
449.7242210133127
 20
128.2099630604173
 10
450.4196641250352
 20
128.1023106909484
 10
451.1117303953461
 20
127.9945490473387
 10
451.8628375405664
 20
127.8768637962611
 10
452.6098775405708
 20
127.7590432478291
 10
453.3528254587845
 20
127.6410846207476
 10
454.0916565850147
 20
127.5229851054237
 10
454.8263464354519
 20
127.4047418639668
 10
455.556870752668
 20
127.2863520301888
 10
456.2832055056174
 20
127.1678127096032
 10
456.9453116117744
 20
127.0590178499659
 10
457.6038591465724
 20
126.9500926520762
 10
458.2588301013072
 20
126.8410348237777
 10
458.9102066271151
 20
126.7318420529339
 10
459.5579710349735
 20
126.6225120074284
 10
460.2021057957007
 20
126.5130423351645
 10
460.8425935399566
 20
126.4034306640653
 10
461.479417058241
 20
126.293674602074
 10
462.1125593008961
 20
126.1837717371533
 10
462.7420033781038
 20
126.0737196372864
 10
463.3677325598878
 20
125.9635158504756
 10
463.9897302761128
 20
125.8531579047437
 10
464.5727528016066
 20
125.7489626916535
 10
465.1524299159938
 20
125.6446261143141
 10
465.7287481209488
 20
125.5401460519561
 10
466.301694044466
 20
125.4355203680202
 10
466.8712544408603
 20
125.3307469101571
 10
467.470617137925
 20
125.2196461905122
 10
468.0661541260399
 20
125.1083747745765
 10
468.6578501446661
 20
124.9969300494639
 10
469.2456900920369
 20
124.8853093824413
 10
469.8296590251589
 20
124.7735101209294
 10
470.4097421598117
 20
124.661529592502
 10
470.9531054699823
 20
124.5557795070384
 10
471.492989252094
 20
124.4498636130032
 10
472.0293815021317
 20
124.3437796219408
 10
472.5622703415558
 20
124.2375252297116
 10
473.091644017302
 20
124.1310981164913
 10
473.6174909017827
 20
124.024495946771
 10
474.1397994928854
 20
123.9177163693575
 10
474.6585584139733
 20
123.8107570173732
 10
475.1737564138853
 20
123.7036155082558
 10
475.6853823669362
 20
123.5962894437588
 10
476.1843845615739
 20
123.4906979391673
 10
476.6799202286361
 20
123.3849237815294
 10
477.1719791813119
 20
123.278964654616
 10
477.6605513495406
 20
123.1728182276043
 10
478.1544139053653
 20
123.0645470018707
 10
478.6446410319626
 20
122.9560766804495
 10
479.1312224730149
 20
122.847404756423
 10
479.6141480976797
 20
122.7385287071891
 10
480.0934079005907
 20
122.6294459944614
 10
480.5605317180368
 20
122.5221075554005
 10
481.0241006942475
 20
122.4145648699506
 10
481.4841057037785
 20
122.3068154892121
 10
481.9405377379368
 20
122.1988569496909
 10
482.4025923876051
 20
122.088476997592
 10
482.8609081576632
 20
121.9778740335974
 10
483.315475852466
 20
121.8670453932963
 10
483.7662864029437
 20
121.7559883964559
 10
484.2133308666043
 20
121.6447003470215
 10
484.6566004275322
 20
121.5331785331163
 10
485.0960863963886
 20
121.4214202270411
 10
485.5308337397352
 20
121.3096673059602
 10
485.9617970765114
 20
121.1976734506884
 10
486.3889681509689
 20
121.0854359042371
 10
486.812338832835
 20
120.9729518939329
 10
487.2319011173127
 20
120.8602186314183
 10
487.6402565997745
 20
120.7492531342579
 10
488.0449235369458
 20
120.638041831305
 10
488.4458946986811
 20
120.5265820367471
 10
488.8431629715856
 20
120.4148710501783
 10
489.244714485847
 20
120.300618495893
 10
489.6423958276324
 20
120.1860986701683
 10
490.0361997243817
 20
120.0713087048624
 10
490.4261188985151
 20
119.9562457856798
 10
490.8121460645419
 20
119.8409071537021
 10
491.1942739290598
 20
119.7252901053885
 10
491.5724951907559
 20
119.6093919925754
 10
491.9468025404066
 20
119.4932102224766
 10
492.3171886608765
 20
119.3767422576833
 10
492.6836462271194
 20
119.259985616164
 10
493.0461679061786
 20
119.1429378712643
 10
493.4047463571854
 20
119.0255966517076
 10
493.7593742313608
 20
118.9079596415942
 10
494.1100441720146
 20
118.7900245804022
 10
494.4280083932118
 20
118.6816537270486
 10
494.7426349841444
 20
118.5730289167978
 10
495.0539182607693
 20
118.4641485311041
 10
495.3618525334564
 20
118.3550109905222
 10
495.666432106991
 20
118.2456147547064
 10
495.9676512805722
 20
118.1359583224118
 10
496.3112221853748
 20
118.0090344173579
 10
496.6502977138039
 20
117.8817595713928
 10
496.9848690656889
 20
117.7541316688457
 10
497.3149274309343
 20
117.6261486635086
 10
497.6404639895227
 20
117.4978085786367
 10
497.9614699115123
 20
117.3691095069484
 10
498.2599750024373
 20
117.2474342131884
 10
498.5544371740264
 20
117.1254366692553
 10
498.8448490009528
 20
117.0031154461795
 10
499.1312030500478
 20
116.8804691698874
 10
499.4134918803007
 20
116.7574965212008
 10
499.6917080428582
 20
116.634196235837
 10
499.9658440810245
 20
116.5105671044092
 10
500.2358925302623
 20
116.3866079724259
 10
500.5018459181916
 20
116.2623177402918
 10
500.7636967645904
 20
116.1376953633065
 10
501.0168711516221
 20
116.0149741268876
 10
501.2660738838538
 20
115.8919306609163
 10
501.5112978525871
 20
115.7685641302932
 10
501.7525359418262
 20
115.6448737509969
 10
501.9940575708886
 20
115.5186009638978
 10
502.2314321503231
 20
115.3919909658297
 10
502.4646521455725
 20
115.2650430924408
 10
502.6937100142364
 20
115.137756734275
 10
502.9185982060731
 20
115.0101313367716
 10
503.1354045704619
 20
114.8844544685382
 10
503.3481743871587
 20
114.7584496574381
 10
503.5569004811291
 20
114.63211653272
 10
503.7615756700421
 20
114.5054547747107
 10
503.966244686013
 20
114.375869042448
 10
504.1666806339001
 20
114.2459406163762
 10
504.3628758591064
 20
114.1156693213192
 10
504.5548226991242
 20
113.985055037478
 10
504.7425134835341
 20
113.8540977004308
 10
504.9259405340065
 20
113.7227973011334
 10
505.1050961643002
 20
113.5911538859189
 10
505.2795957950225
 20
113.459455899839
 10
505.4498273117949
 20
113.3274166502545
 10
505.6157830550242
 20
113.1950363480627
 10
505.7774553572749
 20
113.0623152590567
 10
505.9348365432693
 20
112.9292537039249
 10
506.0852230571318
 20
112.7982372103818
 10
506.2314556432055
 20
112.6668930711479
 10
506.3735270079997
 20
112.535221744665
 10
506.5114298507273
 20
112.4032237404532
 10
506.6478424546098
 20
112.2681957354015
 10
506.7798992745199
 20
112.1328288171226
 10
506.9075925300038
 20
111.9971236914432
 10
507.0309144326955
 20
111.8610811195676
 10
507.1498571863185
 20
111.7247019180771
 10
507.2644129866858
 20
111.5879869589305
 10
507.374574021698
 20
111.4509371694642
 10
507.4803324713462
 20
111.3135535323914
 10
507.581680507709
 20
111.1758370858031
 10
507.6786102949549
 20
111.0377889231674
 10
507.7711139893415
 20
110.8994101933299
 10
507.859183739214
 20
110.7607021005133
 10
507.9428116850083
 20
110.621665904318
 10
508.0219899592481
 20
110.4823029197213
 10
508.0906544051165
 20
110.3542676120353
 10
508.1555672015424
 20
110.2259599585766
 10
508.2167222710466
 20
110.0973810948448
 10
508.2741135305652
 20
109.9685321954397
 10
508.3277348914477
 20
109.8394144740612
 10
508.3775802594586
 20
109.7100291835092
 10
508.4259282590496
 20
109.5736491497338
 10
508.4700847636653
 20
109.4369760655429
 10
508.5100426612919
 20
109.3000115288933
 10
508.5457948330781
 20
109.1627571856021
 10
508.5773341533358
 20
109.0252147293469
 10
508.6046534895394
 20
108.8873859016662
 10
508.6277457023261
 20
108.7492724919587
 10
508.6451940503104
 20
108.6224201039517
 10
508.6590789262665
 20
108.495331581751
 10
508.6693948159261
 20
108.3680084096356
 10
508.6761362001936
 20
108.2404521056774
 10
508.6792975551454
 20
108.1126642217411
 10
508.6788733520314
 20
107.9846463434838
 10
508.6748580572727
 20
107.8564000903558
 10
508.6672461324637
 20
107.7279271155998
 10
508.6560320343712
 20
107.5992291062515
 10
508.6412102149343
 20
107.4703077831391
 10
508.6227751212644
 20
107.3411649008838
 10
508.6007211956457
 20
107.2118022478993
 10
508.5766079419682
 20
107.089632091235
 10
508.5492680092464
 20
106.9672697373578
 10
508.5186967273173
 20
106.8447167678273
 10
508.484889422203
 20
106.7219747909089
 10
508.4478414161107
 20
106.5990454415739
 10
508.400925847306
 20
106.4565815044278
 10
508.3496584062139
 20
106.3138715745527
 10
508.2940318282046
 20
106.1709183182214
 10
508.23403884181
 20
106.0277244495668
 10
508.1696721687254
 20
105.8842927305828
 10
508.1009245238085
 20
105.7406259711238
 10
508.02778861508
 20
105.5967270289047
 10
507.9568861639697
 20
105.4646181798124
 10
507.8822845923444
 20
105.3323189470232
 10
507.8039782683821
 20
105.1998316376916
 10
507.7219615554337
 20
105.067158592765
 10
507.6362288120226
 20
104.934302186983
 10
507.5467743918439
 20
104.8012648288787
 10
507.4535926437661
 20
104.6680489607772
 10
507.3566779118295
 20
104.5346570587971
 10
507.2560245352473
 20
104.4010916328491
 10
507.1516268484048
 20
104.2673552266369
 10
507.0434791808602
 20
104.1334504176571
 10
506.9315758573438
 20
103.9993798171988
 10
506.8226220318228
 20
103.8728209185484
 10
506.7103196904593
 20
103.746119230375
 10
506.5946640645594
 20
103.6192770239565
 10
506.475650381614
 20
103.4922965972768
 10
506.3532738652988
 20
103.3651802750252
 10
506.2110831072879
 20
103.2215253342148
 10
506.0645941489373
 20
103.07770364341
 10
505.9138001020933
 20
102.933718669294
 10
505.7586940724065
 20
102.789573921915
 10
505.5992691593333
 20
102.6452729546871
 10
505.4355184561342
 20
102.5008193643895
 10
505.277156654345
 20
102.3644837447061
 10
505.1149373686763
 20
102.2280187682952
 10
504.9488547948993
 20
102.091427555837
 10
504.7789031238896
 20
101.9547132622824
 10
504.6050765416273
 20
101.8178790768536
 10
504.4273692291958
 20
101.6809282230439
 10
504.2457753627832
 20
101.5438639586176
 10
504.0602891136818
 20
101.40668957561
 10
503.8709046482875
 20
101.2694084003274
 10
503.677616128101
 20
101.1320237933475
 10
503.4839734303476
 20
100.9969950898632
 10
503.2865536863528
 20
100.8618731386655
 10
503.0853513510507
 20
100.72666122003
 10
502.880360874821
 20
100.5913626461204
 10
502.6677454778435
 20
100.4535185219953
 10
502.4511913115591
 20
100.3155915934649
 10
502.2306925035468
 20
100.1775854585561
 10
502.0062431764896
 20
100.039503749567
 10
501.7778374481748
 20
99.90135013306691
 10
501.5496536403259
 20
99.76559713326135
 10
501.3176422090158
 20
99.62978187916845
 10
501.0817975677663
 20
99.49390794095416
 10
500.8421141255439
 20
99.35797892067244
 10
500.5935762624841
 20
99.2192228306215
 10
500.3410295374312
 20
99.08041706643336
 10
500.0844679953408
 20
98.9415655579052
 10
499.823885676231
 20
98.8026722694063
 10
499.5592766151801
 20
98.66374119987749
 10
499.2906348423286
 20
98.5247763828317
 10
499.017954382877
 20
98.38578188635337
 10
498.7418374280722
 20
98.24706515447065
 10
498.4616874915463
 20
98.10832706745501
 10
498.1774986228194
 20
97.96957176974715
 10
497.8892648665157
 20
97.83080344005896
 10
497.5969802623628
 20
97.69202629137324
 10
497.3059662655285
 20
97.55572283128582
 10
497.0110333923697
 20
97.4194190171153
 10
496.7121759824568
 20
97.2831189366889
 10
496.4093883708039
 20
97.1468267097216
 10
496.0963642035891
 20
97.0077654130801
 10
495.7792358493296
 20
96.8687210618488
 10
495.4579972744097
 20
96.72969813583106
 10
495.1326424402748
 20
96.59070114940184
 10
494.8031653034312
 20
96.45173465150813
 10
494.4695598154461
 20
96.31280322566847
 10
494.1318199229489
 20
96.17391148997348
 10
493.7899395676296
 20
96.03506409708541
 10
493.4439126862388
 20
95.89626573423826
 10
493.0937332105892
 20
95.75752112323791
 10
492.7393950675541
 20
95.61883502046213
 10
492.3808921790684
 20
95.48021221686032
 10
492.0182184621274
 20
95.34165753795375
 10
491.6513678287884
 20
95.20317584383554
 10
491.3114135728699
 20
95.07630258577541
 10
490.967939730548
 20
94.9494985633603
 10
490.6209416016204
 20
94.82276759665815
 10
490.2704144823959
 20
94.69611353014662
 10
489.9163536656977
 20
94.56954023271365
 10
489.5587544408604
 20
94.4430515976571
 10
489.1821095461452
 20
94.31125530459927
 10
488.8016071934007
 20
94.17955975550503
 10
488.4172423207681
 20
94.0479693623288
 10
488.0290100560071
 20
93.91648850817013
 10
487.6369057164944
 20
93.78512154727396
 10
487.2409248092238
 20
93.65387280503018
 10
486.8410630308074
 20
93.52274657797409
 10
486.4711103129352
 20
93.40265880810719
 10
486.0978900977656
 20
93.28268083729063
 10
485.7213994904974
 20
93.16281591105208
 10
485.3416357302127
 20
93.04306725454579
 10
484.9585961898754
 20
92.92343807255256
 10
484.5722783763322
 20
92.80393154947978
 10
484.1826799303122
 20
92.68455084936144
 10
483.7897986264268
 20
92.56529911585804
 10
483.39363237317
 20
92.44617947225672
 10
482.9941792129187
 20
92.32719502147118
 10
482.5914373219321
 20
92.20834884604176
 10
482.1854050103508
 20
92.08964400813517
 10
481.7026405751924
 20
91.94992746326568
 10
481.2153011813323
 20
91.81041640807251
 10
480.7233847785847
 20
91.67111574655057
 10
480.2268895750764
 20
91.53203034338617
 10
479.8020290467572
 20
91.41419088706706
 10
479.3738702189349
 20
91.29651280090405
 10
478.9424124345584
 20
91.17899898989745
 10
478.50765517046
 20
91.06165233867436
 10
478.0695980373539
 20
90.94447571148838
 10
477.6282407798364
 20
90.82747195221965
 10
477.1038328660829
 20
90.68980043186558
 10
476.5748408555376
 20
90.55237753731302
 10
476.0412650463205
 20
90.4152078152059
 10
475.503105994865
 20
90.27829577287964
 10
475.0187345434252
 20
90.15627426554565
 10
474.5307107592988
 20
90.03446489514148
 10
474.0390355605833
 20
89.91287079045892
 10
473.5437100295384
 20
89.79149505530823
 10
473.0447354125868
 20
89.6703407685185
 10
472.5421131203149
 20
89.54941098393735
 10
472.0358447274716
 20
89.4287087304312
 10
471.5259319729683
 20
89.30823701188491
 10
471.0379848781953
 20
89.1939687220693
 10
470.546750136439
 20
89.07991384874293
 10
470.0522296521757
 20
88.96607490710868
 10
469.5544254637647
 20
88.85245439199595
 10
469.0533397434475
 20
88.73905477786076
 10
468.5489747973478
 20
88.62587851878556
 10
467.9503381359665
 20
88.49278226603823
 10
467.3471541580724
 20
88.3600035877117
 10
466.7394273551892
 20
88.22754639232326
 10
466.1271624771549
 20
88.0954145490816
 10
465.5766666934454
 20
87.97771774154508
 10
465.0225609117132
 20
87.8602860560176
 10
464.4648490348368
 20
87.74312216708479
 10
463.9035351298584
 20
87.62622872435107
 10
463.3386234279831
 20
87.50960835243946
 10
462.7701183245791
 20
87.3932636509917
 10
462.1980243791775
 20
87.27719719466815
 10
461.6223463154719
 20
87.16141153314776
 10
460.9600460897488
 20
87.029432130745
 10
460.2930785149707
 20
86.89782650616189
 10
459.6214514299039
 20
86.76659834547293
 10
458.94517295337
 20
86.63575129213552
 10
458.2642514842441
 20
86.5052889469901
 10
457.5786957014577
 20
86.37521486826
 10
456.888514563996
 20
86.24553257155148
 10
456.2517931615293
 20
86.12700426946017
 10
455.6112002596823
 20
86.00881073547552
 10
454.9667433793315
 20
85.89095458313491
 10
454.3184302390911
 20
85.77343839588515
 10
453.6662687553127
 20
85.6562647270827
 10
453.0102670420853
 20
85.53943609999358
 10
452.2918346988866
 20
85.41265989002216
 10
451.5688729252785
 20
85.28629864708158
 10
450.8413929857425
 20
85.16035550407663
 10
450.1094064223788
 20
85.0348335516658
 10
449.3729250549062
 20
84.90973583826123
 10
448.6452317201483
 20
84.78728786458555
 10
447.9132260664967
 20
84.66525482199884
 10
447.176920073697
 20
84.54363947950648
 10
446.4363259798077
 20
84.4224445668052
 10
445.6762104287797
 20
84.29921246814759
 10
444.9116565331523
 20
84.17642375226596
 10
444.1426781274122
 20
84.05408119284265
 10
443.3692893261001
 20
83.93218752094289
 10
442.5915045238123
 20
83.81074542501496
 10
441.8093383951992
 20
83.68975755088998
 10
441.0228058949666
 20
83.56922650178213
 10
440.231922257875
 20
83.44915483828852
 10
439.4367029987398
 20
83.3295450783892
 10
438.6371639124312
 20
83.21039969744712
 10
437.8333210738741
 20
83.09172112820828
 10
437.0251908380486
 20
82.97351176080163
 10
436.2127898399893
 20
82.855773942739
 10
435.396134994786
 20
82.73850997891526
 10
434.6438125143407
 20
82.63143621276544
 10
433.8879435176005
 20
82.52476422829253
 10
433.1285416536687
 20
82.41849570647781
 10
432.3656207693847
 20
82.312632298212
 10
431.5991949093266
 20
82.2071756242954
 10
430.8292783158091
 20
82.10212727543788
 10
429.9854051107687
 20
81.98799660273873
 10
429.1374138485051
 20
81.87435571257144
 10
428.2853238245743
 20
81.76120654758597
 10
427.4291546145877
 20
81.64855100781521
 10
426.5689260742101
 20
81.53639095067501
 10
425.7046583391628
 20
81.42472819096426
 10
424.8363718252207
 20
81.31356450086469
 10
424.0369298058566
 20
81.21210434832517
 10
423.2341444307923
 20
81.111066307428
 10
422.4280320455496
 20
81.01045164882969
 10
421.618609193388
 20
80.91026161309634
 10
420.8058926153041
 20
80.8104974107035
 10
419.9898992500322
 20
80.7111602220363
 10
419.1706462340439
 20
80.6122511973894
 10
418.348150901549
 20
80.51377145696694
 10
417.5224307844932
 20
80.41572209088262
 10
416.6935036125608
 20
80.31810415915962
 10
415.8613873131729
 20
80.22091869173067
 10
415.0261000114882
 20
80.12416668843797
 10
414.0376082622264
 20
80.01069534064699
 10
413.0447677021808
 20
79.89782896736531
 10
412.0476090613768
 20
79.78556904443093
 10
411.0461634513562
 20
79.67391698962508
 10
410.1174470462877
 20
79.57133627707275
 10
409.1851256578246
 20
79.46927628662753
 10
408.2492246649862
 20
79.36773800332985
 10
407.3097697244102
 20
79.26672236997362
 10
406.3667867703537
 20
79.16623028710664
 10
405.4372340828805
 20
79.06804314666668
 10
404.504328633965
 20
78.97036262694544
 10
403.5680957751766
 20
78.87318946210559
 10
402.6285611163981
 20
78.77652434700101
 10
401.6664755660543
 20
78.67841086266161
 10
400.7010067706963
 20
78.58082771312992
 10
399.732182772139
 20
78.48377551010348
 10
398.760031892252
 20
78.38725482266284
 10
397.7845827329594
 20
78.29126617727141
 10
396.8058641762408
 20
78.19581005777562
 10
395.8239053841308
 20
78.10088690540482
 10
394.67423079023
 20
77.99081736828796
 10
393.5202331960835
 20
77.88147435912468
 10
392.3619603552506
 20
77.77285835862945
 10
391.1994605401271
 20
77.66496976856334
 10
390.0327825419455
 20
77.55780891173418
 10
388.8619756707729
 20
77.45137603199639
 10
387.7543351020043
 20
77.35169194786224
 10
386.6431105301045
 20
77.25265524167928
 10
385.5283445531837
 20
77.15426592498247
 10
384.4100801793808
 20
77.05652394691111
 10
383.2883608268633
 20
76.95942919420895
 10
382.0949319378955
 20
76.85715696686468
 10
380.8977186946223
 20
76.75561230918997
 10
379.6967744095629
 20
76.65479485597075
 10
378.4921529140722
 20
76.55470416303947
 10
377.2839085583416
 20
76.4553397072754
 10
376.0720962113978
 20
76.35670088660432
 10
374.926312053396
 20
76.26436258161037
 10
373.7774521059306
 20
76.17266811152456
 10
372.6255636265249
 20
76.08161677884078
 10
371.4706942827308
 20
75.99120782365729
 10
370.3128921521285
 20
75.90144042367675
 10
369.0172985983255
 20
75.80201008226439
 10
367.7181803377474
 20
75.70337644666361
 10
366.4156060169469
 20
75.60553809839134
 10
365.1096449186601
 20
75.508493522154
 10
363.8003669618051
 20
75.41224110584773
 10
362.4878427014828
 20
75.31677914055815
 10
361.1721433289767
 20
75.22210582056063
 10
359.8533406717538
 20
75.12821924331999
 10
358.345731440881
 20
75.02211198424759
 10
356.8342893329311
 20
74.91702210669233
 10
355.3191238942622
 20
74.8129463283409
 10
353.80034574709
 20
74.70988120316225
 10
352.2780665894899
 20
74.60782312140778
 10
350.7796723098525
 20
74.50856408458472
 10
349.2781175685332
 20
74.4102690784132
 10
347.7735112164386
 20
74.31293422193762
 10
346.2659631055197
 20
74.21655548186939
 10
344.4675811261117
 20
74.10305970958298
 10
342.6653760203595
 20
73.9909056946465
 10
340.8595386779843
 20
73.88008578769109
 10
339.0502619993597
 20
73.77059203337942
 10
337.2377408955102
 20
73.66241617040532
 10
335.422172288111
 20
73.55554963149399
 10
333.2397474928144
 20
73.42902557749638
 10
331.0535684380281
 20
73.30435824197346
 10
328.863986869946
 20
73.1815310759187
 10
326.6713587040421
 20
73.06052689586932
 10
324.4760434921596
 20
72.94132792635286
 10
322.3176615326912
 20
72.82599725950017
 10
320.1573674940626
 20
72.71237366473866
 10
317.9954901570584
 20
72.60044039419567
 10
315.8323528477658
 20
72.4901808531207
 10
312.8578522320577
 20
72.34134043599806
 10
309.8823796908862
 20
72.19558842552219
 10
306.9067242170986
 20
72.05288315367079
 10
303.9316553396426
 20
71.91318349880481
 10
300.9579231235655
 20
71.7764488856684
 10
297.9862581700147
 20
71.6426392853888
 10
295.6532927407787
 20
71.53952941814224
 10
293.3223794447533
 20
71.43818199880097
 10
290.9938473773635
 20
71.33857832092336
 10
288.6680182160068
 20
71.24069988630377
 10
286.3452062200528
 20
71.1445284049727
 10
284.0257182308429
 20
71.05004579519664
 10
282.0404584756139
 20
70.97039135093249
 10
280.0580451731394
 20
70.89195344148199
 10
278.078658539735
 20
70.81472104539965
 10
276.10247478765
 20
70.73868325364053
 10
274.1296661250667
 20
70.66382926956035
 10
272.1604007561011
 20
70.59014840891541
 10
270.194842880802
 20
70.5176300998628
 10
268.3964753151734
 20
70.45216731741382
 10
266.6014781640426
 20
70.38766463767507
 10
264.8099690363238
 20
70.32411416654473
 10
263.0220627137923
 20
70.26150808928335
 10
261.2378711510854
 20
70.19983867051378
 10
259.4575034757016
 20
70.13909825422124
 10
257.9379177075471
 20
70.08787996328843
 10
256.4212717476994
 20
70.03733099207555
 10
254.9076289468071
 20
69.98744668896515
 10
253.397051142774
 20
69.93822244480499
 10
251.8895986607596
 20
69.88965369290803
 10
250.4121639916416
 20
69.84258590136841
 10
248.9378550548533
 20
69.7961417901861
 10
247.4667247401735
 20
69.75031715258972
 10
245.9988245298293
 20
69.7051078213201
 10
244.5043487917663
 20
69.65960583730474
 10
243.0133401714157
 20
69.61473588937737
 10
241.5258488354658
 20
69.5704936771266
 10
240.0419234245854
 20
69.52687494297876
 10
238.5616110534252
 20
69.48387547219797
 10
237.0849573106161
 20
69.44149109288622
 10
235.6120062587707
 20
69.39971767598334
 10
234.1428004344831
 20
69.35855113526692
 10
232.6773808483275
 20
69.31798742735246
 10
231.2157869848602
 20
69.27802255169316
 10
229.7580568026178
 20
69.23865255058011
 10
228.3042267341187
 20
69.19987350914228
 10
226.854331685862
 20
69.16168155534628
 10
225.4084050383281
 20
69.12407285999677
 10
224.0864856409898
 20
69.09010736435913
 10
222.7679509958552
 20
69.05662590092314
 10
221.4528234350522
 20
69.02362561509689
 10
220.1411242132378
 20
68.99110368253477
 10
218.8328735075978
 20
68.95905730913759
 10
217.5280904178468
 20
68.92748373105248
 10
216.1117590265736
 20
68.89364921192504
 10
214.6995795253266
 20
68.86036818217131
 10
213.2915721950903
 20
68.82763719920912
 10
211.8877558041049
 20
68.7954528629214
 10
210.488147607866
 20
68.7638118156563
 10
209.1176438002284
 20
68.73326140246057
 10
207.7512279204137
 20
68.70322874951718
 10
206.3889120548837
 20
68.67371079546989
 10
205.0307068825487
 20
68.6447045184747
 10
203.6490302387569
 20
68.61563062888051
 10
202.2716517721368
 20
68.58708328279994
 10
200.8985782965677
 20
68.55905939680505
 10
199.5298150999096
 20
68.53155593030576
 10
198.1653659440038
 20
68.50456988554976
 10
196.8052330646728
 20
68.47809830762255
 10
195.4494171717197
 20
68.4521382844475
 10
194.09791744893
 20
68.42668694678578
 10
192.7507315540689
 20
68.40174146823635
 10
191.4078556188837
 20
68.37729906523604
 10
190.0692842491022
 20
68.35335699705949
 10
188.7350105244336
 20
68.32991256581916
 10
187.4050259985683
 20
68.30696311646524
 10
186.0793206991772
 20
68.2845060367859
 10
184.8678402297496
 20
68.26435071830726
 10
183.6599358713937
 20
68.24460502020641
 10
182.4555965635359
 20
68.22526702527868
 10
181.2548101681314
 20
68.2063348465657
 10
180.0575634696641
 20
68.1878066273554
 10
178.8638421751469
 20
68.16968054118222
 10
177.5656033816539
 20
68.1503631502092
 10
176.2715203803197
 20
68.13151990277697
 10
174.9815702276551
 20
68.1131485507951
 10
173.6957284541524
 20
68.09524688901097
 10
172.4139690642848
 20
68.07781275500977
 10
171.1362645365065
 20
68.06084402921454
 10
169.8625858232527
 20
68.04433863488612
 10
168.6985574841682
 20
68.02961397605162
 10
167.5378615984396
 20
68.01527539983047
 10
166.3804724127047
 20
68.00132140146839
 10
165.2263630961297
 20
67.98775050645736
 10
164.0755057404099
 20
67.97456127053572
 10
162.9278713597694
 20
67.96175227968818
 10
161.5549220251992
 20
67.94688146795173
 10
160.1865164294283
 20
67.93255388443136
 10
158.8225983408641
 20
67.91876725818557
 10
157.4631092936696
 20
67.90551938099162
 10
156.1079885877636
 20
67.89280810734566
 10
154.7812576101888
 20
67.88084412099154
 10
153.4586179338292
 20
67.86939382134163
 10
152.1400057593365
 20
67.85845535245362
 10
150.8253552084842
 20
67.84802691674275
 10
149.5996152532675
 20
67.83873568774627
 10
148.3772224195735
 20
67.82988749320405
 10
147.1581179168259
 20
67.82148100201363
 10
145.9422413652862
 20
67.81351492768283
 10
144.7295307960526
 20
67.80598802832995
 10
143.5199226510606
 20
67.79889910668365
 10
142.0982072360964
 20
67.79110501723753
 10
140.6806011357735
 20
67.78391588572296
 10
139.2669917994056
 20
67.77732999077367
 10
137.857263610165
 20
67.77134569709486
 10
136.4226430345468
 20
67.76585781051192
 10
134.9918106595891
 20
67.76099316448217
 10
133.5646337715517
 20
67.75675029868165
 10
132.1409763324895
 20
67.75312784610199
 10
130.7206989802532
 20
67.7501245330508
 10
129.3036590506389
 20
67.74773918014974
 10
127.8897120073244
 20
67.74597076677667
 10
126.2438264448533
 20
67.74468647606717
 10
124.6017368101541
 20
67.74424060338166
 10
122.9632292589717
 20
67.74463348913058
 10
121.3280962997106
 20
67.74586621043788
 10
119.6961367934337
 20
67.74794058114107
 10
118.0671559538628
 20
67.75085915179082
 10
116.1508537690182
 20
67.75538719665518
 10
114.2381304383627
 20
67.76109915559763
 10
112.3287010677016
 20
67.76800314526125
 10
110.4222930196989
 20
67.77610870370825
 10
108.2592577519953
 20
67.78679205067591
 10
106.0994252615839
 20
67.7990595171024
 10
103.9424531137424
 20
67.81293178331678
 10
101.7880193122234
 20
67.82843189988373
 10
99.63582229925491
 20
67.84558528760363
 10
97.48558095553997
 20
67.86441973751252
 10
95.3370346002567
 20
67.8849654108822
 10
93.18994299105896
 20
67.90725483922002
 10
90.49246951040644
 20
67.93780382851726
 10
87.79655842680998
 20
67.97123865997199
 10
85.10186991122447
 20
68.00763991108818
 10
82.40811518357896
 20
68.04709407948376
 10
79.71505651277653
 20
68.08969358289048
 10
76.85933552310752
 20
68.13842165462016
 10
74.00402814624721
 20
68.19092315533786
 10
71.14903900496665
 20
68.24733017619992
 10
68.29433731771053
 20
68.30778229947784
 10
65.43995689859909
 20
68.37242659855835
 10
62.58599615742591
 20
68.44141763794347
 10
60.34399678013955
 20
68.49877955961819
 10
58.10246289180714
 20
68.55900667591824
 10
55.86152615370784
 20
68.62218369257089
 10
53.62134284564655
 20
68.68839817029665
 10
51.38209386595335
 20
68.75774052480917
 10
49.14398473148356
 20
68.83030402681521
 10
47.22668647728648
 20
68.89513787237462
 10
45.31055366031117
 20
68.96247105530912
 10
43.3957588897679
 20
69.03236732011682
 10
41.48248806333399
 20
69.1048919523501
 10
39.57094036715361
 20
69.18011177861548
 10
37.66132827583777
 20
69.25809516657371
 10
35.75387755246371
 20
69.33891202493987
 10
34.00748368809801
 20
69.41554426585425
 10
32.26330063384574
 20
69.49467360146528
 10
30.52153171183417
 20
69.57635729192116
 10
28.78238962673512
 20
69.6606536854573
 10
27.04609646576486
 20
69.7476222183963
 10
25.31288369868454
 20
69.83732341514778
 10
23.96755736452627
 20
69.90899568021888
 10
22.62435579430422
 20
69.98238658583874
 10
21.28339954709728
 20
70.05752594462396
 10
19.94481261099168
 20
70.1344439668509
 10
18.60872240308063
 20
70.21317126045521
 10
17.27525976946455
 20
70.29373883103239
 10
15.94455898525075
 20
70.3761780818373
 10
14.72729368900698
 20
70.45341876730234
 10
13.51257338318828
 20
70.53228368956238
 10
12.30050908729254
 20
70.61279791772984
 10
11.0912142419256
 20
70.69498680169131
 10
9.884804708801255
 20
70.7788759721077
 10
8.681398770741254
 20
70.86449134041396
 10
7.481117131674694
 20
70.95185909881937
 10
6.284082916639221
 20
71.04100572030728
 10
5.090421671780035
 20
71.13195795863533
 10
3.900261364350456
 20
71.22474284833527
 10
2.71373238271147
 20
71.31938770471305
 10
1.530967536332497
 20
71.41592012384886
 10
0.4193583630770377
 20
71.50869030112565
 10
-0.6886690544285159
 20
71.6031868572765
 10
-1.792997483806914
 20
71.69943360865133
 10
-2.893507779316309
 20
71.79745459349174
 10
-3.99007888185011
 20
71.89727407193081
 10
-4.983439953011526
 20
71.98960032530212
 10
-5.973350122283023
 20
72.0834517202856
 10
-6.959714319576847
 20
72.17884696127632
 10
-7.942436167951541
 20
72.27580490422419
 10
-8.92141798361186
 20
72.37434455663417
 10
-9.896560775909052
 20
72.474485077566
 10
-10.86776424733981
 20
72.5762457776344
 10
-11.75448675819499
 20
72.67096632109306
 10
-12.63773455810653
 20
72.76707971970801
 10
-13.51742749845437
 20
72.86460118318526
 10
-14.39348450789271
 20
72.96354602823865
 10
-15.26582359234962
 20
73.06392967859007
 10
-16.13436183502702
 20
73.1657676649691
 10
-16.99901539640163
 20
73.26907562511339
 10
-17.85969951422354
 20
73.37386930376836
 10
-18.71632850351696
 20
73.48016455268737
 10
-19.56881575658022
 20
73.58797733063162
 10
-20.41707374298568
 20
73.69732370337022
 10
-21.26101400957941
 20
73.80821984368009
 10
-22.05269414929307
 20
73.91421314783265
 10
-22.84038081401104
 20
74.02161236777638
 10
-23.62399761006088
 20
74.13043132060977
 10
-24.40346741954761
 20
74.24068390686526
 10
-25.17871273164087
 20
74.35238403536572
 10
-25.87822491222005
 20
74.4549716320169
 10
-26.57414082131208
 20
74.55877164084937
 10
-27.26640420067159
 20
74.66379390880323
 10
-27.95495936984699
 20
74.77004809702943
 10
-28.63975122618052
 20
74.87754368088989
 10
-29.30859878701673
 20
74.98433703185074
 10
-29.97371252919157
 20
75.09234542634361
 10
-30.63504187708443
 20
75.20157731780839
 10
-31.29253679268976
 20
75.31204098681542
 10
-31.95944599021823
 20
75.42603717146875
 10
-32.62225909523571
 20
75.54133279345555
 10
-33.28092467434487
 20
75.65793609410086
 10
-33.93539187701262
 20
75.77585512731042
 10
-34.58561043556998
 20
75.89509775957052
 10
-35.23153066521198
 20
76.01567166994795
 10
-35.87310346399781
 20
76.13758435009015
 10
-36.43087525430403
 20
76.24536190148487
 10
-36.98524924880493
 20
76.35417481913598
 10
-37.53619365124268
 20
76.46402776873468
 10
-38.08367700702365
 20
76.57492530611044
 10
-38.62766820321858
 20
76.68687187723079
 10
-39.16813646856218
 20
76.79987181820147
 10
-39.70505137345356
 20
76.91392935526645
 10
-40.23838282995587
 20
77.02904860480783
 10
-40.79323514390299
 20
77.15079284024058
 10
-41.34408816015343
 20
77.27371118457908
 10
-41.8909084911283
 20
77.39780798273789
 10
-42.43366316078993
 20
77.52308744730084
 10
-42.97231960464114
 20
77.64955365852119
 10
-43.50684566972592
 20
77.77721056432159
 10
-43.96071028728022
 20
77.88733959484367
 10
-44.41151072344809
 20
77.99834471182534
 10
-44.8592275790628
 20
78.11022815478937
 10
-45.30384167516507
 20
78.22299209245108
 10
-45.74533405300286
 20
78.33663862271838
 10
-46.1758859078555
 20
78.44911680479846
 10
-46.60339091726615
 20
78.56245014926128
 10
-47.02783174037268
 20
78.6766404441741
 10
-47.44919124120776
 20
78.79168941172054
 10
-47.8759560548516
 20
78.90997317334009
 10
-48.29947709711234
 20
79.02915442652052
 10
-48.71973682107938
 20
79.14923478890832
 10
-49.13671790198168
 20
79.27021580672113
 10
-49.55040323718771
 20
79.39209895474788
 10
-49.9607759462055
 20
79.51488563634872
 10
-50.36781937068309
 20
79.63857718345513
 10
-50.77151707440692
 20
79.76317485656948
 10
-51.17185284330412
 20
79.88867984476572
 10
-51.56881068544084
 20
80.01509326568892
 10
-51.962374831023
 20
80.14241616555537
 10
-52.35252973239602
 20
80.2706495191526
 10
-52.7392600640448
 20
80.3997942298393
 10
-53.1225507225941
 20
80.52985112954565
 10
-53.54017987044085
 20
80.673968203067
 10
-53.95360951577129
 20
80.81919085639773
 10
-54.36282048734603
 20
80.96551989736079
 10
-54.76779393916019
 20
81.11295602920033
 10
-55.1685113504434
 20
81.26149985058154
 10
-55.56254450885461
 20
81.41023382546601
 10
-55.95233797330695
 20
81.56006286190959
 10
-56.33787451554701
 20
81.71098724058966
 10
-56.71913722467724
 20
81.86300714013821
 10
-57.09610950715586
 20
82.0161226371416
 10
-57.46215820328371
 20
82.16757033042376
 10
-57.824037511423
 20
82.32007469784207
 10
-58.18173260510855
 20
82.4736355245151
 10
-58.53522895316263
 20
82.62825250061206
 10
-58.89159658645468
 20
82.7871132050717
 10
-59.24356271772962
 20
82.94707265318002
 10
-59.59111285868397
 20
83.10813021001245
 10
-59.93423284115437
 20
83.27028513770354
 10
-60.27290881711866
 20
83.43353659544682
 10
-60.60712725869507
 20
83.59788363949498
 10
-60.93687495814288
 20
83.76332522315971
 10
-61.26213902786145
 20
83.92986019681159
 10
-61.58290690039132
 20
84.09748730788048
 10
-61.89916632841368
 20
84.26620520085524
 10
-62.21090538475033
 20
84.43601241728373
 10
-62.51811246236377
 20
84.60690739577292
 10
-62.82077627435729
 20
84.77888847198872
 10
-63.11888585397492
 20
84.95195387865638
 10
-63.38814310333493
 20
85.11154812681912
 10
-63.65355661845001
 20
85.27205042688517
 10
-63.91511866107146
 20
85.43345918964202
 10
-64.17282171899114
 20
85.59577275319384
 10
-64.42665850604163
 20
85.75898938296167
 10
-64.67662196209608
 20
85.92310727168329
 10
-64.91160392030247
 20
86.0806042705254
 10
-65.14304468555741
 20
86.23891904851546
 10
-65.37093869376696
 20
86.39804984846744
 10
-65.59528056849757
 20
86.55799485285314
 10
-65.81606512097625
 20
86.71875218380242
 10
-66.03328735009069
 20
86.88031990310289
 10
-66.24694244238918
 20
87.04269601220015
 10
-66.45702577208078
 20
87.20587845219775
 10
-66.67327729843191
 20
87.37769401487022
 10
-66.88559904395748
 20
87.55038969619854
 10
-67.09398635278177
 20
87.72396291583588
 10
-67.29843479506985
 20
87.8984110207522
 10
-67.49894016702746
 20
88.07373128523426
 10
-67.69549849090089
 20
88.24992091088552
 10
-67.88810601497761
 20
88.42697702662664
 10
-68.07675921358532
 20
88.60489668869467
 10
-68.26145478709242
 20
88.7836768806437
 10
-68.44218966190823
 20
88.96331451334463
 10
-68.61896099048278
 20
89.14380642498509
 10
-68.79176615130649
 20
89.32514938106955
 10
-68.95106189045742
 20
89.49690639928289
 10
-69.10682783225229
 20
89.66941420802759
 10
-69.25906233154166
 20
89.84266991866879
 10
-69.40776392181249
 20
90.01667058513107
 10
-69.5529313151884
 20
90.19141320389869
 10
-69.6892577234724
 20
90.36022765514672
 10
-69.82231100217223
 20
90.52972325221752
 10
-69.9520904726067
 20
90.69989716990769
 10
-70.07859560914062
 20
90.87074653380206
 10
-70.20182603918465
 20
91.0422684202737
 10
-70.32178154319507
 20
91.21445985648377
 10
-70.45895323838045
 20
91.41825521844848
 10
-70.5915760396328
 20
91.62297137048999
 10
-70.71965040629567
 20
91.82860318258908
 10
-70.84317709300001
 20
92.03514542977707
 10
-70.94962672105714
 20
92.22032315851428
 10
-71.0524527457361
 20
92.40621859022797
 10
-71.15165630092906
 20
92.59282781400074
 10
-71.24723870818866
 20
92.78014685857313
 10
-71.3392014767283
 20
92.96817169234352
 10
-71.42754630342188
 20
93.15689822336819
 10
-71.51227507280396
 20
93.34632229936147
 10
-71.59338985706972
 20
93.53643970769544
 10
-71.67089291607482
 20
93.72724617540008
 10
-71.74478669733566
 20
93.91873736916348
 10
-71.81507383602917
 20
94.11090889533136
 10
-71.88175715499273
 20
94.30375629990749
 10
-71.94483966472473
 20
94.49727506855369
 10
-72.00432456338376
 20
94.69146062658932
 10
-72.06021523678902
 20
94.88630833899194
 10
-72.11251525842073
 20
95.08181351039703
 10
-72.16345865986335
 20
95.28732843510737
 10
-72.21046997551758
 20
95.4935541658568
 10
-72.25355397676594
 20
95.70048509097218
 10
-72.29271566103165
 20
95.9081155260972
 10
-72.32796025177862
 20
96.11643971419245
 10
-72.35929319851152
 20
96.32545182553508
 10
-72.38555815028616
 20
96.52559969453395
 10
-72.40826927830909
 20
96.72636379676213
 10
-72.42743189862296
 20
96.92773887653551
 10
-72.44305151493086
 20
97.12971961782803
 10
-72.45513381859683
 20
97.33230064427136
 10
-72.46368468864517
 20
97.53547651915525
 10
-72.46871019176092
 20
97.7392417454272
 10
-72.47021658228965
 20
97.94359076569275
 10
-72.4680272595669
 20
98.15829072535122
 10
-72.46199039035719
 20
98.37361870606699
 10
-72.45211382841615
 20
98.58956810503273
 10
-72.43840565354031
 20
98.80613224675774
 10
-72.42087417156682
 20
99.02330438306832
 10
-72.39952791437327
 20
99.24107769310748
 10
-72.37437563987834
 20
99.45944528333527
 10
-72.3454263320412
 20
99.67840018752835
 10
-72.31268920086171
 20
99.8979353667802
 10
-72.27617368238054
 20
100.1180437095012
 10
-72.23588943867895
 20
100.3387180314185
 10
-72.19184635787889
 20
100.559951075576
 10
-72.1468863210086
 20
100.7690473909132
 10
-72.09860240564018
 20
100.9786276808742
 10
-72.04700345195641
 20
101.1886856852749
 10
-71.99209847877671
 20
101.399215086491
 10
-71.93389668355684
 20
101.6102095094576
 10
-71.8675029051131
 20
101.8380762217856
 10
-71.79730410812584
 20
102.0664672691203
 10
-71.72331249601609
 20
102.2953744516594
 10
-71.64554051302525
 20
102.5247894921646
 10
-71.56400084421534
 20
102.7547040359618
 10
-71.47870641546905
 20
102.9851096509416
 10
-71.38967039348961
 20
103.2159978275587
 10
-71.2969061858011
 20
103.4473599788322
 10
-71.1957407974175
 20
103.6902383011385
 10
-71.0905146612742
 20
103.9336172501602
 10
-70.98124404335204
 20
104.1774866794042
 10
-70.867945499705
 20
104.4218363491048
 10
-70.75063587645957
 20
104.6666559262238
 10
-70.62933230981565
 20
104.91193498445
 10
-70.50405222604559
 20
105.1576630041998
 10
-70.37481334149504
 20
105.4038293726166
 10
-70.24163366258244
 20
105.6504233835714
 10
-70.10453148579899
 20
105.8974342376625
 10
-69.96352539770908
 20
106.1448510422153
 10
-69.81863427494966
 20
106.3926628112828
 10
-69.6784814873431
 20
106.6266657099106
 10
-69.5349083209847
 20
106.8610005131636
 10
-69.38793130646934
 20
107.0956577849954
 10
-69.23756720363167
 20
107.3306280156474
 10
-69.0838330015469
 20
107.565901621649
 10
-68.91711811305765
 20
107.8157549788875
 10
-68.74665244533111
 20
108.0659271222805
 10
-68.57245711270986
 20
108.3164063463489
 10
-68.39455351960936
 20
108.5671808523405
 10
-68.21296336051813
 20
108.8182387482308
 10
-68.02770861999738
 20
109.0695680487225
 10
-67.84970341662819
 20
109.3067734082964
 10
-67.6684791808218
 20
109.5441991042163
 10
-67.48405504817521
 20
109.7818348627997
 10
-67.29645038352533
 20
110.0196703366519
 10
-67.10568478094979
 20
110.2576951046664
 10
-66.88906849164374
 20
110.5235583994659
 10
-66.66856748282385
 20
110.7896297093345
 10
-66.4442100056462
 20
111.0558942216299
 10
-66.21602466694628
 20
111.3223370093413
 10
-65.9840404292392
 20
111.5889430310901
 10
-65.74828661071922
 20
111.8556971311286
 10
-65.5087928852601
 20
112.122584039341
 10
-65.2655892824153
 20
112.3895883712431
 10
-65.03106194465119
 20
112.6434180888454
 10
-64.79323811792534
 20
112.8973264563805
 10
-64.55214446644482
 20
113.1512999838151
 10
-64.3078079444897
 20
113.4053250878435
 10
-64.06025579641306
 20
113.6593880918871
 10
-63.80951555664058
 20
113.913475226095
 10
-63.50994526367111
 20
114.2129471786381
 10
-63.20603134385624
 20
114.5124105269577
 10
-62.89782042483591
 20
114.8118422298363
 10
-62.58535969391858
 20
115.1112190660956
 10
-62.26219097654791
 20
115.4166247886473
 10
-61.93469823461237
 20
115.7219239729287
 10
-61.60293296497764
 20
116.0270915721321
 10
-61.26694643214898
 20
116.3321027340063
 10
-60.92678962304808
 20
116.6369328218567
 10
-60.58251324701297
 20
116.9415574145447
 10
-60.23416773579811
 20
117.2459523064883
 10
-59.88180324357415
 20
117.5500935076619
 10
-59.52546964692817
 20
117.8539572435962
 10
-59.16521654486371
 20
118.1575199553781
 10
-58.80109325880039
 20
118.4607582996514
 10
-58.43314883257432
 20
118.7636491486158
 10
-58.06143203243795
 20
119.0661695900275
 10
-57.68599134706
 20
119.3682969271993
 10
-57.26876303733803
 20
119.7001561378928
 10
-56.84715093702613
 20
120.0314828737174
 10
-56.42121842073146
 20
120.3622478291346
 10
-55.99102845665067
 20
120.6924220142021
 10
-55.55664360657022
 20
121.0219767545738
 10
-55.15903350984314
 20
121.3203587299749
 10
-54.75806892985321
 20
121.618186717855
 10
-54.35379569543215
 20
121.9154399893249
 10
-53.94625936024295
 20
122.2120980291763
 10
-53.53550520277929
 20
122.5081405358826
 10
-53.12899734283059
 20
122.7982779879478
 10
-52.71947134480268
 20
123.0877834862957
 10
-52.30696932952702
 20
123.3766383995652
 10
-51.89153316180091
 20
123.6648242952177
 10
-51.39319826592288
 20
124.0070051700822
 10
-50.89083367591218
 20
124.3481816628749
 10
-50.38450860598283
 20
124.6883237767252
 10
-49.87429175609066
 20
125.0274019141073
 10
-49.36025131193395
 20
125.3653868768402
 10
-48.84245494495235
 20
125.702249866088
 10
-48.32096981232831
 20
126.0379624823587
 10
-47.7958625569857
 20
126.3724967255063
 10
-47.26719930759043
 20
126.7058249947289
 10
-46.7350456785507
 20
127.0379200885695
 10
-46.19946677001639
 20
127.3687552049161
 10
-45.66052716787931
 20
127.6983039410016
 10
-45.14936356662753
 20
128.0078197329499
 10
-44.63532262483847
 20
128.3161473688934
 10
-44.11845722098667
 20
128.6232656940196
 10
-43.59881982713699
 20
128.9291538691118
 10
-43.07646250894379
 20
129.2337913705495
 10
-42.51953256996455
 20
129.5555025596764
 10
-41.95966226728217
 20
129.8757604350345
 10
-41.39691221965541
 20
130.1945416745163
 10
-40.83134253158528
 20
130.5118233553594
 10
-40.26301279331454
 20
130.8275829541462
 10
-39.69198208082781
 20
131.1417983468037
 10
-39.0155937102725
 20
131.5101116514919
 10
-38.33562987742852
 20
131.8762149954534
 10
-37.6521845427898
 20
132.240074296374
 10
-36.96535067463765
 20
132.6016562424382
 10
-36.26110226952048
 20
132.9682360994699
 10
-35.55351803504516
 20
133.3323770719672
 10
-34.84269355348408
 20
133.6940462476931
 10
-34.12872333138651
 20
134.0532115497583
 10
-33.41170079957911
 20
134.4098417366219
 10
-32.69171831316555
 20
134.7639064020905
 10
-31.96886715152692
 20
135.1153759753186
 10
-31.23583093866282
 20
135.467762102874
 10
-30.50005122498396
 20
135.8174419123934
 10
-29.76161876444925
 20
136.1643875165842
 10
-29.02062319078314
 20
136.5085718980668
 10
-28.2771530174756
 20
136.8499689093749
 10
-27.53129563778225
 20
137.1885532729555
 10
-26.78313732472427
 20
137.5243005811683
 10
-26.03276323108869
 20
137.8571872962867
 10
-25.24437202117292
 20
138.2028329079938
 10
-24.45373649497446
 20
138.5452890935562
 10
-23.66095060240013
 20
138.8845318620898
 10
-22.86610694401332
 20
139.2205382705371
 10
-22.06929677103412
 20
139.5532864236673
 10
-21.27060998533943
 20
139.8827554740763
 10
-20.47013513946285
 20
140.2089256221868
 10
-19.6679594365944
 20
140.531778116248
 10
-18.86416873058118
 20
140.8512952523358
 10
-18.05884752592672
 20
141.1674603743527
 10
-17.25207897779131
 20
141.4802578740283
 10
-16.44394489199183
 20
141.7896731909183
 10
-15.68081148101433
 20
142.0782976750608
 10
-14.91660200857115
 20
142.363892973831
 10
-14.15138174668553
 20
142.6464494424691
 10
-13.38521490101536
 20
142.925958264297
 10
-12.61816461085309
 20
143.2024114507178
 10
-11.80373022641132
 20
143.4922723747385
 10
-10.98844462669598
 20
143.7786804895647
 10
-10.17237920830428
 20
144.0616293179866
 10
-9.35560401849014
 20
144.3411134306212
 10
-8.538187755164103
 20
144.6171284459123
 10
-7.720197766893278
 20
144.88967103013
 10
-6.948483894245982
 20
145.1434572217233
 10
-6.176372895492563
 20
145.394153389394
 10
-5.403917924867784
 20
145.6417592983987
 10
-4.631171070240811
 20
145.8862755420749
 10
-3.858183353115578
 20
146.1277035418417
 10
-2.995250660060606
 20
146.3935104904586
 10
-2.132148021596038
 20
146.6554778431755
 10
-1.268941662125911
 20
146.9136112300603
 10
-0.4056961515265414
 20
147.1679175659973
 10
0.4575255948532515
 20
147.4184050506867
 10
1.320662316192255
 20
147.6650831686453
 10
2.183654406196723
 20
147.9079626892054
 10
3.046443913100262
 20
148.1470556665161
 10
3.866116339845576
 20
148.3707696394968
 10
4.68550803651712
 20
148.5910886361098
 10
5.504573423035112
 20
148.8080262268492
 10
6.323268268663099
 20
149.0215970300364
 10
7.141549692007743
 20
149.2318167118193
 10
7.959376161019293
 20
149.4387019861724
 10
8.922604424795509
 20
149.6782745674017
 10
9.885081613054837
 20
149.913271219377
 10
10.84674695345458
 20
150.1437249096504
 10
11.8075422770826
 20
150.3696706274571
 10
12.66461472410737
 20
150.5676286378395
 10
13.52091147093932
 20
150.7620501033566
 10
14.37639637549361
 20
150.9529640143705
 10
15.231034950213
 20
151.1404006460593
 10
16.0847943620677
 20
151.3243915584173
 10
16.93764343255557
 20
151.5049695962551
 10
17.78955263770206
 20
151.6821688891992
 10
18.64049410805961
 20
151.8560248516925
 10
19.6117801115706
 20
152.0506706428644
 10
20.58173146501585
 20
152.2410544478666
 10
21.5503145057794
 20
152.4272352947894
 10
22.51749839379619
 20
152.6092744035631
 10
23.4832551115523
 20
152.7872351859575
 10
24.44755946408452
 20
152.9611832455822
 10
25.4103890789811
 20
153.1311863778864
 10
26.2916706294115
 20
153.2836168084879
 10
27.17168355682145
 20
153.4328467145396
 10
28.05041687924523
 20
153.5789331695896
 10
28.92786160762671
 20
153.7219347947713
 10
29.80401074581903
 20
153.8619117588029
 10
30.67885929058443
 20
153.9989257779882
  0
LINE
  5
89
330
1F
100
AcDbEntity
  8
Geometries
  6
Continuous
370
    13
100
AcDbLine
 10
225.6802743000765
 20
230.6523769832985
 30
0.0
 11
225.6802743000765
 21
250.559337224407
 31
0.0
  0
CIRCLE
  5
8A
330
1F
100
AcDbEntity
  8
Geometries
  6
Continuous
370
    13
100
AcDbCircle
 10
220.1203579468507
 20
106.7925620826295
 30
0.0
 40
8.1
  0
LINE
  5
8B
330
1F
100
AcDbEntity
  8
Geometries
  6
Continuous
370
    13
100
AcDbLine
 10
242.0802743000765
 20
250.559337224407
 30
0.0
 11
242.0802743000765
 21
230.8475815235741
 31
0.0
  0
LWPOLYLINE
  5
8C
330
1F
100
AcDbEntity
  8
Geometries
  6
Continuous
370
    13
100
AcDbPolyline
 90
       37
 70
   128
 43
0.0
 10
356.6973699121588
 20
182.14709158637
 10
356.820071446857
 20
182.1836117965869
 10
356.9383080677054
 20
182.2209555406016
 10
357.0521269998851
 20
182.2591947056773
 10
357.1615754685776
 20
182.298401179077
 10
357.2667006989641
 20
182.3386468480639
 10
357.3675499162256
 20
182.380003599901
 10
357.4587622726298
 20
182.420079358681
 10
357.5462549060923
 20
182.4612670082702
 10
357.630067399851
 20
182.5036268031891
 10
357.7102393371446
 20
182.5472189979587
 10
357.7868103012111
 20
182.5921038470995
 10
357.8598198752888
 20
182.638341605132
 10
357.9293076426159
 20
182.6859925265773
 10
357.9953131864306
 20
182.7351168659556
 10
358.0578760899713
 20
182.7857748777879
 10
358.117035936476
 20
182.8380268165948
 10
358.1718652107918
 20
182.8909554727607
 10
358.2234875631866
 20
182.9455368438909
 10
358.2719404940094
 20
183.0018280138837
 10
358.317261503609
 20
183.0598860666373
 10
358.3602274394303
 20
183.1208740884921
 10
358.4000249902708
 20
183.1838132605511
 10
358.436693739369
 20
183.2487638373351
 10
358.4702732699631
 20
183.3157860733648
 10
358.5008031652912
 20
183.3849402231607
 10
358.5278577490229
 20
183.4549929273267
 10
358.5520463230959
 20
183.5272172909866
 10
358.5734063878589
 20
183.6016703980387
 10
358.5919754436609
 20
183.6784093323814
 10
358.6080853496513
 20
183.7591298885822
 10
358.6213680555687
 20
183.8423506114474
 10
358.6318634048763
 20
183.9281321516182
 10
358.6396112410372
 20
184.0165351597358
 10
358.6446514075145
 20
184.1076202864413
 10
358.647023747772
 20
184.201448182376
 10
358.6467681052724
 20
184.298079498181
  0
LINE
  5
8D
330
1F
100
AcDbEntity
  8
Geometries
  6
Continuous
370
    13
100
AcDbLine
 10
225.6802743000765
 20
250.559337224407
 30
0.0
 11
242.0802743000765
 21
250.559337224407
 31
0.0
  0
LWPOLYLINE
  5
8E
330
1F
100
AcDbEntity
  8
Geometries
  6
Continuous
370
    13
100
AcDbPolyline
 90
      120
 70
   128
 43
0.0
 10
51.66773598283012
 20
241.0094784262346
 10
51.6383718791341
 20
240.8943961369382
 10
51.61226421421836
 20
240.7784343389192
 10
51.58581537611988
 20
240.64064290094
 10
51.56424080327335
 20
240.5019120391739
 10
51.54772607320822
 20
240.3624983477627
 10
51.53645676345357
 20
240.2226584208476
 10
51.53053758775752
 20
240.0791048680717
 10
51.53044702365088
 20
239.9353069222827
 10
51.5363169347842
 20
239.7916394579203
 10
51.54827918480817
 20
239.6484773494245
 10
51.56585450533311
 20
239.5099828298495
 10
51.58932784488826
 20
239.3723662513594
 10
51.618982262061
 20
239.2348792998164
 10
51.65456801596977
 20
239.0988054283034
 10
51.69704899081427
 20
238.9609644286446
 10
51.74538094277378
 20
238.8249314441752
 10
51.79927116166985
 20
238.6909889371852
 10
51.858426937324
 20
238.5594193699644
 10
51.93326577151555
 20
238.410017927255
 10
52.0144806372692
 20
238.2639796537285
 10
52.102315380991
 20
238.1204350589038
 10
52.19581771592334
 20
237.9805114561186
 10
52.29678141033315
 20
237.841400120155
 10
52.40293951247551
 20
237.7060672854207
 10
52.51385429539914
 20
237.5745791450223
 10
52.62908803215248
 20
237.4470018920658
 10
52.74350311600898
 20
237.3280446622562
 10
52.86129925507896
 20
237.2123822112509
 10
52.98213085263711
 20
237.0999341956266
 10
53.10650261535557
 20
236.9898981132562
 10
53.23347595206266
 20
236.8828352677919
 10
53.36280315600115
 20
236.7786586088839
 10
53.52330178195112
 20
236.6554258265256
 10
53.68678718079792
 20
236.5360610576677
 10
53.85298313897954
 20
236.4204290812979
 10
54.0216134429333
 20
236.3083946764034
 10
54.19240187909693
 20
236.1998226219717
 10
54.4179298560845
 20
236.063267816123
 10
54.64661140338887
 20
235.931984269119
 10
54.87807064807902
 20
235.8057214037602
 10
55.11294297292105
 20
235.6836811018364
 10
55.35007922805906
 20
235.5660431948378
 10
55.58920499001073
 20
235.4525456734509
 10
55.8774389622109
 20
235.3218790706364
 10
56.16801433145721
 20
235.1963530667593
 10
56.46068309676681
 20
235.0756949403398
 10
56.75519725715614
 20
234.9596319698981
 10
57.05130881164209
 20
234.8478914339543
 10
57.42335239158729
 20
234.7139774005097
 10
57.79755143152741
 20
234.5860637508114
 10
58.17364692047548
 20
234.4638015837272
 10
58.55137984744462
 20
234.3468419981249
 10
58.96241378169651
 20
234.2256346624328
 10
59.3750402094436
 20
234.1098373960599
 10
59.78907486683437
 20
233.9991512043097
 10
60.20433349001729
 20
233.8932770924855
 10
60.71446451091177
 20
233.7697396493378
 10
61.22617345690949
 20
233.6526314963947
 10
61.73929349336518
 20
233.5416570978271
 10
62.25365778563355
 20
233.4365209178061
 10
62.7690994990692
 20
233.3369274205028
 10
63.28545179902676
 20
233.2425810700879
 10
63.90603105743395
 20
233.1359370986513
 10
64.52781278290723
 20
233.0362061476502
 10
65.1506627767294
 20
232.9432231562881
 10
65.7744468401826
 20
232.8568230637683
 10
66.39903077454943
 20
232.7768408092942
 10
66.91994426589753
 20
232.7150815034614
 10
67.44138513058454
 20
232.6578561052055
 10
67.96329964079021
 20
232.6052280909642
 10
68.48609553975052
 20
232.5572662035226
 10
69.00937370780727
 20
232.5147558072647
 10
69.5331130038924
 20
232.478715557987
 10
70.34419156089504
 20
232.4303060548845
 10
71.15536295175949
 20
232.3834425337175
 10
72.7777154698189
 20
232.2898248901267
 10
75.91977081949489
 20
232.1124209945511
 10
79.06211147974616
 20
231.9400716073861
 10
82.20472187233034
 20
231.7727087846116
 10
85.34758641900495
 20
231.6102645822075
 10
88.49070262813206
 20
231.4527337979382
 10
91.63407441811636
 20
231.3002976684745
 10
94.77769838821857
 20
231.1531677777042
 10
97.92157113769943
 20
231.0115557095146
 10
100.5859518571244
 20
230.8960437987288
 10
103.2505257145907
 20
230.7849136260866
 10
105.9152910575046
 20
230.6784522029664
 10
108.5802462332717
 20
230.5769465407465
 10
111.2453895892976
 20
230.4806836508053
 10
113.3733401672092
 20
230.407798824779
 10
115.5014208167939
 20
230.3387010559401
 10
117.6296286068257
 20
230.2736687001978
 10
119.7579606060785
 20
230.212980113461
 10
121.8864346837297
 20
230.1569035206221
 10
124.0150416677026
 20
230.1058398376611
 10
126.1437710047912
 20
230.0602655529257
 10
128.2726121417899
 20
230.0206571547635
 10
129.6923946548188
 20
229.9977548792239
 10
131.1122253381844
 20
229.9779632228535
 10
132.5320982482003
 20
229.9616962992671
 10
133.9520864953604
 20
229.9494107760925
 10
135.3721045381559
 20
229.9407596183336
 10
136.7921361542482
 20
229.9349490818003
 10
139.3471719446393
 20
229.9294526444272
 10
141.9022176364471
 20
229.9291044800051
 10
144.4572655766211
 20
229.9329904902993
 10
147.0123081121103
 20
229.9401965770746
 10
149.5673375898641
 20
229.9498086420965
 10
153.8258247360261
 20
229.9699299093595
 10
158.0842892661205
 20
229.994645369845
 10
162.3427303522919
 20
230.0230359000435
 10
168.7301014565913
 20
230.0708775532381
 10
175.117432322612
 20
230.1240386936639
 10
181.5047260525778
 20
230.1816159012385
 10
187.8919857487131
 20
230.2427057558789
 10
196.4314117620939
 20
230.328751621548
 10
204.9707933513099
 20
230.4191632189676
 10
213.5101353838706
 20
230.5132110307781
 10
225.6802743340935
 20
230.6523741480817
  0
LINE
  5
8F
330
1F
100
AcDbEntity
  8
Geometries
  6
Continuous
370
    13
100
AcDbLine
 10
173.5674308819552
 20
174.1194976080632
 30
0.0
 11
173.5674308819551
 21
194.1430962697534
 31
0.0
  0
LINE
  5
90
330
1F
100
AcDbEntity
  8
Geometries
  6
Continuous
370
    13
100
AcDbLine
 10
246.8555751843233
 20
89.71209072297361
 30
0.0
 11
246.8555751843233
 21
110.1120907229736
 31
0.0
  0
LINE
  5
91
330
1F
100
AcDbEntity
  8
Geometries
  6
Continuous
370
    13
100
AcDbLine
 10
230.4555751843233
 20
110.1120907229736
 30
0.0
 11
230.4555751843233
 21
89.71209072297361
 31
0.0
  0
LINE
  5
92
330
1F
100
AcDbEntity
  8
Geometries
  6
Continuous
370
    13
100
AcDbLine
 10
246.8555751843233
 20
110.1120907229736
 30
0.0
 11
230.4555751843233
 21
110.1120907229736
 31
0.0
  0
CIRCLE
  5
93
330
1F
100
AcDbEntity
  8
Geometries
  6
Continuous
370
    13
100
AcDbCircle
 10
110.1203579468507
 20
242.0400798130225
 30
0.0
 40
8.1
  0
LWPOLYLINE
  5
94
330
1F
100
AcDbEntity
  8
Geometries
  6
Continuous
370
    13
100
AcDbPolyline
 90
      228
 70
   128
 43
0.0
 10
173.5674308819552
 20
174.1194976080632
 10
174.6796372236158
 20
174.1322209310565
 10
175.7888490261032
 20
174.1449181542283
 10
176.8949772191042
 20
174.1575876796541
 10
177.9979327323051
 20
174.1702279094095
 10
179.0976264953928
 20
174.1828372455701
 10
180.1939694380538
 20
174.1954140902117
 10
181.2245151073787
 20
174.2072410627465
 10
182.2519281270149
 20
174.2190363911122
 10
183.2761338399394
 20
174.2307987359594
 10
184.2970575891297
 20
174.2425267579384
 10
185.3146247175629
 20
174.2542191176998
 10
186.328760568216
 20
174.2658744758941
 10
187.3393904840667
 20
174.2774914931719
 10
188.3464398080918
 20
174.2890688301837
 10
189.3498338832687
 20
174.3006051475799
 10
190.3494980525745
 20
174.3120991060111
 10
191.0019755744709
 20
174.3196012305101
 10
191.6506115058063
 20
174.3272366556295
 10
192.3011252797298
 20
174.3352457755072
 10
192.9534917962391
 20
174.3436260953283
 10
193.607685955332
 20
174.3523751202778
 10
194.2636826570063
 20
174.3614903555408
 10
195.2689903320752
 20
174.3761129003784
 10
196.2783545844206
 20
174.3915749464865
 10
197.2916859963309
 20
174.4078676061909
 10
198.3088951500945
 20
174.4249819918173
 10
199.3298926279999
 20
174.4429092156917
 10
200.3362589444912
 20
174.4612989064267
 10
201.3461085306025
 20
174.4804556715764
 10
202.3593566738261
 20
174.5003710911401
 10
203.3759186616545
 20
174.5210367451176
 10
204.590314811058
 20
174.5466052354327
 10
205.809144469353
 20
174.5732108439498
 10
207.0322647110528
 20
174.6008393645888
 10
208.2595326106708
 20
174.6294765912697
 10
209.4908052427204
 20
174.6591083179126
 10
210.7259396817149
 20
174.6897203384376
 10
212.0775954990712
 20
174.7242165980965
 10
213.4334915365544
 20
174.7598441387264
 10
214.7934422380108
 20
174.7965845169716
 10
216.1572620472862
 20
174.8344192894766
 10
217.5247654082268
 20
174.873330012886
 10
218.8957667646787
 20
174.9132982438442
 10
220.2700805604881
 20
174.9543055389957
 10
221.785430142066
 20
175.0005916706608
 10
223.3043162770791
 20
175.0480882054334
 10
224.8264919902863
 20
175.0967705952073
 10
226.3517103064469
 20
175.1466142918763
 10
227.8797242503201
 20
175.1975947473344
 10
229.8323873630086
 20
175.2642316272595
 10
231.7886844319775
 20
175.3326270506998
 10
233.7481029438212
 20
175.4027300763807
 10
235.7101303851341
 20
175.474489763028
 10
237.6742542425104
 20
175.5478551693672
 10
239.6399620025441
 20
175.6227753541241
 10
241.6067411518299
 20
175.6991993760241
 10
244.0605751956743
 20
175.7965512956589
 10
246.5142842116556
 20
175.8960646249288
 10
248.9668737347612
 20
175.9976405189752
 10
251.4173492999784
 20
176.1011801329398
 10
253.3405921365174
 20
176.183845906761
 10
255.2614336241768
 20
176.2676150099715
 10
257.1793913894392
 20
176.3524394970516
 10
259.0939830587873
 20
176.438271422481
 10
260.6229086502037
 20
176.5076300990469
 10
262.1491242459428
 20
176.5775783029175
 10
263.6723828707637
 20
176.6480914859867
 10
265.1924375494257
 20
176.7191451001484
 10
266.7090413066874
 20
176.7907145972961
 10
268.1949648495199
 20
176.8614844624003
 10
269.6770874049898
 20
176.9327050150129
 10
271.1551749938143
 20
177.0043529987613
 10
272.6289936367108
 20
177.0764051572727
 10
273.8759844721014
 20
177.1378399615404
 10
275.1195906066473
 20
177.1995347929861
 10
276.3596691148616
 20
177.2614754455296
 10
277.5960770712578
 20
177.3236477130912
 10
278.8286715503492
 20
177.3860373895908
 10
280.0573096266494
 20
177.4486302689484
 10
281.2119876562989
 20
177.5078197658033
 10
282.3629016693761
 20
177.5671653696739
 10
283.5099318684886
 20
177.6266551732974
 10
284.6529584562435
 20
177.6862772694108
 10
285.7918616352483
 20
177.7460197507513
 10
286.7377113637203
 20
177.7958885223036
 10
287.6805450940652
 20
177.8458257349984
 10
288.6202934990876
 20
177.8958244980585
 10
289.5568872515926
 20
177.9458779207068
 10
290.4902570243856
 20
177.9959791121661
 10
291.4203334902717
 20
178.0461211816595
 10
292.2941840406858
 20
178.0934292398086
 10
293.1649871692878
 20
178.1407617362186
 10
294.0326847673571
 20
178.1881128951728
 10
294.8972187261727
 20
178.2354769409542
 10
295.7585309370141
 20
178.2828480978461
 10
296.5840903486462
 20
178.3284244425044
 10
297.4065621623492
 20
178.3739968798798
 10
298.2258946317628
 20
178.4195602666423
 10
299.0420360105258
 20
178.4651094594618
 10
299.8549345522777
 20
178.5106393150085
 10
300.6645385106575
 20
178.5561446899522
 10
301.4248153236063
 20
178.599022714383
 10
302.1820739449111
 20
178.6418700927019
 10
302.9362710017681
 20
178.6846825138686
 10
303.6873631213733
 20
178.7274556668429
 10
304.4353069309232
 20
178.7701852405846
 10
305.1800590576133
 20
178.8128669240535
 10
305.9215761286401
 20
178.8554964062094
 10
306.6598147711995
 20
178.898069376012
 10
307.3947316124877
 20
178.9405815224211
 10
308.1262832797009
 20
178.9830285343966
 10
308.8414539856117
 20
179.0246499925935
 10
309.5532957010457
 20
179.0662003791762
 10
310.2617673354973
 20
179.1076756099535
 10
310.9668277984608
 20
179.1490716007344
 10
311.6811603014872
 20
179.1911346100231
 10
312.3918704916725
 20
179.2331069265683
 10
313.0989149962127
 20
179.2749842393297
 10
313.8022504423039
 20
179.3167622372671
 10
314.5018334571424
 20
179.3584366093404
 10
315.1852294335094
 20
179.3992617582291
 10
315.8649228693479
 20
179.439978706493
 10
316.5408726741522
 20
179.4805833699409
 10
317.2130377574164
 20
179.5210716643818
 10
317.8949764818453
 20
179.5622620562809
 10
318.5728879872688
 20
179.6033226889752
 10
319.2467286157442
 20
179.6442492230832
 10
319.9164547093301
 20
179.6850373192233
 10
320.5820226100843
 20
179.725682638014
 10
321.2433886600649
 20
179.7661808400739
 10
321.9005092013301
 20
179.8065275860214
 10
322.5519209171042
 20
179.846631019862
 10
323.1990187893628
 20
179.8865750262618
 10
323.8417594453016
 20
179.9263552941804
 10
324.4800995121171
 20
179.9659675125777
 10
325.1139956170049
 20
180.0054073704135
 10
325.7322045461681
 20
180.0439710025563
 10
326.3460438811387
 20
180.0823601322696
 10
326.955472531411
 20
180.1205706753624
 10
327.5604494064793
 20
180.1585985476432
 10
328.0968119845989
 20
180.192394315554
 10
328.6295636302717
 20
180.2260382964732
 10
329.1586750960874
 20
180.2595275833543
 10
329.6841171346357
 20
180.2928592691505
 10
330.2058604985062
 20
180.3260304468154
 10
330.7238759402885
 20
180.3590382093024
 10
331.2381342125724
 20
180.3918796495646
 10
331.7486060679473
 20
180.4245518605558
 10
332.2552622590032
 20
180.4570519352291
 10
332.7580735383297
 20
180.4893769665381
 10
333.2570106585163
 20
180.5215240474361
 10
333.7520443721527
 20
180.5534902708764
 10
334.2431454318289
 20
180.5852727298126
 10
334.7302845901341
 20
180.616868517198
 10
335.2134325996582
 20
180.648274725986
 10
335.6925602129908
 20
180.67948844913
 10
336.1901594337353
 20
180.7119789197059
 10
336.6832805199377
 20
180.7442516032675
 10
337.1718898438662
 20
180.7763031573861
 10
337.6559537777889
 20
180.8081302396329
 10
338.1354386939738
 20
180.8397295075794
 10
338.6103109646887
 20
180.8710976187967
 10
339.0370531209425
 20
180.8993491192533
 10
339.459947019613
 20
180.9274051686924
 10
339.8789675606985
 20
180.955263272299
 10
340.2940896441962
 20
180.9829209352584
 10
340.7052881701042
 20
181.0103756627554
 10
341.1125380384202
 20
181.0376249599752
 10
341.4928772860177
 20
181.0631267556105
 10
341.8696629058721
 20
181.0884416189764
 10
342.2428738596444
 20
181.1135674589669
 10
342.6124891089958
 20
181.1385021844762
 10
342.9784876155872
 20
181.1632437043984
 10
343.3408483410798
 20
181.1877899276277
 10
343.6995502471345
 20
181.2121387630582
 10
344.0545722954125
 20
181.2362881195839
 10
344.405893447575
 20
181.260235906099
 10
344.7534926652829
 20
181.2839800314977
 10
345.0912415646284
 20
181.3070998929657
 10
345.4253600439391
 20
181.3300193038244
 10
345.7558281719235
 20
181.352736283003
 10
346.0826260172906
 20
181.3752488494305
 10
346.4115740514956
 20
181.3979586660527
 10
346.736675423951
 20
181.4204524242878
 10
347.0579090963178
 20
181.4427280330301
 10
347.3752540302573
 20
181.4647834011735
 10
347.6886891874306
 20
181.4866164376122
 10
347.9927012579801
 20
181.507841163249
 10
348.2929017149383
 20
181.5288474285413
 10
348.5892706270139
 20
181.5496332524183
 10
348.8817880629158
 20
181.5701966538093
 10
349.1762843764958
 20
181.590948382776
 10
349.4667284769175
 20
181.6114643505414
 10
349.7530991875333
 20
181.6317424522522
 10
350.0353753316956
 20
181.6517805830554
 10
350.313535732757
 20
181.671576638098
 10
350.5875592140701
 20
181.6911285125269
 10
350.8574245989874
 20
181.7104341014889
 10
351.1225355966822
 20
181.7294499926946
 10
351.3834644999278
 20
181.748216485177
 10
351.6401902703851
 20
181.7667314878306
 10
351.8926918697156
 20
181.7849929095492
 10
352.1409482595802
 20
181.8029986592272
 10
352.3806189680039
 20
181.8204319899025
 10
352.6161545029139
 20
181.8376146999921
 10
352.8475349330192
 20
181.8545448084251
 10
353.0747403270283
 20
181.8712203341308
 10
353.3022581677032
 20
181.8879716915748
 10
353.5253868940096
 20
181.9044538015187
 10
353.7441053292999
 20
181.9206645591095
 10
353.9583922969265
 20
181.9366018594939
 10
354.1682266202421
 20
181.9522635978191
 10
354.3735871225989
 20
181.9676476692318
 10
354.5744526273497
 20
181.982751968879
 10
354.7708019578469
 20
181.9975743919078
 10
354.9626139374428
 20
182.0121128334649
 10
355.1498673894903
 20
182.0263651886974
 10
355.3325411373415
 20
182.0403293527522
 10
355.5106140043492
 20
182.0540032207762
 10
355.6840648138656
 20
182.0673846879164
 10
355.8528723892435
 20
182.0804716493197
 10
356.0035156281174
 20
182.0922075178046
 10
356.1502231548502
 20
182.1036925297294
 10
356.2929786580318
 20
182.1149250638211
 10
356.4317658262507
 20
182.125903498807
 10
356.5665683480968
 20
182.1366262134142
 10
356.6973699121588
 20
182.14709158637
  0
LWPOLYLINE
  5
95
330
1F
100
AcDbEntity
  8
Geometries
  6
Continuous
370
    13
100
AcDbPolyline
 90
       76
 70
   128
 43
0.0
 10
358.6467681052724
 20
184.298079498181
 10
358.6467618268023
 20
184.3674736615038
 10
358.6467554645477
 20
184.4336267495144
 10
358.6467490205247
 20
184.4966168285414
 10
358.6467424967495
 20
184.5565219649133
 10
358.6467358952376
 20
184.6134202249588
 10
358.6467293378943
 20
184.6664511656427
 10
358.6467227094208
 20
184.7167309211943
 10
358.6467160117272
 20
184.7643334500537
 10
358.6467092467234
 20
184.809332710661
 10
358.6467011080333
 20
184.8596115286815
 10
358.6466928798782
 20
184.9064305053615
 10
358.6466845654809
 20
184.9499144221098
 10
358.6466761680635
 20
184.9901880603353
 10
358.6466676908487
 20
185.0273762014468
 10
358.6466591370591
 20
185.0616036268532
 10
358.6466481447532
 20
185.1010806530474
 10
358.6466370402719
 20
185.1362211847585
 10
358.6466258302586
 20
185.1672824723138
 10
358.6466145213573
 20
185.1945217660409
 10
358.6466031202106
 20
185.2181963162673
 10
358.6465916334629
 20
185.2385633733202
 10
358.6465779946516
 20
185.258671158197
 10
358.6465642570412
 20
185.2749631996409
 10
358.6465504315076
 20
185.2878606349066
 10
358.6465365289268
 20
185.2977846012491
 10
358.6465224187757
 20
185.3052191156348
 10
358.6465082523182
 20
185.310483504011
 10
358.6464940407635
 20
185.3140117947077
 10
358.6464700947809
 20
185.3172295770636
 10
358.646459541942
 20
185.3180114469909
 10
358.6464548972527
 20
185.3183014685113
 10
358.6464528534618
 20
185.3184244782315
 10
358.6464519541822
 20
185.3184782107403
 10
358.6464515584978
 20
185.3185018196827
 10
358.6464513843965
 20
185.3185122047777
 10
358.6429850912248
 20
185.4104654416148
 10
358.6357094333489
 20
185.501836335326
 10
358.6246712571392
 20
185.5925258129692
 10
358.6099175457607
 20
185.6824266423559
 10
358.5914952823778
 20
185.7714315912981
 10
358.5694514501548
 20
185.8594334276071
 10
358.5453924171405
 20
185.9413914731191
 10
358.5181950307962
 20
186.0222725647881
 10
358.4878986715059
 20
186.1019868226569
 10
358.4545427196547
 20
186.1804443667688
 10
358.4181665556267
 20
186.2575553171667
 10
358.3788095598065
 20
186.3332297938939
 10
358.3365111125785
 20
186.4073779169932
 10
358.2913105943272
 20
186.4799098065078
 10
358.2432473854372
 20
186.5507355824809
 10
358.1923608662928
 20
186.6197653649553
 10
358.1396730026383
 20
186.6857273338281
 10
358.0843370556177
 20
186.7497850300765
 10
358.0263903333998
 20
186.8118533032711
 10
357.9658701441543
 20
186.8718470029822
 10
357.8979694420912
 20
186.9339389202706
 10
357.8278027027208
 20
186.9929152214538
 10
357.7554792672843
 20
187.0487340657259
 10
357.681108477022
 20
187.1013536122809
 10
357.604799673175
 20
187.1507320203129
 10
357.5266621969839
 20
187.1968274490159
 10
357.451413044921
 20
187.2372443193492
 10
357.3747270903197
 20
187.2746704222775
 10
357.2966959809039
 20
187.3090706876423
 10
357.217411364398
 20
187.3404100452853
 10
357.1369648885258
 20
187.3686534250479
 10
357.0554482010113
 20
187.3937657567715
 10
356.9729529495787
 20
187.4157119702979
 10
356.8895707819523
 20
187.4344569954685
 10
356.8053933458558
 20
187.4499657621249
 10
356.7205122890133
 20
187.4622032001085
 10
356.6365507558722
 20
187.4710039538616
 10
356.5520857359199
 20
187.4765821153702
 10
356.4672040543327
 20
187.4789044598848
 10
356.381992536286
 20
187.4779377626556
  0
LINE
  5
96
330
1F
100
AcDbEntity
  8
Geometries
  6
Continuous
370
    13
100
AcDbLine
 10
157.1674308819551
 20
194.1430962697534
 30
0.0
 11
157.1674308819551
 21
173.9331593522928
 31
0.0
  0
VIEWPORT
  5
79
330
75
100
AcDbEntity
 67
     1
  8
0
100
AcDbViewport
 10
210.0
 20
148.5
 30
0.0
 40
420.0
 41
297.0
 68
     1
 69
     1
 12
210.0
 22
148.5
 13
0.0
 23
0.0
 14
10.0
 24
10.0
 15
10.0
 25
10.0
 16
0.0
 26
0.0
 36
1.0
 17
0.0
 27
0.0
 37
0.0
 42
50.0
 43
0.0
 44
0.0
 45
297.0
 50
0.0
 51
0.0
 72
   100
 90
   557152
  1

281
     0
 71
     1
 74
     0
110
0.0
120
0.0
130
0.0
111
1.0
121
0.0
131
0.0
112
0.0
122
1.0
132
0.0
 79
     0
146
0.0
170
     0
 61
     5
348
2F
292
     1
282
     1
141
0.0
142
0.0
 63
   256
361
7A
  0
VIEWPORT
  5
7B
330
75
100
AcDbEntity
 67
     1
  8
0
100
AcDbViewport
 10
210.0
 20
148.5
 30
0.0
 40
420.0
 41
297.0
 68
     2
 69
     2
 12
210.0
 22
148.5
 13
0.0
 23
0.0
 14
10.0
 24
10.0
 15
10.0
 25
10.0
 16
0.0
 26
0.0
 36
1.0
 17
0.0
 27
0.0
 37
0.0
 42
50.0
 43
0.0
 44
0.0
 45
297.0
 50
0.0
 51
0.0
 72
   100
 90
   557152
  1

281
     0
 71
     1
 74
     0
110
0.0
120
0.0
130
0.0
111
1.0
121
0.0
131
0.0
112
0.0
122
1.0
132
0.0
 79
     0
146
0.0
170
     0
 61
     5
348
2F
292
     1
282
     1
141
0.0
142
0.0
 63
   256
361
7C
  0
ENDSEC
  0
SECTION
  2
OBJECTS
  0
DICTIONARY
  5
C
330
0
100
AcDbDictionary
281
     1
  3
ACAD_DETAILVIEWSTYLE
350
CE
  3
ACAD_GROUP
350
D
  3
ACAD_LAYOUT
350
1A
  3
ACAD_MATERIAL
350
43
  3
ACAD_MLEADERSTYLE
350
5B
  3
ACAD_MLINESTYLE
350
17
  3
ACAD_PLOTSETTINGS
350
19
  3
ACAD_PLOTSTYLENAME
350
E
  3
ACAD_SCALELIST
350
47
  3
ACAD_SECTIONVIEWSTYLE
350
CF
  3
ACAD_TABLESTYLE
350
59
  3
ACAD_VISUALSTYLE
350
2A
  3
ACDB_RECOMPOSE_DATA
350
CB
  3
AcDbVariableDictionary
350
97
  0
SUN
  5
5D
330
29
100
AcDbSun
 90
        1
290
     0
 63
     7
421
 16777215
 40
1.0
291
     1
 91
  2455826
 92
 54000000
292
     0
 70
     2
 71
   256
280
     1
  0
SUN
  5
7A
330
79
100
AcDbSun
 90
        1
290
     0
 63
     7
421
 16777215
 40
1.0
291
     1
 91
  2455826
 92
 54000000
292
     0
 70
     2
 71
   256
280
     1
  0
SUN
  5
7C
330
7B
100
AcDbSun
 90
        1
290
     0
 63
     7
421
 16777215
 40
1.0
291
     1
 91
  2455826
 92
 54000000
292
     0
 70
     2
 71
   256
280
     1
  0
DICTIONARY
  5
CE
102
{ACAD_REACTORS
330
C
102
}
330
C
100
AcDbDictionary
281
     1
  0
DICTIONARY
  5
D
102
{ACAD_REACTORS
330
C
102
}
330
C
100
AcDbDictionary
281
     1
  0
DICTIONARY
  5
1A
102
{ACAD_REACTORS
330
C
102
}
330
C
100
AcDbDictionary
281
     1
  3
Layout1
350
1E
  3
Layout2
350
26
  3
Model
350
22
  3
Sheet
350
76
  0
DICTIONARY
  5
43
102
{ACAD_REACTORS
330
C
102
}
330
C
100
AcDbDictionary
281
     1
  3
ByBlock
350
45
  3
ByLayer
350
44
  3
Global
350
46
  0
DICTIONARY
  5
5B
102
{ACAD_REACTORS
330
C
102
}
330
C
100
AcDbDictionary
281
     1
  3
Standard
350
5C
  0
DICTIONARY
  5
17
102
{ACAD_REACTORS
330
C
102
}
330
C
100
AcDbDictionary
281
     1
  3
Standard
350
18
  0
DICTIONARY
  5
19
102
{ACAD_REACTORS
330
C
102
}
330
C
100
AcDbDictionary
281
     1
  0
ACDBDICTIONARYWDFLT
  5
E
102
{ACAD_REACTORS
330
C
102
}
330
C
100
AcDbDictionary
281
     1
  3
Normal
350
F
100
AcDbDictionaryWithDefault
340
F
  0
DICTIONARY
  5
47
102
{ACAD_REACTORS
330
C
102
}
330
C
100
AcDbDictionary
281
     1
  3
A0
350
48
  3
A1
350
49
  3
A2
350
4A
  3
A3
350
4B
  3
A4
350
4C
  3
A5
350
4D
  3
A6
350
4E
  3
A7
350
4F
  3
A8
350
50
  3
A9
350
51
  3
B0
350
52
  3
B1
350
53
  3
B2
350
54
  3
B3
350
55
  3
B4
350
56
  3
B5
350
57
  3
B6
350
58
  0
DICTIONARY
  5
CF
102
{ACAD_REACTORS
330
C
102
}
330
C
100
AcDbDictionary
281
     1
  0
DICTIONARY
  5
59
102
{ACAD_REACTORS
330
C
102
}
330
C
100
AcDbDictionary
281
     1
  3
Standard
350
5A
  0
DICTIONARY
  5
2A
102
{ACAD_REACTORS
330
C
102
}
330
C
100
AcDbDictionary
281
     1
  3
2dWireframe
350
2F
  3
Basic
350
32
  3
Brighten
350
36
  3
ColorChange
350
3A
  3
Conceptual
350
34
  3
Dim
350
35
  3
EdgeColorOff
350
3D
  3
Facepattern
350
39
  3
Flat
350
2B
  3
FlatWithEdges
350
2C
  3
Gouraud
350
2D
  3
GouraudWithEdges
350
2E
  3
Hidden
350
31
  3
JitterOff
350
3B
  3
Linepattern
350
38
  3
OverhangOff
350
3C
  3
Realistic
350
33
  3
Shaded
350
42
  3
Shaded with edges
350
41
  3
Shades of Gray
350
3E
  3
Sketchy
350
3F
  3
Thicken
350
37
  3
Wireframe
350
30
  3
X-Ray
350
40
  0
XRECORD
  5
CB
102
{ACAD_REACTORS
330
C
102
}
330
C
100
AcDbXrecord
280
     1
 90
        1
330
5A
  0
DICTIONARY
  5
97
102
{ACAD_REACTORS
330
C
102
}
330
C
100
AcDbDictionary
281
     1
  3
CANNOSCALE
350
98
  3
CENTEREXE
350
D0
  3
CENTERLTYPEFILE
350
D1
  3
CMLEADERSTYLE
350
CD
  3
CTABLESTYLE
350
CC
  0
LAYOUT
  5
1E
102
{ACAD_REACTORS
330
1A
102
}
330
1A
100
AcDbPlotSettings
  1

  2
none_device
  4

  6

 40
0.0
 41
0.0
 42
0.0
 43
0.0
 44
0.0
 45
0.0
 46
0.0
 47
0.0
 48
0.0
 49
0.0
140
0.0
141
0.0
142
1.0
143
1.0
 70
   688
 72
     1
 73
     0
 74
     5
  7

 75
    16
 76
     0
 77
     2
 78
   300
147
1.0
148
0.0
149
0.0
100
AcDbLayout
  1
Layout1
 70
     1
 71
     1
 10
0.0
 20
0.0
 11
420.0
 21
297.0
 12
0.0
 22
0.0
 32
0.0
 14
1.000000000000000E+20
 24
1.000000000000000E+20
 34
1.000000000000000E+20
 15
-1.000000000000000E+20
 25
-1.000000000000000E+20
 35
-1.000000000000000E+20
146
0.0
 13
0.0
 23
0.0
 33
0.0
 16
1.0
 26
0.0
 36
0.0
 17
0.0
 27
1.0
 37
0.0
 76
     0
330
1B
  0
LAYOUT
  5
26
102
{ACAD_REACTORS
330
1A
102
}
330
1A
100
AcDbPlotSettings
  1

  2
none_device
  4

  6

 40
0.0
 41
0.0
 42
0.0
 43
0.0
 44
0.0
 45
0.0
 46
0.0
 47
0.0
 48
0.0
 49
0.0
140
0.0
141
0.0
142
1.0
143
1.0
 70
   688
 72
     1
 73
     0
 74
     5
  7

 75
    16
 76
     0
 77
     2
 78
   300
147
1.0
148
0.0
149
0.0
100
AcDbLayout
  1
Layout2
 70
     1
 71
     2
 10
0.0
 20
0.0
 11
0.0
 21
0.0
 12
0.0
 22
0.0
 32
0.0
 14
0.0
 24
0.0
 34
0.0
 15
0.0
 25
0.0
 35
0.0
146
0.0
 13
0.0
 23
0.0
 33
0.0
 16
1.0
 26
0.0
 36
0.0
 17
0.0
 27
1.0
 37
0.0
 76
     0
330
23
  0
LAYOUT
  5
22
102
{ACAD_REACTORS
330
1A
102
}
330
1A
100
AcDbPlotSettings
  1

  2
none_device
  4
Letter_(8.50_x_11.00_Inches)
  6

 40
6.35
 41
6.35
 42
6.35000508
 43
6.35000508
 44
215.9
 45
279.4
 46
0.0
 47
0.0
 48
0.0
 49
0.0
140
0.0
141
0.0
142
1.0
143
1.0
 70
  1712
 72
     1
 73
     0
 74
     0
  7

 75
     0
 76
     0
 77
     2
 78
   300
147
1.0
148
0.0
149
0.0
100
AcDbLayout
  1
Model
 70
     1
 71
     0
 10
0.0
 20
0.0
 11
420.0
 21
297.0
 12
0.0
 22
0.0
 32
0.0
 14
1.000000000000000E+20
 24
1.000000000000000E+20
 34
1.000000000000000E+20
 15
-1.000000000000000E+20
 25
-1.000000000000000E+20
 35
-1.000000000000000E+20
146
0.0
 13
0.0
 23
0.0
 33
0.0
 16
1.0
 26
0.0
 36
0.0
 17
0.0
 27
1.0
 37
0.0
 76
     0
330
1F
331
29
  0
LAYOUT
  5
76
102
{ACAD_REACTORS
330
1A
102
}
330
1A
100
AcDbPlotSettings
  1

  2
Custom Device
  4
CustomPaper_420.000000x297.000000mm
  6

 40
0.0
 41
0.0
 42
0.0
 43
0.0
 44
297.0
 45
420.0
 46
0.0
 47
0.0
 48
0.0
 49
0.0
140
0.0
141
0.0
142
1.0
143
1.0
 70
   672
 72
     1
 73
     1
 74
     5
  7

 75
    16
 76
     0
 77
     2
 78
   300
147
1.0
148
0.0
149
0.0
100
AcDbLayout
  1
Sheet
 70
     1
 71
     3
 10
-20.0
 20
-7.5
 11
277.0
 21
202.5
 12
0.0
 22
0.0
 32
0.0
 14
0.0
 24
0.0
 34
0.0
 15
0.0
 25
0.0
 35
0.0
146
0.0
 13
0.0
 23
0.0
 33
0.0
 16
1.0
 26
0.0
 36
0.0
 17
0.0
 27
1.0
 37
0.0
 76
     0
330
75
331
79
  0
MATERIAL
  5
45
102
{ACAD_REACTORS
330
43
102
}
330
43
100
AcDbMaterial
  1
ByBlock
 72
     1
 94
      127
  0
MATERIAL
  5
44
102
{ACAD_REACTORS
330
43
102
}
330
43
100
AcDbMaterial
  1
ByLayer
 72
     1
 94
      127
  0
MATERIAL
  5
46
102
{ACAD_REACTORS
330
43
102
}
330
43
100
AcDbMaterial
  1
Global
 72
     1
 94
      127
  0
MLEADERSTYLE
  5
5C
102
{ACAD_REACTORS
330
5B
102
}
330
5B
100
AcDbMLeaderStyle
179
     2
170
     2
171
     1
172
     0
 90
        2
 40
0.0
 41
0.0
173
     1
 91
-1056964608
340
14
 92
       -2
290
     1
 42
2.0
291
     1
 43
8.0
  3
Standard
341
0
 44
4.0
300

342
11
174
     1
178
     6
175
     1
176
     0
 93
-1056964608
 45
4.0
292
     0
297
     0
 46
4.0
343
0
 94
-1056964608
 47
1.0
 49
1.0
140
1.0
293
     1
141
0.0
294
     1
177
     0
142
1.0
295
     0
296
     0
143
3.75
271
     0
272
     9
273
     9
  0
MLINESTYLE
  5
18
102
{ACAD_REACTORS
330
17
102
}
330
17
100
AcDbMlineStyle
  2
Standard
 70
     0
  3

 62
   256
 51
90.0
 52
90.0
 71
     2
 49
0.5
 62
   256
  6
BYLAYER
 49
-0.5
 62
   256
  6
BYLAYER
  0
ACDBPLACEHOLDER
  5
F
102
{ACAD_REACTORS
330
E
102
}
330
E
  0
SCALE
  5
48
102
{ACAD_REACTORS
330
47
102
}
330
47
100
AcDbScale
 70
     0
300
1:1
140
1.0
141
1.0
290
     1
  0
SCALE
  5
49
102
{ACAD_REACTORS
330
47
102
}
330
47
100
AcDbScale
 70
     0
300
1:2
140
1.0
141
2.0
290
     0
  0
SCALE
  5
4A
102
{ACAD_REACTORS
330
47
102
}
330
47
100
AcDbScale
 70
     0
300
1:4
140
1.0
141
4.0
290
     0
  0
SCALE
  5
4B
102
{ACAD_REACTORS
330
47
102
}
330
47
100
AcDbScale
 70
     0
300
1:5
140
1.0
141
5.0
290
     0
  0
SCALE
  5
4C
102
{ACAD_REACTORS
330
47
102
}
330
47
100
AcDbScale
 70
     0
300
1:8
140
1.0
141
8.0
290
     0
  0
SCALE
  5
4D
102
{ACAD_REACTORS
330
47
102
}
330
47
100
AcDbScale
 70
     0
300
1:10
140
1.0
141
10.0
290
     0
  0
SCALE
  5
4E
102
{ACAD_REACTORS
330
47
102
}
330
47
100
AcDbScale
 70
     0
300
1:16
140
1.0
141
16.0
290
     0
  0
SCALE
  5
4F
102
{ACAD_REACTORS
330
47
102
}
330
47
100
AcDbScale
 70
     0
300
1:20
140
1.0
141
20.0
290
     0
  0
SCALE
  5
50
102
{ACAD_REACTORS
330
47
102
}
330
47
100
AcDbScale
 70
     0
300
1:30
140
1.0
141
30.0
290
     0
  0
SCALE
  5
51
102
{ACAD_REACTORS
330
47
102
}
330
47
100
AcDbScale
 70
     0
300
1:40
140
1.0
141
40.0
290
     0
  0
SCALE
  5
52
102
{ACAD_REACTORS
330
47
102
}
330
47
100
AcDbScale
 70
     0
300
1:50
140
1.0
141
50.0
290
     0
  0
SCALE
  5
53
102
{ACAD_REACTORS
330
47
102
}
330
47
100
AcDbScale
 70
     0
300
1:100
140
1.0
141
100.0
290
     0
  0
SCALE
  5
54
102
{ACAD_REACTORS
330
47
102
}
330
47
100
AcDbScale
 70
     0
300
2:1
140
2.0
141
1.0
290
     0
  0
SCALE
  5
55
102
{ACAD_REACTORS
330
47
102
}
330
47
100
AcDbScale
 70
     0
300
4:1
140
4.0
141
1.0
290
     0
  0
SCALE
  5
56
102
{ACAD_REACTORS
330
47
102
}
330
47
100
AcDbScale
 70
     0
300
8:1
140
8.0
141
1.0
290
     0
  0
SCALE
  5
57
102
{ACAD_REACTORS
330
47
102
}
330
47
100
AcDbScale
 70
     0
300
10:1
140
10.0
141
1.0
290
     0
  0
SCALE
  5
58
102
{ACAD_REACTORS
330
47
102
}
330
47
100
AcDbScale
 70
     0
300
100:1
140
100.0
141
1.0
290
     0
  0
TABLESTYLE
  5
5A
102
{ACAD_REACTORS
330
59
102
}
102
{ACAD_XDICTIONARY
360
C9
102
}
330
59
100
AcDbTableStyle
  3
Standard
 70
     0
 71
     0
 40
0.06
 41
0.06
280
     0
281
     0
  7
Standard
140
4.5
170
     2
 62
     0
 63
   257
283
     0
 90
        4
 91
        0
  1

274
    -2
284
     1
 64
     0
275
    -2
285
     1
 65
     0
276
    -2
286
     1
 66
     0
277
    -2
287
     1
 67
     0
278
    -2
288
     1
 68
     0
279
    -2
289
     1
 69
     0
  7
Standard
140
6.0
170
     5
 62
     0
 63
   257
283
     0
 90
        4
 91
        0
  1

274
    -2
284
     1
 64
     0
275
    -2
285
     1
 65
     0
276
    -2
286
     1
 66
     0
277
    -2
287
     1
 67
     0
278
    -2
288
     1
 68
     0
279
    -2
289
     1
 69
     0
  7
Standard
140
4.5
170
     5
 62
     0
 63
   257
283
     0
 90
        4
 91
        0
  1

274
    -2
284
     1
 64
     0
275
    -2
285
     1
 65
     0
276
    -2
286
     1
 66
     0
277
    -2
287
     1
 67
     0
278
    -2
288
     1
 68
     0
279
    -2
289
     1
 69
     0
  0
VISUALSTYLE
  5
2F
102
{ACAD_REACTORS
330
2A
102
}
102
{ACAD_XDICTIONARY
360
A1
102
}
330
2A
100
AcDbVisualStyle
  2
2dWireframe
 70
     4
177
     2
291
     0
 71
     0
176
     1
 72
     2
176
     1
 73
     0
176
     1
 90
        0
176
     1
 40
0.6
176
     1
 41
30.0
176
     1
 62
     5
 63
     7
421
 16777215
176
     1
 74
     1
176
     1
 91
        4
176
     1
 64
     7
176
     1
 65
   257
176
     1
 75
     1
176
     1
175
     1
176
     1
 42
1.0
176
     1
 92
        0
176
     1
 66
   257
176
     1
 43
1.0
176
     1
 76
     1
176
     1
 77
     6
176
     1
 78
     2
176
     1
 67
     7
176
     1
 79
     5
176
     1
170
     0
176
     1
171
     0
176
     1
290
     0
176
     1
 93
        1
176
     1
 44
0.0
176
     1
173
     0
176
     1
  0
VISUALSTYLE
  5
32
102
{ACAD_REACTORS
330
2A
102
}
102
{ACAD_XDICTIONARY
360
A7
102
}
330
2A
100
AcDbVisualStyle
  2
Basic
 70
     7
177
     2
291
     1
 71
     1
176
     1
 72
     0
176
     1
 73
     1
176
     1
 90
        0
176
     1
 40
0.6
176
     1
 41
30.0
176
     1
 62
     5
 63
     7
421
 16777215
176
     1
 74
     0
176
     1
 91
        4
176
     1
 64
     7
176
     1
 65
   257
176
     1
 75
     1
176
     1
175
     1
176
     1
 42
1.0
176
     1
 92
        8
176
     1
 66
     7
176
     1
 43
1.0
176
     1
 76
     1
176
     1
 77
     6
176
     1
 78
     2
176
     1
 67
     7
176
     1
 79
     5
176
     1
170
     0
176
     1
171
     0
176
     1
290
     0
176
     1
 93
        1
176
     1
 44
0.0
176
     1
173
     0
176
     1
  0
VISUALSTYLE
  5
36
102
{ACAD_REACTORS
330
2A
102
}
102
{ACAD_XDICTIONARY
360
AF
102
}
330
2A
100
AcDbVisualStyle
  2
Brighten
 70
    12
177
     2
291
     1
 71
     2
176
     1
 72
     2
176
     1
 73
     0
176
     1
 90
        0
176
     1
 40
0.6
176
     1
 41
30.0
176
     1
 62
     5
 63
     7
421
 16777215
176
     1
 74
     1
176
     1
 91
        4
176
     1
 64
     7
176
     1
 65
   257
176
     1
 75
     1
176
     1
175
     1
176
     1
 42
1.0
176
     1
 92
        8
176
     1
 66
     7
176
     1
 43
1.0
176
     1
 76
     1
176
     1
 77
     6
176
     1
 78
     2
176
     1
 67
     7
176
     1
 79
     5
176
     1
170
     0
176
     1
171
     0
176
     1
290
     0
176
     1
 93
        1
176
     1
 44
50.0
176
     1
173
     0
176
     1
  0
VISUALSTYLE
  5
3A
102
{ACAD_REACTORS
330
2A
102
}
102
{ACAD_XDICTIONARY
360
B7
102
}
330
2A
100
AcDbVisualStyle
  2
ColorChange
 70
    16
177
     2
291
     1
 71
     2
176
     1
 72
     2
176
     1
 73
     3
176
     1
 90
        0
176
     1
 40
0.6
176
     1
 41
30.0
176
     1
 62
     5
 63
     8
421
  8421504
176
     1
 74
     1
176
     1
 91
        4
176
     1
 64
     7
176
     1
 65
   257
176
     1
 75
     1
176
     1
175
     1
176
     1
 42
1.0
176
     1
 92
        8
176
     1
 66
     8
424
  8421504
176
     1
 43
1.0
176
     1
 76
     1
176
     1
 77
     6
176
     1
 78
     2
176
     1
 67
     7
176
     1
 79
     5
176
     1
170
     0
176
     1
171
     0
176
     1
290
     0
176
     1
 93
        1
176
     1
 44
0.0
176
     1
173
     0
176
     1
  0
VISUALSTYLE
  5
34
102
{ACAD_REACTORS
330
2A
102
}
102
{ACAD_XDICTIONARY
360
AB
102
}
330
2A
100
AcDbVisualStyle
  2
Conceptual
 70
     9
177
     2
291
     0
 71
     3
176
     1
 72
     2
176
     1
 73
     0
176
     1
 90
        0
176
     1
 40
0.6
176
     1
 41
30.0
176
     1
 62
     5
 63
     7
421
 16777215
176
     1
 74
     2
176
     1
 91
        2
176
     1
 64
     7
176
     1
 65
   257
176
     1
 75
     1
176
     1
175
     1
176
     1
 42
179.0
176
     1
 92
        8
176
     1
 66
     7
176
     1
 43
1.0
176
     1
 76
     1
176
     1
 77
     6
176
     1
 78
     2
176
     1
 67
     7
176
     1
 79
     3
176
     1
170
     0
176
     1
171
     0
176
     1
290
     0
176
     1
 93
        1
176
     1
 44
0.0
176
     1
173
     0
176
     1
  0
VISUALSTYLE
  5
35
102
{ACAD_REACTORS
330
2A
102
}
102
{ACAD_XDICTIONARY
360
AD
102
}
330
2A
100
AcDbVisualStyle
  2
Dim
 70
    11
177
     2
291
     1
 71
     2
176
     1
 72
     2
176
     1
 73
     0
176
     1
 90
        0
176
     1
 40
0.6
176
     1
 41
30.0
176
     1
 62
     5
 63
     7
421
 16777215
176
     1
 74
     1
176
     1
 91
        4
176
     1
 64
     7
176
     1
 65
   257
176
     1
 75
     1
176
     1
175
     1
176
     1
 42
1.0
176
     1
 92
        8
176
     1
 66
     7
176
     1
 43
1.0
176
     1
 76
     1
176
     1
 77
     6
176
     1
 78
     2
176
     1
 67
     7
176
     1
 79
     5
176
     1
170
     0
176
     1
171
     0
176
     1
290
     0
176
     1
 93
        1
176
     1
 44
-50.0
176
     1
173
     0
176
     1
  0
VISUALSTYLE
  5
3D
102
{ACAD_REACTORS
330
2A
102
}
102
{ACAD_XDICTIONARY
360
BD
102
}
330
2A
100
AcDbVisualStyle
  2
EdgeColorOff
 70
    22
177
     2
291
     1
 71
     2
176
     0
 72
     2
176
     0
 73
     0
176
     0
 90
        0
176
     0
 40
0.6
176
     0
 41
30.0
176
     0
 62
     5
 63
     7
421
 16777215
176
     0
 74
     1
176
     0
 91
        4
176
     0
 64
     7
176
     0
 65
   257
176
     0
 75
     1
176
     0
175
     1
176
     0
 42
1.0
176
     0
 92
        8
176
     2
 66
     7
176
     0
 43
1.0
176
     0
 76
     1
176
     0
 77
     6
176
     0
 78
     2
176
     0
 67
     7
176
     0
 79
     5
176
     0
170
     0
176
     0
171
     0
176
     0
290
     0
176
     0
 93
        1
176
     0
 44
0.0
176
     0
173
     0
176
     0
  0
VISUALSTYLE
  5
39
102
{ACAD_REACTORS
330
2A
102
}
102
{ACAD_XDICTIONARY
360
B5
102
}
330
2A
100
AcDbVisualStyle
  2
Facepattern
 70
    15
177
     2
291
     1
 71
     2
176
     1
 72
     2
176
     1
 73
     0
176
     1
 90
        0
176
     1
 40
0.6
176
     1
 41
30.0
176
     1
 62
     5
 63
     7
421
 16777215
176
     1
 74
     1
176
     1
 91
        4
176
     1
 64
     7
176
     1
 65
   257
176
     1
 75
     1
176
     1
175
     1
176
     1
 42
1.0
176
     1
 92
        8
176
     1
 66
     7
176
     1
 43
1.0
176
     1
 76
     1
176
     1
 77
     6
176
     1
 78
     2
176
     1
 67
     7
176
     1
 79
     5
176
     1
170
     0
176
     1
171
     0
176
     1
290
     0
176
     1
 93
        1
176
     1
 44
0.0
176
     1
173
     0
176
     1
  0
VISUALSTYLE
  5
2B
102
{ACAD_REACTORS
330
2A
102
}
102
{ACAD_XDICTIONARY
360
99
102
}
330
2A
100
AcDbVisualStyle
  2
Flat
 70
     0
177
     2
291
     1
 71
     2
176
     1
 72
     1
176
     1
 73
     1
176
     1
 90
        2
176
     1
 40
0.6
176
     1
 41
30.0
176
     1
 62
     5
 63
     7
421
 16777215
176
     1
 74
     0
176
     1
 91
        0
176
     1
 64
     7
176
     1
 65
   257
176
     1
 75
     1
176
     1
175
     1
176
     1
 42
1.0
176
     1
 92
        8
176
     1
 66
     7
176
     1
 43
1.0
176
     1
 76
     1
176
     1
 77
     6
176
     1
 78
     2
176
     1
 67
     7
176
     1
 79
     5
176
     1
170
     0
176
     1
171
     0
176
     1
290
     0
176
     1
 93
       13
176
     1
 44
0.0
176
     1
173
     0
176
     1
  0
VISUALSTYLE
  5
2C
102
{ACAD_REACTORS
330
2A
102
}
102
{ACAD_XDICTIONARY
360
9B
102
}
330
2A
100
AcDbVisualStyle
  2
FlatWithEdges
 70
     1
177
     2
291
     1
 71
     2
176
     1
 72
     1
176
     1
 73
     1
176
     1
 90
        2
176
     1
 40
0.6
176
     1
 41
30.0
176
     1
 62
     5
 63
     7
421
 16777215
176
     1
 74
     1
176
     1
 91
        0
176
     1
 64
     7
176
     1
 65
   257
176
     1
 75
     1
176
     1
175
     1
176
     1
 42
1.0
176
     1
 92
        0
176
     1
 66
   257
176
     1
 43
1.0
176
     1
 76
     1
176
     1
 77
     6
176
     1
 78
     2
176
     1
 67
     7
176
     1
 79
     5
176
     1
170
     0
176
     1
171
     0
176
     1
290
     0
176
     1
 93
       13
176
     1
 44
0.0
176
     1
173
     0
176
     1
  0
VISUALSTYLE
  5
2D
102
{ACAD_REACTORS
330
2A
102
}
102
{ACAD_XDICTIONARY
360
9D
102
}
330
2A
100
AcDbVisualStyle
  2
Gouraud
 70
     2
177
     2
291
     1
 71
     2
176
     1
 72
     2
176
     1
 73
     1
176
     1
 90
        2
176
     1
 40
0.6
176
     1
 41
30.0
176
     1
 62
     5
 63
     7
421
 16777215
176
     1
 74
     0
176
     1
 91
        0
176
     1
 64
     7
176
     1
 65
   257
176
     1
 75
     1
176
     1
175
     1
176
     1
 42
1.0
176
     1
 92
        0
176
     1
 66
     7
176
     1
 43
1.0
176
     1
 76
     1
176
     1
 77
     6
176
     1
 78
     2
176
     1
 67
     7
176
     1
 79
     5
176
     1
170
     0
176
     1
171
     0
176
     1
290
     0
176
     1
 93
       13
176
     1
 44
0.0
176
     1
173
     0
176
     1
  0
VISUALSTYLE
  5
2E
102
{ACAD_REACTORS
330
2A
102
}
102
{ACAD_XDICTIONARY
360
9F
102
}
330
2A
100
AcDbVisualStyle
  2
GouraudWithEdges
 70
     3
177
     2
291
     1
 71
     2
176
     1
 72
     2
176
     1
 73
     1
176
     1
 90
        2
176
     1
 40
0.6
176
     1
 41
30.0
176
     1
 62
     5
 63
     7
421
 16777215
176
     1
 74
     1
176
     1
 91
        0
176
     1
 64
     7
176
     1
 65
   257
176
     1
 75
     1
176
     1
175
     1
176
     1
 42
1.0
176
     1
 92
        0
176
     1
 66
   257
176
     1
 43
1.0
176
     1
 76
     1
176
     1
 77
     6
176
     1
 78
     2
176
     1
 67
     7
176
     1
 79
     5
176
     1
170
     0
176
     1
171
     0
176
     1
290
     0
176
     1
 93
       13
176
     1
 44
0.0
176
     1
173
     0
176
     1
  0
VISUALSTYLE
  5
31
102
{ACAD_REACTORS
330
2A
102
}
102
{ACAD_XDICTIONARY
360
A5
102
}
330
2A
100
AcDbVisualStyle
  2
Hidden
 70
     6
177
     2
291
     0
 71
     1
176
     1
 72
     2
176
     1
 73
     2
176
     1
 90
        0
176
     1
 40
0.6
176
     1
 41
30.0
176
     1
 62
     5
 63
     7
421
 16777215
176
     1
 74
     2
176
     1
 91
        2
176
     1
 64
     7
176
     1
 65
   257
176
     1
 75
     2
176
     1
175
     1
176
     1
 42
40.0
176
     1
 92
        0
176
     1
 66
   257
176
     1
 43
1.0
176
     1
 76
     1
176
     1
 77
     6
176
     1
 78
     2
176
     1
 67
     7
176
     1
 79
     3
176
     1
170
     0
176
     1
171
     0
176
     1
290
     0
176
     1
 93
        1
176
     1
 44
0.0
176
     1
173
     0
176
     1
  0
VISUALSTYLE
  5
3B
102
{ACAD_REACTORS
330
2A
102
}
102
{ACAD_XDICTIONARY
360
B9
102
}
330
2A
100
AcDbVisualStyle
  2
JitterOff
 70
    20
177
     2
291
     1
 71
     2
176
     0
 72
     2
176
     0
 73
     0
176
     0
 90
        0
176
     0
 40
0.6
176
     0
 41
30.0
176
     0
 62
     5
 63
     7
421
 16777215
176
     0
 74
     1
176
     0
 91
        4
176
     0
 64
     7
176
     0
 65
   257
176
     0
 75
     1
176
     0
175
     1
176
     0
 42
1.0
176
     0
 92
       10
176
     2
 66
     7
176
     0
 43
1.0
176
     0
 76
     1
176
     0
 77
     6
176
     0
 78
     2
176
     0
 67
     7
176
     0
 79
     5
176
     0
170
     0
176
     0
171
     0
176
     0
290
     0
176
     0
 93
        1
176
     0
 44
0.0
176
     0
173
     0
176
     0
  0
VISUALSTYLE
  5
38
102
{ACAD_REACTORS
330
2A
102
}
102
{ACAD_XDICTIONARY
360
B3
102
}
330
2A
100
AcDbVisualStyle
  2
Linepattern
 70
    14
177
     2
291
     1
 71
     2
176
     1
 72
     2
176
     1
 73
     0
176
     1
 90
        0
176
     1
 40
0.6
176
     1
 41
30.0
176
     1
 62
     5
 63
     7
421
 16777215
176
     1
 74
     1
176
     1
 91
        4
176
     1
 64
     7
176
     1
 65
   257
176
     1
 75
     7
176
     1
175
     7
176
     1
 42
1.0
176
     1
 92
        8
176
     1
 66
     7
176
     1
 43
1.0
176
     1
 76
     1
176
     1
 77
     6
176
     1
 78
     2
176
     1
 67
     7
176
     1
 79
     5
176
     1
170
     0
176
     1
171
     0
176
     1
290
     0
176
     1
 93
        1
176
     1
 44
0.0
176
     1
173
     0
176
     1
  0
VISUALSTYLE
  5
3C
102
{ACAD_REACTORS
330
2A
102
}
102
{ACAD_XDICTIONARY
360
BB
102
}
330
2A
100
AcDbVisualStyle
  2
OverhangOff
 70
    21
177
     2
291
     1
 71
     2
176
     0
 72
     2
176
     0
 73
     0
176
     0
 90
        0
176
     0
 40
0.6
176
     0
 41
30.0
176
     0
 62
     5
 63
     7
421
 16777215
176
     0
 74
     1
176
     0
 91
        4
176
     0
 64
     7
176
     0
 65
   257
176
     0
 75
     1
176
     0
175
     1
176
     0
 42
1.0
176
     0
 92
        9
176
     2
 66
     7
176
     0
 43
1.0
176
     0
 76
     1
176
     0
 77
     6
176
     0
 78
     2
176
     0
 67
     7
176
     0
 79
     5
176
     0
170
     0
176
     0
171
     0
176
     0
290
     0
176
     0
 93
        1
176
     0
 44
0.0
176
     0
173
     0
176
     0
  0
VISUALSTYLE
  5
33
102
{ACAD_REACTORS
330
2A
102
}
102
{ACAD_XDICTIONARY
360
A9
102
}
330
2A
100
AcDbVisualStyle
  2
Realistic
 70
     8
177
     2
291
     0
 71
     2
176
     1
 72
     3
176
     1
 73
     0
176
     1
 90
        2
176
     1
 40
0.6
176
     1
 41
30.0
176
     1
 62
     5
 63
     7
421
 16777215
176
     1
 74
     0
176
     1
 91
        0
176
     1
 64
     7
176
     1
 65
   257
176
     1
 75
     1
176
     1
175
     1
176
     1
 42
1.0
176
     1
 92
        8
176
     1
 66
   257
176
     1
 43
1.0
176
     1
 76
     1
176
     1
 77
     6
176
     1
 78
     2
176
     1
 67
     7
176
     1
 79
     3
176
     1
170
     0
176
     1
171
     0
176
     1
290
     0
176
     1
 93
       13
176
     1
 44
0.0
176
     1
173
     0
176
     1
  0
VISUALSTYLE
  5
42
102
{ACAD_REACTORS
330
2A
102
}
102
{ACAD_XDICTIONARY
360
C7
102
}
330
2A
100
AcDbVisualStyle
  2
Shaded
 70
    27
177
     2
291
     0
 71
     2
176
     1
 72
     2
176
     1
 73
     1
176
     1
 90
        2
176
     1
 40
0.6
176
     1
 41
30.0
176
     1
 62
     5
 63
     7
421
 16777215
176
     1
 74
     0
176
     1
 91
        4
176
     1
 64
     7
176
     1
 65
   257
176
     1
 75
     1
176
     1
175
     1
176
     1
 42
1.0
176
     1
 92
        8
176
     1
 66
   257
176
     1
 43
1.0
176
     1
 76
     1
176
     1
 77
     6
176
     1
 78
     2
176
     1
 67
     8
425
  7895160
176
     1
 79
     3
176
     1
170
     0
176
     1
171
     0
176
     1
290
     0
176
     1
 93
        5
176
     1
 44
0.0
176
     1
173
     0
176
     1
  0
VISUALSTYLE
  5
41
102
{ACAD_REACTORS
330
2A
102
}
102
{ACAD_XDICTIONARY
360
C5
102
}
330
2A
100
AcDbVisualStyle
  2
Shaded with edges
 70
    26
177
     2
291
     0
 71
     2
176
     1
 72
     2
176
     1
 73
     1
176
     1
 90
        2
176
     1
 40
0.6
176
     1
 41
30.0
176
     1
 62
     5
 63
     7
421
 16777215
176
     1
 74
     1
176
     1
 91
       10
176
     1
 64
     7
176
     1
 65
   257
176
     1
 75
     2
176
     1
175
     1
176
     1
 42
1.0
176
     1
 92
        8
176
     1
 66
   257
176
     1
 43
1.0
176
     1
 76
     1
176
     1
 77
     6
176
     1
 78
     2
176
     1
 67
     7
176
     1
 79
     3
176
     1
170
     0
176
     1
171
     0
176
     1
290
     0
176
     1
 93
        5
176
     1
 44
0.0
176
     1
173
     0
176
     1
  0
VISUALSTYLE
  5
3E
102
{ACAD_REACTORS
330
2A
102
}
102
{ACAD_XDICTIONARY
360
BF
102
}
330
2A
100
AcDbVisualStyle
  2
Shades of Gray
 70
    23
177
     2
291
     0
 71
     2
176
     1
 72
     2
176
     1
 73
     3
176
     1
 90
        0
176
     1
 40
0.6
176
     1
 41
30.0
176
     1
 62
     5
 63
     7
421
 16777215
176
     1
 74
     2
176
     1
 91
        2
176
     1
 64
     7
176
     1
 65
     7
176
     1
 75
     1
176
     1
175
     1
176
     1
 42
40.0
176
     1
 92
        8
176
     1
 66
     7
176
     1
 43
1.0
176
     1
 76
     1
176
     1
 77
     6
176
     1
 78
     2
176
     1
 67
     7
176
     1
 79
     3
176
     1
170
     0
176
     1
171
     0
176
     1
290
     0
176
     1
 93
        1
176
     1
 44
0.0
176
     1
173
     0
176
     1
  0
VISUALSTYLE
  5
3F
102
{ACAD_REACTORS
330
2A
102
}
102
{ACAD_XDICTIONARY
360
C1
102
}
330
2A
100
AcDbVisualStyle
  2
Sketchy
 70
    24
177
     2
291
     0
 71
     1
176
     1
 72
     2
176
     1
 73
     2
176
     1
 90
        0
176
     1
 40
0.6
176
     1
 41
30.0
176
     1
 62
     5
 63
     7
421
 16777215
176
     1
 74
     2
176
     1
 91
        2
176
     1
 64
     7
176
     1
 65
     7
176
     1
 75
     1
176
     1
175
     1
176
     1
 42
40.0
176
     1
 92
       11
176
     1
 66
     7
176
     1
 43
1.0
176
     1
 76
     1
176
     1
 77
     6
176
     1
 78
     2
176
     1
 67
     7
176
     1
 79
     6
176
     1
170
     0
176
     1
171
     0
176
     1
290
     0
176
     1
 93
        1
176
     1
 44
0.0
176
     1
173
     0
176
     1
  0
VISUALSTYLE
  5
37
102
{ACAD_REACTORS
330
2A
102
}
102
{ACAD_XDICTIONARY
360
B1
102
}
330
2A
100
AcDbVisualStyle
  2
Thicken
 70
    13
177
     2
291
     1
 71
     2
176
     1
 72
     2
176
     1
 73
     0
176
     1
 90
        0
176
     1
 40
0.6
176
     1
 41
30.0
176
     1
 62
     5
 63
     7
421
 16777215
176
     1
 74
     1
176
     1
 91
        4
176
     1
 64
     7
176
     1
 65
   257
176
     1
 75
     1
176
     1
175
     1
176
     1
 42
1.0
176
     1
 92
       12
176
     1
 66
     7
176
     1
 43
1.0
176
     1
 76
     1
176
     1
 77
     6
176
     1
 78
     2
176
     1
 67
     7
176
     1
 79
     5
176
     1
170
     0
176
     1
171
     0
176
     1
290
     0
176
     1
 93
        1
176
     1
 44
0.0
176
     1
173
     0
176
     1
  0
VISUALSTYLE
  5
30
102
{ACAD_REACTORS
330
2A
102
}
102
{ACAD_XDICTIONARY
360
A3
102
}
330
2A
100
AcDbVisualStyle
  2
Wireframe
 70
     5
177
     2
291
     0
 71
     0
176
     1
 72
     2
176
     1
 73
     0
176
     1
 90
        0
176
     1
 40
0.6
176
     1
 41
30.0
176
     1
 62
     5
 63
     7
421
 16777215
176
     1
 74
     1
176
     1
 91
        4
176
     1
 64
     7
176
     1
 65
   257
176
     1
 75
     1
176
     1
175
     1
176
     1
 42
1.0
176
     1
 92
        0
176
     1
 66
   257
176
     1
 43
1.0
176
     1
 76
     1
176
     1
 77
     6
176
     1
 78
     2
176
     1
 67
     7
176
     1
 79
     3
176
     1
170
     0
176
     1
171
     0
176
     1
290
     0
176
     1
 93
        1
176
     1
 44
0.0
176
     1
173
     0
176
     1
  0
VISUALSTYLE
  5
40
102
{ACAD_REACTORS
330
2A
102
}
102
{ACAD_XDICTIONARY
360
C3
102
}
330
2A
100
AcDbVisualStyle
  2
X-Ray
 70
    25
177
     2
291
     0
 71
     2
176
     1
 72
     2
176
     1
 73
     1
176
     1
 90
        1
176
     1
 40
0.5
176
     1
 41
30.0
176
     1
 62
     5
 63
     7
421
 16777215
176
     1
 74
     1
176
     1
 91
        0
176
     1
 64
     7
176
     1
 65
   257
176
     1
 75
     1
176
     1
175
     1
176
     1
 42
1.0
176
     1
 92
        8
176
     1
 66
     7
176
     1
 43
1.0
176
     1
 76
     1
176
     1
 77
     6
176
     1
 78
     2
176
     1
 67
     7
176
     1
 79
     3
176
     1
170
     0
176
     1
171
     0
176
     1
290
     0
176
     1
 93
       13
176
     1
 44
0.0
176
     1
173
     0
176
     1
  0
DICTIONARYVAR
  5
98
102
{ACAD_REACTORS
330
97
102
}
330
97
100
DictionaryVariables
280
     0
  1
1:1
  0
DICTIONARYVAR
  5
D0
102
{ACAD_REACTORS
330
97
102
}
330
97
100
DictionaryVariables
280
     0
  1
3.500000
  0
DICTIONARYVAR
  5
D1
102
{ACAD_REACTORS
330
97
102
}
330
97
100
DictionaryVariables
280
     0
  1
acadiso.lin
  0
DICTIONARYVAR
  5
CD
102
{ACAD_REACTORS
330
97
102
}
330
97
100
DictionaryVariables
280
     0
  1
Standard
  0
DICTIONARYVAR
  5
CC
102
{ACAD_REACTORS
330
97
102
}
330
97
100
DictionaryVariables
280
     0
  1
Standard
  0
DICTIONARY
  5
C9
330
5A
100
AcDbDictionary
280
     1
281
     1
  3
ACAD_ROUNDTRIP_2008_TABLESTYLE_CELLSTYLEMAP
360
CA
  0
DICTIONARY
  5
A1
330
2F
100
AcDbDictionary
280
     1
281
     1
  3
ACAD_XREC_ROUNDTRIP
360
A2
  0
DICTIONARY
  5
A7
330
32
100
AcDbDictionary
280
     1
281
     1
  3
ACAD_XREC_ROUNDTRIP
360
A8
  0
DICTIONARY
  5
AF
330
36
100
AcDbDictionary
280
     1
281
     1
  3
ACAD_XREC_ROUNDTRIP
360
B0
  0
DICTIONARY
  5
B7
330
3A
100
AcDbDictionary
280
     1
281
     1
  3
ACAD_XREC_ROUNDTRIP
360
B8
  0
DICTIONARY
  5
AB
330
34
100
AcDbDictionary
280
     1
281
     1
  3
ACAD_XREC_ROUNDTRIP
360
AC
  0
DICTIONARY
  5
AD
330
35
100
AcDbDictionary
280
     1
281
     1
  3
ACAD_XREC_ROUNDTRIP
360
AE
  0
DICTIONARY
  5
BD
330
3D
100
AcDbDictionary
280
     1
281
     1
  3
ACAD_XREC_ROUNDTRIP
360
BE
  0
DICTIONARY
  5
B5
330
39
100
AcDbDictionary
280
     1
281
     1
  3
ACAD_XREC_ROUNDTRIP
360
B6
  0
DICTIONARY
  5
99
330
2B
100
AcDbDictionary
280
     1
281
     1
  3
ACAD_XREC_ROUNDTRIP
360
9A
  0
DICTIONARY
  5
9B
330
2C
100
AcDbDictionary
280
     1
281
     1
  3
ACAD_XREC_ROUNDTRIP
360
9C
  0
DICTIONARY
  5
9D
330
2D
100
AcDbDictionary
280
     1
281
     1
  3
ACAD_XREC_ROUNDTRIP
360
9E
  0
DICTIONARY
  5
9F
330
2E
100
AcDbDictionary
280
     1
281
     1
  3
ACAD_XREC_ROUNDTRIP
360
A0
  0
DICTIONARY
  5
A5
330
31
100
AcDbDictionary
280
     1
281
     1
  3
ACAD_XREC_ROUNDTRIP
360
A6
  0
DICTIONARY
  5
B9
330
3B
100
AcDbDictionary
280
     1
281
     1
  3
ACAD_XREC_ROUNDTRIP
360
BA
  0
DICTIONARY
  5
B3
330
38
100
AcDbDictionary
280
     1
281
     1
  3
ACAD_XREC_ROUNDTRIP
360
B4
  0
DICTIONARY
  5
BB
330
3C
100
AcDbDictionary
280
     1
281
     1
  3
ACAD_XREC_ROUNDTRIP
360
BC
  0
DICTIONARY
  5
A9
330
33
100
AcDbDictionary
280
     1
281
     1
  3
ACAD_XREC_ROUNDTRIP
360
AA
  0
DICTIONARY
  5
C7
330
42
100
AcDbDictionary
280
     1
281
     1
  3
ACAD_XREC_ROUNDTRIP
360
C8
  0
DICTIONARY
  5
C5
330
41
100
AcDbDictionary
280
     1
281
     1
  3
ACAD_XREC_ROUNDTRIP
360
C6
  0
DICTIONARY
  5
BF
330
3E
100
AcDbDictionary
280
     1
281
     1
  3
ACAD_XREC_ROUNDTRIP
360
C0
  0
DICTIONARY
  5
C1
330
3F
100
AcDbDictionary
280
     1
281
     1
  3
ACAD_XREC_ROUNDTRIP
360
C2
  0
DICTIONARY
  5
B1
330
37
100
AcDbDictionary
280
     1
281
     1
  3
ACAD_XREC_ROUNDTRIP
360
B2
  0
DICTIONARY
  5
A3
330
30
100
AcDbDictionary
280
     1
281
     1
  3
ACAD_XREC_ROUNDTRIP
360
A4
  0
DICTIONARY
  5
C3
330
40
100
AcDbDictionary
280
     1
281
     1
  3
ACAD_XREC_ROUNDTRIP
360
C4
  0
CELLSTYLEMAP
  5
CA
102
{ACAD_REACTORS
330
C9
102
}
330
C9
100
AcDbCellStyleMap
 90
        3
300
CELLSTYLE
  1
TABLEFORMAT_BEGIN
 90
        5
170
     1
 91
        0
 92
    32768
 62
   257
 93
        1
300
CONTENTFORMAT
  1
CONTENTFORMAT_BEGIN
 90
        0
 91
        0
 92
        4
 93
        0
300

 40
0.0
140
1.0
 94
        5
 62
     0
340
11
144
6.0
309
CONTENTFORMAT_END
171
     1
301
MARGIN
  1
CELLMARGIN_BEGIN
 40
1.5
 40
1.5
 40
1.5
 40
1.5
 40
1.5
 40
1.5
309
CELLMARGIN_END
 94
        6
 95
        1
302
GRIDFORMAT
  1
GRIDFORMAT_BEGIN
 90
        0
 91
        1
 62
     0
 92
       -2
340
14
 93
        0
 40
0.045
309
GRIDFORMAT_END
 95
        2
302
GRIDFORMAT
  1
GRIDFORMAT_BEGIN
 90
        0
 91
        1
 62
     0
 92
       -2
340
14
 93
        0
 40
0.045
309
GRIDFORMAT_END
 95
        4
302
GRIDFORMAT
  1
GRIDFORMAT_BEGIN
 90
        0
 91
        1
 62
     0
 92
       -2
340
14
 93
        0
 40
0.045
309
GRIDFORMAT_END
 95
        8
302
GRIDFORMAT
  1
GRIDFORMAT_BEGIN
 90
        0
 91
        1
 62
     0
 92
       -2
340
14
 93
        0
 40
0.045
309
GRIDFORMAT_END
 95
       16
302
GRIDFORMAT
  1
GRIDFORMAT_BEGIN
 90
        0
 91
        1
 62
     0
 92
       -2
340
14
 93
        0
 40
0.045
309
GRIDFORMAT_END
 95
       32
302
GRIDFORMAT
  1
GRIDFORMAT_BEGIN
 90
        0
 91
        1
 62
     0
 92
       -2
340
14
 93
        0
 40
0.045
309
GRIDFORMAT_END
309
TABLEFORMAT_END
  1
CELLSTYLE_BEGIN
 90
        1
 91
        1
300
_TITLE
309
CELLSTYLE_END
300
CELLSTYLE
  1
TABLEFORMAT_BEGIN
 90
        5
170
     1
 91
        0
 92
        0
 62
   257
 93
        1
300
CONTENTFORMAT
  1
CONTENTFORMAT_BEGIN
 90
        0
 91
        0
 92
        4
 93
        0
300

 40
0.0
140
1.0
 94
        5
 62
     0
340
11
144
4.5
309
CONTENTFORMAT_END
171
     1
301
MARGIN
  1
CELLMARGIN_BEGIN
 40
1.5
 40
1.5
 40
1.5
 40
1.5
 40
1.5
 40
1.5
309
CELLMARGIN_END
 94
        6
 95
        1
302
GRIDFORMAT
  1
GRIDFORMAT_BEGIN
 90
        0
 91
        1
 62
     0
 92
       -2
340
14
 93
        0
 40
0.045
309
GRIDFORMAT_END
 95
        2
302
GRIDFORMAT
  1
GRIDFORMAT_BEGIN
 90
        0
 91
        1
 62
     0
 92
       -2
340
14
 93
        0
 40
0.045
309
GRIDFORMAT_END
 95
        4
302
GRIDFORMAT
  1
GRIDFORMAT_BEGIN
 90
        0
 91
        1
 62
     0
 92
       -2
340
14
 93
        0
 40
0.045
309
GRIDFORMAT_END
 95
        8
302
GRIDFORMAT
  1
GRIDFORMAT_BEGIN
 90
        0
 91
        1
 62
     0
 92
       -2
340
14
 93
        0
 40
0.045
309
GRIDFORMAT_END
 95
       16
302
GRIDFORMAT
  1
GRIDFORMAT_BEGIN
 90
        0
 91
        1
 62
     0
 92
       -2
340
14
 93
        0
 40
0.045
309
GRIDFORMAT_END
 95
       32
302
GRIDFORMAT
  1
GRIDFORMAT_BEGIN
 90
        0
 91
        1
 62
     0
 92
       -2
340
14
 93
        0
 40
0.045
309
GRIDFORMAT_END
309
TABLEFORMAT_END
  1
CELLSTYLE_BEGIN
 90
        2
 91
        1
300
_HEADER
309
CELLSTYLE_END
300
CELLSTYLE
  1
TABLEFORMAT_BEGIN
 90
        5
170
     1
 91
        0
 92
        0
 62
   257
 93
        1
300
CONTENTFORMAT
  1
CONTENTFORMAT_BEGIN
 90
        0
 91
        0
 92
        4
 93
        0
300

 40
0.0
140
1.0
 94
        2
 62
     0
340
11
144
4.5
309
CONTENTFORMAT_END
171
     1
301
MARGIN
  1
CELLMARGIN_BEGIN
 40
1.5
 40
1.5
 40
1.5
 40
1.5
 40
1.5
 40
1.5
309
CELLMARGIN_END
 94
        6
 95
        1
302
GRIDFORMAT
  1
GRIDFORMAT_BEGIN
 90
        0
 91
        1
 62
     0
 92
       -2
340
14
 93
        0
 40
0.045
309
GRIDFORMAT_END
 95
        2
302
GRIDFORMAT
  1
GRIDFORMAT_BEGIN
 90
        0
 91
        1
 62
     0
 92
       -2
340
14
 93
        0
 40
0.045
309
GRIDFORMAT_END
 95
        4
302
GRIDFORMAT
  1
GRIDFORMAT_BEGIN
 90
        0
 91
        1
 62
     0
 92
       -2
340
14
 93
        0
 40
0.045
309
GRIDFORMAT_END
 95
        8
302
GRIDFORMAT
  1
GRIDFORMAT_BEGIN
 90
        0
 91
        1
 62
     0
 92
       -2
340
14
 93
        0
 40
0.045
309
GRIDFORMAT_END
 95
       16
302
GRIDFORMAT
  1
GRIDFORMAT_BEGIN
 90
        0
 91
        1
 62
     0
 92
       -2
340
14
 93
        0
 40
0.045
309
GRIDFORMAT_END
 95
       32
302
GRIDFORMAT
  1
GRIDFORMAT_BEGIN
 90
        0
 91
        1
 62
     0
 92
       -2
340
14
 93
        0
 40
0.045
309
GRIDFORMAT_END
309
TABLEFORMAT_END
  1
CELLSTYLE_BEGIN
 90
        3
 91
        2
300
_DATA
309
CELLSTYLE_END
  0
XRECORD
  5
A2
102
{ACAD_REACTORS
330
A1
102
}
330
A1
100
AcDbXrecord
280
     1
102
RTVSPost2010Prop28
280
     1
102
RTVSPost2010PropOp28
 70
     1
102
RTVSPost2010Prop29
280
     1
102
RTVSPost2010PropOp29
 70
     1
102
RTVSPost2010Prop30
280
     0
102
RTVSPost2010PropOp30
 70
     1
102
RTVSPost2010Prop31
280
     0
102
RTVSPost2010PropOp31
 70
     1
102
RTVSPost2010Prop32
280
     0
102
RTVSPost2010PropOp32
 70
     1
102
RTVSPost2010Prop33
280
     0
102
RTVSPost2010PropOp33
 70
     1
102
RTVSPost2010Prop34
280
     0
102
RTVSPost2010PropOp34
 70
     1
102
RTVSPost2010Prop35
280
     0
102
RTVSPost2010PropOp35
 70
     1
102
RTVSPost2010Prop36
280
     0
102
RTVSPost2010PropOp36
 70
     1
102
RTVSPost2010Prop37
 90
       50
102
RTVSPost2010PropOp37
 70
     1
102
RTVSPost2010Prop38
140
0.0
102
RTVSPost2010PropOp38
 70
     1
102
RTVSPost2010Prop39
140
1.0
102
RTVSPost2010PropOp39
 70
     1
102
RTVSPost2010Prop40
 90
        0
102
RTVSPost2010PropOp40
 70
     1
102
RTVSPost2010Prop41ColorIndex
 90
       18
102
RTVSPost2010Prop41ColorRGB
 90
        0
102
RTVSPost2010PropOp41
 70
     1
102
RTVSPost2010Prop42
 90
       50
102
RTVSPost2010PropOp42
 70
     1
102
RTVSPost2010Prop43
 90
        3
102
RTVSPost2010PropOp43
 70
     1
102
RTVSPost2010Prop44ColorIndex
 90
        5
102
RTVSPost2010Prop44ColorRGB
 90
      255
102
RTVSPost2010PropOp44
 70
     1
102
RTVSPost2010Prop45
280
     0
102
RTVSPost2010PropOp45
 70
     1
102
RTVSPost2010Prop46
 90
       50
102
RTVSPost2010PropOp46
 70
     1
102
RTVSPost2010Prop47
 90
       50
102
RTVSPost2010PropOp47
 70
     1
102
RTVSPost2010Prop48
 90
       50
102
RTVSPost2010PropOp48
 70
     1
102
RTVSPost2010Prop49
280
     0
102
RTVSPost2010PropOp49
 70
     1
102
RTVSPost2010Prop50
 90
       50
102
RTVSPost2010PropOp50
 70
     1
102
RTVSPost2010Prop51ColorIndex
 90
      256
102
RTVSPost2010Prop51ColorRGB
 90
-16777216
102
RTVSPost2010PropOp51
 70
     0
102
RTVSPost2010Prop52
140
1.0
102
RTVSPost2010PropOp52
 70
     0
102
RTVSPost2010Prop53
 90
        2
102
RTVSPost2010PropOp53
 70
     1
102
RTVSPost2010Prop54
  1
strokes_ogs.tif
102
RTVSPost2010PropOp54
 70
     1
102
RTVSPost2010Prop55
280
     0
102
RTVSPost2010PropOp55
 70
     1
102
RTVSPost2010Prop56
140
1.0
102
RTVSPost2010PropOp56
 70
     1
102
RTVSPost2010Prop57
140
1.0
102
RTVSPost2010PropOp57
 70
     1
  0
XRECORD
  5
A8
102
{ACAD_REACTORS
330
A7
102
}
330
A7
100
AcDbXrecord
280
     1
102
RTVSPost2010Prop28
280
     0
102
RTVSPost2010PropOp28
 70
     1
102
RTVSPost2010Prop29
280
     1
102
RTVSPost2010PropOp29
 70
     1
102
RTVSPost2010Prop30
280
     1
102
RTVSPost2010PropOp30
 70
     1
102
RTVSPost2010Prop31
280
     0
102
RTVSPost2010PropOp31
 70
     1
102
RTVSPost2010Prop32
280
     0
102
RTVSPost2010PropOp32
 70
     1
102
RTVSPost2010Prop33
280
     0
102
RTVSPost2010PropOp33
 70
     1
102
RTVSPost2010Prop34
280
     0
102
RTVSPost2010PropOp34
 70
     1
102
RTVSPost2010Prop35
280
     0
102
RTVSPost2010PropOp35
 70
     1
102
RTVSPost2010Prop36
280
     0
102
RTVSPost2010PropOp36
 70
     1
102
RTVSPost2010Prop37
 90
       50
102
RTVSPost2010PropOp37
 70
     1
102
RTVSPost2010Prop38
140
0.0
102
RTVSPost2010PropOp38
 70
     1
102
RTVSPost2010Prop39
140
1.0
102
RTVSPost2010PropOp39
 70
     1
102
RTVSPost2010Prop40
 90
        0
102
RTVSPost2010PropOp40
 70
     1
102
RTVSPost2010Prop41ColorIndex
 90
       18
102
RTVSPost2010Prop41ColorRGB
 90
        0
102
RTVSPost2010PropOp41
 70
     1
102
RTVSPost2010Prop42
 90
       50
102
RTVSPost2010PropOp42
 70
     1
102
RTVSPost2010Prop43
 90
        3
102
RTVSPost2010PropOp43
 70
     1
102
RTVSPost2010Prop44ColorIndex
 90
        5
102
RTVSPost2010Prop44ColorRGB
 90
      255
102
RTVSPost2010PropOp44
 70
     1
102
RTVSPost2010Prop45
280
     0
102
RTVSPost2010PropOp45
 70
     1
102
RTVSPost2010Prop46
 90
       50
102
RTVSPost2010PropOp46
 70
     1
102
RTVSPost2010Prop47
 90
       50
102
RTVSPost2010PropOp47
 70
     1
102
RTVSPost2010Prop48
 90
       50
102
RTVSPost2010PropOp48
 70
     1
102
RTVSPost2010Prop49
280
     0
102
RTVSPost2010PropOp49
 70
     1
102
RTVSPost2010Prop50
 90
       50
102
RTVSPost2010PropOp50
 70
     1
102
RTVSPost2010Prop51ColorIndex
 90
      256
102
RTVSPost2010Prop51ColorRGB
 90
-16777216
102
RTVSPost2010PropOp51
 70
     0
102
RTVSPost2010Prop52
140
1.0
102
RTVSPost2010PropOp52
 70
     0
102
RTVSPost2010Prop53
 90
        2
102
RTVSPost2010PropOp53
 70
     1
102
RTVSPost2010Prop54
  1
strokes_ogs.tif
102
RTVSPost2010PropOp54
 70
     1
102
RTVSPost2010Prop55
280
     0
102
RTVSPost2010PropOp55
 70
     1
102
RTVSPost2010Prop56
140
1.0
102
RTVSPost2010PropOp56
 70
     1
102
RTVSPost2010Prop57
140
1.0
102
RTVSPost2010PropOp57
 70
     1
  0
XRECORD
  5
B0
102
{ACAD_REACTORS
330
AF
102
}
330
AF
100
AcDbXrecord
280
     1
102
RTVSPost2010Prop28
280
     0
102
RTVSPost2010PropOp28
 70
     1
102
RTVSPost2010Prop29
280
     1
102
RTVSPost2010PropOp29
 70
     1
102
RTVSPost2010Prop30
280
     1
102
RTVSPost2010PropOp30
 70
     1
102
RTVSPost2010Prop31
280
     0
102
RTVSPost2010PropOp31
 70
     1
102
RTVSPost2010Prop32
280
     0
102
RTVSPost2010PropOp32
 70
     1
102
RTVSPost2010Prop33
280
     0
102
RTVSPost2010PropOp33
 70
     1
102
RTVSPost2010Prop34
280
     0
102
RTVSPost2010PropOp34
 70
     1
102
RTVSPost2010Prop35
280
     0
102
RTVSPost2010PropOp35
 70
     1
102
RTVSPost2010Prop36
280
     0
102
RTVSPost2010PropOp36
 70
     1
102
RTVSPost2010Prop37
 90
       50
102
RTVSPost2010PropOp37
 70
     1
102
RTVSPost2010Prop38
140
0.0
102
RTVSPost2010PropOp38
 70
     1
102
RTVSPost2010Prop39
140
1.0
102
RTVSPost2010PropOp39
 70
     1
102
RTVSPost2010Prop40
 90
        0
102
RTVSPost2010PropOp40
 70
     1
102
RTVSPost2010Prop41ColorIndex
 90
       18
102
RTVSPost2010Prop41ColorRGB
 90
        0
102
RTVSPost2010PropOp41
 70
     1
102
RTVSPost2010Prop42
 90
       50
102
RTVSPost2010PropOp42
 70
     1
102
RTVSPost2010Prop43
 90
        3
102
RTVSPost2010PropOp43
 70
     1
102
RTVSPost2010Prop44ColorIndex
 90
        5
102
RTVSPost2010Prop44ColorRGB
 90
      255
102
RTVSPost2010PropOp44
 70
     1
102
RTVSPost2010Prop45
280
     0
102
RTVSPost2010PropOp45
 70
     1
102
RTVSPost2010Prop46
 90
       50
102
RTVSPost2010PropOp46
 70
     1
102
RTVSPost2010Prop47
 90
       50
102
RTVSPost2010PropOp47
 70
     1
102
RTVSPost2010Prop48
 90
       50
102
RTVSPost2010PropOp48
 70
     1
102
RTVSPost2010Prop49
280
     0
102
RTVSPost2010PropOp49
 70
     1
102
RTVSPost2010Prop50
 90
       50
102
RTVSPost2010PropOp50
 70
     1
102
RTVSPost2010Prop51ColorIndex
 90
      256
102
RTVSPost2010Prop51ColorRGB
 90
-16777216
102
RTVSPost2010PropOp51
 70
     0
102
RTVSPost2010Prop52
140
1.0
102
RTVSPost2010PropOp52
 70
     0
102
RTVSPost2010Prop53
 90
        2
102
RTVSPost2010PropOp53
 70
     1
102
RTVSPost2010Prop54
  1
strokes_ogs.tif
102
RTVSPost2010PropOp54
 70
     1
102
RTVSPost2010Prop55
280
     0
102
RTVSPost2010PropOp55
 70
     1
102
RTVSPost2010Prop56
140
1.0
102
RTVSPost2010PropOp56
 70
     1
102
RTVSPost2010Prop57
140
1.0
102
RTVSPost2010PropOp57
 70
     1
  0
XRECORD
  5
B8
102
{ACAD_REACTORS
330
B7
102
}
330
B7
100
AcDbXrecord
280
     1
102
RTVSPost2010Prop28
280
     0
102
RTVSPost2010PropOp28
 70
     1
102
RTVSPost2010Prop29
280
     1
102
RTVSPost2010PropOp29
 70
     1
102
RTVSPost2010Prop30
280
     1
102
RTVSPost2010PropOp30
 70
     1
102
RTVSPost2010Prop31
280
     0
102
RTVSPost2010PropOp31
 70
     1
102
RTVSPost2010Prop32
280
     0
102
RTVSPost2010PropOp32
 70
     1
102
RTVSPost2010Prop33
280
     0
102
RTVSPost2010PropOp33
 70
     1
102
RTVSPost2010Prop34
280
     0
102
RTVSPost2010PropOp34
 70
     1
102
RTVSPost2010Prop35
280
     0
102
RTVSPost2010PropOp35
 70
     1
102
RTVSPost2010Prop36
280
     0
102
RTVSPost2010PropOp36
 70
     1
102
RTVSPost2010Prop37
 90
       50
102
RTVSPost2010PropOp37
 70
     1
102
RTVSPost2010Prop38
140
0.0
102
RTVSPost2010PropOp38
 70
     1
102
RTVSPost2010Prop39
140
1.0
102
RTVSPost2010PropOp39
 70
     1
102
RTVSPost2010Prop40
 90
        0
102
RTVSPost2010PropOp40
 70
     1
102
RTVSPost2010Prop41ColorIndex
 90
       18
102
RTVSPost2010Prop41ColorRGB
 90
        0
102
RTVSPost2010PropOp41
 70
     1
102
RTVSPost2010Prop42
 90
       50
102
RTVSPost2010PropOp42
 70
     1
102
RTVSPost2010Prop43
 90
        3
102
RTVSPost2010PropOp43
 70
     1
102
RTVSPost2010Prop44ColorIndex
 90
        5
102
RTVSPost2010Prop44ColorRGB
 90
      255
102
RTVSPost2010PropOp44
 70
     1
102
RTVSPost2010Prop45
280
     0
102
RTVSPost2010PropOp45
 70
     1
102
RTVSPost2010Prop46
 90
       50
102
RTVSPost2010PropOp46
 70
     1
102
RTVSPost2010Prop47
 90
       50
102
RTVSPost2010PropOp47
 70
     1
102
RTVSPost2010Prop48
 90
       50
102
RTVSPost2010PropOp48
 70
     1
102
RTVSPost2010Prop49
280
     0
102
RTVSPost2010PropOp49
 70
     1
102
RTVSPost2010Prop50
 90
       50
102
RTVSPost2010PropOp50
 70
     1
102
RTVSPost2010Prop51ColorIndex
 90
      256
102
RTVSPost2010Prop51ColorRGB
 90
-16777216
102
RTVSPost2010PropOp51
 70
     0
102
RTVSPost2010Prop52
140
1.0
102
RTVSPost2010PropOp52
 70
     0
102
RTVSPost2010Prop53
 90
        2
102
RTVSPost2010PropOp53
 70
     1
102
RTVSPost2010Prop54
  1
strokes_ogs.tif
102
RTVSPost2010PropOp54
 70
     1
102
RTVSPost2010Prop55
280
     0
102
RTVSPost2010PropOp55
 70
     1
102
RTVSPost2010Prop56
140
1.0
102
RTVSPost2010PropOp56
 70
     1
102
RTVSPost2010Prop57
140
1.0
102
RTVSPost2010PropOp57
 70
     1
  0
XRECORD
  5
AC
102
{ACAD_REACTORS
330
AB
102
}
330
AB
100
AcDbXrecord
280
     1
102
RTVSPost2010Prop28
280
     0
102
RTVSPost2010PropOp28
 70
     1
102
RTVSPost2010Prop29
280
     1
102
RTVSPost2010PropOp29
 70
     1
102
RTVSPost2010Prop30
280
     1
102
RTVSPost2010PropOp30
 70
     1
102
RTVSPost2010Prop31
280
     0
102
RTVSPost2010PropOp31
 70
     1
102
RTVSPost2010Prop32
280
     0
102
RTVSPost2010PropOp32
 70
     1
102
RTVSPost2010Prop33
280
     0
102
RTVSPost2010PropOp33
 70
     1
102
RTVSPost2010Prop34
280
     0
102
RTVSPost2010PropOp34
 70
     1
102
RTVSPost2010Prop35
280
     0
102
RTVSPost2010PropOp35
 70
     1
102
RTVSPost2010Prop36
280
     0
102
RTVSPost2010PropOp36
 70
     1
102
RTVSPost2010Prop37
 90
       50
102
RTVSPost2010PropOp37
 70
     1
102
RTVSPost2010Prop38
140
0.0
102
RTVSPost2010PropOp38
 70
     1
102
RTVSPost2010Prop39
140
1.0
102
RTVSPost2010PropOp39
 70
     1
102
RTVSPost2010Prop40
 90
        0
102
RTVSPost2010PropOp40
 70
     1
102
RTVSPost2010Prop41ColorIndex
 90
       18
102
RTVSPost2010Prop41ColorRGB
 90
        0
102
RTVSPost2010PropOp41
 70
     1
102
RTVSPost2010Prop42
 90
       50
102
RTVSPost2010PropOp42
 70
     1
102
RTVSPost2010Prop43
 90
        3
102
RTVSPost2010PropOp43
 70
     1
102
RTVSPost2010Prop44ColorIndex
 90
        5
102
RTVSPost2010Prop44ColorRGB
 90
      255
102
RTVSPost2010PropOp44
 70
     1
102
RTVSPost2010Prop45
280
     0
102
RTVSPost2010PropOp45
 70
     1
102
RTVSPost2010Prop46
 90
       50
102
RTVSPost2010PropOp46
 70
     1
102
RTVSPost2010Prop47
 90
       50
102
RTVSPost2010PropOp47
 70
     1
102
RTVSPost2010Prop48
 90
       50
102
RTVSPost2010PropOp48
 70
     1
102
RTVSPost2010Prop49
280
     0
102
RTVSPost2010PropOp49
 70
     1
102
RTVSPost2010Prop50
 90
       50
102
RTVSPost2010PropOp50
 70
     1
102
RTVSPost2010Prop51ColorIndex
 90
      256
102
RTVSPost2010Prop51ColorRGB
 90
-16777216
102
RTVSPost2010PropOp51
 70
     0
102
RTVSPost2010Prop52
140
1.0
102
RTVSPost2010PropOp52
 70
     0
102
RTVSPost2010Prop53
 90
        2
102
RTVSPost2010PropOp53
 70
     1
102
RTVSPost2010Prop54
  1
strokes_ogs.tif
102
RTVSPost2010PropOp54
 70
     1
102
RTVSPost2010Prop55
280
     0
102
RTVSPost2010PropOp55
 70
     1
102
RTVSPost2010Prop56
140
1.0
102
RTVSPost2010PropOp56
 70
     1
102
RTVSPost2010Prop57
140
1.0
102
RTVSPost2010PropOp57
 70
     1
  0
XRECORD
  5
AE
102
{ACAD_REACTORS
330
AD
102
}
330
AD
100
AcDbXrecord
280
     1
102
RTVSPost2010Prop28
280
     0
102
RTVSPost2010PropOp28
 70
     1
102
RTVSPost2010Prop29
280
     1
102
RTVSPost2010PropOp29
 70
     1
102
RTVSPost2010Prop30
280
     1
102
RTVSPost2010PropOp30
 70
     1
102
RTVSPost2010Prop31
280
     0
102
RTVSPost2010PropOp31
 70
     1
102
RTVSPost2010Prop32
280
     0
102
RTVSPost2010PropOp32
 70
     1
102
RTVSPost2010Prop33
280
     0
102
RTVSPost2010PropOp33
 70
     1
102
RTVSPost2010Prop34
280
     0
102
RTVSPost2010PropOp34
 70
     1
102
RTVSPost2010Prop35
280
     0
102
RTVSPost2010PropOp35
 70
     1
102
RTVSPost2010Prop36
280
     0
102
RTVSPost2010PropOp36
 70
     1
102
RTVSPost2010Prop37
 90
       50
102
RTVSPost2010PropOp37
 70
     1
102
RTVSPost2010Prop38
140
0.0
102
RTVSPost2010PropOp38
 70
     1
102
RTVSPost2010Prop39
140
1.0
102
RTVSPost2010PropOp39
 70
     1
102
RTVSPost2010Prop40
 90
        0
102
RTVSPost2010PropOp40
 70
     1
102
RTVSPost2010Prop41ColorIndex
 90
       18
102
RTVSPost2010Prop41ColorRGB
 90
        0
102
RTVSPost2010PropOp41
 70
     1
102
RTVSPost2010Prop42
 90
       50
102
RTVSPost2010PropOp42
 70
     1
102
RTVSPost2010Prop43
 90
        3
102
RTVSPost2010PropOp43
 70
     1
102
RTVSPost2010Prop44ColorIndex
 90
        5
102
RTVSPost2010Prop44ColorRGB
 90
      255
102
RTVSPost2010PropOp44
 70
     1
102
RTVSPost2010Prop45
280
     0
102
RTVSPost2010PropOp45
 70
     1
102
RTVSPost2010Prop46
 90
       50
102
RTVSPost2010PropOp46
 70
     1
102
RTVSPost2010Prop47
 90
       50
102
RTVSPost2010PropOp47
 70
     1
102
RTVSPost2010Prop48
 90
       50
102
RTVSPost2010PropOp48
 70
     1
102
RTVSPost2010Prop49
280
     0
102
RTVSPost2010PropOp49
 70
     1
102
RTVSPost2010Prop50
 90
       50
102
RTVSPost2010PropOp50
 70
     1
102
RTVSPost2010Prop51ColorIndex
 90
      256
102
RTVSPost2010Prop51ColorRGB
 90
-16777216
102
RTVSPost2010PropOp51
 70
     0
102
RTVSPost2010Prop52
140
1.0
102
RTVSPost2010PropOp52
 70
     0
102
RTVSPost2010Prop53
 90
        2
102
RTVSPost2010PropOp53
 70
     1
102
RTVSPost2010Prop54
  1
strokes_ogs.tif
102
RTVSPost2010PropOp54
 70
     1
102
RTVSPost2010Prop55
280
     0
102
RTVSPost2010PropOp55
 70
     1
102
RTVSPost2010Prop56
140
1.0
102
RTVSPost2010PropOp56
 70
     1
102
RTVSPost2010Prop57
140
1.0
102
RTVSPost2010PropOp57
 70
     1
  0
XRECORD
  5
BE
102
{ACAD_REACTORS
330
BD
102
}
330
BD
100
AcDbXrecord
280
     1
102
RTVSPost2010Prop28
280
     0
102
RTVSPost2010PropOp28
 70
     0
102
RTVSPost2010Prop29
280
     1
102
RTVSPost2010PropOp29
 70
     0
102
RTVSPost2010Prop30
280
     1
102
RTVSPost2010PropOp30
 70
     0
102
RTVSPost2010Prop31
280
     0
102
RTVSPost2010PropOp31
 70
     0
102
RTVSPost2010Prop32
280
     0
102
RTVSPost2010PropOp32
 70
     0
102
RTVSPost2010Prop33
280
     0
102
RTVSPost2010PropOp33
 70
     0
102
RTVSPost2010Prop34
280
     0
102
RTVSPost2010PropOp34
 70
     0
102
RTVSPost2010Prop35
280
     0
102
RTVSPost2010PropOp35
 70
     0
102
RTVSPost2010Prop36
280
     0
102
RTVSPost2010PropOp36
 70
     0
102
RTVSPost2010Prop37
 90
       50
102
RTVSPost2010PropOp37
 70
     0
102
RTVSPost2010Prop38
140
0.0
102
RTVSPost2010PropOp38
 70
     0
102
RTVSPost2010Prop39
140
1.0
102
RTVSPost2010PropOp39
 70
     0
102
RTVSPost2010Prop40
 90
        0
102
RTVSPost2010PropOp40
 70
     0
102
RTVSPost2010Prop41ColorIndex
 90
       18
102
RTVSPost2010Prop41ColorRGB
 90
        0
102
RTVSPost2010PropOp41
 70
     0
102
RTVSPost2010Prop42
 90
       50
102
RTVSPost2010PropOp42
 70
     0
102
RTVSPost2010Prop43
 90
        3
102
RTVSPost2010PropOp43
 70
     0
102
RTVSPost2010Prop44ColorIndex
 90
        5
102
RTVSPost2010Prop44ColorRGB
 90
      255
102
RTVSPost2010PropOp44
 70
     0
102
RTVSPost2010Prop45
280
     0
102
RTVSPost2010PropOp45
 70
     0
102
RTVSPost2010Prop46
 90
       50
102
RTVSPost2010PropOp46
 70
     0
102
RTVSPost2010Prop47
 90
       50
102
RTVSPost2010PropOp47
 70
     0
102
RTVSPost2010Prop48
 90
       50
102
RTVSPost2010PropOp48
 70
     0
102
RTVSPost2010Prop49
280
     0
102
RTVSPost2010PropOp49
 70
     0
102
RTVSPost2010Prop50
 90
       50
102
RTVSPost2010PropOp50
 70
     0
102
RTVSPost2010Prop51ColorIndex
 90
      256
102
RTVSPost2010Prop51ColorRGB
 90
-16777216
102
RTVSPost2010PropOp51
 70
     0
102
RTVSPost2010Prop52
140
1.0
102
RTVSPost2010PropOp52
 70
     0
102
RTVSPost2010Prop53
 90
        2
102
RTVSPost2010PropOp53
 70
     0
102
RTVSPost2010Prop54
  1
strokes_ogs.tif
102
RTVSPost2010PropOp54
 70
     0
102
RTVSPost2010Prop55
280
     0
102
RTVSPost2010PropOp55
 70
     0
102
RTVSPost2010Prop56
140
1.0
102
RTVSPost2010PropOp56
 70
     0
102
RTVSPost2010Prop57
140
1.0
102
RTVSPost2010PropOp57
 70
     0
  0
XRECORD
  5
B6
102
{ACAD_REACTORS
330
B5
102
}
330
B5
100
AcDbXrecord
280
     1
102
RTVSPost2010Prop28
280
     0
102
RTVSPost2010PropOp28
 70
     1
102
RTVSPost2010Prop29
280
     1
102
RTVSPost2010PropOp29
 70
     1
102
RTVSPost2010Prop30
280
     1
102
RTVSPost2010PropOp30
 70
     1
102
RTVSPost2010Prop31
280
     0
102
RTVSPost2010PropOp31
 70
     1
102
RTVSPost2010Prop32
280
     0
102
RTVSPost2010PropOp32
 70
     1
102
RTVSPost2010Prop33
280
     0
102
RTVSPost2010PropOp33
 70
     1
102
RTVSPost2010Prop34
280
     0
102
RTVSPost2010PropOp34
 70
     1
102
RTVSPost2010Prop35
280
     0
102
RTVSPost2010PropOp35
 70
     1
102
RTVSPost2010Prop36
280
     0
102
RTVSPost2010PropOp36
 70
     1
102
RTVSPost2010Prop37
 90
       50
102
RTVSPost2010PropOp37
 70
     1
102
RTVSPost2010Prop38
140
0.0
102
RTVSPost2010PropOp38
 70
     1
102
RTVSPost2010Prop39
140
1.0
102
RTVSPost2010PropOp39
 70
     1
102
RTVSPost2010Prop40
 90
        0
102
RTVSPost2010PropOp40
 70
     1
102
RTVSPost2010Prop41ColorIndex
 90
       18
102
RTVSPost2010Prop41ColorRGB
 90
        0
102
RTVSPost2010PropOp41
 70
     1
102
RTVSPost2010Prop42
 90
       50
102
RTVSPost2010PropOp42
 70
     1
102
RTVSPost2010Prop43
 90
        3
102
RTVSPost2010PropOp43
 70
     1
102
RTVSPost2010Prop44ColorIndex
 90
        5
102
RTVSPost2010Prop44ColorRGB
 90
      255
102
RTVSPost2010PropOp44
 70
     1
102
RTVSPost2010Prop45
280
     0
102
RTVSPost2010PropOp45
 70
     1
102
RTVSPost2010Prop46
 90
       50
102
RTVSPost2010PropOp46
 70
     1
102
RTVSPost2010Prop47
 90
       50
102
RTVSPost2010PropOp47
 70
     1
102
RTVSPost2010Prop48
 90
       50
102
RTVSPost2010PropOp48
 70
     1
102
RTVSPost2010Prop49
280
     0
102
RTVSPost2010PropOp49
 70
     1
102
RTVSPost2010Prop50
 90
       50
102
RTVSPost2010PropOp50
 70
     1
102
RTVSPost2010Prop51ColorIndex
 90
      256
102
RTVSPost2010Prop51ColorRGB
 90
-16777216
102
RTVSPost2010PropOp51
 70
     0
102
RTVSPost2010Prop52
140
1.0
102
RTVSPost2010PropOp52
 70
     0
102
RTVSPost2010Prop53
 90
        2
102
RTVSPost2010PropOp53
 70
     1
102
RTVSPost2010Prop54
  1
strokes_ogs.tif
102
RTVSPost2010PropOp54
 70
     1
102
RTVSPost2010Prop55
280
     0
102
RTVSPost2010PropOp55
 70
     1
102
RTVSPost2010Prop56
140
1.0
102
RTVSPost2010PropOp56
 70
     1
102
RTVSPost2010Prop57
140
1.0
102
RTVSPost2010PropOp57
 70
     1
  0
XRECORD
  5
9A
102
{ACAD_REACTORS
330
99
102
}
330
99
100
AcDbXrecord
280
     1
102
RTVSPost2010Prop28
280
     0
102
RTVSPost2010PropOp28
 70
     1
102
RTVSPost2010Prop29
280
     1
102
RTVSPost2010PropOp29
 70
     1
102
RTVSPost2010Prop30
280
     1
102
RTVSPost2010PropOp30
 70
     1
102
RTVSPost2010Prop31
280
     0
102
RTVSPost2010PropOp31
 70
     1
102
RTVSPost2010Prop32
280
     0
102
RTVSPost2010PropOp32
 70
     1
102
RTVSPost2010Prop33
280
     0
102
RTVSPost2010PropOp33
 70
     1
102
RTVSPost2010Prop34
280
     0
102
RTVSPost2010PropOp34
 70
     1
102
RTVSPost2010Prop35
280
     0
102
RTVSPost2010PropOp35
 70
     1
102
RTVSPost2010Prop36
280
     0
102
RTVSPost2010PropOp36
 70
     1
102
RTVSPost2010Prop37
 90
       50
102
RTVSPost2010PropOp37
 70
     1
102
RTVSPost2010Prop38
140
0.0
102
RTVSPost2010PropOp38
 70
     1
102
RTVSPost2010Prop39
140
1.0
102
RTVSPost2010PropOp39
 70
     1
102
RTVSPost2010Prop40
 90
        0
102
RTVSPost2010PropOp40
 70
     1
102
RTVSPost2010Prop41ColorIndex
 90
       18
102
RTVSPost2010Prop41ColorRGB
 90
        0
102
RTVSPost2010PropOp41
 70
     1
102
RTVSPost2010Prop42
 90
       50
102
RTVSPost2010PropOp42
 70
     1
102
RTVSPost2010Prop43
 90
        3
102
RTVSPost2010PropOp43
 70
     1
102
RTVSPost2010Prop44ColorIndex
 90
        5
102
RTVSPost2010Prop44ColorRGB
 90
      255
102
RTVSPost2010PropOp44
 70
     1
102
RTVSPost2010Prop45
280
     0
102
RTVSPost2010PropOp45
 70
     1
102
RTVSPost2010Prop46
 90
       50
102
RTVSPost2010PropOp46
 70
     1
102
RTVSPost2010Prop47
 90
       50
102
RTVSPost2010PropOp47
 70
     1
102
RTVSPost2010Prop48
 90
       50
102
RTVSPost2010PropOp48
 70
     1
102
RTVSPost2010Prop49
280
     0
102
RTVSPost2010PropOp49
 70
     1
102
RTVSPost2010Prop50
 90
       50
102
RTVSPost2010PropOp50
 70
     1
102
RTVSPost2010Prop51ColorIndex
 90
      256
102
RTVSPost2010Prop51ColorRGB
 90
-16777216
102
RTVSPost2010PropOp51
 70
     0
102
RTVSPost2010Prop52
140
1.0
102
RTVSPost2010PropOp52
 70
     0
102
RTVSPost2010Prop53
 90
        2
102
RTVSPost2010PropOp53
 70
     1
102
RTVSPost2010Prop54
  1
strokes_ogs.tif
102
RTVSPost2010PropOp54
 70
     1
102
RTVSPost2010Prop55
280
     0
102
RTVSPost2010PropOp55
 70
     1
102
RTVSPost2010Prop56
140
1.0
102
RTVSPost2010PropOp56
 70
     1
102
RTVSPost2010Prop57
140
1.0
102
RTVSPost2010PropOp57
 70
     1
  0
XRECORD
  5
9C
102
{ACAD_REACTORS
330
9B
102
}
330
9B
100
AcDbXrecord
280
     1
102
RTVSPost2010Prop28
280
     0
102
RTVSPost2010PropOp28
 70
     1
102
RTVSPost2010Prop29
280
     1
102
RTVSPost2010PropOp29
 70
     1
102
RTVSPost2010Prop30
280
     1
102
RTVSPost2010PropOp30
 70
     1
102
RTVSPost2010Prop31
280
     0
102
RTVSPost2010PropOp31
 70
     1
102
RTVSPost2010Prop32
280
     0
102
RTVSPost2010PropOp32
 70
     1
102
RTVSPost2010Prop33
280
     0
102
RTVSPost2010PropOp33
 70
     1
102
RTVSPost2010Prop34
280
     0
102
RTVSPost2010PropOp34
 70
     1
102
RTVSPost2010Prop35
280
     0
102
RTVSPost2010PropOp35
 70
     1
102
RTVSPost2010Prop36
280
     0
102
RTVSPost2010PropOp36
 70
     1
102
RTVSPost2010Prop37
 90
       50
102
RTVSPost2010PropOp37
 70
     1
102
RTVSPost2010Prop38
140
0.0
102
RTVSPost2010PropOp38
 70
     1
102
RTVSPost2010Prop39
140
1.0
102
RTVSPost2010PropOp39
 70
     1
102
RTVSPost2010Prop40
 90
        0
102
RTVSPost2010PropOp40
 70
     1
102
RTVSPost2010Prop41ColorIndex
 90
       18
102
RTVSPost2010Prop41ColorRGB
 90
        0
102
RTVSPost2010PropOp41
 70
     1
102
RTVSPost2010Prop42
 90
       50
102
RTVSPost2010PropOp42
 70
     1
102
RTVSPost2010Prop43
 90
        3
102
RTVSPost2010PropOp43
 70
     1
102
RTVSPost2010Prop44ColorIndex
 90
        5
102
RTVSPost2010Prop44ColorRGB
 90
      255
102
RTVSPost2010PropOp44
 70
     1
102
RTVSPost2010Prop45
280
     0
102
RTVSPost2010PropOp45
 70
     1
102
RTVSPost2010Prop46
 90
       50
102
RTVSPost2010PropOp46
 70
     1
102
RTVSPost2010Prop47
 90
       50
102
RTVSPost2010PropOp47
 70
     1
102
RTVSPost2010Prop48
 90
       50
102
RTVSPost2010PropOp48
 70
     1
102
RTVSPost2010Prop49
280
     0
102
RTVSPost2010PropOp49
 70
     1
102
RTVSPost2010Prop50
 90
       50
102
RTVSPost2010PropOp50
 70
     1
102
RTVSPost2010Prop51ColorIndex
 90
      256
102
RTVSPost2010Prop51ColorRGB
 90
-16777216
102
RTVSPost2010PropOp51
 70
     0
102
RTVSPost2010Prop52
140
1.0
102
RTVSPost2010PropOp52
 70
     0
102
RTVSPost2010Prop53
 90
        2
102
RTVSPost2010PropOp53
 70
     1
102
RTVSPost2010Prop54
  1
strokes_ogs.tif
102
RTVSPost2010PropOp54
 70
     1
102
RTVSPost2010Prop55
280
     0
102
RTVSPost2010PropOp55
 70
     1
102
RTVSPost2010Prop56
140
1.0
102
RTVSPost2010PropOp56
 70
     1
102
RTVSPost2010Prop57
140
1.0
102
RTVSPost2010PropOp57
 70
     1
  0
XRECORD
  5
9E
102
{ACAD_REACTORS
330
9D
102
}
330
9D
100
AcDbXrecord
280
     1
102
RTVSPost2010Prop28
280
     0
102
RTVSPost2010PropOp28
 70
     1
102
RTVSPost2010Prop29
280
     1
102
RTVSPost2010PropOp29
 70
     1
102
RTVSPost2010Prop30
280
     1
102
RTVSPost2010PropOp30
 70
     1
102
RTVSPost2010Prop31
280
     0
102
RTVSPost2010PropOp31
 70
     1
102
RTVSPost2010Prop32
280
     0
102
RTVSPost2010PropOp32
 70
     1
102
RTVSPost2010Prop33
280
     0
102
RTVSPost2010PropOp33
 70
     1
102
RTVSPost2010Prop34
280
     0
102
RTVSPost2010PropOp34
 70
     1
102
RTVSPost2010Prop35
280
     0
102
RTVSPost2010PropOp35
 70
     1
102
RTVSPost2010Prop36
280
     0
102
RTVSPost2010PropOp36
 70
     1
102
RTVSPost2010Prop37
 90
       50
102
RTVSPost2010PropOp37
 70
     1
102
RTVSPost2010Prop38
140
0.0
102
RTVSPost2010PropOp38
 70
     1
102
RTVSPost2010Prop39
140
1.0
102
RTVSPost2010PropOp39
 70
     1
102
RTVSPost2010Prop40
 90
        0
102
RTVSPost2010PropOp40
 70
     1
102
RTVSPost2010Prop41ColorIndex
 90
       18
102
RTVSPost2010Prop41ColorRGB
 90
        0
102
RTVSPost2010PropOp41
 70
     1
102
RTVSPost2010Prop42
 90
       50
102
RTVSPost2010PropOp42
 70
     1
102
RTVSPost2010Prop43
 90
        3
102
RTVSPost2010PropOp43
 70
     1
102
RTVSPost2010Prop44ColorIndex
 90
        5
102
RTVSPost2010Prop44ColorRGB
 90
      255
102
RTVSPost2010PropOp44
 70
     1
102
RTVSPost2010Prop45
280
     0
102
RTVSPost2010PropOp45
 70
     1
102
RTVSPost2010Prop46
 90
       50
102
RTVSPost2010PropOp46
 70
     1
102
RTVSPost2010Prop47
 90
       50
102
RTVSPost2010PropOp47
 70
     1
102
RTVSPost2010Prop48
 90
       50
102
RTVSPost2010PropOp48
 70
     1
102
RTVSPost2010Prop49
280
     0
102
RTVSPost2010PropOp49
 70
     1
102
RTVSPost2010Prop50
 90
       50
102
RTVSPost2010PropOp50
 70
     1
102
RTVSPost2010Prop51ColorIndex
 90
      256
102
RTVSPost2010Prop51ColorRGB
 90
-16777216
102
RTVSPost2010PropOp51
 70
     0
102
RTVSPost2010Prop52
140
1.0
102
RTVSPost2010PropOp52
 70
     0
102
RTVSPost2010Prop53
 90
        2
102
RTVSPost2010PropOp53
 70
     1
102
RTVSPost2010Prop54
  1
strokes_ogs.tif
102
RTVSPost2010PropOp54
 70
     1
102
RTVSPost2010Prop55
280
     0
102
RTVSPost2010PropOp55
 70
     1
102
RTVSPost2010Prop56
140
1.0
102
RTVSPost2010PropOp56
 70
     1
102
RTVSPost2010Prop57
140
1.0
102
RTVSPost2010PropOp57
 70
     1
  0
XRECORD
  5
A0
102
{ACAD_REACTORS
330
9F
102
}
330
9F
100
AcDbXrecord
280
     1
102
RTVSPost2010Prop28
280
     0
102
RTVSPost2010PropOp28
 70
     1
102
RTVSPost2010Prop29
280
     1
102
RTVSPost2010PropOp29
 70
     1
102
RTVSPost2010Prop30
280
     1
102
RTVSPost2010PropOp30
 70
     1
102
RTVSPost2010Prop31
280
     0
102
RTVSPost2010PropOp31
 70
     1
102
RTVSPost2010Prop32
280
     0
102
RTVSPost2010PropOp32
 70
     1
102
RTVSPost2010Prop33
280
     0
102
RTVSPost2010PropOp33
 70
     1
102
RTVSPost2010Prop34
280
     0
102
RTVSPost2010PropOp34
 70
     1
102
RTVSPost2010Prop35
280
     0
102
RTVSPost2010PropOp35
 70
     1
102
RTVSPost2010Prop36
280
     0
102
RTVSPost2010PropOp36
 70
     1
102
RTVSPost2010Prop37
 90
       50
102
RTVSPost2010PropOp37
 70
     1
102
RTVSPost2010Prop38
140
0.0
102
RTVSPost2010PropOp38
 70
     1
102
RTVSPost2010Prop39
140
1.0
102
RTVSPost2010PropOp39
 70
     1
102
RTVSPost2010Prop40
 90
        0
102
RTVSPost2010PropOp40
 70
     1
102
RTVSPost2010Prop41ColorIndex
 90
       18
102
RTVSPost2010Prop41ColorRGB
 90
        0
102
RTVSPost2010PropOp41
 70
     1
102
RTVSPost2010Prop42
 90
       50
102
RTVSPost2010PropOp42
 70
     1
102
RTVSPost2010Prop43
 90
        3
102
RTVSPost2010PropOp43
 70
     1
102
RTVSPost2010Prop44ColorIndex
 90
        5
102
RTVSPost2010Prop44ColorRGB
 90
      255
102
RTVSPost2010PropOp44
 70
     1
102
RTVSPost2010Prop45
280
     0
102
RTVSPost2010PropOp45
 70
     1
102
RTVSPost2010Prop46
 90
       50
102
RTVSPost2010PropOp46
 70
     1
102
RTVSPost2010Prop47
 90
       50
102
RTVSPost2010PropOp47
 70
     1
102
RTVSPost2010Prop48
 90
       50
102
RTVSPost2010PropOp48
 70
     1
102
RTVSPost2010Prop49
280
     0
102
RTVSPost2010PropOp49
 70
     1
102
RTVSPost2010Prop50
 90
       50
102
RTVSPost2010PropOp50
 70
     1
102
RTVSPost2010Prop51ColorIndex
 90
      256
102
RTVSPost2010Prop51ColorRGB
 90
-16777216
102
RTVSPost2010PropOp51
 70
     0
102
RTVSPost2010Prop52
140
1.0
102
RTVSPost2010PropOp52
 70
     0
102
RTVSPost2010Prop53
 90
        2
102
RTVSPost2010PropOp53
 70
     1
102
RTVSPost2010Prop54
  1
strokes_ogs.tif
102
RTVSPost2010PropOp54
 70
     1
102
RTVSPost2010Prop55
280
     0
102
RTVSPost2010PropOp55
 70
     1
102
RTVSPost2010Prop56
140
1.0
102
RTVSPost2010PropOp56
 70
     1
102
RTVSPost2010Prop57
140
1.0
102
RTVSPost2010PropOp57
 70
     1
  0
XRECORD
  5
A6
102
{ACAD_REACTORS
330
A5
102
}
330
A5
100
AcDbXrecord
280
     1
102
RTVSPost2010Prop28
280
     0
102
RTVSPost2010PropOp28
 70
     1
102
RTVSPost2010Prop29
280
     1
102
RTVSPost2010PropOp29
 70
     1
102
RTVSPost2010Prop30
280
     1
102
RTVSPost2010PropOp30
 70
     1
102
RTVSPost2010Prop31
280
     0
102
RTVSPost2010PropOp31
 70
     1
102
RTVSPost2010Prop32
280
     0
102
RTVSPost2010PropOp32
 70
     1
102
RTVSPost2010Prop33
280
     0
102
RTVSPost2010PropOp33
 70
     1
102
RTVSPost2010Prop34
280
     0
102
RTVSPost2010PropOp34
 70
     1
102
RTVSPost2010Prop35
280
     0
102
RTVSPost2010PropOp35
 70
     1
102
RTVSPost2010Prop36
280
     0
102
RTVSPost2010PropOp36
 70
     1
102
RTVSPost2010Prop37
 90
       50
102
RTVSPost2010PropOp37
 70
     1
102
RTVSPost2010Prop38
140
0.0
102
RTVSPost2010PropOp38
 70
     1
102
RTVSPost2010Prop39
140
1.0
102
RTVSPost2010PropOp39
 70
     1
102
RTVSPost2010Prop40
 90
        0
102
RTVSPost2010PropOp40
 70
     1
102
RTVSPost2010Prop41ColorIndex
 90
       18
102
RTVSPost2010Prop41ColorRGB
 90
        0
102
RTVSPost2010PropOp41
 70
     1
102
RTVSPost2010Prop42
 90
       50
102
RTVSPost2010PropOp42
 70
     1
102
RTVSPost2010Prop43
 90
        3
102
RTVSPost2010PropOp43
 70
     1
102
RTVSPost2010Prop44ColorIndex
 90
        5
102
RTVSPost2010Prop44ColorRGB
 90
      255
102
RTVSPost2010PropOp44
 70
     1
102
RTVSPost2010Prop45
280
     0
102
RTVSPost2010PropOp45
 70
     1
102
RTVSPost2010Prop46
 90
       50
102
RTVSPost2010PropOp46
 70
     1
102
RTVSPost2010Prop47
 90
       50
102
RTVSPost2010PropOp47
 70
     1
102
RTVSPost2010Prop48
 90
       50
102
RTVSPost2010PropOp48
 70
     1
102
RTVSPost2010Prop49
280
     0
102
RTVSPost2010PropOp49
 70
     1
102
RTVSPost2010Prop50
 90
       50
102
RTVSPost2010PropOp50
 70
     1
102
RTVSPost2010Prop51ColorIndex
 90
      256
102
RTVSPost2010Prop51ColorRGB
 90
-16777216
102
RTVSPost2010PropOp51
 70
     0
102
RTVSPost2010Prop52
140
1.0
102
RTVSPost2010PropOp52
 70
     0
102
RTVSPost2010Prop53
 90
        2
102
RTVSPost2010PropOp53
 70
     1
102
RTVSPost2010Prop54
  1
strokes_ogs.tif
102
RTVSPost2010PropOp54
 70
     1
102
RTVSPost2010Prop55
280
     0
102
RTVSPost2010PropOp55
 70
     1
102
RTVSPost2010Prop56
140
1.0
102
RTVSPost2010PropOp56
 70
     1
102
RTVSPost2010Prop57
140
1.0
102
RTVSPost2010PropOp57
 70
     1
  0
XRECORD
  5
BA
102
{ACAD_REACTORS
330
B9
102
}
330
B9
100
AcDbXrecord
280
     1
102
RTVSPost2010Prop28
280
     0
102
RTVSPost2010PropOp28
 70
     0
102
RTVSPost2010Prop29
280
     1
102
RTVSPost2010PropOp29
 70
     0
102
RTVSPost2010Prop30
280
     1
102
RTVSPost2010PropOp30
 70
     0
102
RTVSPost2010Prop31
280
     0
102
RTVSPost2010PropOp31
 70
     0
102
RTVSPost2010Prop32
280
     0
102
RTVSPost2010PropOp32
 70
     0
102
RTVSPost2010Prop33
280
     0
102
RTVSPost2010PropOp33
 70
     0
102
RTVSPost2010Prop34
280
     0
102
RTVSPost2010PropOp34
 70
     0
102
RTVSPost2010Prop35
280
     0
102
RTVSPost2010PropOp35
 70
     0
102
RTVSPost2010Prop36
280
     0
102
RTVSPost2010PropOp36
 70
     0
102
RTVSPost2010Prop37
 90
       50
102
RTVSPost2010PropOp37
 70
     0
102
RTVSPost2010Prop38
140
0.0
102
RTVSPost2010PropOp38
 70
     0
102
RTVSPost2010Prop39
140
1.0
102
RTVSPost2010PropOp39
 70
     0
102
RTVSPost2010Prop40
 90
        0
102
RTVSPost2010PropOp40
 70
     0
102
RTVSPost2010Prop41ColorIndex
 90
       18
102
RTVSPost2010Prop41ColorRGB
 90
        0
102
RTVSPost2010PropOp41
 70
     0
102
RTVSPost2010Prop42
 90
       50
102
RTVSPost2010PropOp42
 70
     0
102
RTVSPost2010Prop43
 90
        3
102
RTVSPost2010PropOp43
 70
     0
102
RTVSPost2010Prop44ColorIndex
 90
        5
102
RTVSPost2010Prop44ColorRGB
 90
      255
102
RTVSPost2010PropOp44
 70
     0
102
RTVSPost2010Prop45
280
     0
102
RTVSPost2010PropOp45
 70
     0
102
RTVSPost2010Prop46
 90
       50
102
RTVSPost2010PropOp46
 70
     0
102
RTVSPost2010Prop47
 90
       50
102
RTVSPost2010PropOp47
 70
     0
102
RTVSPost2010Prop48
 90
       50
102
RTVSPost2010PropOp48
 70
     0
102
RTVSPost2010Prop49
280
     0
102
RTVSPost2010PropOp49
 70
     0
102
RTVSPost2010Prop50
 90
       50
102
RTVSPost2010PropOp50
 70
     0
102
RTVSPost2010Prop51ColorIndex
 90
      256
102
RTVSPost2010Prop51ColorRGB
 90
-16777216
102
RTVSPost2010PropOp51
 70
     0
102
RTVSPost2010Prop52
140
1.0
102
RTVSPost2010PropOp52
 70
     0
102
RTVSPost2010Prop53
 90
        2
102
RTVSPost2010PropOp53
 70
     0
102
RTVSPost2010Prop54
  1
strokes_ogs.tif
102
RTVSPost2010PropOp54
 70
     0
102
RTVSPost2010Prop55
280
     0
102
RTVSPost2010PropOp55
 70
     0
102
RTVSPost2010Prop56
140
1.0
102
RTVSPost2010PropOp56
 70
     0
102
RTVSPost2010Prop57
140
1.0
102
RTVSPost2010PropOp57
 70
     0
  0
XRECORD
  5
B4
102
{ACAD_REACTORS
330
B3
102
}
330
B3
100
AcDbXrecord
280
     1
102
RTVSPost2010Prop28
280
     0
102
RTVSPost2010PropOp28
 70
     1
102
RTVSPost2010Prop29
280
     1
102
RTVSPost2010PropOp29
 70
     1
102
RTVSPost2010Prop30
280
     1
102
RTVSPost2010PropOp30
 70
     1
102
RTVSPost2010Prop31
280
     0
102
RTVSPost2010PropOp31
 70
     1
102
RTVSPost2010Prop32
280
     0
102
RTVSPost2010PropOp32
 70
     1
102
RTVSPost2010Prop33
280
     0
102
RTVSPost2010PropOp33
 70
     1
102
RTVSPost2010Prop34
280
     0
102
RTVSPost2010PropOp34
 70
     1
102
RTVSPost2010Prop35
280
     0
102
RTVSPost2010PropOp35
 70
     1
102
RTVSPost2010Prop36
280
     0
102
RTVSPost2010PropOp36
 70
     1
102
RTVSPost2010Prop37
 90
       50
102
RTVSPost2010PropOp37
 70
     1
102
RTVSPost2010Prop38
140
0.0
102
RTVSPost2010PropOp38
 70
     1
102
RTVSPost2010Prop39
140
1.0
102
RTVSPost2010PropOp39
 70
     1
102
RTVSPost2010Prop40
 90
        0
102
RTVSPost2010PropOp40
 70
     1
102
RTVSPost2010Prop41ColorIndex
 90
       18
102
RTVSPost2010Prop41ColorRGB
 90
        0
102
RTVSPost2010PropOp41
 70
     1
102
RTVSPost2010Prop42
 90
       50
102
RTVSPost2010PropOp42
 70
     1
102
RTVSPost2010Prop43
 90
        3
102
RTVSPost2010PropOp43
 70
     1
102
RTVSPost2010Prop44ColorIndex
 90
        5
102
RTVSPost2010Prop44ColorRGB
 90
      255
102
RTVSPost2010PropOp44
 70
     1
102
RTVSPost2010Prop45
280
     0
102
RTVSPost2010PropOp45
 70
     1
102
RTVSPost2010Prop46
 90
       50
102
RTVSPost2010PropOp46
 70
     1
102
RTVSPost2010Prop47
 90
       50
102
RTVSPost2010PropOp47
 70
     1
102
RTVSPost2010Prop48
 90
       50
102
RTVSPost2010PropOp48
 70
     1
102
RTVSPost2010Prop49
280
     0
102
RTVSPost2010PropOp49
 70
     1
102
RTVSPost2010Prop50
 90
       50
102
RTVSPost2010PropOp50
 70
     1
102
RTVSPost2010Prop51ColorIndex
 90
      256
102
RTVSPost2010Prop51ColorRGB
 90
-16777216
102
RTVSPost2010PropOp51
 70
     0
102
RTVSPost2010Prop52
140
1.0
102
RTVSPost2010PropOp52
 70
     0
102
RTVSPost2010Prop53
 90
        2
102
RTVSPost2010PropOp53
 70
     1
102
RTVSPost2010Prop54
  1
strokes_ogs.tif
102
RTVSPost2010PropOp54
 70
     1
102
RTVSPost2010Prop55
280
     0
102
RTVSPost2010PropOp55
 70
     1
102
RTVSPost2010Prop56
140
1.0
102
RTVSPost2010PropOp56
 70
     1
102
RTVSPost2010Prop57
140
1.0
102
RTVSPost2010PropOp57
 70
     1
  0
XRECORD
  5
BC
102
{ACAD_REACTORS
330
BB
102
}
330
BB
100
AcDbXrecord
280
     1
102
RTVSPost2010Prop28
280
     0
102
RTVSPost2010PropOp28
 70
     0
102
RTVSPost2010Prop29
280
     1
102
RTVSPost2010PropOp29
 70
     0
102
RTVSPost2010Prop30
280
     1
102
RTVSPost2010PropOp30
 70
     0
102
RTVSPost2010Prop31
280
     0
102
RTVSPost2010PropOp31
 70
     0
102
RTVSPost2010Prop32
280
     0
102
RTVSPost2010PropOp32
 70
     0
102
RTVSPost2010Prop33
280
     0
102
RTVSPost2010PropOp33
 70
     0
102
RTVSPost2010Prop34
280
     0
102
RTVSPost2010PropOp34
 70
     0
102
RTVSPost2010Prop35
280
     0
102
RTVSPost2010PropOp35
 70
     0
102
RTVSPost2010Prop36
280
     0
102
RTVSPost2010PropOp36
 70
     0
102
RTVSPost2010Prop37
 90
       50
102
RTVSPost2010PropOp37
 70
     0
102
RTVSPost2010Prop38
140
0.0
102
RTVSPost2010PropOp38
 70
     0
102
RTVSPost2010Prop39
140
1.0
102
RTVSPost2010PropOp39
 70
     0
102
RTVSPost2010Prop40
 90
        0
102
RTVSPost2010PropOp40
 70
     0
102
RTVSPost2010Prop41ColorIndex
 90
       18
102
RTVSPost2010Prop41ColorRGB
 90
        0
102
RTVSPost2010PropOp41
 70
     0
102
RTVSPost2010Prop42
 90
       50
102
RTVSPost2010PropOp42
 70
     0
102
RTVSPost2010Prop43
 90
        3
102
RTVSPost2010PropOp43
 70
     0
102
RTVSPost2010Prop44ColorIndex
 90
        5
102
RTVSPost2010Prop44ColorRGB
 90
      255
102
RTVSPost2010PropOp44
 70
     0
102
RTVSPost2010Prop45
280
     0
102
RTVSPost2010PropOp45
 70
     0
102
RTVSPost2010Prop46
 90
       50
102
RTVSPost2010PropOp46
 70
     0
102
RTVSPost2010Prop47
 90
       50
102
RTVSPost2010PropOp47
 70
     0
102
RTVSPost2010Prop48
 90
       50
102
RTVSPost2010PropOp48
 70
     0
102
RTVSPost2010Prop49
280
     0
102
RTVSPost2010PropOp49
 70
     0
102
RTVSPost2010Prop50
 90
       50
102
RTVSPost2010PropOp50
 70
     0
102
RTVSPost2010Prop51ColorIndex
 90
      256
102
RTVSPost2010Prop51ColorRGB
 90
-16777216
102
RTVSPost2010PropOp51
 70
     0
102
RTVSPost2010Prop52
140
1.0
102
RTVSPost2010PropOp52
 70
     0
102
RTVSPost2010Prop53
 90
        2
102
RTVSPost2010PropOp53
 70
     0
102
RTVSPost2010Prop54
  1
strokes_ogs.tif
102
RTVSPost2010PropOp54
 70
     0
102
RTVSPost2010Prop55
280
     0
102
RTVSPost2010PropOp55
 70
     0
102
RTVSPost2010Prop56
140
1.0
102
RTVSPost2010PropOp56
 70
     0
102
RTVSPost2010Prop57
140
1.0
102
RTVSPost2010PropOp57
 70
     0
  0
XRECORD
  5
AA
102
{ACAD_REACTORS
330
A9
102
}
330
A9
100
AcDbXrecord
280
     1
102
RTVSPost2010Prop28
280
     0
102
RTVSPost2010PropOp28
 70
     1
102
RTVSPost2010Prop29
280
     1
102
RTVSPost2010PropOp29
 70
     1
102
RTVSPost2010Prop30
280
     1
102
RTVSPost2010PropOp30
 70
     1
102
RTVSPost2010Prop31
280
     0
102
RTVSPost2010PropOp31
 70
     1
102
RTVSPost2010Prop32
280
     0
102
RTVSPost2010PropOp32
 70
     1
102
RTVSPost2010Prop33
280
     0
102
RTVSPost2010PropOp33
 70
     1
102
RTVSPost2010Prop34
280
     0
102
RTVSPost2010PropOp34
 70
     1
102
RTVSPost2010Prop35
280
     0
102
RTVSPost2010PropOp35
 70
     1
102
RTVSPost2010Prop36
280
     0
102
RTVSPost2010PropOp36
 70
     1
102
RTVSPost2010Prop37
 90
       50
102
RTVSPost2010PropOp37
 70
     1
102
RTVSPost2010Prop38
140
0.0
102
RTVSPost2010PropOp38
 70
     1
102
RTVSPost2010Prop39
140
1.0
102
RTVSPost2010PropOp39
 70
     1
102
RTVSPost2010Prop40
 90
        0
102
RTVSPost2010PropOp40
 70
     1
102
RTVSPost2010Prop41ColorIndex
 90
       18
102
RTVSPost2010Prop41ColorRGB
 90
        0
102
RTVSPost2010PropOp41
 70
     1
102
RTVSPost2010Prop42
 90
       50
102
RTVSPost2010PropOp42
 70
     1
102
RTVSPost2010Prop43
 90
        3
102
RTVSPost2010PropOp43
 70
     1
102
RTVSPost2010Prop44ColorIndex
 90
        5
102
RTVSPost2010Prop44ColorRGB
 90
      255
102
RTVSPost2010PropOp44
 70
     1
102
RTVSPost2010Prop45
280
     0
102
RTVSPost2010PropOp45
 70
     1
102
RTVSPost2010Prop46
 90
       50
102
RTVSPost2010PropOp46
 70
     1
102
RTVSPost2010Prop47
 90
       50
102
RTVSPost2010PropOp47
 70
     1
102
RTVSPost2010Prop48
 90
       50
102
RTVSPost2010PropOp48
 70
     1
102
RTVSPost2010Prop49
280
     0
102
RTVSPost2010PropOp49
 70
     1
102
RTVSPost2010Prop50
 90
       50
102
RTVSPost2010PropOp50
 70
     1
102
RTVSPost2010Prop51ColorIndex
 90
      256
102
RTVSPost2010Prop51ColorRGB
 90
-16777216
102
RTVSPost2010PropOp51
 70
     0
102
RTVSPost2010Prop52
140
1.0
102
RTVSPost2010PropOp52
 70
     0
102
RTVSPost2010Prop53
 90
        2
102
RTVSPost2010PropOp53
 70
     1
102
RTVSPost2010Prop54
  1
strokes_ogs.tif
102
RTVSPost2010PropOp54
 70
     1
102
RTVSPost2010Prop55
280
     0
102
RTVSPost2010PropOp55
 70
     1
102
RTVSPost2010Prop56
140
1.0
102
RTVSPost2010PropOp56
 70
     1
102
RTVSPost2010Prop57
140
1.0
102
RTVSPost2010PropOp57
 70
     1
  0
XRECORD
  5
C8
102
{ACAD_REACTORS
330
C7
102
}
330
C7
100
AcDbXrecord
280
     1
102
RTVSPost2010Prop28
280
     0
102
RTVSPost2010PropOp28
 70
     1
102
RTVSPost2010Prop29
280
     1
102
RTVSPost2010PropOp29
 70
     1
102
RTVSPost2010Prop30
280
     1
102
RTVSPost2010PropOp30
 70
     1
102
RTVSPost2010Prop31
280
     0
102
RTVSPost2010PropOp31
 70
     1
102
RTVSPost2010Prop32
280
     0
102
RTVSPost2010PropOp32
 70
     1
102
RTVSPost2010Prop33
280
     0
102
RTVSPost2010PropOp33
 70
     1
102
RTVSPost2010Prop34
280
     0
102
RTVSPost2010PropOp34
 70
     1
102
RTVSPost2010Prop35
280
     0
102
RTVSPost2010PropOp35
 70
     1
102
RTVSPost2010Prop36
280
     0
102
RTVSPost2010PropOp36
 70
     1
102
RTVSPost2010Prop37
 90
       50
102
RTVSPost2010PropOp37
 70
     1
102
RTVSPost2010Prop38
140
0.0
102
RTVSPost2010PropOp38
 70
     1
102
RTVSPost2010Prop39
140
1.0
102
RTVSPost2010PropOp39
 70
     1
102
RTVSPost2010Prop40
 90
        0
102
RTVSPost2010PropOp40
 70
     1
102
RTVSPost2010Prop41ColorIndex
 90
       18
102
RTVSPost2010Prop41ColorRGB
 90
        0
102
RTVSPost2010PropOp41
 70
     1
102
RTVSPost2010Prop42
 90
       50
102
RTVSPost2010PropOp42
 70
     1
102
RTVSPost2010Prop43
 90
        3
102
RTVSPost2010PropOp43
 70
     1
102
RTVSPost2010Prop44ColorIndex
 90
        5
102
RTVSPost2010Prop44ColorRGB
 90
      255
102
RTVSPost2010PropOp44
 70
     1
102
RTVSPost2010Prop45
280
     0
102
RTVSPost2010PropOp45
 70
     1
102
RTVSPost2010Prop46
 90
       50
102
RTVSPost2010PropOp46
 70
     1
102
RTVSPost2010Prop47
 90
       50
102
RTVSPost2010PropOp47
 70
     1
102
RTVSPost2010Prop48
 90
       50
102
RTVSPost2010PropOp48
 70
     1
102
RTVSPost2010Prop49
280
     0
102
RTVSPost2010PropOp49
 70
     1
102
RTVSPost2010Prop50
 90
       50
102
RTVSPost2010PropOp50
 70
     1
102
RTVSPost2010Prop51ColorIndex
 90
      256
102
RTVSPost2010Prop51ColorRGB
 90
-16777216
102
RTVSPost2010PropOp51
 70
     0
102
RTVSPost2010Prop52
140
1.0
102
RTVSPost2010PropOp52
 70
     0
102
RTVSPost2010Prop53
 90
        2
102
RTVSPost2010PropOp53
 70
     1
102
RTVSPost2010Prop54
  1
strokes_ogs.tif
102
RTVSPost2010PropOp54
 70
     1
102
RTVSPost2010Prop55
280
     0
102
RTVSPost2010PropOp55
 70
     1
102
RTVSPost2010Prop56
140
1.0
102
RTVSPost2010PropOp56
 70
     1
102
RTVSPost2010Prop57
140
1.0
102
RTVSPost2010PropOp57
 70
     1
  0
XRECORD
  5
C6
102
{ACAD_REACTORS
330
C5
102
}
330
C5
100
AcDbXrecord
280
     1
102
RTVSPost2010Prop28
280
     0
102
RTVSPost2010PropOp28
 70
     1
102
RTVSPost2010Prop29
280
     1
102
RTVSPost2010PropOp29
 70
     1
102
RTVSPost2010Prop30
280
     1
102
RTVSPost2010PropOp30
 70
     1
102
RTVSPost2010Prop31
280
     0
102
RTVSPost2010PropOp31
 70
     1
102
RTVSPost2010Prop32
280
     0
102
RTVSPost2010PropOp32
 70
     1
102
RTVSPost2010Prop33
280
     0
102
RTVSPost2010PropOp33
 70
     1
102
RTVSPost2010Prop34
280
     0
102
RTVSPost2010PropOp34
 70
     1
102
RTVSPost2010Prop35
280
     0
102
RTVSPost2010PropOp35
 70
     1
102
RTVSPost2010Prop36
280
     0
102
RTVSPost2010PropOp36
 70
     1
102
RTVSPost2010Prop37
 90
       50
102
RTVSPost2010PropOp37
 70
     1
102
RTVSPost2010Prop38
140
0.0
102
RTVSPost2010PropOp38
 70
     1
102
RTVSPost2010Prop39
140
1.0
102
RTVSPost2010PropOp39
 70
     1
102
RTVSPost2010Prop40
 90
        0
102
RTVSPost2010PropOp40
 70
     1
102
RTVSPost2010Prop41ColorIndex
 90
       18
102
RTVSPost2010Prop41ColorRGB
 90
        0
102
RTVSPost2010PropOp41
 70
     1
102
RTVSPost2010Prop42
 90
       50
102
RTVSPost2010PropOp42
 70
     1
102
RTVSPost2010Prop43
 90
        3
102
RTVSPost2010PropOp43
 70
     1
102
RTVSPost2010Prop44ColorIndex
 90
        5
102
RTVSPost2010Prop44ColorRGB
 90
      255
102
RTVSPost2010PropOp44
 70
     1
102
RTVSPost2010Prop45
280
     0
102
RTVSPost2010PropOp45
 70
     1
102
RTVSPost2010Prop46
 90
       50
102
RTVSPost2010PropOp46
 70
     1
102
RTVSPost2010Prop47
 90
       50
102
RTVSPost2010PropOp47
 70
     1
102
RTVSPost2010Prop48
 90
       50
102
RTVSPost2010PropOp48
 70
     1
102
RTVSPost2010Prop49
280
     0
102
RTVSPost2010PropOp49
 70
     1
102
RTVSPost2010Prop50
 90
       50
102
RTVSPost2010PropOp50
 70
     1
102
RTVSPost2010Prop51ColorIndex
 90
      256
102
RTVSPost2010Prop51ColorRGB
 90
-16777216
102
RTVSPost2010PropOp51
 70
     0
102
RTVSPost2010Prop52
140
1.0
102
RTVSPost2010PropOp52
 70
     0
102
RTVSPost2010Prop53
 90
        2
102
RTVSPost2010PropOp53
 70
     1
102
RTVSPost2010Prop54
  1
strokes_ogs.tif
102
RTVSPost2010PropOp54
 70
     1
102
RTVSPost2010Prop55
280
     0
102
RTVSPost2010PropOp55
 70
     1
102
RTVSPost2010Prop56
140
1.0
102
RTVSPost2010PropOp56
 70
     1
102
RTVSPost2010Prop57
140
1.0
102
RTVSPost2010PropOp57
 70
     1
  0
XRECORD
  5
C0
102
{ACAD_REACTORS
330
BF
102
}
330
BF
100
AcDbXrecord
280
     1
102
RTVSPost2010Prop28
280
     0
102
RTVSPost2010PropOp28
 70
     1
102
RTVSPost2010Prop29
280
     1
102
RTVSPost2010PropOp29
 70
     1
102
RTVSPost2010Prop30
280
     1
102
RTVSPost2010PropOp30
 70
     1
102
RTVSPost2010Prop31
280
     0
102
RTVSPost2010PropOp31
 70
     1
102
RTVSPost2010Prop32
280
     0
102
RTVSPost2010PropOp32
 70
     1
102
RTVSPost2010Prop33
280
     0
102
RTVSPost2010PropOp33
 70
     1
102
RTVSPost2010Prop34
280
     0
102
RTVSPost2010PropOp34
 70
     1
102
RTVSPost2010Prop35
280
     0
102
RTVSPost2010PropOp35
 70
     1
102
RTVSPost2010Prop36
280
     0
102
RTVSPost2010PropOp36
 70
     1
102
RTVSPost2010Prop37
 90
       50
102
RTVSPost2010PropOp37
 70
     1
102
RTVSPost2010Prop38
140
0.0
102
RTVSPost2010PropOp38
 70
     1
102
RTVSPost2010Prop39
140
1.0
102
RTVSPost2010PropOp39
 70
     1
102
RTVSPost2010Prop40
 90
        0
102
RTVSPost2010PropOp40
 70
     1
102
RTVSPost2010Prop41ColorIndex
 90
       18
102
RTVSPost2010Prop41ColorRGB
 90
        0
102
RTVSPost2010PropOp41
 70
     1
102
RTVSPost2010Prop42
 90
       50
102
RTVSPost2010PropOp42
 70
     1
102
RTVSPost2010Prop43
 90
        3
102
RTVSPost2010PropOp43
 70
     1
102
RTVSPost2010Prop44ColorIndex
 90
        5
102
RTVSPost2010Prop44ColorRGB
 90
      255
102
RTVSPost2010PropOp44
 70
     1
102
RTVSPost2010Prop45
280
     0
102
RTVSPost2010PropOp45
 70
     1
102
RTVSPost2010Prop46
 90
       50
102
RTVSPost2010PropOp46
 70
     1
102
RTVSPost2010Prop47
 90
       50
102
RTVSPost2010PropOp47
 70
     1
102
RTVSPost2010Prop48
 90
       50
102
RTVSPost2010PropOp48
 70
     1
102
RTVSPost2010Prop49
280
     0
102
RTVSPost2010PropOp49
 70
     1
102
RTVSPost2010Prop50
 90
       50
102
RTVSPost2010PropOp50
 70
     1
102
RTVSPost2010Prop51ColorIndex
 90
      256
102
RTVSPost2010Prop51ColorRGB
 90
-16777216
102
RTVSPost2010PropOp51
 70
     0
102
RTVSPost2010Prop52
140
1.0
102
RTVSPost2010PropOp52
 70
     0
102
RTVSPost2010Prop53
 90
        2
102
RTVSPost2010PropOp53
 70
     1
102
RTVSPost2010Prop54
  1
strokes_ogs.tif
102
RTVSPost2010PropOp54
 70
     1
102
RTVSPost2010Prop55
280
     0
102
RTVSPost2010PropOp55
 70
     1
102
RTVSPost2010Prop56
140
1.0
102
RTVSPost2010PropOp56
 70
     1
102
RTVSPost2010Prop57
140
1.0
102
RTVSPost2010PropOp57
 70
     1
  0
XRECORD
  5
C2
102
{ACAD_REACTORS
330
C1
102
}
330
C1
100
AcDbXrecord
280
     1
102
RTVSPost2010Prop28
280
     0
102
RTVSPost2010PropOp28
 70
     1
102
RTVSPost2010Prop29
280
     1
102
RTVSPost2010PropOp29
 70
     1
102
RTVSPost2010Prop30
280
     1
102
RTVSPost2010PropOp30
 70
     1
102
RTVSPost2010Prop31
280
     0
102
RTVSPost2010PropOp31
 70
     1
102
RTVSPost2010Prop32
280
     0
102
RTVSPost2010PropOp32
 70
     1
102
RTVSPost2010Prop33
280
     0
102
RTVSPost2010PropOp33
 70
     1
102
RTVSPost2010Prop34
280
     0
102
RTVSPost2010PropOp34
 70
     1
102
RTVSPost2010Prop35
280
     0
102
RTVSPost2010PropOp35
 70
     1
102
RTVSPost2010Prop36
280
     0
102
RTVSPost2010PropOp36
 70
     1
102
RTVSPost2010Prop37
 90
       50
102
RTVSPost2010PropOp37
 70
     1
102
RTVSPost2010Prop38
140
0.0
102
RTVSPost2010PropOp38
 70
     1
102
RTVSPost2010Prop39
140
1.0
102
RTVSPost2010PropOp39
 70
     1
102
RTVSPost2010Prop40
 90
        0
102
RTVSPost2010PropOp40
 70
     1
102
RTVSPost2010Prop41ColorIndex
 90
       18
102
RTVSPost2010Prop41ColorRGB
 90
        0
102
RTVSPost2010PropOp41
 70
     1
102
RTVSPost2010Prop42
 90
       50
102
RTVSPost2010PropOp42
 70
     1
102
RTVSPost2010Prop43
 90
        3
102
RTVSPost2010PropOp43
 70
     1
102
RTVSPost2010Prop44ColorIndex
 90
        5
102
RTVSPost2010Prop44ColorRGB
 90
      255
102
RTVSPost2010PropOp44
 70
     1
102
RTVSPost2010Prop45
280
     0
102
RTVSPost2010PropOp45
 70
     1
102
RTVSPost2010Prop46
 90
       50
102
RTVSPost2010PropOp46
 70
     1
102
RTVSPost2010Prop47
 90
       50
102
RTVSPost2010PropOp47
 70
     1
102
RTVSPost2010Prop48
 90
       50
102
RTVSPost2010PropOp48
 70
     1
102
RTVSPost2010Prop49
280
     0
102
RTVSPost2010PropOp49
 70
     1
102
RTVSPost2010Prop50
 90
       50
102
RTVSPost2010PropOp50
 70
     1
102
RTVSPost2010Prop51ColorIndex
 90
      256
102
RTVSPost2010Prop51ColorRGB
 90
-16777216
102
RTVSPost2010PropOp51
 70
     0
102
RTVSPost2010Prop52
140
1.0
102
RTVSPost2010PropOp52
 70
     0
102
RTVSPost2010Prop53
 90
        2
102
RTVSPost2010PropOp53
 70
     1
102
RTVSPost2010Prop54
  1
strokes_ogs.tif
102
RTVSPost2010PropOp54
 70
     1
102
RTVSPost2010Prop55
280
     0
102
RTVSPost2010PropOp55
 70
     1
102
RTVSPost2010Prop56
140
1.0
102
RTVSPost2010PropOp56
 70
     1
102
RTVSPost2010Prop57
140
1.0
102
RTVSPost2010PropOp57
 70
     1
  0
XRECORD
  5
B2
102
{ACAD_REACTORS
330
B1
102
}
330
B1
100
AcDbXrecord
280
     1
102
RTVSPost2010Prop28
280
     0
102
RTVSPost2010PropOp28
 70
     1
102
RTVSPost2010Prop29
280
     1
102
RTVSPost2010PropOp29
 70
     1
102
RTVSPost2010Prop30
280
     1
102
RTVSPost2010PropOp30
 70
     1
102
RTVSPost2010Prop31
280
     0
102
RTVSPost2010PropOp31
 70
     1
102
RTVSPost2010Prop32
280
     0
102
RTVSPost2010PropOp32
 70
     1
102
RTVSPost2010Prop33
280
     0
102
RTVSPost2010PropOp33
 70
     1
102
RTVSPost2010Prop34
280
     0
102
RTVSPost2010PropOp34
 70
     1
102
RTVSPost2010Prop35
280
     0
102
RTVSPost2010PropOp35
 70
     1
102
RTVSPost2010Prop36
280
     0
102
RTVSPost2010PropOp36
 70
     1
102
RTVSPost2010Prop37
 90
       50
102
RTVSPost2010PropOp37
 70
     1
102
RTVSPost2010Prop38
140
0.0
102
RTVSPost2010PropOp38
 70
     1
102
RTVSPost2010Prop39
140
1.0
102
RTVSPost2010PropOp39
 70
     1
102
RTVSPost2010Prop40
 90
        0
102
RTVSPost2010PropOp40
 70
     1
102
RTVSPost2010Prop41ColorIndex
 90
       18
102
RTVSPost2010Prop41ColorRGB
 90
        0
102
RTVSPost2010PropOp41
 70
     1
102
RTVSPost2010Prop42
 90
       50
102
RTVSPost2010PropOp42
 70
     1
102
RTVSPost2010Prop43
 90
        3
102
RTVSPost2010PropOp43
 70
     1
102
RTVSPost2010Prop44ColorIndex
 90
        5
102
RTVSPost2010Prop44ColorRGB
 90
      255
102
RTVSPost2010PropOp44
 70
     1
102
RTVSPost2010Prop45
280
     0
102
RTVSPost2010PropOp45
 70
     1
102
RTVSPost2010Prop46
 90
       50
102
RTVSPost2010PropOp46
 70
     1
102
RTVSPost2010Prop47
 90
       50
102
RTVSPost2010PropOp47
 70
     1
102
RTVSPost2010Prop48
 90
       50
102
RTVSPost2010PropOp48
 70
     1
102
RTVSPost2010Prop49
280
     0
102
RTVSPost2010PropOp49
 70
     1
102
RTVSPost2010Prop50
 90
       50
102
RTVSPost2010PropOp50
 70
     1
102
RTVSPost2010Prop51ColorIndex
 90
      256
102
RTVSPost2010Prop51ColorRGB
 90
-16777216
102
RTVSPost2010PropOp51
 70
     0
102
RTVSPost2010Prop52
140
1.0
102
RTVSPost2010PropOp52
 70
     0
102
RTVSPost2010Prop53
 90
        2
102
RTVSPost2010PropOp53
 70
     1
102
RTVSPost2010Prop54
  1
strokes_ogs.tif
102
RTVSPost2010PropOp54
 70
     1
102
RTVSPost2010Prop55
280
     0
102
RTVSPost2010PropOp55
 70
     1
102
RTVSPost2010Prop56
140
1.0
102
RTVSPost2010PropOp56
 70
     1
102
RTVSPost2010Prop57
140
1.0
102
RTVSPost2010PropOp57
 70
     1
  0
XRECORD
  5
A4
102
{ACAD_REACTORS
330
A3
102
}
330
A3
100
AcDbXrecord
280
     1
102
RTVSPost2010Prop28
280
     0
102
RTVSPost2010PropOp28
 70
     1
102
RTVSPost2010Prop29
280
     1
102
RTVSPost2010PropOp29
 70
     1
102
RTVSPost2010Prop30
280
     1
102
RTVSPost2010PropOp30
 70
     1
102
RTVSPost2010Prop31
280
     0
102
RTVSPost2010PropOp31
 70
     1
102
RTVSPost2010Prop32
280
     0
102
RTVSPost2010PropOp32
 70
     1
102
RTVSPost2010Prop33
280
     0
102
RTVSPost2010PropOp33
 70
     1
102
RTVSPost2010Prop34
280
     0
102
RTVSPost2010PropOp34
 70
     1
102
RTVSPost2010Prop35
280
     0
102
RTVSPost2010PropOp35
 70
     1
102
RTVSPost2010Prop36
280
     0
102
RTVSPost2010PropOp36
 70
     1
102
RTVSPost2010Prop37
 90
       50
102
RTVSPost2010PropOp37
 70
     1
102
RTVSPost2010Prop38
140
0.0
102
RTVSPost2010PropOp38
 70
     1
102
RTVSPost2010Prop39
140
1.0
102
RTVSPost2010PropOp39
 70
     1
102
RTVSPost2010Prop40
 90
        0
102
RTVSPost2010PropOp40
 70
     1
102
RTVSPost2010Prop41ColorIndex
 90
       18
102
RTVSPost2010Prop41ColorRGB
 90
        0
102
RTVSPost2010PropOp41
 70
     1
102
RTVSPost2010Prop42
 90
       50
102
RTVSPost2010PropOp42
 70
     1
102
RTVSPost2010Prop43
 90
        3
102
RTVSPost2010PropOp43
 70
     1
102
RTVSPost2010Prop44ColorIndex
 90
        5
102
RTVSPost2010Prop44ColorRGB
 90
      255
102
RTVSPost2010PropOp44
 70
     1
102
RTVSPost2010Prop45
280
     0
102
RTVSPost2010PropOp45
 70
     1
102
RTVSPost2010Prop46
 90
       50
102
RTVSPost2010PropOp46
 70
     1
102
RTVSPost2010Prop47
 90
       50
102
RTVSPost2010PropOp47
 70
     1
102
RTVSPost2010Prop48
 90
       50
102
RTVSPost2010PropOp48
 70
     1
102
RTVSPost2010Prop49
280
     0
102
RTVSPost2010PropOp49
 70
     1
102
RTVSPost2010Prop50
 90
       50
102
RTVSPost2010PropOp50
 70
     1
102
RTVSPost2010Prop51ColorIndex
 90
      256
102
RTVSPost2010Prop51ColorRGB
 90
-16777216
102
RTVSPost2010PropOp51
 70
     0
102
RTVSPost2010Prop52
140
1.0
102
RTVSPost2010PropOp52
 70
     0
102
RTVSPost2010Prop53
 90
        2
102
RTVSPost2010PropOp53
 70
     1
102
RTVSPost2010Prop54
  1
strokes_ogs.tif
102
RTVSPost2010PropOp54
 70
     1
102
RTVSPost2010Prop55
280
     0
102
RTVSPost2010PropOp55
 70
     1
102
RTVSPost2010Prop56
140
1.0
102
RTVSPost2010PropOp56
 70
     1
102
RTVSPost2010Prop57
140
1.0
102
RTVSPost2010PropOp57
 70
     1
  0
XRECORD
  5
C4
102
{ACAD_REACTORS
330
C3
102
}
330
C3
100
AcDbXrecord
280
     1
102
RTVSPost2010Prop28
280
     0
102
RTVSPost2010PropOp28
 70
     1
102
RTVSPost2010Prop29
280
     1
102
RTVSPost2010PropOp29
 70
     1
102
RTVSPost2010Prop30
280
     1
102
RTVSPost2010PropOp30
 70
     1
102
RTVSPost2010Prop31
280
     0
102
RTVSPost2010PropOp31
 70
     1
102
RTVSPost2010Prop32
280
     0
102
RTVSPost2010PropOp32
 70
     1
102
RTVSPost2010Prop33
280
     0
102
RTVSPost2010PropOp33
 70
     1
102
RTVSPost2010Prop34
280
     0
102
RTVSPost2010PropOp34
 70
     1
102
RTVSPost2010Prop35
280
     0
102
RTVSPost2010PropOp35
 70
     1
102
RTVSPost2010Prop36
280
     0
102
RTVSPost2010PropOp36
 70
     1
102
RTVSPost2010Prop37
 90
       50
102
RTVSPost2010PropOp37
 70
     1
102
RTVSPost2010Prop38
140
0.0
102
RTVSPost2010PropOp38
 70
     1
102
RTVSPost2010Prop39
140
1.0
102
RTVSPost2010PropOp39
 70
     1
102
RTVSPost2010Prop40
 90
        0
102
RTVSPost2010PropOp40
 70
     1
102
RTVSPost2010Prop41ColorIndex
 90
       18
102
RTVSPost2010Prop41ColorRGB
 90
        0
102
RTVSPost2010PropOp41
 70
     1
102
RTVSPost2010Prop42
 90
       50
102
RTVSPost2010PropOp42
 70
     1
102
RTVSPost2010Prop43
 90
        3
102
RTVSPost2010PropOp43
 70
     1
102
RTVSPost2010Prop44ColorIndex
 90
        5
102
RTVSPost2010Prop44ColorRGB
 90
      255
102
RTVSPost2010PropOp44
 70
     1
102
RTVSPost2010Prop45
280
     0
102
RTVSPost2010PropOp45
 70
     1
102
RTVSPost2010Prop46
 90
       50
102
RTVSPost2010PropOp46
 70
     1
102
RTVSPost2010Prop47
 90
       50
102
RTVSPost2010PropOp47
 70
     1
102
RTVSPost2010Prop48
 90
       50
102
RTVSPost2010PropOp48
 70
     1
102
RTVSPost2010Prop49
280
     0
102
RTVSPost2010PropOp49
 70
     1
102
RTVSPost2010Prop50
 90
       50
102
RTVSPost2010PropOp50
 70
     1
102
RTVSPost2010Prop51ColorIndex
 90
      256
102
RTVSPost2010Prop51ColorRGB
 90
-16777216
102
RTVSPost2010PropOp51
 70
     0
102
RTVSPost2010Prop52
140
1.0
102
RTVSPost2010PropOp52
 70
     0
102
RTVSPost2010Prop53
 90
        2
102
RTVSPost2010PropOp53
 70
     1
102
RTVSPost2010Prop54
  1
strokes_ogs.tif
102
RTVSPost2010PropOp54
 70
     1
102
RTVSPost2010Prop55
280
     0
102
RTVSPost2010PropOp55
 70
     1
102
RTVSPost2010Prop56
140
1.0
102
RTVSPost2010PropOp56
 70
     1
102
RTVSPost2010Prop57
140
1.0
102
RTVSPost2010PropOp57
 70
     1
  0
ENDSEC
  0
EOF
