[Project]
projectname = tip_right
usernotes = <!DOCTYPE HTML PUBLIC "-//W3C//DTD HTML 4.0//EN" "http://www.w3.org/TR/REC-html40/strict.dtd">
	<html><head><meta name="qrichtext" content="1" /><style type="text/css">
	p, li { white-space: pre-wrap; }
	</style></head><body style=" font-family:'Arial'; font-size:12pt; font-weight:400; font-style:normal;">
	<p style=" margin-top:0px; margin-bottom:0px; margin-left:0px; margin-right:0px; -qt-block-indent:0; text-indent:0px;"><span style=" font-family:'MS Shell Dlg 2'; font-size:16pt; font-weight:600;">Hello,</span></p>
	<p style="-qt-paragraph-type:empty; margin-top:0px; margin-bottom:0px; margin-left:0px; margin-right:0px; -qt-block-indent:0; text-indent:0px; font-family:'MS Shell Dlg 2'; font-size:8.25pt;"><br /></p>
	<p style=" margin-top:0px; margin-bottom:0px; margin-left:0px; margin-right:0px; -qt-block-indent:0; text-indent:0px;"><span style=" font-family:'MS Shell Dlg 2'; font-size:8.25pt;">This is the</span><span style=" font-family:'MS Shell Dlg 2'; font-size:8.25pt; font-weight:600;"> </span><span style=" font-family:'MS Shell Dlg 2'; font-weight:600; text-decoration: underline; color:#ff0000;">Gemini Aero Foam</span><span style=" font-family:'MS Shell Dlg 2'; font-size:8.25pt; font-weight:600; color:#00ff00;"> </span><span style=" font-family:'MS Shell Dlg 2'; font-size:10pt; font-weight:600; font-style:italic; color:#00ff00;">notes editor</span><span style=" font-family:'MS Shell Dlg 2'; font-size:8.25pt; font-weight:600; font-style:italic; color:#00ff00;"> </span></p>
	<p style="-qt-paragraph-type:empty; margin-top:0px; margin-bottom:0px; margin-left:0px; margin-right:0px; -qt-block-indent:0; text-indent:0px; font-family:'MS Shell Dlg 2'; font-size:8.25pt;"><br /></p>
	<p style=" margin-top:0px; margin-bottom:0px; margin-left:0px; margin-right:0px; -qt-block-indent:0; text-indent:0px;"><span style=" font-family:'Monotype Corsiva'; font-size:16pt;">You can use it to :</span></p>
	<ul style="margin-top: 0px; margin-bottom: 0px; margin-left: 0px; margin-right: 0px; -qt-list-indent: 1;"><li style=" font-family:'Monotype Corsiva'; font-size:16pt;" style=" margin-top:0px; margin-bottom:0px; margin-left:0px; margin-right:0px; -qt-block-indent:0; text-indent:0px;">write notes about your project</li>
	<li style=" font-family:'Monotype Corsiva'; font-size:16pt;" style=" margin-top:0px; margin-bottom:0px; margin-left:0px; margin-right:0px; -qt-block-indent:0; text-indent:0px;">organize these notes</li>
	<li style=" font-family:'Monotype Corsiva'; font-size:16pt;" style=" margin-top:0px; margin-bottom:0px; margin-left:0px; margin-right:0px; -qt-block-indent:0; text-indent:0px;">or write everything you want :)</li></ul></body></html>

[Profil]
rootx = [1.0, 1.0, 0.999996472315103, 0.9999862099590393, 0.9999694267308933, 0.9999467640279192, 0.9999184356492015, 0.9998854036906212, 0.9998477750517206, 0.9998058704311269, 0.9997600105274669, 0.9997094470439444, 0.9996556765741519, 0.9995988060176318, 0.9995394767716381, 0.9994780095347978, 0.9994147250057378, 0.9993500507826276, 0.9882299327911888, 0.9771103492974615, 0.965991300301446, 0.9548727858031422, 0.9437546989030076, 0.9326369327015, 0.9215195940981618, 0.9104024692939082, 0.8929332133350337, 0.8754643849743287, 0.8405270489515453, 0.8288810921113804, 0.8172349214721307, 0.8055884835840252, 0.7939416180977504, 0.7822943250133063, 0.7706464974311505, 0.7614941862149406, 0.7523415008503324, 0.7431883344377838, 0.7340346335275235, 0.7248803981195515, 0.715725628213868, 0.7078952367381229, 0.7000643642144375, 0.6922330106428115, 0.6844010156739316, 0.67656848620734, 0.6688751933946345, 0.6611813126344462, 0.6534867370272328, 0.6457915200227653, 0.6396348012315255, 0.6334776548421164, 0.6273200274047667, 0.6211618654697053, 0.6150031690369324, 0.6089539911852775, 0.602904278835911, 0.5968540319888328, 0.590803250644043, 0.5856688121761144, 0.5805339995597877, 0.5753987593452916, 0.5702630915326262, 0.5651270495715627, 0.5599905265625587, 0.5551471220986262, 0.5503033434862955, 0.5454591372757955, 0.5406145569168975, 0.5357696024096013, 0.5309242203041357, 0.5260784106005006, 0.5212322267484676, 0.5163856152982652, 0.5115386296996647, 0.5067777516824117, 0.5020164995167606, 0.49725481975294017, 0.49249271239095044, 0.48832737172402346, 0.48416171035846944, 0.4799957817440596, 0.47582953243102283, 0.471662962419359, 0.4674960717090682, 0.4635670324804638, 0.45963777945277484, 0.4557082057264588, 0.45177841820105813, 0.4478483367019161, 0.44391801467880376, 0.4399874521317212, 0.4360566490606684, 0.43212557874075974, 0.42819429462176645, 0.42433294952834316, 0.4204713906358353, 0.41660961794424267, 0.41274765817845105, 0.40881525161426324, 0.4048826579758764, 0.40094987726329046, 0.3970169094765055, 0.39308378134040695, 0.3892207258543064, 0.38535751001889235, 0.3814941605590504, 0.3776307041996661, 0.3741810559686451, 0.3707313275629673, 0.3672815189826328, 0.36383163022764153, 0.36038168802287907, 0.3569316656434599, 0.3534816165391551, 0.3500315139850792, 0.34675290502178774, 0.3434742693336107, 0.34019563364543365, 0.3369170514070278, 0.3336384958935075, 0.3303599938297584, 0.3272689133886011, 0.32417788639721495, 0.32108693958048556, 0.3179960729384129, 0.3149053131958826, 0.3118146603528946, 0.30872411440944897, 0.3056337288153168, 0.30254347684561256, 0.2994533585003363, 0.2964185873931018, 0.293384030084952, 0.2903496331261157, 0.2873154766912496, 0.2842263738916255, 0.2811375383408571, 0.2780489700389446, 0.27496072243565906, 0.2718727688061149, 0.2688402960390406, 0.2658081706954788, 0.26277639277542963, 0.25974501572866415, 0.2570387736398984, 0.25433287897464524, 0.25162733173290464, 0.2489221853644478, 0.2462174131443891, 0.24351306852249974, 0.24080917822366527, 0.23810568879811456, 0.2356091836114022, 0.23311310602285917, 0.2306174293075999, 0.2281222336402811, 0.22562749229601722, 0.22317776902151748, 0.22072855351984383, 0.21827983242855342, 0.2158316324725319, 0.21333404492795344, 0.21083703196841502, 0.20834062031880224, 0.20584482334155782, 0.2033496811240102, 0.20085520702860216, 0.19836142778021926, 0.19586837010374708, 0.1933760607240712, 0.19088452636607728, 0.1883937937546508, 0.18590390297712017, 0.18341486739592822, 0.18092672709840327, 0.17864672020979677, 0.17636751506775775, 0.1740891116722862, 0.1718115367482677, 0.1695348303830307, 0.16725901930146067, 0.16508751544832012, 0.1629168935164038, 0.1607471668681545, 0.15857836222845778, 0.15641050632219927, 0.15424362587426454, 0.15207776097198195, 0.1499129249777943, 0.14764614690755123, 0.14538054473227383, 0.14311618526417602, 0.1408530818657006, 0.13859128798661874, 0.1363308570767016, 0.13439447876691807, 0.1324591694525578, 0.13052496922094928, 0.1285918914345352, 0.12666000290552956, 0.12472931699637514, 0.12279986043195754, 0.12067893342478232, 0.1185595965482993, 0.11644187652739402, 0.11432582681183767, 0.11221148748895861, 0.1103966740024696, 0.10858319007903831, 0.10677108248721455, 0.10496038463310527, 0.10315113660403885, 0.10134338516856507, 0.0996403351535831, 0.09793866815143004, 0.09623843761187706, 0.09453966357858833, 0.09284240618255642, 0.09114671887355248, 0.08945265510134771, 0.08776026163449187, 0.0860695919227561, 0.08438070609713298, 0.08272375650978125, 0.08106862421464915, 0.07941536266150784, 0.07776404534379266, 0.07608478715820075, 0.07440768700711961, 0.07273284510887024, 0.07106032159444516, 0.06939020331972252, 0.06807970846784414, 0.06677077702177234, 0.0654634557500569, 0.06415779142124758, 0.06285383080389417, 0.06155162734776783, 0.06025124118386112, 0.05895272576194519, 0.057656121169348436, 0.056361494218284805, 0.05509195859417267, 0.053824423995868544, 0.052558943873143596, 0.05129556833515829, 0.05013471948010049, 0.04897579481680465, 0.047818887882370306, 0.0466640955545077, 0.04551151805153777, 0.044361248910560036, 0.04321338500928476, 0.04206802656603286, 0.04104175421293769, 0.04001764657557472, 0.0389957771473793, 0.037976216081176094, 0.03695903018917905, 0.03594428962421283, 0.0349320511766593, 0.03392235493384682, 0.03291525434554657, 0.03191078615847622, 0.030909000481796237, 0.029909944084056395, 0.028913663733806456, 0.02792029472577969, 0.02701242363764818, 0.026107305212731694, 0.02520508810820628, 0.024305922651553354, 0.023409954159338258, 0.022517332959042402, 0.021796951976022005, 0.02107901464972708, 0.02036367464824973, 0.019651085639682053, 0.0189413962812001, 0.01823476191120133, 0.017571440229205447, 0.016911096701646693, 0.016253856601426232, 0.015599850212361285, 0.014949171071551392, 0.014301839222660736, 0.01365786969843746, 0.013017275861324356, 0.012380071073764211, 0.011746267863047147, 0.01112710821932408, 0.010511255780191879, 0.009898723072940659, 0.00928952346001321, 0.008849646040916655, 0.008412226476141038, 0.007977964623627556, 0.007547557000706713, 0.007121700124709006, 0.006790745822873659, 0.006463370150248376, 0.006139908420631954, 0.005820472544482771, 0.005504800283861045, 0.005115049145861967, 0.004730131453966331, 0.004349465941912713, 0.003972470508287013, 0.0037371198912842345, 0.003502844742137993, 0.0032696264787012816, 0.003038474591769355, 0.00281090488344636, 0.002651734596738046, 0.002495705528026548, 0.002343367625347998, 0.0021952712543148664, 0.0020519026825718575, 0.00191570619320895, 0.001783881101732339, 0.0016562289549877562, 0.0015325506734564268, 0.0013902207184581944, 0.0012529059596641837, 0.0011202710832755986, 0.0009921447786000906, 0.0008688125112611987, 0.000750638825401325, 0.000665613184343477, 0.0005838481881148929, 0.0005054976092017576, 0.00043071527228729853, 0.00035965497595622176, 0.00029257050222747914, 0.00023019720303093342, 0.00017341535538398743, 0.0001287716167076555, 8.973950373771577e-05, 5.69189105550116e-05, 3.0909727978071255e-05, 1.56431485070298e-05, 5.242911101879802e-06, 0.0, 2.0540200019625216e-07, 7.104477423566627e-06, 2.0541519575123494e-05, 4.013786489787132e-05, 6.551484342487506e-05, 9.629378845151483e-05, 0.0001320960332731707, 0.00017254292097216821, 0.00021725576853231178, 0.000278935382087894, 0.0003460061801915923, 0.0004177200617859979, 0.0004936451224458092, 0.0005738788140487272, 0.0006585689325196105, 0.0007478633520788808, 0.0008419098947499176, 0.0009408564869501849, 0.0010448509507030622, 0.0011520448843517991, 0.0012643900396966106, 0.0013819105317709715, 0.0015043824352640423, 0.0016339040712704059, 0.0017680236403260136, 0.0019064710749347618, 0.0020489763076005467, 0.0021952691664331803, 0.0023921207066604938, 0.002594397816237442, 0.002801494383110535, 0.003028042699712665, 0.003258681385326135, 0.0034926644398244836, 0.0037292460718694174, 0.0039676804901226425, 0.004291487137793617, 0.004617491489727435, 0.004945874356478117, 0.005276816548599686, 0.005610499294222497, 0.0059471038214769095, 0.0062673117962736315, 0.006590429860564513, 0.006916608759407293, 0.007246000073012388, 0.0075786205044332845, 0.007953327619730962, 0.00833129433591706, 0.00871209388997493, 0.009095302024345943, 0.009480490305708104, 0.009867234476502786, 0.010255107773713338, 0.010643684269475788, 0.011264831576564072, 0.011887247480564862, 0.012511493204075396, 0.013138129134540237, 0.01363252949598897, 0.014129024420345249, 0.014627832717609786, 0.015128842477324201, 0.015727808964531482, 0.01632912557136469, 0.016932373051181258, 0.017537135497949292, 0.018143002016552966, 0.018749753796991567, 0.019680163985501428, 0.020612667066613487, 0.02154728475429728, 0.02248404544374374, 0.023422974189533104, 0.024364096046245596, 0.02530743606846146, 0.026187960917420424, 0.027070329783484597, 0.027954434096806303, 0.0288401736390646, 0.029727436499801113, 0.030616125801305606, 0.03166519448180286, 0.032715920105206256, 0.03376814566281297, 0.034821767595691396, 0.035898249327575155, 0.03697602387579898, 0.03805500438448473, 0.03913511067897565, 0.0402162559033936, 0.041298366564303225, 0.042381389211933365, 0.04364602750076246, 0.04491181830028231, 0.046178708160721754, 0.047446646972920316, 0.048715591308938926, 0.04998548437839573, 0.0514832972939343, 0.052982282763827805, 0.054482357272808805, 0.055983443986831256, 0.057540596170195614, 0.059098697086998164, 0.060657699968689124, 0.06221757140916152, 0.0637782512774228, 0.06533970616736598, 0.0669018826292199, 0.06862106111265105, 0.07034100125532132, 0.07206164292623814, 0.07378293935685173, 0.07550485714105512, 0.0777020436092407, 0.07990013204231469, 0.08209907567172732, 0.08429880768526465, 0.08649927463315552, 0.08870041638440733, 0.09090219285169174, 0.09347169706337337, 0.0960419629342941, 0.09861294369590415, 0.10118459257965379, 0.10375685613577183, 0.1063296875957085, 0.10875598650799496, 0.11118273306211494, 0.11360989385196145, 0.11603743547142752, 0.11846535123929174, 0.12161207289223233, 0.12475932904288457, 0.1279070796039201, 0.1310552978504533, 0.13420395705759866, 0.13735301713802772, 0.14050247809174055, 0.1439672926953298, 0.14743250817220277, 0.15089807107258832, 0.15436398139648644, 0.15783019905656878, 0.16169909393016915, 0.16556833622728212, 0.16943791258546484, 0.1733077695549462, 0.17717792049816897, 0.18104832532780477, 0.18491895731896804, 0.18878980310921595, 0.19395127379891147, 0.1991130785496768, 0.20427520399906912, 0.20943762342220285, 0.2146003100941924, 0.21976323729015218, 0.2258484269251298, 0.23193389717140603, 0.2380196613914237, 0.24410566613541157, 0.25041522454729914, 0.2567249967582714, 0.26303500949321384, 0.2693452093023554, 0.2756555961856961, 0.2819661434183502, 0.2882768777252034, 0.2952188805544067, 0.30216104373292346, 0.30910336726075377, 0.31604582441301193, 0.32298846863946923, 0.33073708196533097, 0.33848588236539184, 0.34623484311476616, 0.35398393748856843, 0.3617331654867986, 0.36948255383434225, 0.37723204908142827, 0.3849816512280566, 0.3927313602742273, 0.4004812029448258, 0.40823112579008114, 0.4159811822597644, 0.4237312921792188, 0.4314815089982155, 0.4392318327167546, 0.4469822098850648, 0.4551017646228151, 0.4632213728103366, 0.4713410344476292, 0.4794608029844642, 0.48758057152129913, 0.49570044695767645, 0.5022448369391797, 0.5087892269206827, 0.5153336169021859, 0.5218780603334603, 0.5284225037647347, 0.5348501059962412, 0.5412777082277478, 0.5477053104592543, 0.5541329126907609, 0.5606916806607076, 0.5672504486306543, 0.5738091631508297, 0.5803678776710053, 0.5869265921911808, 0.5934852532615852, 0.6000438608822184, 0.6066024150530804, 0.6131609157741713, 0.619719363045491, 0.6262777568670396, 0.6328360972388168, 0.6393943307110519, 0.6459524572837446, 0.651964006496499, 0.6579755022594822, 0.6639868911229231, 0.6699981730868215, 0.6760093481511777, 0.6820204163159916, 0.6820204163159916, 0.6816317295800761, 0.681244753236838, 0.6808597010853618, 0.6804766800251898, 0.6800890088349265, 0.6797037963341368, 0.6793212563219053, 0.6789415491475457, 0.6785647817106001, 0.6781912212599244, 0.6778209212452899, 0.6774540420160099, 0.677090743921398, 0.6767311873107678, 0.676354045725424, 0.6759813939208582, 0.6756133387966126, 0.6752500407020008, 0.674891659986336, 0.674538303549161, 0.6742098012555778, 0.6738859490920861, 0.673566800508457, 0.6732524624042328, 0.6729430416789557, 0.6726202050611161, 0.6723030875687912, 0.6719915823024387, 0.6716859030611432, 0.6713859963951336, 0.671091915754181, 0.6708037145880568, 0.6705214997963029, 0.6702451644793773, 0.6699748155368223, 0.6697103995188666, 0.6694519698752813, 0.6691769173528638, 0.66890892020024, 0.66864797841741, 0.6683941454541451, 0.6681473144109028, 0.6679074852876833, 0.6676746580844863, 0.6674475500068041, 0.6672273369496023, 0.6670140189128808, 0.6668074889970974, 0.6666041126178126, 0.6664076312590083, 0.6662179914709131, 0.6660350329042136, 0.6658587555589098, 0.6656889990856882, 0.6655256565850065, 0.6653686746070934, 0.6652179462524067, 0.6650733646214041, 0.6649265915497836, 0.6647864462497877, 0.6646528218218739, 0.6645256113665, 0.6644046545343525, 0.6642897909761178, 0.6641869536163955, 0.6640893543342473, 0.6639968327803598, 0.6639092820551907, 0.6638266487089689, 0.6637441222622894, 0.663666833893184, 0.6635946232523394, 0.6635273299904421, 0.6634649006577208, 0.663407121455091, 0.6633437834762598, 0.6632867525704262, 0.6632359218380478, 0.6631909171307265, 0.663151684998691, 0.6631160340013237, 0.6630863159285556, 0.6630623704310735, 0.6630438768102502, 0.6630306212670012, 0.6630224434520129, 0.6630190761164294, 0.6630208399588778, 0.6630278418789005, 0.6630401353262686, 0.6630582547986937, 0.6630820933966335, 0.6631117045698592, 0.6631472486676843, 0.6631887256901087, 0.663236295986446, 0.6632899595566961, 0.6633498767501727, 0.6634160475668756, 0.663488525456576, 0.6635724415973058, 0.6636636269069142, 0.6637621348351721, 0.6638680722816221, 0.663981385796493, 0.6641022357290982, 0.6642230322119322, 0.6643505099161618, 0.6644847222915584, 0.6646256158883507, 0.664773297606081, 0.6649372815040167, 0.6651088018196868, 0.6652878585530911, 0.6654744517042299, 0.6656685278233319, 0.6658700334606258, 0.6660486091460897, 0.6662326367082124, 0.6664219557976806, 0.6666165664144942, 0.666816415108882, 0.667021501880844, 0.6672316663810667, 0.6674425791780858, 0.6676582490047386, 0.667878675861025, 0.6681036993976318, 0.6683375955962519, 0.6685760884751925, 0.6688191780344531, 0.6690667573744916, 0.6693187195957658, 0.6695962842574282, 0.6698787662980379, 0.6701660053682812, 0.6704578411188448, 0.670759565077074, 0.67106572536631, 0.6713762150870104, 0.6716908738898616, 0.6720094345260079, 0.6723318435456782, 0.6726578337000165, 0.6729872980894807, 0.6733200763647571, 0.6736559012769898, 0.6740152440885355, 0.6743776335370375, 0.6747429092731825, 0.6751107505983435, 0.6754809971632069, 0.675853435168688, 0.6762064174574649, 0.6765608963398345, 0.6769167649162544, 0.6772738628374111, 0.6776319228544487, 0.6780125921246893, 0.6783940096917263, 0.6787759617564749, 0.6791582345198506, 0.6795406141827685, 0.6799228869461441, 0.6803049459104351, 0.6806864703770144, 0.6810674068961109, 0.6814475416686399, 0.6818266074457455, 0.6822045507776567, 0.6826153657188347, 0.683024309918022, 0.683431276475676, 0.6838361050424835, 0.6842385283695885, 0.6846384395574487, 0.6850355713572084, 0.6853725721644068, 0.6857116575126807, 0.6860527205024877, 0.6863956007845143, 0.6867464985322158, 0.6870991601223657, 0.6874533183061083, 0.6878089730834436, 0.6881659641050579, 0.6885240775718667, 0.6888832600340988, 0.6892432976926696, 0.6896041370978079, 0.6899655110006577, 0.6903493338073972, 0.6907334238629924, 0.69111762081813, 0.6915017108737253, 0.6918855336804647, 0.6922688754392636, 0.6926296079448595, 0.6929895921536591, 0.6933486142665778, 0.6937064604845308, 0.6940629704582045, 0.6944394171965231, 0.6948139397430798, 0.6951863242987898, 0.6955563036147974, 0.6959236638920178, 0.6962882447811376, 0.6966498324830722, 0.6970081062991945, 0.6973629593299622, 0.6977140708767483, 0.6980613340400106, 0.6984044815708931, 0.6986893688512051, 0.6989711560447897, 0.6992495759027907, 0.6995246818749795, 0.6998011240914475, 0.7000738248239338, 0.7003426237231251, 0.7006074673392501, 0.7008681953229954, 0.7011457599846578, 0.7014182469180594, 0.7016855492236581, 0.7019475600019114, 0.7022087690335972, 0.7024642589397682, 0.7027139228208822, 0.7029576003276257, 0.7031952380102275, 0.7034267824189164, 0.703652073204379, 0.7038711103666152, 0.7040837335563115, 0.704289942773468, 0.7045015504175122, 0.7047058354429068, 0.7049026375003381, 0.7050920634893486, 0.7052739530606248, 0.7054483596639378, 0.7056058761395625, 0.7057567113937915, 0.7059008119768537, 0.7060382313385202, 0.7061689160290198, 0.7063002421167734, 0.7064240852365639, 0.7065404988381623, 0.7066494829215688, 0.7067511443863256, 0.7068454297826615, 0.70693249945989, 0.7070124068677824, 0.7070852054561099, 0.7071509486746435, 0.7072097968726967, 0.7072617500502695, 0.7073050443649136, 0.7073422454056447, 0.7073734600720054, 0.7073987952635379, 0.7074183578797844, 0.7074321479207452, 0.7074403791855046, 0.707443105123834, 0.7074409136832163, 0.7074343393613629, 0.7074231683591893, 0.7074071868776108, 0.7073861811175428, 0.7073600441794429, 0.7073285088144552, 0.7072922164198339, 0.7072503652490113, 0.7072026880531317, 0.7071491313824239, 0.7070988351477571, 0.7070439422327701, 0.7069843457379206, 0.7069199387636662, 0.7068505609606933, 0.7067760519796886, 0.7067010619507434, 0.7066212614423933, 0.7065365970048673, 0.7064469082888516, 0.7063521418445751, 0.7062458836994981, 0.7061336391800506, 0.706015247936919, 0.7058904961710187, 0.7057593838823498, 0.7056216438220563, 0.7054772759901383, 0.7053260665875111, 0.7051678552648613, 0.7050025885724176, 0.7048301061608665, 0.7046503011306657, 0.7044935329518374, 0.7043314732456636, 0.7041639616628309, 0.7039910516531106, 0.7038093224311479, 0.7036218206338993, 0.7034284928115937, 0.70322928551446, 0.7030241987424979, 0.7028037718862115, 0.7025768241578427, 0.7023432486578495, 0.7021030453862318, 0.7018516711124405, 0.7015933483683976, 0.7013280771541033, 0.7010558040197863, 0.7007765824152177, 0.7004904123403977, 0.700197293795326, 0.699897226780003, 0.6995902647441995, 0.6992764076879158, 0.698985159884835, 0.6986882998557818, 0.6983858810505275, 0.6980780103686142, 0.6977646343602709, 0.6974458599250399, 0.6971218474122347, 0.6968201769037766, 0.6965142304136254, 0.6962040079417808, 0.6958896163877853, 0.6955711092014102, 0.6952485932821976, 0.6948922971076084, 0.694531404252699, 0.694166128516554, 0.6937965767987158, 0.6934229094484978, 0.6930452333654424, 0.6926637088988631, 0.6922785498478445, 0.691889863111929, 0.6914978624902013, 0.6911026548822037, 0.6907045609865631, 0.6903036342530506, 0.6899001419305224, 0.6895023687335088, 0.6891025109954196, 0.6887007290655687, 0.6882972367430403, 0.6878848717584986, 0.6874711170799065, 0.6870562399561199, 0.6866404007364523, 0.6862238666697597, 0.6862238666697597, 0.6923744921870866, 0.6985249573551001, 0.7046752621738, 0.7108254066431865, 0.7169754442130307, 0.7230154821538163, 0.7290554131950595, 0.7350951304372181, 0.7411346873300632, 0.7472973390459023, 0.7534597769626569, 0.7596220545300979, 0.7657841182984543, 0.7719459148179549, 0.778107550988142, 0.7842689733592444, 0.7904301819312621, 0.796591123254424, 0.8027518507785013, 0.8089123110537226, 0.8150725040800882, 0.8212324833073692, 0.8273921952857943, 0.8341675417285036, 0.8409425674725859, 0.84771721906827, 0.8544915499653272, 0.861265506713986, 0.8674233479504204, 0.8735808684882277, 0.8797380683274081, 0.8858949474679614, 0.8920515059098878, 0.8982077971029583, 0.9043637141476306, 0.9111348380584178, 0.917905641270578, 0.9246761237841112, 0.9314460717999328, 0.9382158060166697, 0.944985005735695, 0.9517538847560932, 0.9585224430778645, 0.9652905738014664, 0.9720583838264413, 0.9787048628708706, 0.9853511281162152, 0.9919969657633905, 0.9986423758123965, 0.9987379440032403, 0.9988323362991186, 0.9989252320014043, 0.9990163104114702, 0.9991053577302319, 0.9991920532590624, 0.9992758625002499, 0.999364696019927, 0.9994494673569954, 0.9995297489132859, 0.9996051130906293, 0.9996752391903985, 0.9997292234592756, 0.9997791455455441, 0.9998245778510348, 0.999865306576663, 0.9999012248228861, 0.9999319049915352, 0.9999558504890173, 0.9999748786075522, 0.9999887755480552, 0.9999972206118994, 1.0]
rooty = [0.0, 0.04619888043842068, 0.046263808547943965, 0.04632756076250161, 0.046389776296138246, 0.04645009436289851, 0.04650815417682702, 0.04656263285608745, 0.046614245291369136, 0.04666264405915949, 0.046707495098388736, 0.04674925273211178, 0.04678658739727087, 0.04681914498913206, 0.04684656472173996, 0.04686848580913921, 0.04688453410293165, 0.046894355498383306, 0.048020515451954696, 0.04915243461836917, 0.05028961858724344, 0.051431579629415636, 0.05257783001572385, 0.053727875335784825, 0.05488122117921527, 0.05603737981685329, 0.05785870081298171, 0.059683850148969854, 0.0633373224011091, 0.06455343831955203, 0.06576744297203391, 0.06697858806175844, 0.06818611861070789, 0.06938929300330736, 0.07058734958031775, 0.07152461136136888, 0.07245788445324679, 0.07338680138877471, 0.07431093456978333, 0.0752296960487898, 0.07614251124075412, 0.07691806073914406, 0.07768846569705931, 0.07845336532854452, 0.07921239884764432, 0.07996519210596054, 0.08069812877428878, 0.08142435081511436, 0.08214351748614608, 0.0828552813638714, 0.083419136362339, 0.0839778535015533, 0.08453125906975804, 0.08507917935519693, 0.08562143396489226, 0.08614826831560636, 0.08666919646660667, 0.08718397789392295, 0.08769239211724913, 0.08811860059252279, 0.08853991841373479, 0.08895619859401446, 0.08936730750893386, 0.0897730914904009, 0.09017342359520907, 0.0905457547011479, 0.09091298135394042, 0.09127498329160154, 0.0916316135272605, 0.09198273843648944, 0.09232823107608179, 0.09266795114038828, 0.09300176500498099, 0.09332953904543198, 0.09365113963731338, 0.09396086101755323, 0.0942643621806737, 0.09456152286468966, 0.09485221612639459, 0.09510105821727695, 0.09534473572402044, 0.09558314842830413, 0.0958161760681429, 0.09604371174399441, 0.09626563519387354, 0.09646963960796945, 0.09666847275670509, 0.09686204110298093, 0.09705023774725463, 0.09723298251486946, 0.09741016850628308, 0.09758170218439594, 0.0977475033745513, 0.09790746517720683, 0.098061494055263, 0.09820691752016152, 0.09834642142290347, 0.0984798988639465, 0.09860725630619108, 0.0987305114784987, 0.09884720569139577, 0.09895721868289716, 0.09906043019101772, 0.09915674667865794, 0.09924451120291168, 0.09932540743157066, 0.09939932846509254, 0.0994661540414922, 0.0995197641619712, 0.09956756161983593, 0.09960947960287247, 0.09964545129886686, 0.09967538317071953, 0.09969918168133096, 0.09971673993115883, 0.09972796438310359, 0.09973268132540894, 0.09973149206800051, 0.09972434316110712, 0.09971112770518646, 0.09969176552558176, 0.09966618981007906, 0.09963628466311197, 0.09960070047795855, 0.09955937044240483, 0.09951220101935128, 0.09945915212146952, 0.09940014357410282, 0.09933509520259441, 0.09926394019473034, 0.09918661173829667, 0.09910304302107942, 0.09901479744888518, 0.09892037842812133, 0.09881967905924555, 0.09871264589248664, 0.09859707412478405, 0.09847474096102903, 0.09834557958900761, 0.09820949647162025, 0.09806641143421023, 0.097918983602893, 0.09776462066376705, 0.09760324244217564, 0.0974347554010192, 0.09727822774616104, 0.09711587406624586, 0.09694764091150247, 0.09677343474483133, 0.09659321547890407, 0.09640690293906394, 0.096214430313097, 0.09601571742634649, 0.09582659877352018, 0.09563204160647777, 0.09543199247544812, 0.09522639793066004, 0.0950151777974568, 0.09480220718424788, 0.09458370451972334, 0.094359616354112, 0.0941298892376427, 0.09388959242892543, 0.09364329588339483, 0.09339094615127974, 0.0931324764203662, 0.09286782655966165, 0.09259691639450934, 0.09231966575025252, 0.09203600781467725, 0.09174586241312675, 0.0914491493709443, 0.09114578851347313, 0.09083571302849931, 0.09051884274136607, 0.09019509747741666, 0.08989222434910739, 0.08958345838352712, 0.0892687327684619, 0.08894798069169776, 0.08862112865979938, 0.08828809649810997, 0.08796436459660335, 0.08763486011981086, 0.08729952293673995, 0.08695827287273385, 0.08661104979680001, 0.08625778689672446, 0.08589841067907186, 0.08553286101284964, 0.085143192137389, 0.08474659483534103, 0.08434298893204899, 0.08393228089041332, 0.08351435712967033, 0.08308911075027764, 0.08271870383610076, 0.08234275150816547, 0.08196119363547918, 0.08157395004338518, 0.08118095391966948, 0.08078213177089674, 0.08037741010363163, 0.07992531857667108, 0.07946590443106086, 0.07899907412970143, 0.07852473413549324, 0.07804277754889398, 0.07762262894142621, 0.07719672780233676, 0.07676499395696887, 0.07632736727432998, 0.07588376757976337, 0.07543413474227643, 0.07500459233752632, 0.07456955796878897, 0.07412897818629319, 0.07368276613416085, 0.07323082159407102, 0.07277303098525995, 0.07230929408940671, 0.0718394906445262, 0.07136352043229748, 0.0708812698719568, 0.07040141118887577, 0.0699152855201256, 0.06942278596616394, 0.06892379226500568, 0.06840890393814707, 0.06788701369126578, 0.06735797453749111, 0.06682165953361655, 0.06627793505521415, 0.06584542618816436, 0.06540820037880922, 0.06496617745249197, 0.06451928391577727, 0.06406743959400836, 0.06361055763130712, 0.06314854449057397, 0.0626813199971522, 0.06220879729516364, 0.06173088952873016, 0.061256195429788, 0.06077614299128651, 0.060290652038568926, 0.059799642396978506, 0.059342773796720046, 0.058881007861178544, 0.05841421096592609, 0.057942229442870585, 0.057464909623919924, 0.05698211120342481, 0.05649369387573591, 0.055999497291539746, 0.05555069292550588, 0.05509700458663176, 0.05463833205659647, 0.054174568435857655, 0.053705606824873, 0.05323134700532157, 0.05275173552743219, 0.05226676570998347, 0.05177643087175401, 0.05128069760663684, 0.05077957259585335, 0.05027303579573935, 0.04976105380018787, 0.0492434729411068, 0.04876384810077462, 0.0482790453138608, 0.04778885746250205, 0.047293044022728124, 0.046791391195454377, 0.046283678500374736, 0.04586787936803556, 0.045447804254003146, 0.04502331953384958, 0.044594271539482755, 0.04416051996525337, 0.04372191114306932, 0.04330378694568445, 0.042881099474086325, 0.04245372178506842, 0.04202153361664563, 0.0415844414317184, 0.04114246527395092, 0.0406956118245646, 0.040243901127223605, 0.03978733986314934, 0.039325948076006, 0.038868114039255865, 0.038405643234857116, 0.037938555706473955, 0.037466864816549164, 0.037121579294820066, 0.03677320704880616, 0.03642106993453579, 0.03606449982986938, 0.03570282527205666, 0.03541463078715371, 0.03512254115017707, 0.03482623566249976, 0.03452561744641153, 0.0342209737944324, 0.033834992953182166, 0.033443854209014474, 0.033048185596740505, 0.03264861181056076, 0.0323957376025661, 0.032141724246323486, 0.03188663855404686, 0.031629782338100376, 0.03137009662489282, 0.031182688364743805, 0.030992914952220715, 0.030800382195261208, 0.03060470592363503, 0.030405552076272397, 0.030206638752880006, 0.030004682133141884, 0.02979991940041757, 0.02959259775989871, 0.02934278689191398, 0.02909009641750771, 0.02883493723179573, 0.02857759996790876, 0.028318017813632836, 0.028056080528814933, 0.0278580090393184, 0.027658497746611097, 0.027457496541532556, 0.027254951974311614, 0.027050820617009193, 0.026845072404129016, 0.026637784169717134, 0.02642905947270518, 0.02624428695439676, 0.026058562362039458, 0.025871959189068625, 0.02568455092891961, 0.025536789036532597, 0.02538860956780836, 0.02524005261007526, 0.025091148228829588, 0.02491889297880599, 0.024747332575807544, 0.024576487063498437, 0.024406373144932155, 0.024237007523162192, 0.024068406901242033, 0.023900594663446566, 0.023733580831607887, 0.023524785981771275, 0.023317324035603108, 0.023111225058599656, 0.022906612653356747, 0.0227037640905623, 0.022502956640904234, 0.022304474256291867, 0.022108604229245214, 0.02191563051167359, 0.021725833714875617, 0.02154279497351938, 0.021363364091716814, 0.021187688056338624, 0.021015646605399688, 0.02084405279629426, 0.020675906497429012, 0.02051104735949044, 0.020349315033165047, 0.020190545828528646, 0.019986848750616945, 0.019787594684933376, 0.01959242284552257, 0.01938742627004941, 0.01918625469382528, 0.018988463815627365, 0.01879360265301146, 0.01860123024536545, 0.018344925230184113, 0.018092548773183437, 0.01784431467344809, 0.01760043338945203, 0.017361115379669226, 0.017126574443184335, 0.01690999931103245, 0.016698034221643586, 0.016490852886774036, 0.01628863569940148, 0.01609138265952592, 0.01587662481959366, 0.015666984795250496, 0.01546187129840291, 0.015260693040957384, 0.015062855394209701, 0.014867767070066342, 0.01467484012104449, 0.014483476577829228, 0.014180322838221333, 0.013880733530228038, 0.013585791011715441, 0.013296570959328251, 0.013074049540134204, 0.012856251744466906, 0.012643605170495684, 0.012435879316082385, 0.01219432977835342, 0.011958255501558221, 0.011726834695465118, 0.011499245569842442, 0.011274689718733407, 0.011052746225190086, 0.010718137295251298, 0.010389805372813758, 0.010067870719862588, 0.009752460279604304, 0.009443694314024033, 0.00914169976632829, 0.008846596898502198, 0.008578025160838379, 0.008315334568308113, 0.00805832134365883, 0.007806778369027268, 0.007560503537466205, 0.007319291401417723, 0.007041227318455982, 0.00676957553772875, 0.006504012019998339, 0.006244259494576826, 0.005984931226713939, 0.005731119977418541, 0.0054825518166134075, 0.005238957825137364, 0.005000065743218533, 0.004765616673527835, 0.004535453607362471, 0.004272220165593805, 0.004014538818804955, 0.003762262580125216, 0.0035152377814624864, 0.0032733140953353636, 0.003036341194262445, 0.0027632045120800225, 0.002496490153964204, 0.0022359509147233487, 0.0019813412594711657, 0.0017233960044371862, 0.0014713619600330405, 0.0012250353490061603, 0.0009842224159360706, 0.0007487193835702032, 0.0005183324964880828, 0.0002928596477424901, 5.0277861307892385e-05, -0.0001868603999945695, -0.0004188207147153741, -0.000645825233465928, -0.000868027624338332, -0.0011447137053872132, -0.0014141289472522382, -0.0016765773455069107, -0.0019323662363354324, -0.002181799615311307, -0.0024251731264812934, -0.0026627189422888924, -0.002932747186216972, -0.003195411053861655, -0.003451013705643772, -0.0036998599722895004, -0.003942254684525019, -0.004178486805175691, -0.004395812739581918, -0.004608118571261961, -0.004815623945369203, -0.00501855101251505, -0.005217122758463584, -0.005468284903475592, -0.005712744113122378, -0.005950740076221511, -0.006182512481590563, -0.0064083018531997755, -0.006628347879866722, -0.00684289192071432, -0.007072821144130836, -0.007296701356726231, -0.0075148532571275, -0.007727553280869889, -0.007935005205205965, -0.008160582448035865, -0.008380144921304298, -0.00859396906054651, -0.008802328795839726, -0.009005501397871865, -0.009203759961567477, -0.009397363384255644, -0.009586484542539978, -0.00983193173780065, -0.010070027919220719, -0.010301126773957817, -0.010525580736440568, -0.01074374140594492, -0.010955923635029141, -0.011198675375032992, -0.011433906147626986, -0.011662037704911725, -0.011883490963835137, -0.012106425366026706, -0.012322834720372712, -0.012532919045938689, -0.012736877944213833, -0.01293491101668734, -0.013127214941814045, -0.01331397470591134, -0.013513224178255201, -0.013706229005263948, -0.013893230337272333, -0.014074418589090133, -0.014249896484496306, -0.01443911577321989, -0.014621472194841093, -0.01479709728590614, -0.01496612279174943, -0.015128680666493526, -0.015284902446684656, -0.015434897015352752, -0.015578666773561754, -0.01571618280415031, -0.01584741629435115, -0.015972338222608837, -0.016090919880550184, -0.01620313235101384, -0.016308946769035496, -0.01640832904994662, -0.016501210345848616, -0.016591451306570304, -0.016674370562090556, -0.016749872461329626, -0.016817861379306288, -0.016878241677990055, -0.016930917719350444, -0.01696769755604997, -0.016999341379966577, -0.017025779824493558, -0.017046943536073472, -0.017062763146468447, -0.017073031346561997, -0.017078011985469786, -0.01707763935160143, -0.017071847732958747, -0.017060283757605304, -0.017042941827000543, -0.01701975905553456, -0.01699067293888053, -0.016955620974342795, -0.01691454068858652, -0.016867369556079842, -0.016814045096963298, -0.01675450479222965, -0.016688686148970178, -0.016616528174941126, -0.016537984258183855, -0.016453015511901956, -0.016361583362481277, -0.016272059484724696, -0.016177042285857767, -0.016076501804778293, -0.01597040828917224, -0.015858731882331504, -0.01574144293633614, 0.01216432441306539, 0.012222093593863196, 0.012286400349796682, 0.012357181209262588, 0.012434372700657656, 0.012519478098795916, 0.01261106428168799, 0.012709051074677133, 0.012813341600053109, 0.012923835639494976, 0.013040432974681805, 0.013163023365460566, 0.013291496571678227, 0.01342573233134967, 0.013565607041879072, 0.013719990024669207, 0.013880426194043836, 0.014046761881910855, 0.014218833398346072, 0.014396477053425292, 0.014579525816613622, 0.014756915585279804, 0.014938818518998774, 0.015125084290289128, 0.015315572593501555, 0.015510133101154655, 0.015720768627485775, 0.01593564004818176, 0.016154570310875627, 0.01637738236320039, 0.01660389581217836, 0.016833933605442556, 0.017067322031236686, 0.01730388403719377, 0.01754344257094682, 0.017785830601960945, 0.01803087775909055, 0.01827841033057935, 0.01855108767879082, 0.018826313912964743, 0.019103881915237857, 0.019383581227136192, 0.01966521809323928, 0.019948588736294542, 0.02023350608210291, 0.020521262947004446, 0.020810202388093016, 0.02110014401239094, 0.02139091410814193, 0.02168764385337787, 0.021984878030829186, 0.022282446269350286, 0.022580191560238373, 0.022877946872958552, 0.023175568561250817, 0.023472906297633767, 0.023769823117068788, 0.024066178713906573, 0.0243618494855513, 0.02467455069053363, 0.024986202943756836, 0.025296665939571614, 0.025605819415992836, 0.02591353977042468, 0.026219713422103427, 0.02650687899891144, 0.026792487851134264, 0.027076463144725837, 0.02735872804564012, 0.027639212401052448, 0.027934676054833907, 0.028227985014715257, 0.02851907246848254, 0.0288078749445325, 0.029094332311872573, 0.029378391120731595, 0.02971602664396263, 0.03005005764825069, 0.03038041732138182, 0.03070704887297416, 0.031029892172035143, 0.031368115642749, 0.031701982957112865, 0.03203146404963046, 0.03235651883297342, 0.03267713394469894, 0.03299329268175354, 0.03331879510693001, 0.03364634532646425, 0.03397584646264604, 0.034307191615933035, 0.03464635713886368, 0.03498721635141813, 0.03532965233222197, 0.03567354147867937, 0.03601875684758381, 0.036365168155118074, 0.03671264177685426, 0.037061037407143047, 0.03741021474033513, 0.03776002678955981, 0.038131569511373954, 0.03850347301914346, 0.03887555691989066, 0.03924762411758437, 0.0396194875380255, 0.039990943403961504, 0.04034063185059036, 0.040689605406529876, 0.041037703722466554, 0.041384746405422716, 0.04173055974364207, 0.04209579539245869, 0.04245923379271986, 0.04282066782656233, 0.04317989037612283, 0.043536674279873906, 0.04389081241995229, 0.044192088736347994, 0.044491140206018936, 0.04478781984209441, 0.0450820007013679, 0.04537355584063288, 0.045662351635461444, 0.04594826114264707, 0.04622553183056807, 0.046499795968861016, 0.046770926614319384, 0.04703882354862224, 0.047308150264303774, 0.04757388916409582, 0.04783592666723466, 0.04809415587417796, 0.04834846988538338, 0.04861928651343615, 0.04888526593719844, 0.049146287894685135, 0.04940222544268971, 0.04965748818733332, 0.04990725896798968, 0.050151424203895054, 0.05038989035794991, 0.050622557211833306, 0.05084933790966711, 0.051070145595573165, 0.051284913457337516, 0.05149355463908202, 0.05169602237225692, 0.05190393530086929, 0.052104772816023645, 0.05229848146794879, 0.05248501448809497, 0.05266433178913381, 0.05283641332740112, 0.05299201229248527, 0.053141150516479795, 0.05328382131816329, 0.05342003137875716, 0.0535497806982614, 0.0536803518079973, 0.053803700517404476, 0.053919860232589885, 0.05402886435966052, 0.054130759667166135, 0.054225592923656515, 0.05431343094134561, 0.05439432048878319, 0.05446834174062601, 0.05453556819030941, 0.05459608001249014, 0.054649950700603564, 0.05470126248092244, 0.05474489753785767, 0.05478099617705857, 0.05480968534173165, 0.054831098656304825, 0.05484537642642741, 0.054852672320191496, 0.054853480747980375, 0.05484930498460807, 0.05484005817419644, 0.05482565346086734, 0.054805596434237484, 0.05478000735629201, 0.05474880605237415, 0.05471189898538437, 0.05466921266188733, 0.05462066690722627, 0.05456618822796584, 0.054505703130670685, 0.05443915148434825, 0.05436647315800597, 0.0542826171482687, 0.054191732493623176, 0.05409377242551962, 0.05398867013174406, 0.05387638552496815, 0.0537568851990849, 0.05363757194740072, 0.05351179795462692, 0.0533795364958779, 0.05324078757115367, 0.05309554449923284, 0.05293440680161166, 0.05276597989144779, 0.052590283812405415, 0.05240734528937011, 0.05221720440967026, 0.05201990126063423, 0.051815489292033196, 0.05160402195363831, 0.051385579420106325, 0.051160228503651206, 0.05092806274137249, 0.050689168989148305, 0.050483380688939754, 0.05027297566474679, 0.050058034091226146, 0.049838616099370396, 0.04961069291267793, 0.04937830667009315, 0.04914153086505141, 0.04890045903465223, 0.04865518471599518, 0.04838500948519639, 0.048110150718199234, 0.047830748720653, 0.04754693711698562, 0.047253578047943806, 0.04695594967843014, 0.046654212357758136, 0.04634851307279848, 0.046039025535307476, 0.04572591677582001, 0.045409347143649574, 0.045089490350552465, 0.04476652678950636, 0.04444061680982475, 0.04409194390884804, 0.043740378039007, 0.0433861196369435, 0.043029395864184986, 0.04267041383859473, 0.042309380678036, 0.04196729546135544, 0.04162376041963201, 0.04127894258340062, 0.04093302902686033, 0.04058618009932464, 0.04021749025904645, 0.039848145659071486, 0.03947835341726302, 0.0391083072890415, 0.03873820102982743, 0.03836822171381988, 0.03799855641521792, 0.03762938886760994, 0.03726089278275223, 0.03689324187240107, 0.03652660650770206, 0.03616114703796869, 0.03581354647302599, 0.03546729885541591, 0.03512252778773428, 0.03477936689440902, 0.03443793309681453, 0.03409834331632526, 0.03376070779309422, 0.03342513676727446, 0.0331264160180626, 0.032823626405020775, 0.03251677794998106, 0.032205887355996964, 0.03189096798551126, 0.031572049904020245, 0.031249166517630888, 0.030928932235524922, 0.03060496649126946, 0.030277326075246375, 0.029946064437226826, 0.029662202724398977, 0.02937582887232635, 0.02908699299016941, 0.02879574518708863, 0.02850214559407657, 0.028206257682736484, 0.027925245510833894, 0.02764232250961214, 0.027357555491285174, 0.027071014608677654, 0.026782773355224936, 0.02647530020598473, 0.02616610664223513, 0.025855306244739876, 0.025543005913041286, 0.02522933259034588, 0.024914409879249484, 0.024598374744790704, 0.024281367492618854, 0.023963535109604635, 0.023645037945061547, 0.023326033007692384, 0.02300669400925344, 0.02273832270823149, 0.022469944725988143, 0.022201680324508526, 0.02193364642516706, 0.02166109267955141, 0.021389033344319044, 0.021117598703287173, 0.020846925721494408, 0.020577164726422157, 0.020296793951773553, 0.0200177393777399, 0.019740174716077488, 0.019464280359763997, 0.019185269213669417, 0.01890837267414657, 0.01863379451844803, 0.01836173184260496, 0.018092395105091336, 0.017825994764381115, 0.017562741278948264, 0.01730284844787744, 0.017046540092085404, 0.016794033351267515, 0.016567964203512354, 0.016345389334547142, 0.01612646909368537, 0.015911373852072627, 0.015700273980854506, 0.015493336510565897, 0.015290725131130996, 0.015108942459397149, 0.014931061620958383, 0.014757209559021215, 0.014587513216792166, 0.014422096196867053, 0.014261075420620302, 0.01409057733182377, 0.013925611294342865, 0.013766327635658994, 0.01361287000203216, 0.01346538538033307, 0.013324010735600338, 0.013188879692261873, 0.013060122534134895, 0.01293786286381522, 0.012822224283898674, 0.012713310353316885, 0.012611237993444279, 0.012516104081991095, 0.012428005496667567, 0.01234858247732634, 0.012276074522129648, 0.012210551783902148, 0.012152084415468492, 0.012099860648429106, 0.01205505637774963, 0.012017718371979834, 0.011987886718448092, 0.011965588142039987, -0.01565607237722374, -0.015526160516130233, -0.015390287022064172, -0.015248420054829844, -0.015100527878625617, -0.014946578340073527, -0.014789450836806944, -0.01462641943049643, -0.014457453846857532, -0.014282523811605805, -0.014097844204032421, -0.013906897193213547, -0.013709684031878193, -0.013506213071553102, -0.013296492454976853, -0.013080530742464357, -0.012858335867966024, -0.012629915765432258, -0.012395278786389807, -0.01215443369994175, -0.01190738802246216, -0.011654150105477778, -0.011394728300515352, -0.011129130541525287, -0.010829849822445205, -0.010523117453627245, -0.010208944292056177, -0.009887340777140432, -0.009558319018593785, -0.009252778412642281, -0.008941124489113725, -0.008623380632282998, -0.008299621170738132, -0.007969931290051918, -0.007634394505491804, -0.0072930951674779095, -0.006911111366927655, -0.006522369510935663, -0.006126981509960311, -0.005725058439307304, -0.005316714714893041, -0.004902060576870552, -0.00448120877085089, -0.004054272042445105, -0.003621362302111576, -0.0031825906251560067, -0.002746058827673341, -0.002304086010516563, -0.001856781578686027, -0.001404250761418715, -0.0013941654577219258, -0.0013772519457587447, -0.0013537841556063945, -0.0013240393579527967, -0.0012882948234858723, -0.0012468278228935418, -0.0011999139565583778, -0.00114234855301314, -0.001078896993418302, -0.0010099284152559759, -0.0009358086153975749, -0.0008569084016305601, -0.0007877711226279927, -0.000715782632394816, -0.0006411550597103428, -0.0005641038739645844, -0.0004848412039368536, -0.0004035791784064635, -0.0003253237025041325, -0.00024565848888731155, -0.0001647639305336842, -8.281707981023621e-05, 0.0]
roots = [4, 0, 0, 0, 0, 0, 0, 0, 0, 0, 0, 0, 4, 0, 0, 0, 0, 0, 0, 0, 0, 0, 0, 0, 0, 0, 0, 0, 0, 0, 0, 0, 0, 0, 0, 0, 0, 0, 0, 0, 0, 0, 0, 0, 0, 0, 0, 0, 0, 0, 0, 0, 0, 0, 0, 0, 0, 0, 0, 0, 0, 0, 0, 0, 0, 0, 0, 0, 0, 0, 0, 0, 0, 0, 0, 0, 0, 0, 0, 0, 0, 0, 0, 0, 0, 0, 0, 0, 0, 0, 0, 0, 0, 0, 0, 0, 0, 0, 0, 0, 0, 0, 0, 0, 0, 0, 0, 0, 0, 0, 0, 0, 0, 0, 0, 0, 0, 0, 0, 0, 0, 0, 0, 0, 0, 0, 0, 0, 0, 0, 0, 0, 0, 0, 0, 0, 0, 0, 0, 0, 0, 0, 0, 0, 0, 0, 0, 0, 0, 0, 0, 0, 0, 0, 0, 0, 0, 0, 0, 0, 0, 0, 0, 0, 0, 0, 0, 0, 0, 0, 0, 0, 0, 0, 0, 0, 0, 0, 0, 0, 0, 0, 0, 0, 0, 0, 0, 0, 0, 0, 0, 0, 0, 0, 0, 0, 0, 0, 0, 0, 0, 0, 0, 0, 0, 0, 0, 0, 0, 0, 0, 0, 0, 0, 0, 0, 0, 0, 0, 0, 0, 0, 0, 0, 0, 0, 0, 0, 0, 0, 0, 0, 0, 0, 0, 0, 0, 0, 0, 0, 0, 0, 0, 0, 0, 0, 0, 0, 0, 0, 0, 0, 0, 0, 0, 0, 0, 0, 0, 0, 0, 0, 0, 0, 0, 0, 0, 0, 0, 0, 0, 0, 0, 0, 0, 0, 0, 0, 0, 0, 0, 0, 0, 0, 0, 0, 0, 0, 0, 0, 0, 0, 0, 0, 0, 0, 0, 0, 0, 0, 0, 0, 0, 0, 0, 0, 0, 0, 0, 0, 0, 0, 0, 0, 0, 0, 0, 0, 0, 0, 0, 0, 0, 0, 0, 0, 0, 0, 0, 0, 0, 0, 0, 0, 0, 0, 0, 0, 0, 0, 0, 0, 0, 4, 0, 0, 0, 0, 0, 0, 0, 0, 0, 0, 0, 0, 0, 0, 0, 0, 0, 0, 0, 0, 0, 0, 0, 0, 0, 0, 0, 0, 0, 0, 0, 0, 0, 0, 0, 0, 0, 0, 0, 0, 0, 0, 0, 0, 0, 0, 0, 0, 0, 0, 0, 0, 0, 0, 0, 0, 0, 0, 0, 0, 0, 0, 0, 0, 0, 0, 0, 0, 0, 0, 0, 0, 0, 0, 0, 0, 0, 0, 0, 0, 0, 0, 0, 0, 0, 0, 0, 0, 0, 0, 0, 0, 0, 0, 0, 0, 0, 0, 0, 0, 0, 0, 0, 0, 0, 0, 0, 0, 0, 0, 0, 0, 0, 0, 0, 0, 0, 0, 0, 0, 0, 0, 0, 0, 0, 0, 0, 0, 0, 0, 0, 0, 0, 0, 0, 0, 0, 0, 0, 0, 0, 0, 0, 0, 0, 0, 0, 0, 0, 0, 0, 0, 0, 0, 0, 0, 0, 0, 0, 0, 0, 0, 0, 0, 0, 0, 0, 0, 0, 0, 0, 0, 0, 0, 0, 0, 0, 0, 0, 0, 0, 0, 0, 0, 0, 0, 0, 0, 0, 0, 0, 0, 0, 0, 0, 0, 0, 0, 0, 0, 0, 0, 0, 0, 0, 0, 0, 0, 0, 0, 0, 0, 0, 0, 0, 0, 0, 0, 0, 0, 0, 0, 0, 0, 0, 4, 4, 0, 0, 0, 0, 0, 0, 0, 0, 0, 0, 0, 0, 0, 0, 0, 0, 0, 0, 0, 0, 0, 0, 0, 0, 0, 0, 0, 0, 0, 0, 0, 0, 0, 0, 0, 0, 0, 0, 0, 0, 0, 0, 0, 0, 0, 0, 0, 0, 0, 0, 0, 0, 0, 0, 0, 0, 0, 0, 0, 0, 0, 0, 0, 0, 0, 0, 0, 0, 0, 0, 0, 0, 0, 0, 0, 0, 0, 0, 0, 0, 0, 0, 0, 0, 0, 0, 0, 0, 0, 0, 0, 0, 0, 0, 0, 0, 0, 0, 0, 0, 0, 0, 0, 0, 0, 0, 0, 0, 0, 0, 0, 0, 0, 0, 0, 0, 0, 0, 0, 0, 0, 0, 0, 0, 0, 0, 0, 0, 0, 0, 0, 0, 0, 0, 0, 0, 0, 0, 0, 0, 0, 0, 0, 0, 0, 0, 0, 0, 0, 0, 0, 0, 0, 0, 0, 0, 0, 0, 0, 0, 0, 0, 0, 0, 0, 0, 0, 0, 0, 0, 0, 0, 0, 0, 0, 0, 0, 0, 0, 0, 0, 0, 0, 0, 0, 0, 0, 0, 0, 0, 0, 0, 0, 0, 0, 0, 0, 0, 0, 0, 0, 0, 0, 0, 0, 0, 0, 0, 0, 0, 0, 0, 0, 0, 0, 0, 0, 0, 0, 0, 0, 0, 0, 0, 0, 0, 0, 0, 0, 0, 0, 0, 0, 0, 0, 0, 0, 0, 0, 0, 0, 0, 0, 0, 0, 0, 0, 0, 0, 0, 0, 0, 0, 0, 0, 0, 0, 0, 0, 0, 0, 0, 0, 0, 0, 0, 0, 0, 0, 0, 0, 0, 0, 0, 0, 0, 0, 0, 0, 0, 0, 0, 0, 0, 0, 0, 0, 0, 0, 0, 0, 0, 0, 0, 0, 0, 0, 0, 0, 0, 0, 0, 0, 0, 0, 0, 0, 0, 0, 0, 0, 0, 0, 0, 0, 0, 0, 0, 0, 0, 0, 0, 0, 0, 0, 0, 0, 0, 0, 0, 0, 0, 0, 0, 0, 0, 0, 0, 0, 0, 0, 0, 0, 0, 0, 0, 0, 0, 0, 0, 0, 0, 0, 0, 0, 0, 0, 0, 0, 0, 4, 4, 0, 0, 0, 0, 0, 0, 0, 0, 0, 0, 0, 0, 0, 0, 0, 0, 0, 0, 0, 0, 0, 0, 0, 0, 0, 0, 0, 0, 0, 0, 0, 0, 0, 0, 0, 0, 0, 0, 0, 0, 0, 0, 0, 0, 0, 0, 0, 0, 0, 0, 0, 0, 0, 0, 0, 0, 0, 0, 0, 0, 0, 0, 0, 0, 0, 0, 0, 0, 0, 0, 0, 4]
tipx = [1.0, 1.0, 0.9999962640289306, 0.9999854392922423, 0.9999677173781951, 0.999943385669179, 0.999912252576934, 0.9998749886603698, 0.9998318813018767, 0.9997832178838445, 0.999729381582793, 0.9996707555752423, 0.9996075314494524, 0.999540188176073, 0.9994689173433644, 0.9993941021278463, 0.9993232144716575, 0.9992500277563492, 0.9991745419819211, 0.9990972361190235, 0.999018110167656, 0.9989376430984688, 0.9988559307055918, 0.9901808142941702, 0.9815065600299184, 0.9728328805304466, 0.9641597757957546, 0.9554869584434527, 0.9278925013600372, 0.9186940616165087, 0.9094952386964603, 0.900295841011632, 0.8921997043218384, 0.8841029928672649, 0.8760054192655214, 0.8698212376160941, 0.8636364812018869, 0.8574511500228996, 0.8512651482850024, 0.8450785717823255, 0.8388913247207386, 0.8327035028943718, 0.8265149147149651, 0.8203256559766484, 0.814135726679422, 0.8085078215428162, 0.8028792937443655, 0.79725014328407, 0.7916203222648645, 0.7859898785838141, 0.7803587643438538, 0.7747269316479186, 0.7698588176532871, 0.7649902246880057, 0.7601210569579444, 0.7552513623601681, 0.7503810929976119, 0.7452150113616628, 0.7400483070638687, 0.7348809322071648, 0.7297128867915509, 0.7245442666111571, 0.7193749758718535, 0.7142051103677699, 0.7090346222018414, 0.7038635592711331, 0.6986918736785799, 0.6935196133212467, 0.6883468260961986, 0.6840012211835691, 0.6796552330944196, 0.6753088618287502, 0.6709621073865608, 0.6665358917135491, 0.6621093407610824, 0.6576824066320959, 0.6532550893265893, 0.6488274367416278, 0.6436500513983404, 0.6384721870844031, 0.6332938437998159, 0.6281150694416437, 0.6229358161128218, 0.6177560838133498, 0.6134047791499861, 0.6090531871042325, 0.604701307676089, 0.6003490929684905, 0.5959175128241997, 0.5914855974004538, 0.587053442491383, 0.5826210001999224, 0.5781883184231367, 0.5738345231123935, 0.5694804883163253, 0.5651262140349321, 0.560771700268214, 0.5563378210648035, 0.551903750273133, 0.5474694399961376, 0.5430349381308822, 0.5386002446773668, 0.5341653596355914, 0.5297302830055561, 0.5252950626843259, 0.5208596507748356, 0.5164240951741503, 0.5117195496564679, 0.5070149083446553, 0.502310027547518, 0.49760509885331555, 0.4928999785708531, 0.48819476249426075, 0.48382798707890456, 0.4794611637664834, 0.4750942446599323, 0.47072727765631617, 0.466360262755635, 0.46239021872961084, 0.4584201268065216, 0.45445003488343244, 0.45047989506327824, 0.44650980314018907, 0.44253971121709984, 0.43856961929401067, 0.4345995752679865, 0.4306295791390273, 0.42665958301006807, 0.42268963477817384, 0.41871978234040963, 0.4147499777997104, 0.41078026905314113, 0.4068900694344592, 0.40299996560990736, 0.3991100054765504, 0.3952201890343885, 0.3912597962669602, 0.387299595087792, 0.3833395615483512, 0.37937974354570286, 0.375420141079847, 0.3719481067870812, 0.36847626408257533, 0.3650046369148619, 0.3615332013354085, 0.3580619812927475, 0.35459100073541155, 0.351120283611933, 0.3476498299223119, 0.34454054405126594, 0.3414314976655449, 0.3383227147136814, 0.3352141951956753, 0.3321059630600592, 0.3288096630987504, 0.32551372236542914, 0.32221814086009526, 0.31892294253128134, 0.31562815132751987, 0.3123337672488108, 0.30922800181204174, 0.3061226435003252, 0.3030176683651285, 0.2999131243035168, 0.29680901131549003, 0.2935172615753555, 0.2902260147544035, 0.28693534269823134, 0.2836452214583066, 0.28035572288022675, 0.27706684696399186, 0.27424834417451466, 0.2714303203556874, 0.2686128234045751, 0.2657958772697102, 0.2629794580025602, 0.2601636135001901, 0.2573483677111324, 0.2545899996867532, 0.25183223037568636, 0.24907508372646445, 0.24631855973908745, 0.24351255808357328, 0.240707274884034, 0.23790266224340464, 0.23509879200728265, 0.23229564022713556, 0.229586534334101, 0.22687814689704133, 0.22417052581302155, 0.22146374292763912, 0.2187085840066144, 0.2159543351298245, 0.2132010441943345, 0.2104487351486768, 0.20769745588991645, 0.20494723036658594, 0.20219808252721774, 0.19945007224314312, 0.1967032354371608, 0.19395760803206957, 0.191462649916616, 0.18896874553659226, 0.18647591884053083, 0.1839842057512305, 0.18149363021722373, 0.179004216187043, 0.17651599958348713, 0.17423619508397936, 0.17195744431990143, 0.1696797592655196, 0.16740316386936632, 0.16512769405424035, 0.16285339771720672, 0.16068361277598647, 0.15851497736432604, 0.15634753937929044, 0.15418133474367837, 0.15201641135455488, 0.14985279316045239, 0.14769052805843594, 0.14552966394557054, 0.14362928802066624, 0.1417300496510555, 0.1398319847595371, 0.13793510532037725, 0.13600499729237892, 0.13407620643366788, 0.13214875669277665, 0.1302227079410364, 0.12829809610124596, 0.12637495709620403, 0.12445333882297561, 0.12253328917862569, 0.12061485606021925, 0.11869806341628882, 0.11695700510381545, 0.11521737172902562, 0.11347919921471804, 0.11174252348369149, 0.11000738045874468, 0.10827380606267638, 0.10654181226975282, 0.10483862856142219, 0.10313710927610005, 0.10143731428511762, 0.09973935135687116, 0.09804329233695815, 0.0963492150581092, 0.09465720334018804, 0.0930011204081443, 0.09134717488262585, 0.08969545058349641, 0.08804601935635349, 0.08664836503847619, 0.08525246495060423, 0.0838583610026695, 0.08246611306600321, 0.08107576305053725, 0.07968735286620347, 0.07838011024563243, 0.07707466975213173, 0.07577108526989948, 0.07446938074746819, 0.07316960408190283, 0.0717931801380834, 0.0704190013691855, 0.06904709172374161, 0.06767749909881672, 0.06631025941720958, 0.06494541458885207, 0.0637774805818114, 0.0626113606761073, 0.061447072833139174, 0.06028465896283887, 0.059124226833602626, 0.057965920136625416, 0.05680988256310223, 0.05567931425388874, 0.05455120665638923, 0.05342569148753244, 0.052302918425646466, 0.0513525029521356, 0.050404242846549395, 0.049458221928751586, 0.048514518031472775, 0.04757321796814328, 0.046634408552193383, 0.04566130483770894, 0.04469095819802812, 0.0437233386974853, 0.04275842538111455, 0.04179619130681682, 0.04077854631545601, 0.03976385597429192, 0.038752099328358616, 0.03774324045485735, 0.03673725241168907, 0.03573410825675471, 0.034876508314499406, 0.034020955971772536, 0.03316743626074128, 0.03231593122000626, 0.031466623457127765, 0.030619991942755727, 0.02977653061537287, 0.02911779629339941, 0.028461552618805556, 0.02780804207048283, 0.027157504133756193, 0.026510175300384048, 0.025827390664651288, 0.025148671292309754, 0.024473861517898224, 0.023802724849658296, 0.0231350307829647, 0.02247054432284231, 0.021774516148639154, 0.02108150997988036, 0.020391254898792066, 0.019703478490817126, 0.019017938277064023, 0.018334863265374743, 0.017654883601510598, 0.016978633921582734, 0.016476515518217983, 0.0159770958151089, 0.015480644233246061, 0.014987422709703649, 0.014497699168688961, 0.014011738540842738, 0.01348620146626327, 0.012965792371204553, 0.012450657940428121, 0.011940785451276088, 0.011436158439132363, 0.01093675894259757, 0.010442571245447264, 0.009994128987322892, 0.009550037878196423, 0.009110285195409967, 0.008674857467913995, 0.00824374197305062, 0.007816925239770312, 0.0074617258445282345, 0.007109736301032287, 0.0067612357593643795, 0.006416506363172981, 0.006069675483255042, 0.005727343933879826, 0.0053898095749202535, 0.0050573695178576066, 0.004730321622564805, 0.0044773319446457455, 0.004227999282478018, 0.003982467327256601, 0.0037408808927639316, 0.0035033840443908083, 0.0032911484074513273, 0.0030825203924149057, 0.002877609638656878, 0.0026766215796825634, 0.002479917127360595, 0.0022878721613924175, 0.002100862748577385, 0.001941655711011334, 0.0017868432291583347, 0.0016366773239033273, 0.0014914098290333424, 0.0013512923912375001, 0.001216576844302831, 0.001087515022016365, 0.0009643585710672223, 0.0008592330263638378, 0.0007592316256740435, 0.0006645356200982742, 0.0005753260268645776, 0.0004917840035244337, 0.00042090724578896187, 0.000355000159355032, 0.00029419881117778355, 0.00023863931498683356, 0.00018845767926922466, 0.00014379001775457386, 0.00010477239739802068, 8.102424091676168e-05, 5.908315206003061e-05, 3.9621022810330595e-05, 2.3309746611867145e-05, 1.0821219832250648e-05, 2.8273393872298833e-06, 0.0, 3.0110978554585707e-06, 1.1219185857304297e-05, 2.5137183059657686e-05, 4.524106983471106e-05, 7.17200314036508e-05, 0.0001043896067675212, 0.00014557032453114401, 0.00019322908525412936, 0.0002471159027413095, 0.00030698077910389717, 0.0003725737515339634, 0.00044364483383634034, 0.0005154475391290282, 0.0005916884407223049, 0.0006721580357313063, 0.0007566619762018883, 0.0008450364111392576, 0.0009628581393769627, 0.0010863601601661089, 0.001215212339244278, 0.0013490846358980072, 0.0014876469158648779, 0.001630569325529337, 0.001777521637080011, 0.0019281739969013473, 0.0020821961771819724, 0.002239258324306333, 0.0024430311485749714, 0.0026505131889118677, 0.0028610235960220723, 0.0030738824561001845, 0.0032884089198512547, 0.003675007460566586, 0.004064831569252498, 0.004457943736610974, 0.004854407201735637, 0.005254285577915928, 0.0056576413558538305, 0.006064537774642968, 0.006466792294281866, 0.006872524589874196, 0.007281597705749746, 0.007693836518264636, 0.00811664262074347, 0.00854236670222864, 0.008970823909984939, 0.00940183088806044, 0.009835203532111581, 0.010373303108768583, 0.01091454593031571, 0.01145875238275924, 0.012005738361755612, 0.012555324253311101, 0.013140854646968457, 0.013728888410663304, 0.014319207762428258, 0.014911595668687572, 0.015505835095865497, 0.01610171050716957, 0.016998113059201826, 0.01789709905917711, 0.018798508351284354, 0.01970228555454216, 0.020624874330075725, 0.021549805571444078, 0.022477023897665812, 0.02340647093419298, 0.02433808980326089, 0.025298855533159952, 0.02626184398623132, 0.02722702971715921, 0.028194394764544255, 0.02916391817342052, 0.03013557898882207, 0.030953412392867436, 0.03177273060592757, 0.03259350369233684, 0.03341563286439871, 0.03446374338266124, 0.03551359316309631, 0.03656492475897957, 0.03761748371715327, 0.03912275675293535, 0.040629326003038785, 0.042137017840602975, 0.04364590411122542, 0.04515605366693703, 0.04653006778967402, 0.047905237429103964, 0.049281607488725274, 0.05065923484630263, 0.052038173386034156, 0.05341847100498484, 0.054800187574485924, 0.056115135635387614, 0.05743132901997911, 0.05874867792126355, 0.06006711049364344, 0.06141054533394935, 0.06275492015415575, 0.06410016310866512, 0.06544618439048062, 0.0667928941926054, 0.06870685492256817, 0.07062178556809703, 0.07253751848946452, 0.07445404769953749, 0.07637138517258223, 0.0782895548571312, 0.08020858070171691, 0.0821284746806056, 0.08404926074232978, 0.08597096283542195, 0.08789358694701521, 0.08981710314144396, 0.09174147549590944, 0.09366667407474605, 0.09559265098088879, 0.09751938226580514, 0.09967816884347651, 0.10183779361978525, 0.10399821468479947, 0.10615939012858733, 0.10836055962164384, 0.11056239967361024, 0.11276485041315529, 0.11496785196894775, 0.1171713684181889, 0.11930946945091667, 0.12144798958296313, 0.12358690486579578, 0.12572620332514836, 0.1278658849610209, 0.13058963538167687, 0.13331393661858024, 0.1360387766974648, 0.138764131669798, 0.14148996561278115, 0.14421625457788173, 0.14694297461656722, 0.14967010178030515, 0.1523976001462968, 0.1551254697145421, 0.15801902720486236, 0.1609129319489038, 0.1638071719724002, 0.166701723326819, 0.16959655008936156, 0.1724916283114953, 0.17522148560793782, 0.17795152251837404, 0.18068172706853772, 0.1834120753098964, 0.1861425552681838, 0.18961790643270035, 0.19309344918547688, 0.19656917155224712, 0.20004504958447858, 0.20352109525643752, 0.2069972726453252, 0.21047354582834285, 0.213949938754023, 0.21742642747383312, 0.2209030119877732, 0.22459034358767985, 0.22827772308465144, 0.23196517442722056, 0.23565262576978965, 0.23934007711235875, 0.24302755240346036, 0.2473320137372614, 0.2516364271739975, 0.25594079271366854, 0.2602451103562747, 0.2645493801018157, 0.26885357800175935, 0.27315768010757296, 0.27737563934199777, 0.2815935027822926, 0.28581129437698993, 0.2900289662290248, 0.2943232254879825, 0.2986173650042777, 0.3029113847779104, 0.30720528480888065, 0.3114990411486559, 0.31629102275848203, 0.3210828367285806, 0.3258744591104193, 0.330665937801063, 0.3354572249034467, 0.34024836831463545, 0.34503929618903173, 0.349830080372233, 0.35519553354121297, 0.3605607711734005, 0.36592576932026305, 0.37129055193033317, 0.3767526374279353, 0.38221450738874496, 0.38767613786422966, 0.39313752885438935, 0.3985987043077567, 0.3985987043077567, 0.3981174585472456, 0.3976374341618919, 0.39715867904876045, 0.3966813368990463, 0.3962055035068794, 0.39573127466638974, 0.39521585435000667, 0.39470258940154823, 0.3941916235122094, 0.3936830524761202, 0.3931769960359431, 0.3926735978828731, 0.3921729538110401, 0.3916751835631067, 0.39118038293320284, 0.390688719561056, 0.3902002413437311, 0.38971506802389067, 0.38923334329272974, 0.3887550910987807, 0.3882899387521071, 0.38782833078824297, 0.3873703630013182, 0.3869161311854629, 0.38645756468522574, 0.38600299758991546, 0.38555257359072703, 0.38510631663619294, 0.3846643225204432, 0.3842256811992429, 0.38379149430508686, 0.38336176183797516, 0.3829365795920377, 0.3825159954643395, 0.38210005735194563, 0.3816888371004535, 0.38129045326237926, 0.3808966675425443, 0.38050755178654616, 0.38012312994291725, 0.37973657667989613, 0.3793549328660368, 0.37897827034693665, 0.3786065891225957, 0.37823993709007897, 0.3778847324560954, 0.37753443727127356, 0.37718900363854846, 0.37684850340351755, 0.3765068775874593, 0.37617035280882277, 0.37583895301614045, 0.3755126782094123, 0.37519155233717083, 0.37487552750235104, 0.3745646516020179, 0.374258900687639, 0.3739582508106818, 0.37366272591967875, 0.37335484358590765, 0.37305268495140315, 0.37275622606763276, 0.3724654669345965, 0.3721803357066968, 0.37190085633246617, 0.3716281304443995, 0.37136091271880695, 0.37109920315568856, 0.3708429538579793, 0.37059216482567914, 0.3703467402646581, 0.37008512649566966, 0.3698298351392602, 0.3695808422468973, 0.36933802807591837, 0.36910141657485596, 0.3688708880010476, 0.36864639445742825, 0.368427888046933, 0.36821529692396426, 0.36800854924292464, 0.36780759710674904, 0.3676123686698401, 0.36742279208660017, 0.3672387715628994, 0.36704035797116846, 0.36684867391706893, 0.3666636236064708, 0.3664851112452442, 0.36631304103925905, 0.3661472932458529, 0.3659877960194282, 0.36583442961732254, 0.3656802250165796, 0.36553251046814306, 0.3653912141264155, 0.365256144403137, 0.3651272294527099, 0.36500434953247196, 0.3648770391337222, 0.3647566259123313, 0.36464291828003936, 0.3645357964941839, 0.3644351168635699, 0.3643407356970024, 0.3642524853547539, 0.3641702221456295, 0.36409382632696663, 0.3640231302590379, 0.36395799025064823, 0.3638983105076677, 0.3638438994418363, 0.36379466125902415, 0.36375129046667354, 0.3637126135866922, 0.3636785348249501, 0.36364891049025233, 0.36362321371488393, 0.3636018995209623, 0.363584848165825, 0.3635719399068095, 0.36356307894978596, 0.36355749894171435, 0.3635577863241043, 0.3635640608396183, 0.36357637038532137, 0.3635947868068109, 0.36362115414108925, 0.3636545862924539, 0.36369520300356745, 0.36374312401709236, 0.36379837328156106, 0.3638610944881686, 0.36393135948251243, 0.3640092401101901, 0.36409480821679896, 0.36418815959646916, 0.36428934214626557, 0.36439845166031826, 0.3644962335185002, 0.36459969117888374, 0.3647088485900014, 0.3648237297003857, 0.36494660962062364, 0.36507547667398565, 0.3652103548090042, 0.36535129192274435, 0.36549826406667346, 0.3656516783658441, 0.36581119954080127, 0.3659768754886099, 0.36614868226073766, 0.36632664380571683, 0.3665107601235476, 0.36670103121422987, 0.3668934576728368, 0.3670917994189703, 0.3672960325040978, 0.3675061569282195, 0.36772614814772947, 0.3679521983459611, 0.3681843314714467, 0.3684224756785889, 0.36866660701885506, 0.36891222316813604, 0.3691635630166836, 0.36942060261596527, 0.36968329406891604, 0.3699565468246976, 0.37023559512534326, 0.37052039107378804, 0.3708108628244344, 0.3711069624802173, 0.3714086421440719, 0.3717158299704006, 0.3720284780621384, 0.37234651457368784, 0.37266989160798397, 0.3730185822411286, 0.37337309236766975, 0.3737333261934775, 0.37409918792442187, 0.3744705578178404, 0.374847387976668, 0.3752446941307799, 0.37564765213856083, 0.3760560943602834, 0.3764699250018177, 0.3768890003719686, 0.3772744041054299, 0.377663950935013, 0.37805752111805546, 0.37845499491189477, 0.378856276522401, 0.3792612462069117, 0.37966980817129675, 0.3800818666214263, 0.3804972539175728, 0.3809158982141388, 0.3813376797684618, 0.3817624788378793, 0.3821901517311963, 0.38262062660281543, 0.38304506644424546, 0.38347194903599013, 0.38390115463538693, 0.3843325874483059, 0.38477400679927576, 0.3852175096725728, 0.385662952377002, 0.38611019122136847, 0.3865591543600746, 0.38701067999175787, 0.3874636904324559, 0.3879180419909737, 0.38837361492464884, 0.38883031343935126, 0.389287993843886, 0.3897465603441232, 0.39019669696092163, 0.39064745623956504, 0.39109874238592335, 0.39155043565733405, 0.3920106546063134, 0.3924710890920853, 0.39293159542345457, 0.3933921257033564, 0.39385251229206325, 0.39430449294586395, 0.39475613832020967, 0.3952074005180355, 0.39565813584814635, 0.39611648681159106, 0.39657411931906084, 0.39703093757642577, 0.39748686973808833, 0.397941796061386, 0.3983956447007214, 0.398848343810497, 0.39929977364805025, 0.39974988631631625, 0.40019856207263244, 0.40067281486165457, 0.40114527151073953, 0.40161588412282223, 0.4020845090067078, 0.40255112221386363, 0.4030156279501598, 0.4034985261594131, 0.403983819221916, 0.40447136344647355, 0.4049611588330857, 0.40545306169055756, 0.4059769597874443, 0.40650301325225574, 0.4070310783937968, 0.4075609636238076, 0.40809266894228813, 0.4086259548639134, 0.4091606776974885, 0.4096967416488833, 0.41023400302690294, 0.4107722702432874, 0.4113113996068417, 0.411851199529306, 0.41230512001423886, 0.4127592799844967, 0.4132136315430145, 0.41366807889566226, 0.4141308124405538, 0.41459335439718525, 0.4150557047655568, 0.4155177198544734, 0.41597925597274005, 0.4164412710616566, 0.4169025676945983, 0.41736309797450016, 0.41782267031310216, 0.4182812368133393, 0.4187386537840166, 0.41919477753393913, 0.4196404118266283, 0.42008460920736773, 0.42052727388202743, 0.4209682142623474, 0.42141538126111633, 0.4218605365831556, 0.42230363233140017, 0.42274447691759015, 0.42318297454759546, 0.4236112701027574, 0.42403712290760476, 0.4244603413738775, 0.4248808297074457, 0.4253061077475131, 0.425728368272486, 0.42614746759116945, 0.4265632620123684, 0.4269757036390178, 0.4273846487799228, 0.42779000164095343, 0.42819161853091464, 0.4285894515527414, 0.4289833570152388, 0.4293967086861232, 0.42980536644463824, 0.43020933029078406, 0.43060836073923564, 0.43100236199586306, 0.43139123826653625, 0.4317899334355329, 0.4321828330596655, 0.432569841344804, 0.4329508624968184, 0.43332575282451385, 0.43366117597065557, 0.4339914262337781, 0.43431635992268647, 0.4346359291403157, 0.4349500859896008, 0.4352587825734767, 0.43556187520074857, 0.4358594117684813, 0.43615124858547993, 0.43643738565174445, 0.43671772717314494, 0.4369923210467463, 0.4372609756842886, 0.43752378687990184, 0.43777558175056686, 0.4380216289734327, 0.4382619764455645, 0.4384964804757673, 0.43872926021163033, 0.4389560528143693, 0.4391767624898542, 0.43939138923808513, 0.439599933059062, 0.43980282502636975, 0.43999958616935847, 0.44019016859096316, 0.4403746680853139, 0.4405530367553455, 0.44072522670399317, 0.4408913337253868, 0.44104819661323685, 0.44119921605915785, 0.4413443920631498, 0.44148377252227766, 0.441619704392726, 0.4417496491300504, 0.44187365463131567, 0.44199167299945696, 0.44210384792566915, 0.4422083114244175, 0.4423071230694968, 0.442400378655037, 0.4424880781810381, 0.4425716585594498, 0.4426496349812574, 0.4427219595493959, 0.4427887280579953, 0.44284994050705556, 0.4429057405877717, 0.4429560804030787, 0.4430010557471066, 0.4430407145169203, 0.44307510460958477, 0.4431059503194399, 0.44313100048443094, 0.4431503508986878, 0.4431640494592757, 0.44317223985738935, 0.44317492209302894, 0.4431726709309743, 0.4431657258565504, 0.44315394317856227, 0.44313727499994493, 0.44311500286472344, 0.44308727046409285, 0.44305393410685817, 0.4430147543076944, 0.4429696352724716, 0.44292734216408325, 0.44288069042278067, 0.4428295363573688, 0.44277378417371765, 0.4427133380776973, 0.44264810227517765, 0.4425713232799948, 0.442488509254623, 0.44239961230199715, 0.44230439293679225, 0.4422027553648784, 0.4420945079979956, 0.4419795071449489, 0.4418680506747116, 0.44175070286548024, 0.4416273200260598, 0.4414977584652554, 0.441361922388937, 0.4412197639000396, 0.44107794069059714, 0.4409300824509656, 0.4407761412840801, 0.4406158777046155, 0.440449339609637, 0.4402763354108845, 0.44009676931422803, 0.4399105455255376, 0.4397411336066595, 0.4395663572165023, 0.4393862642521309, 0.4392007589194154, 0.4390062010414163, 0.4388058955156181, 0.4385997465478909, 0.4383877062411696, 0.43816967880132424, 0.4379456642283548, 0.4377155667281314, 0.4374792905065239, 0.43723683556353243, 0.436988106105027, 0.43671739189368997, 0.43643954101966914, 0.43615445768883443, 0.43586209400412085, 0.4355623541713985, 0.4352552860877323, 0.43494845748939104, 0.4346345401254309, 0.43431348609878695, 0.4339852475123941, 0.4336497285721224, 0.4333384934438018, 0.43302122328529224, 0.43269791809659364, 0.432368625774771, 0.43203325052569425, 0.43169188814349346, 0.43134444283403867, 0.43099096249439484, 0.430631399227497, 0.43026584882747504, 0.4298943112943291, 0.42951669083392907, 0.42913313113747004, 0.42874358430788695, 0.4283560970520985, 0.42796291004557596, 0.42756407118538436, 0.4271596762656536, 0.42674215755011496, 0.4263188911867772, 0.4258899729697703, 0.4254554028990944, 0.42501527676887935, 0.4245686366378253, 0.42411653624136214, 0.4236590234765548, 0.42319619413753334, 0.42272814401842773, 0.42225487311923793, 0.42177652513115893, 0.4213029189525142, 0.4208246188615002, 0.4203417206522469, 0.41985427222181937, 0.4193534126131939, 0.41884809857752425, 0.4183384738060052, 0.41782453829863686, 0.41730653154074415, 0.41679388925413063, 0.41627751099644766, 0.4157575404588903, 0.41523412133265347, 0.41469772210180367, 0.4141580179734694, 0.4136151047417807, 0.41306917399499743, 0.4125204173213796, 0.41196888261799225, 0.4114148093701603, 0.4108583412690787, 0.4102995741088775, 0.4097387952719466, 0.40922730251489287, 0.40871432494882437, 0.4082000541620011, 0.407684585948553, 0.4071680639996751, 0.4066505362124323, 0.40613224207214965, 0.40613224207214965, 0.4126364240127912, 0.4191402706739778, 0.42564378205570946, 0.4321470060550512, 0.43864989477493793, 0.44515249611243474, 0.45224595564367764, 0.45933903199840065, 0.46643172517660364, 0.47352413097241675, 0.4806162493858399, 0.48770798462274306, 0.49479943247725633, 0.5033704206693844, 0.5119409777879277, 0.520511151729951, 0.5290809424954543, 0.5376503500844377, 0.5467387223726137, 0.5558267593813346, 0.5649144132135357, 0.5740017796633469, 0.583088810833703, 0.5921755546216693, 0.6030793214671867, 0.6139826572391193, 0.6248856577315969, 0.6357883229446196, 0.6466907007752524, 0.6605660015328977, 0.674440919114023, 0.6883154056215636, 0.7021896047467141, 0.7160634685924097, 0.7367086363102093, 0.7573534208514892, 0.7779978701133139, 0.7986419840956838, 0.8192859064897937, 0.8399297330897736, 0.9581613389643677, 0.9975720019814058, 0.9976952890266962, 0.9978176181306868, 0.9979387019109875, 0.9980584445734685, 0.9981764629416098, 0.9982926612212812, 0.9984170977961315, 0.9985388521353422, 0.9986576368565233, 0.9987731645772849, 0.9988852437093672, 0.9989935868703799, 0.9990978108838033, 0.9991978199555075, 0.9992931351148423, 0.9993837563618079, 0.9994692047257543, 0.9995492886184216, 0.9996237206574198, 0.9996923092544889, 0.9997535217035491, 0.9998086033282904, 0.9998571709521927, 0.9998991287811261, 0.9999293039320712, 0.9999543061999973, 0.9999740397907741, 0.9999883131161419, 0.9999970303819705, 1.0]
tipy = [0.0, 0.04870676188251942, 0.04879573666787591, 0.04888358587220507, 0.04897002211311697, 0.04905476399535475, 0.04913899098414387, 0.049220853055348984, 0.04930003289091453, 0.049376231134184295, 0.049449142441368964, 0.0495184614686792, 0.04958387688519256, 0.04964508334711971, 0.04970177551067132, 0.04975364803205808, 0.04979636622689817, 0.04983461802042771, 0.049868175901588006, 0.049896800385054084, 0.04992027593403348, 0.04993836306320123, 0.04995083426149863, 0.050965707210223, 0.05198705224985446, 0.05301371386370009, 0.0540445544964663, 0.055078424618593275, 0.05837498801375948, 0.05947171105942273, 0.0605650813105365, 0.061653745675014776, 0.06260678949996709, 0.06355418147125032, 0.06449501154462957, 0.06520846227622372, 0.06591717119838361, 0.06662086290298555, 0.06731927395617208, 0.06801212894981949, 0.06869915247580408, 0.06938010504880088, 0.0700546873121537, 0.07072263583200507, 0.07138369914876379, 0.07197844897904053, 0.07256707995926451, 0.07314937655264324, 0.073725159145183, 0.07429420022582509, 0.07485632018057577, 0.07541130347264259, 0.07588506531674856, 0.07635322320425042, 0.07681564541821945, 0.07727218826746066, 0.07772273200931157, 0.07819388346337545, 0.07865799404888547, 0.07911500389451036, 0.07956485312891888, 0.0800075297778448, 0.08044299791848936, 0.08087120965378757, 0.08129214103520693, 0.08170575613994871, 0.0821120310194804, 0.08251090580247078, 0.08290236851465357, 0.0832254461922935, 0.083543243218518, 0.0838557356447946, 0.08416291149685705, 0.08447019511731572, 0.08477191070396903, 0.08506804628255073, 0.08535858987879456, 0.08564351754416803, 0.08596949299423999, 0.08628773306831568, 0.08659817789506385, 0.08690081550021826, 0.08719560996098018, 0.0874825133802846, 0.08771738861274102, 0.08794665988859335, 0.0881702912850428, 0.08838824687929069, 0.0886043225137376, 0.08881444693785921, 0.08901860817738927, 0.08921677030952903, 0.08940889741147975, 0.08959170853428947, 0.0897686283181051, 0.08993965676292667, 0.09010475794595545, 0.09026673384549345, 0.09042249510084871, 0.09057202973775495, 0.09071527788488094, 0.09085223954222668, 0.09098286681272717, 0.09110713574784993, 0.0912250104247962, 0.09133646689503348, 0.09144146923576306, 0.09154575312051773, 0.09164270875432858, 0.09173230021439684, 0.09181449157792378, 0.09188924692211066, 0.09195653032415871, 0.09201224658501111, 0.09206142489649205, 0.09210398143873778, 0.09213985634041709, 0.09216895380739996, 0.09218946572548295, 0.09220427789283185, 0.09221331846384917, 0.09221652756720365, 0.09221385730583033, 0.09220524780839795, 0.09219065117784152, 0.0921700075428298, 0.09214324505776529, 0.09211032779984928, 0.09207118392348425, 0.09202574158307272, 0.0919739049844847, 0.09191557833359022, 0.09185201892834532, 0.09178201736785895, 0.0917055018065336, 0.0916223525017068, 0.09153078528770761, 0.09143215325662203, 0.09132634864005384, 0.09121327564387306, 0.0910928384739497, 0.09098107067278996, 0.09086349535249989, 0.09074002869321575, 0.09061062279787256, 0.09047519384660659, 0.09033366999382032, 0.09018596741965004, 0.090032002304232, 0.08988867033724228, 0.08974018943576587, 0.08958649972847153, 0.0894275293697618, 0.0892632424368379, 0.08908311354966778, 0.08889684186391236, 0.0887043794825067, 0.08850564258558703, 0.08830055932755586, 0.08808906983708197, 0.08788372314519334, 0.08767255695990815, 0.08745551140989513, 0.08723251464955681, 0.08700353075609445, 0.08675403494454909, 0.08649762998137858, 0.08623420809818669, 0.08596368547510967, 0.08568594236948505, 0.08540088298718285, 0.0851506447711301, 0.08489489839260324, 0.08463357200600476, 0.08436660574000343, 0.08409393972326801, 0.08381550211020099, 0.08353123302947116, 0.08324694000020882, 0.08295691129741366, 0.08266111099828691, 0.08235946725723109, 0.08204626834924586, 0.0817268907198766, 0.0814012744977921, 0.08106934783739483, 0.08073105086735358, 0.08039787888326652, 0.08005861199765918, 0.07971310651933657, 0.07936130257696747, 0.07899649458145293, 0.07862492112550823, 0.07824647444073711, 0.0778610587330096, 0.0774685542596632, 0.07706885325230171, 0.07666184794252888, 0.07624744253621474, 0.07582551729069677, 0.07539596443757877, 0.07499876605186313, 0.07459508958810727, 0.0741848632007137, 0.07376800306981869, 0.07334443734982474, 0.07291408222086812, 0.07247684188881884, 0.072069932373176, 0.07165713151853909, 0.07123834353077813, 0.07081353248709438, 0.07038259061909159, 0.06994542213263981, 0.0695221916921008, 0.06909306991256774, 0.06865797297417688, 0.06821679310853197, 0.0677694464957693, 0.06731580141896013, 0.06685579800677321, 0.06638931651654609, 0.06597337840415218, 0.06555229135727159, 0.06512598353030682, 0.0646943830776604, 0.06424943131814735, 0.06379883967923144, 0.06334251236678269, 0.06288035358667113, 0.06241226754476675, 0.061938170421205835, 0.06145795444759213, 0.06097152382979567, 0.06047880672221896, 0.059979683382199514, 0.05952030263185751, 0.05905548556463886, 0.05858517230921234, 0.05810926707144796, 0.05762772195428072, 0.05714045313784689, 0.05664740075081523, 0.056156348066247, 0.055659475888282205, 0.05515664052572585, 0.05464768032598359, 0.054132463572126706, 0.05361084657296021, 0.053082673663022883, 0.05255857200360991, 0.05202789647202673, 0.05149052732561086, 0.05094630889890108, 0.05047908500416656, 0.05000675408487724, 0.04952923232116936, 0.0490464358931792, 0.048558286968176136, 0.04806469573916331, 0.04759424477967494, 0.04711881851256048, 0.04663834509222244, 0.04615275267306335, 0.04566201131941758, 0.04513586206047618, 0.04460382744967384, 0.044065865577078686, 0.04352193453275886, 0.04297199240678249, 0.042415985314951464, 0.04193454796618046, 0.04144859631903392, 0.04095810642497935, 0.040463030386951766, 0.03996321852662306, 0.03945844333293451, 0.038948507230493035, 0.038443552422810764, 0.03793322715671623, 0.037417339843949446, 0.036895680934851086, 0.03644839419341965, 0.03599668296060955, 0.03554043348089142, 0.03507952002446965, 0.03461382284868177, 0.0341432222108653, 0.03364877482181573, 0.033148980922886394, 0.032643918346807896, 0.032133688874843344, 0.031618364352590224, 0.031066338704286683, 0.030508792919242772, 0.029945816804455346, 0.029377524115453767, 0.02880401064636802, 0.028225384165594333, 0.02772542262693752, 0.02722183887274066, 0.02671470474860124, 0.02620407413871737, 0.02568973749342972, 0.02517107215089338, 0.02464743748786408, 0.02423302010728368, 0.02381483681996825, 0.023392588269261588, 0.022965951149975003, 0.022534626105452284, 0.02207168899803459, 0.02160288450015533, 0.021128470058538833, 0.020648786939773178, 0.020164194371845797, 0.019675027634211646, 0.019155733642697282, 0.01863218279953172, 0.018104770255501147, 0.017573915109924242, 0.01703998257792158, 0.01650280501976568, 0.015961771747877898, 0.015416236151880827, 0.015005596652301698, 0.014591831869231816, 0.014174684355946847, 0.013753890678589332, 0.013329175429035564, 0.012900287147694336, 0.012427339553693233, 0.01194877602882177, 0.01146451874034934, 0.010974687430938419, 0.010479407830384615, 0.00997880566848353, 0.00947301864929702, 0.009004926620259519, 0.008532685507967054, 0.008056385119416483, 0.007576133223004041, 0.007092019625726587, 0.00660414610884723, 0.006191488945405297, 0.00577614954632379, 0.005357942310475864, 0.004936687623867797, 0.004504452535110225, 0.004068673063543216, 0.003629157620906801, 0.003185714618941009, 0.0027381524693858724, 0.0023834776966837894, 0.0020260458491780818, 0.0016657641263053268, 0.0013025397275021019, 0.0009362768586384225, 0.0006005962657723837, 0.00026225738579926743, -7.88086333118531e-05, -0.0004226377143597221, -0.0007692118959449674, -0.0011185102231016548, -0.0014705057537307263, -0.0017806961273211276, -0.0020929191326071435, -0.002407156808189402, -0.0027233941862350925, -0.003041616298911405, -0.0033618051848189677, -0.003683948869691532, -0.004008029392129727, -0.00430003384885583, -0.00459357101166169, -0.004888628906281058, -0.0051851925648811244, -0.005483250013195641, -0.005755502917745508, -0.006028974203886118, -0.006303654890917787, -0.006579535998140828, -0.006856611538422115, -0.007134872531061965, -0.007414307001794128, -0.007603626138309672, -0.007793523033171687, -0.007983836033785822, -0.00817440049399117, -0.008365054761193376, -0.008555634189231533, -0.008745974131944728, -0.008935915930305172, -0.00910563019940602, -0.009274772697293519, -0.009443232662004877, -0.009610866402345116, -0.009777518252853012, -0.009953022079684815, -0.010127044091068413, -0.010299401679443529, -0.010469897269417064, -0.01063834226629561, -0.010804545081819203, -0.010959022097119346, -0.011111176104767358, -0.01126084545216889, -0.01140794033232708, -0.01155252061657317, -0.011733023699563552, -0.011909742914419536, -0.01208283991373547, -0.012252476350105705, -0.012418810882558026, -0.012582005163686783, -0.012742220846086326, -0.012899616588784442, -0.013054354044375481, -0.013206597859020354, -0.01339700066663135, -0.013583954885562896, -0.013767783821003687, -0.013948825745975233, -0.014127406959232796, -0.014441635654115369, -0.01474932639962648, -0.01505074562319015, -0.015346165739363522, -0.01563585616913718, -0.01592008932706827, -0.016199137627713932, -0.01646783118162155, -0.016732022411419887, -0.016991765201307053, -0.017247089486948673, -0.01750254548951902, -0.017753475219447586, -0.017999908612399994, -0.018241869616908737, -0.018479391162205996, -0.01876662088026567, -0.0190474533465823, -0.01932222384061083, -0.019591261654673082, -0.01985490506179057, -0.020128999009776077, -0.020397791351380246, -0.020661683224522377, -0.020921066786422103, -0.021176340181432166, -0.02142790155390532, -0.02179915020787805, -0.022164043520039606, -0.0225228164853651, -0.02287550352987, -0.023228388149767992, -0.023575035673734007, -0.02391548352135007, -0.024249767615414922, -0.024577926872293876, -0.02490919345126421, -0.02523390411946371, -0.025551951108496146, -0.02586322664996528, -0.02616761998190832, -0.026465024832712316, -0.026709364225854588, -0.026948631020457508, -0.027182822222954515, -0.027412252157834622, -0.027698018021845468, -0.027977590196639486, -0.02825182184868685, -0.02852156614445774, -0.028900816601850763, -0.02927489866657445, -0.02964425538647998, -0.030008482630081483, -0.030367170278759962, -0.03068809558204178, -0.031003794118106307, -0.03131395605281437, -0.031618273048810076, -0.031916438265520826, -0.032208140372024165, -0.03249307252774749, -0.032757500249304225, -0.03301586150822301, -0.033268485596825687, -0.03351570330421735, -0.0337622040524174, -0.03400379310628081, -0.03424081921631206, -0.03447363188140725, -0.03470257985207087, -0.03502183250003616, -0.035334993240047734, -0.03564275059241485, -0.035945034208323304, -0.036241659983429535, -0.03653244456178161, -0.03681720383903597, -0.0370957544592407, -0.03736791156966058, -0.037633492562735335, -0.037892379192585764, -0.03814467997599974, -0.03839055132683013, -0.03863015040732143, -0.0388636351281098, -0.03909116040626482, -0.03933910854389761, -0.03957999934836043, -0.03981405322099141, -0.04004149056312867, -0.040266493013063544, -0.04048509671447209, -0.040697534791350326, -0.04090403961930263, -0.0411048439481292, -0.04129439471185748, -0.04147886127697599, -0.041658305385795055, -0.041832789154820846, -0.04200237395216788, -0.04221122236854243, -0.04241236347360723, -0.042605925055234896, -0.042792034527102216, -0.04297081948998391, -0.043142407544654676, -0.0433069261047913, -0.04346450333246225, -0.043615292273757975, -0.04375947684592415, -0.04390539151246526, -0.0440443098397551, -0.04417645447430672, -0.04430204824973108, -0.04442131381254123, -0.044534473715701274, -0.04463577507267062, -0.04473203329902147, -0.044823434650723346, -0.04491012038669839, -0.04499214032176518, -0.04508984210204161, -0.04518012806955226, -0.045263077787683424, -0.045338770796434134, -0.04540728665919067, -0.045468704962726564, -0.04552310522365361, -0.045570573331606176, -0.04561126121008729, -0.04564536028949305, -0.04567454009125, -0.04569675319123401, -0.04571222859144025, -0.04572119530848095, -0.0457238823531215, -0.045720518736127286, -0.04570921459758687, -0.04569016507038858, -0.04566355772457244, -0.045629580147718875, -0.0455884199113296, -0.04554026458105952, -0.04548530174010396, -0.045425014303111355, -0.04535854561891294, -0.04528607221438693, -0.045207770709960474, -0.04512223992938464, -0.045031036574046154, -0.04493434685314008, -0.04483235697586146, -0.04472522574156152, -0.04459972336346626, -0.04446809989014329, -0.044330501164413574, -0.04418707321619595, -0.044037961794762416, -0.04388331283648287, -0.0437232722777272, -0.043557986241963234, -0.04336681801680191, -0.043169457786304946, -0.042966110235586025, -0.042756979488465095, -0.04253828148970984, -0.04231390694036135, -0.042083993170285654, -0.04184867938032789, -0.041608102900354084, -0.019978365733941576, -0.019920012140948035, -0.019856051597783822, -0.01978651703368112, -0.019711441377872112, -0.01963086055315554, -0.019544804495197025, -0.019444729565028553, -0.019338245408850784, -0.019225402917295277, -0.01910626196169327, -0.018980888400509127, -0.01884934509864065, -0.01871169791455221, -0.01856801869384129, -0.01841838227567194, -0.018262863499208214, -0.018101540197180722, -0.017934490202320075, -0.017761800328056576, -0.0175835514006874, -0.017403560217579123, -0.017218399145018232, -0.01702815200286846, -0.016832905604560106, -0.016629067670218746, -0.016420230479718804, -0.01620649880788995, -0.015987959468162484, -0.015764720228932643, -0.015536373965147988, -0.015303507415854676, -0.015066219368749254, -0.014824614598661391, -0.014578797880420762, -0.014328873988857035, -0.01407494470523332, -0.013822314629497522, -0.013566044376822304, -0.013306226747771085, -0.013042969510740103, -0.0127714919399298, -0.012496655587436907, -0.012218565228091092, -0.011937325636722028, -0.011653044581725948, -0.011370981759552328, -0.011086182817541016, -0.010798746543388563, -0.010508774718358073, -0.010211022613832884, -0.00991084272682589, -0.009608339832166768, -0.0093036097239855, -0.008996757177111755, -0.00868787499210896, -0.00837706794380678, -0.008064431826335205, -0.007750059440257656, -0.007434046579704117, -0.007097195502312327, -0.006758715924710795, -0.0064187156152957555, -0.006077305336030002, -0.005734586868176644, -0.005390667980131914, -0.005047102332941504, -0.004702545815219062, -0.004357094221094576, -0.004010846338264592, -0.003663891973725969, -0.003316326921608694, -0.0029365720482499706, -0.002556308268575703, -0.0021756523316818106, -0.0017947090123979637, -0.0014135890726869574, -0.0010323942938119004, -0.0006512264570359016, -0.0002701813564889459, 0.00011063922656585803, 0.0004911484786982114, 0.0008712506057781295, 0.0012508617879418756, 0.001629892218192589, 0.002008264063799657, 0.0024287553909344076, 0.002848219924738384, 0.003266558877515039, 0.003683667474434702, 0.004099452914933951, 0.004513822398449361, 0.00492669509868376, 0.005337975221507162, 0.0057670550911083605, 0.006194213090976739, 0.006619371388381686, 0.007042446163459463, 0.007463359583479459, 0.00788204578997731, 0.00833616385030328, 0.008787461970927822, 0.009235862319120327, 0.009681287062150178, 0.010123664354419889, 0.010562940311731342, 0.01099904308848705, 0.01143192478762202, 0.011861531524938134, 0.012287815403370402, 0.01271072852585383, 0.013130240956722798, 0.01354631078604544, 0.013958908078156132, 0.014359854409207425, 0.014757412022910508, 0.015151562957866006, 0.015542283265541424, 0.015936571904558775, 0.0163272682637017, 0.016714378330103315, 0.01709787815523113, 0.017477767739085145, 0.01794417139658166, 0.018412945958795304, 0.018883995631596085, 0.019357236595120265, 0.019832579042370988, 0.020338910890671788, 0.020847380145497873, 0.021357855089920514, 0.021870221968410354, 0.02238434307690554, 0.022900086698477342, 0.023417321116197036, 0.023935908626002762, 0.02445569954956642, 0.02497655019569304, 0.025498316873187633, 0.026020843916588987, 0.02646023961656292, 0.026899964608858677, 0.027339929086479395, 0.02778003725529509, 0.02822819213102951, 0.028676287135432688, 0.029124220487241514, 0.029571878430926637, 0.03001915319809182, 0.030466924897306298, 0.030914085908942124, 0.03136054043886931, 0.031806162757292256, 0.032250845095814724, 0.03269447968604049, 0.03313693481104081, 0.03356930161672711, 0.034000327304593625, 0.034429898119111, 0.03485790030474987, 0.03529197344337652, 0.03572419655786784, 0.03615444990556136, 0.03658262571806083, 0.03700859826557064, 0.03742471599195828, 0.037838492749294406, 0.0382498207691828, 0.0386585862960941, 0.03907205172250778, 0.039482637337888794, 0.039890229386707776, 0.040294732074834756, 0.040696019672474125, 0.04109399039836276, 0.04148853648410445, 0.04187954417416982, 0.04226692366156202, 0.042650555203618566, 0.04305324379040896, 0.043451483937288184, 0.04384516787586001, 0.04423418185059507, 0.044618406118830896, 0.04499773889930437, 0.04538671695124069, 0.04577017486643664, 0.04614799888936286, 0.04652008125162311, 0.04688630819768805, 0.04721407978769722, 0.047536858108680934, 0.0478545713150417, 0.04816714756118203, 0.04847452098863757, 0.04877663172607707, 0.04907341391503616, 0.04936481367131674, 0.049650777110720676, 0.04993125034904986, 0.0502061854892393, 0.050475534634224, 0.0507392558740721, 0.05099730729885173, 0.05124465971673867, 0.051486503972151494, 0.051722810129424576, 0.051953548252892286, 0.052182741696013994, 0.052406109658606, 0.052623646153535195, 0.05283533321940218, 0.053041152894807604, 0.05324152427907014, 0.05343599235007237, 0.05362455112068116, 0.05380718861663027, 0.053983916812185936, 0.05415474169448129, 0.05431966326351634, 0.05447556821006656, 0.054625827290080815, 0.05477045846495846, 0.054909467721832625, 0.05504525590108605, 0.05517527248400789, 0.055299529444864395, 0.055418050732188064, 0.055530884243043886, 0.0556361739661634, 0.05573603934667254, 0.05583049235883753, 0.05591959287398962, 0.05600482570114358, 0.05608458628862216, 0.0561589105592241, 0.05622783443574815, 0.056291417789525545, 0.056349708517621284, 0.0564027425428341, 0.056450579736495254, 0.05649327996993597, 0.056530891140221244, 0.05656528123288578, 0.056594067368946205, 0.05661734534253251, 0.056635163050709675, 0.05664760431334145, 0.05665474097602532, 0.056656608961560016, 0.05665277719636063, 0.0566431858090959, 0.05662772703136961, 0.05660632901758426, 0.05657705193660766, 0.0565409136010709, 0.056497818216844, 0.05644768196406322, 0.05639042102286481, 0.05632593959911881, 0.05625416584722771, 0.05617502792159404, 0.056088453976620295, 0.05599436019244274, 0.0558926747234639, 0.05578336164688502, 0.05568557978870305, 0.05558232569084571, 0.05547357540478049, 0.05535929300770865, 0.055237227337575544, 0.05510936612257836, 0.05497569738845085, 0.05483619718666052, 0.054690847555807984, 0.05453928926790581, 0.05438182167961021, 0.054218438803788044, 0.05404912267903995, 0.053873873305365916, 0.053692690682765956, 0.05350556882410694, 0.053316429301585117, 0.05312159601546232, 0.052921080940004805, 0.05271489006234569, 0.05249912575882123, 0.05227751202623456, 0.05205006682598508, 0.05181681410660526, 0.051577771829494495, 0.05133740040883019, 0.05109150885142551, 0.05084012709294607, 0.05058329704332376, 0.05031623498319244, 0.05004360488925576, 0.04976546064571183, 0.049481838175359394, 0.049192803336662816, 0.04889841001382022, 0.04859870610389659, 0.04829376345248942, 0.047983641930929945, 0.04766841338481565, 0.0473285717344284, 0.04698314408883641, 0.046632226242169665, 0.04627590201429191, 0.045914279173599366, 0.04554744153995578, 0.04516074458573972, 0.04476864723744577, 0.044371275224869534, 0.043968748290673494, 0.04356119815178637, 0.04318645151528592, 0.04280775337092359, 0.04242521148709562, 0.042038933632198246, 0.04164901560036145, 0.04125556515998147, 0.04085869007945452, 0.04045849812717686, 0.04005510904581096, 0.03964861862948679, 0.039239146620866854, 0.0388268067754805, 0.038411712848857076, 0.03799397859652595, 0.037582147657455135, 0.03716799371073219, 0.036751636499019594, 0.03633317780358046, 0.035905067849545357, 0.03547501207724494, 0.03504312424220856, 0.03460951809996558, 0.03417431339317848, 0.03373667192320989, 0.03329765341262277, 0.032857371616946476, 0.032415952265976614, 0.0319734971409763, 0.03153012598460799, 0.03108594656526794, 0.030649981492574085, 0.03021345362936657, 0.02977647074404163, 0.029339134617862368, 0.02889358414503691, 0.028447878006750228, 0.028002123971398556, 0.027556417833111874, 0.027110861373153293, 0.026673513272707783, 0.026236506438850345, 0.025799930678577835, 0.02536387579888712, 0.02492052260391819, 0.02447789385205727, 0.024036085337434343, 0.023595186867046272, 0.02315528824788992, 0.022716467312695894, 0.022278813868461058, 0.021842405747916023, 0.021407332758057653, 0.02097366075735031, 0.020515327755305006, 0.020058754970398177, 0.019604026222493555, 0.019151225331454875, 0.018700436117145874, 0.01825173641229717, 0.017840138971418194, 0.017424218820423654, 0.0170039879335798, 0.016579440323753504, 0.01614276278221789, 0.01570164278790423, 0.015256110276478144, 0.014806189196472133, 0.014351903496418688, 0.01397002618436749, 0.013585167280020516, 0.01319735073191026, 0.012806600488569221, 0.012412952472796144, 0.012016442607389769, 0.011580657148689636, 0.011141548831105658, 0.010699183513102194, 0.010253609091744241, 0.009804891425496164, 0.009353102359955448, 0.008898319727852709, 0.008478861181181857, 0.008057007781261385, 0.007632837360821906, 0.007206409791194661, 0.0067778088922433866, 0.006347112496698695, 0.005934108079535567, 0.005519349432367093, 0.0051029084007907614, 0.004684874791803433, 0.004265332425268844, 0.003844371108183855, 0.003422086634678452, 0.002998577792449181, 0.0026249567369760456, 0.002250539392797412, 0.001875397605510768, 0.001499612201413289, 0.001116414726508238, 0.0007327143324207666, 0.00034860381971429786, -3.5827004614307445e-05, -0.00042048234643506457, -0.0008052634180514267, -0.001190074425333409, -0.001574807599884779, -0.001959364154008989, -0.002343630332176683, -0.002750746403912309, -0.003157281723734902, -0.003563092600449485, -0.003968038336427644, -0.004371975240474399, -0.0047747536342616515, -0.005166479780301911, -0.00555681691145739, -0.0059456153493999886, -0.006332725415801606, -0.006718000425900702, -0.007066523419317825, -0.007413283202029916, -0.007758160031374493, -0.008101028177555952, -0.008441770891478375, -0.008780262443346154, -0.009116377103363686, -0.009449989141735365, -0.009780966841532464, -0.010109184472959377, -0.010434513312653935, -0.01075682164368741, -0.011075974755564513, -0.011391840931356513, -0.011698076803518481, -0.01200090000979974, -0.012300187813971249, -0.012595814486237401, -0.012892919980385194, -0.013185966198274881, -0.013474815435844611, -0.013759332982599091, -0.014039390115176156, -0.014315447842826356, -0.014586757773909186, -0.014853185197929353, -0.015114601391524691, -0.01537087164419991, -0.015621870226159403, -0.015867465420474444, -0.01610278968791518, -0.01633268661917896, -0.01655704245873644, -0.01677574045749169, -0.0169924866508485, -0.01720313494911847, -0.017407571596772236, -0.017605685831847007, -0.017797369885946553, -0.017979264977388276, -0.018154753836387268, -0.018323743662380102, -0.018486141654803362, -0.018644627055730056, -0.018796095536635363, -0.018940457290522426, -0.01907763149109407, -0.019207537312053113, -0.019330099914235517, -0.019445250445610344, -0.01955291406701355, -0.019653033900680454, -0.019745547081713256, -0.019823005616505636, -0.01989409683522059, -0.019958784815059374, -0.020017036626789806, -0.020068828321879388, -0.020114129964662504, -0.020152923593739776, -0.04126783504092756, -0.04096648017904498, -0.04065835985673222, -0.040343706823789474, -0.04002275495260442, -0.03969572726388591, -0.03936280786197752, -0.03899311062387556, -0.03861683951360339, -0.03823422279061137, -0.037845489462741494, -0.03745086778944412, -0.03705058528177795, -0.03664487169597664, -0.03614756245729378, -0.035643043961937924, -0.035131706870345426, -0.034613944836519174, -0.03409014926928717, -0.03352845215581337, -0.03296087717439503, -0.03238787410840811, -0.03180976401786637, -0.031226808839843998, -0.030639273504981725, -0.029928552906092153, -0.029212065201220837, -0.028490263915701933, -0.027763542703538337, -0.027032220379568914, -0.026095286433070127, -0.02515205252574156, -0.02420316526796061, -0.023249271270104673, -0.022291017142551148, -0.02085836204443066, -0.019419577618774424, -0.017976082816132843, -0.016528690389827506, -0.01507819363499735, -0.013625376866081626, -0.005292131743176321, -0.0025163052386073716, -0.0025043279787927124, -0.002485950473668445, -0.0024613553307948526, -0.0024307281512987817, -0.002394251542740515, -0.00235211409981346, -0.0022999062989717553, -0.0022414179954829234, -0.0021768886746719265, -0.0021065638089968505, -0.002030676896649533, -0.0019494734100880607, -0.0018631868475042707, -0.0017720656749228114, -0.0016763433905355209, -0.0015762594796673607, -0.001472059414776417, -0.0013639796876210898, -0.001252259783526341, -0.0011371421813836946, -0.0010212582262011697, -0.0009025663055834662, -0.0007812909370227357, -0.000657659631577692, -0.0005510796812699389, -0.0004431047289442826, -0.00033386948509601396, -0.0002235176409201103, -0.00011218091334530058, 0.0]
tips = [4, 0, 0, 0, 0, 0, 0, 0, 0, 0, 0, 0, 0, 0, 0, 0, 0, 0, 0, 0, 0, 0, 4, 0, 0, 0, 0, 0, 0, 0, 0, 0, 0, 0, 0, 0, 0, 0, 0, 0, 0, 0, 0, 0, 0, 0, 0, 0, 0, 0, 0, 0, 0, 0, 0, 0, 0, 0, 0, 0, 0, 0, 0, 0, 0, 0, 0, 0, 0, 0, 0, 0, 0, 0, 0, 0, 0, 0, 0, 0, 0, 0, 0, 0, 0, 0, 0, 0, 0, 0, 0, 0, 0, 0, 0, 0, 0, 0, 0, 0, 0, 0, 0, 0, 0, 0, 0, 0, 0, 0, 0, 0, 0, 0, 0, 0, 0, 0, 0, 0, 0, 0, 0, 0, 0, 0, 0, 0, 0, 0, 0, 0, 0, 0, 0, 0, 0, 0, 0, 0, 0, 0, 0, 0, 0, 0, 0, 0, 0, 0, 0, 0, 0, 0, 0, 0, 0, 0, 0, 0, 0, 0, 0, 0, 0, 0, 0, 0, 0, 0, 0, 0, 0, 0, 0, 0, 0, 0, 0, 0, 0, 0, 0, 0, 0, 0, 0, 0, 0, 0, 0, 0, 0, 0, 0, 0, 0, 0, 0, 0, 0, 0, 0, 0, 0, 0, 0, 0, 0, 0, 0, 0, 0, 0, 0, 0, 0, 0, 0, 0, 0, 0, 0, 0, 0, 0, 0, 0, 0, 0, 0, 0, 0, 0, 0, 0, 0, 0, 0, 0, 0, 0, 0, 0, 0, 0, 0, 0, 0, 0, 0, 0, 0, 0, 0, 0, 0, 0, 0, 0, 0, 0, 0, 0, 0, 0, 0, 0, 0, 0, 0, 0, 0, 0, 0, 0, 0, 0, 0, 0, 0, 0, 0, 0, 0, 0, 0, 0, 0, 0, 0, 0, 0, 0, 0, 0, 0, 0, 0, 0, 0, 0, 0, 0, 0, 0, 0, 0, 0, 0, 0, 0, 0, 0, 0, 0, 0, 0, 0, 0, 0, 0, 0, 0, 0, 0, 0, 0, 0, 0, 0, 0, 0, 0, 0, 0, 0, 0, 0, 0, 0, 0, 0, 0, 0, 0, 0, 0, 0, 0, 0, 0, 0, 0, 0, 0, 0, 0, 0, 0, 0, 0, 0, 0, 0, 0, 0, 0, 0, 0, 0, 0, 0, 0, 0, 0, 0, 0, 0, 0, 0, 0, 0, 0, 0, 0, 0, 0, 0, 0, 0, 4, 0, 0, 0, 0, 0, 0, 0, 0, 0, 0, 0, 0, 0, 0, 0, 0, 0, 0, 0, 0, 0, 0, 0, 0, 0, 0, 0, 0, 0, 0, 0, 0, 0, 0, 0, 0, 0, 0, 0, 0, 0, 0, 0, 0, 0, 0, 0, 0, 0, 0, 0, 0, 0, 0, 0, 0, 0, 0, 0, 0, 0, 0, 0, 0, 0, 0, 0, 0, 0, 0, 0, 0, 0, 0, 0, 0, 0, 0, 0, 0, 0, 0, 0, 0, 0, 0, 0, 0, 0, 0, 0, 0, 0, 0, 0, 0, 0, 0, 0, 0, 0, 0, 0, 0, 0, 0, 0, 0, 0, 0, 0, 0, 0, 0, 0, 0, 0, 0, 0, 0, 0, 0, 0, 0, 0, 0, 0, 0, 0, 0, 0, 0, 0, 0, 0, 0, 0, 0, 0, 0, 0, 0, 0, 0, 0, 0, 0, 0, 0, 0, 0, 0, 0, 0, 0, 0, 0, 0, 0, 0, 0, 0, 0, 0, 0, 0, 0, 0, 0, 0, 0, 0, 0, 0, 0, 0, 0, 0, 0, 0, 0, 0, 0, 0, 0, 0, 0, 0, 0, 0, 0, 0, 0, 0, 0, 0, 0, 0, 0, 0, 0, 0, 4, 4, 0, 0, 0, 0, 0, 0, 0, 0, 0, 0, 0, 0, 0, 0, 0, 0, 0, 0, 0, 0, 0, 0, 0, 0, 0, 0, 0, 0, 0, 0, 0, 0, 0, 0, 0, 0, 0, 0, 0, 0, 0, 0, 0, 0, 0, 0, 0, 0, 0, 0, 0, 0, 0, 0, 0, 0, 0, 0, 0, 0, 0, 0, 0, 0, 0, 0, 0, 0, 0, 0, 0, 0, 0, 0, 0, 0, 0, 0, 0, 0, 0, 0, 0, 0, 0, 0, 0, 0, 0, 0, 0, 0, 0, 0, 0, 0, 0, 0, 0, 0, 0, 0, 0, 0, 0, 0, 0, 0, 0, 0, 0, 0, 0, 0, 0, 0, 0, 0, 0, 0, 0, 0, 0, 0, 0, 0, 0, 0, 0, 0, 0, 0, 0, 0, 0, 0, 0, 0, 0, 0, 0, 0, 0, 0, 0, 0, 0, 0, 0, 0, 0, 0, 0, 0, 0, 0, 0, 0, 0, 0, 0, 0, 0, 0, 0, 0, 0, 0, 0, 0, 0, 0, 0, 0, 0, 0, 0, 0, 0, 0, 0, 0, 0, 0, 0, 0, 0, 0, 0, 0, 0, 0, 0, 0, 0, 0, 0, 0, 0, 0, 0, 0, 0, 0, 0, 0, 0, 0, 0, 0, 0, 0, 0, 0, 0, 0, 0, 0, 0, 0, 0, 0, 0, 0, 0, 0, 0, 0, 0, 0, 0, 0, 0, 0, 0, 0, 0, 0, 0, 0, 0, 0, 0, 0, 0, 0, 0, 0, 0, 0, 0, 0, 0, 0, 0, 0, 0, 0, 0, 0, 0, 0, 0, 0, 0, 0, 0, 0, 0, 0, 0, 0, 0, 0, 0, 0, 0, 0, 0, 0, 0, 0, 0, 0, 0, 0, 0, 0, 0, 0, 0, 0, 0, 0, 0, 0, 0, 0, 0, 0, 0, 0, 0, 0, 0, 0, 0, 0, 0, 0, 0, 0, 0, 0, 0, 0, 0, 0, 0, 0, 0, 0, 0, 0, 0, 0, 0, 0, 0, 0, 0, 0, 0, 0, 0, 0, 0, 0, 0, 0, 0, 0, 0, 0, 0, 0, 0, 0, 0, 0, 0, 0, 0, 0, 0, 0, 0, 0, 0, 0, 0, 0, 0, 0, 0, 0, 0, 0, 0, 0, 0, 0, 0, 0, 0, 0, 0, 0, 0, 0, 0, 0, 0, 0, 0, 0, 0, 0, 0, 0, 0, 0, 0, 0, 0, 0, 0, 0, 0, 0, 0, 0, 0, 0, 0, 0, 0, 0, 0, 0, 0, 0, 0, 0, 0, 0, 0, 0, 0, 0, 0, 0, 0, 0, 0, 0, 0, 0, 0, 0, 0, 0, 0, 0, 0, 0, 0, 0, 0, 0, 0, 0, 0, 0, 0, 0, 0, 0, 0, 0, 0, 0, 0, 0, 0, 0, 0, 0, 0, 0, 0, 0, 0, 0, 0, 0, 0, 0, 0, 0, 0, 0, 0, 0, 0, 0, 0, 0, 0, 0, 0, 0, 0, 0, 0, 0, 0, 0, 0, 0, 0, 0, 0, 0, 4, 4, 0, 0, 0, 0, 0, 0, 0, 0, 0, 0, 0, 0, 0, 0, 0, 0, 0, 0, 0, 0, 0, 0, 0, 0, 0, 0, 0, 0, 0, 0, 0, 0, 0, 0, 0, 0, 0, 0, 0, 0, 0, 0, 0, 0, 0, 0, 0, 0, 0, 0, 0, 0, 0, 0, 0, 0, 0, 0, 0, 0, 0, 0, 0, 0, 0, 0, 0, 0, 0, 0, 0, 4]
nameroot = tip_root.dxf
nametip = tip_tip.dxf

[Transform]
croot = 285.5
ctip = 159.3
incidenceroot = 0.0
thicknessroot = 100.0
tethicknessroot = 0.0
vinvertroot = 0
incidencetip = 0.0
thicknesstip = 100.0
tethicknesstip = 0.0
vinverttip = 0
covering = 0.0
smooth = 0
nbrpoints = 101
repartition = 1.0
reducepoints = 0

[Bloc]
bloclx = 542.8
blochz = 50.0
fleading = 276.8
ftrailing = 150.6
mleadingroot = 5.0
mtrailingroot = 10.0
mleadingtip = 5.0
mtrailingtip = 10.0
cbcutboth = 0
cbrotdelta = 0
rbleftwing = 0
rbrightwing = 1
rbtabletoblockleft = 1
rbtabletoblockright = 0
bloctotableleft = 92.0
bloctotableright = 220.2
bloctotabletrailingroot = 213.0
hoffset = 0.0
hprofileroot = 8.0
hprofiletip = 14.8
cbalignprofiles = 3
angleinroot = 0.0
angleintip = 0.0
angleoutroot = 0.0
angleouttip = 0.0
gbextracutcmdsactive = 1
extracutcommands = TE;=; 90;=; 5;=
	
	X; LE;=; 0;=; 0;=; 8;=; 1;=; 8;=; 2;=; 10;=

[Material]
mspeednorm = 5.0
mspeedhalf = 2.5
mspeedmin = 0.5
mspeedmax = 5.5
mradspnorm = 1.2
mradsphalf = 2.4
mheatspnorm = 80.0
mname = grey 22kg/m3
mhotwire = NiCr, 800 mm x 0.3 mm, 24 V

[Table]
tableyy = 855.0
tableyg = 0.0
tableyd = 0.0
maxdiag = 1000.0
cmaxy = 660.0
cmaxz = 360.0
vmaxy = 60.0
vmaxz = 60.0
theatingmax = 100.0
tsvaluemin = 0.0
tsvaluemax = 1000.0
tname = My CNC
tpreheat = 4.0
tpostheat = 4.0
vcut = 5.0
gcodestart1 = 
gcodestart2 = 
gcodestart3 = 
gcodestart4 = 
gcodeend1 = 
gcodeend2 = 
gcodeend3 = 
gcodeend4 = 
gcodeletters = XYAZ

[Cut]
vcut = 5.0
vheat = 80.0
vusefoamparam = 1
vcleanwire = 1
vfastoutsideblock = 1
vhmargin = 40.0
vcutblock = 0

