[Project]
projectname = mid_right_corrected
usernotes = <!DOCTYPE HTML PUBLIC "-//W3C//DTD HTML 4.0//EN" "http://www.w3.org/TR/REC-html40/strict.dtd">
	<html><head><meta name="qrichtext" content="1" /><style type="text/css">
	p, li { white-space: pre-wrap; }
	</style></head><body style=" font-family:'Arial'; font-size:12pt; font-weight:400; font-style:normal;">
	<p style=" margin-top:0px; margin-bottom:0px; margin-left:0px; margin-right:0px; -qt-block-indent:0; text-indent:0px;"><span style=" font-family:'MS Shell Dlg 2'; font-size:16pt; font-weight:600;">Hello,</span></p>
	<p style="-qt-paragraph-type:empty; margin-top:0px; margin-bottom:0px; margin-left:0px; margin-right:0px; -qt-block-indent:0; text-indent:0px; font-family:'MS Shell Dlg 2'; font-size:8.25pt;"><br /></p>
	<p style=" margin-top:0px; margin-bottom:0px; margin-left:0px; margin-right:0px; -qt-block-indent:0; text-indent:0px;"><span style=" font-family:'MS Shell Dlg 2'; font-size:8.25pt;">This is the</span><span style=" font-family:'MS Shell Dlg 2'; font-size:8.25pt; font-weight:600;"> </span><span style=" font-family:'MS Shell Dlg 2'; font-weight:600; text-decoration: underline; color:#ff0000;">Gemini Aero Foam</span><span style=" font-family:'MS Shell Dlg 2'; font-size:8.25pt; font-weight:600; color:#00ff00;"> </span><span style=" font-family:'MS Shell Dlg 2'; font-size:10pt; font-weight:600; font-style:italic; color:#00ff00;">notes editor</span><span style=" font-family:'MS Shell Dlg 2'; font-size:8.25pt; font-weight:600; font-style:italic; color:#00ff00;"> </span></p>
	<p style="-qt-paragraph-type:empty; margin-top:0px; margin-bottom:0px; margin-left:0px; margin-right:0px; -qt-block-indent:0; text-indent:0px; font-family:'MS Shell Dlg 2'; font-size:8.25pt;"><br /></p>
	<p style=" margin-top:0px; margin-bottom:0px; margin-left:0px; margin-right:0px; -qt-block-indent:0; text-indent:0px;"><span style=" font-family:'Monotype Corsiva'; font-size:16pt;">You can use it to :</span></p>
	<ul style="margin-top: 0px; margin-bottom: 0px; margin-left: 0px; margin-right: 0px; -qt-list-indent: 1;"><li style=" font-family:'Monotype Corsiva'; font-size:16pt;" style=" margin-top:0px; margin-bottom:0px; margin-left:0px; margin-right:0px; -qt-block-indent:0; text-indent:0px;">write notes about your project</li>
	<li style=" font-family:'Monotype Corsiva'; font-size:16pt;" style=" margin-top:0px; margin-bottom:0px; margin-left:0px; margin-right:0px; -qt-block-indent:0; text-indent:0px;">organize these notes</li>
	<li style=" font-family:'Monotype Corsiva'; font-size:16pt;" style=" margin-top:0px; margin-bottom:0px; margin-left:0px; margin-right:0px; -qt-block-indent:0; text-indent:0px;">or write everything you want :)</li></ul></body></html>

[Profil]
rootx = [1.0, 0.999977130313964, 0.9999023431890118, 0.9997767224965199, 0.9996002682364882, 0.9993729804089165, 0.9990947506266673, 0.9987656872768783, 0.9983038496835149, 0.9977686339979885, 0.9971602569945742, 0.9964787186732721, 0.995724019034082, 0.9948980006583434, 0.9940053241929737, 0.9930457728636977, 0.9920194550576528, 0.9910963218066141, 0.9901251730536136, 0.9891059004115135, 0.9880386122674514, 0.9869232002342896, 0.9857597726991659, 0.9842562263262169, 0.982663043790463, 0.9809802250919042, 0.9792078786176781, 0.9773458959806473, 0.9755272681986611, 0.9736306016775944, 0.9716558964174474, 0.9703605617358504, 0.9691622335424157, 0.9679323646919361, 0.9666708467972739, 0.965377679858429, 0.9640529722625393, 0.9619074488735162, 0.9596838867454128, 0.957382285878229, 0.9555721122929764, 0.9537165244970647, 0.951815414103356, 0.949954840499114, 0.9482144682304835, 0.9459758402902521, 0.9436671942591235, 0.9412884217499602, 0.9388396311498998, 0.9370146085267944, 0.9351526258897636, 0.9332535748516695, 0.9313174554125122, 0.9293442675722918, 0.9273388887522007, 0.9254405964240698, 0.920721637226733, 0.9159206289662241, 0.9110374632554055, 0.9060721942878461, 0.9009322594480255, 0.895707186511611, 0.8903969754786024, 0.8850016263489998, 0.879521247509941, 0.8748892147969687, 0.8701924749628421, 0.8654472860782033, 0.8606566829829051, 0.8558206114833787, 0.8509391257731932, 0.8454179391768235, 0.8398397409460702, 0.834204531080933, 0.8305888445573453, 0.8269500715734464, 0.8232882121292361, 0.8196032662247145, 0.8158952880534505, 0.8121642234218751, 0.8036060834231953, 0.794967682749114, 0.7862490213996313, 0.7774500993747471, 0.7685708624808927, 0.7596114191052057, 0.7552823826354268, 0.7509348661586851, 0.7465688154814117, 0.742153773817938, 0.737671261161301, 0.7331786143072972, 0.7286758332559269, 0.7186106243023256, 0.7084951237168724, 0.6983293856931363, 0.6881134102311172, 0.681020393365103, 0.673903368748108, 0.6703872358104166, 0.6696893852249038, 0.6675388218339819, 0.6653920519928763, 0.6597179853389055, 0.6540702567593741, 0.6449579875196546, 0.6359150318544378, 0.6269414439572925, 0.6180371696346497, 0.6092022088865097, 0.6004364533257347, 0.5917399571458936, 0.5831126661534174, 0.5745544719611688, 0.5660654829562852, 0.5582047599945676, 0.5504042460877934, 0.5426638870423935, 0.5362084575133801, 0.5297954073551728, 0.5226632085389121, 0.5186923915589398, 0.5164759829819188, 0.5152692547853193, 0.5136626864380702, 0.5053191529718615, 0.49703187243007324, 0.4888008990062742, 0.48062607011975805, 0.4725074941576623, 0.46444506273284947, 0.45643883003888824, 0.44848866059185666, 0.4396510985524139, 0.43088387976528114, 0.422186977133674, 0.41356033646402357, 0.404849018343114, 0.3962104821851107, 0.3876447008932292, 0.3791516473706852, 0.37073126742390977, 0.36351219631685333, 0.3563473729721715, 0.35283649681065427, 0.3515918602126751, 0.35032660296176527, 0.349062863130782, 0.3478006136229409, 0.3420822708232556, 0.3363952248095557, 0.32875141160698346, 0.3211647997162858, 0.3136353620406783, 0.3061630443865922, 0.29874784675402744, 0.2913897420461996, 0.2840887031663243, 0.2768447301144015, 0.26965776869686253, 0.26252781891370724, 0.2554548265713669, 0.2484388187666259, 0.2425893817239993, 0.23678010211585782, 0.2310109799422015, 0.22528200165463805, 0.21891318699696852, 0.21259470461632743, 0.2055777348757401, 0.20446721381216315, 0.20335829145886594, 0.20225096781584853, 0.20114522933471868, 0.20004110311226078, 0.19893856205169047, 0.19783761970139993, 0.19673827606138916, 0.19082520222059232, 0.18498359614865817, 0.1792134713939789, 0.17351480085977014, 0.16788757099763965, 0.16283391231935793, 0.15783929753429016, 0.15290369954565194, 0.14802714545022772, 0.14320960815123301, 0.13845107410027566, 0.13375157039414007, 0.12911105638764964, 0.12445912108653337, 0.11971367478244263, 0.11505106334827161, 0.11047130710660862, 0.10597439928325754, 0.10156033987821839, 0.09731493763349908, 0.09314910509617895, 0.08906284226625799, 0.0850561423695401, 0.08171891595086898, 0.07843897890862173, 0.07521632446860226, 0.07205095940500664, 0.0689428837178349, 0.06589209063289092, 0.062090465974730405, 0.05837171005747011, 0.05473581610691394, 0.05118279767145409, 0.04771265136399251, 0.044325387345823364, 0.04209570473154294, 0.039935369562745696, 0.03783189360891991, 0.03577768977043279, 0.03377276482148042, 0.031292315015943206, 0.028891702498551136, 0.026570935737049335, 0.02433001811853586, 0.022168959804304854, 0.02034838613448871, 0.018602369266957196, 0.016930917669455432, 0.015334038116179522, 0.014037595853519986, 0.012794851796576419, 0.011605811025995897, 0.010470477775650982, 0.009388856279414238, 0.008360953311481763, 0.007206673481417621, 0.00613761811894773, 0.005153797808753497, 0.004255221441967305, 0.0034279003036411467, 0.002688971204667215, 0.0020384434595651485, 0.0014763268062418418, 0.0010026305592169332, 0.0006738869197298136, 0.0004097915505682358, 0.00021034990284312467, 7.556732181859093e-05, 5.449001844342418e-06, 0.0, 5.922524188359517e-05, 0.00018312950259222066, 0.0003717174460011216, 0.0006249935242919149, 0.0009422317209360162, 0.0013243848689537183, 0.0017714571492941774, 0.0022834527958299567, 0.0028603757248931764, 0.003390745108190415, 0.0039662079863002995, 0.004586766687852739, 0.005252423329784016, 0.005963179605643154, 0.006719038055753693, 0.00773755368143958, 0.008828589616707313, 0.009992149248654943, 0.011228235964380518, 0.012561319006974388, 0.01396959816660989, 0.01545307767715959, 0.017011760925721535, 0.01864565129939378, 0.020268757152873663, 0.02195984375777339, 0.023718914501191013, 0.02554597277022458, 0.02747610551357782, 0.029476725460908175, 0.03154783430576467, 0.03368943543524535, 0.035901528849350224, 0.037461436533857376, 0.0390098958269543, 0.040590762874197106, 0.042204034288487756, 0.04384971684402235, 0.04552781054080088, 0.04723831199172529, 0.04983793684216459, 0.05250901930017243, 0.05525156275284687, 0.05806557058728595, 0.06095103941639163, 0.0639079692401639, 0.06676138934751702, 0.06967833786590279, 0.07265882156951729, 0.07570284045836054, 0.07881039453243252, 0.0802823257321795, 0.08176809661456028, 0.08326770040537873, 0.08478114387883098, 0.08630842026072093, 0.08773747757334639, 0.09140148443772059, 0.09514760133303173, 0.09897583503347591, 0.1024632860248768, 0.10601619607319904, 0.10963456517844263, 0.11331840011480365, 0.11706768733388993, 0.12088245393248587, 0.12523269363606004, 0.12966505014476729, 0.13417950991021535, 0.13803512491129868, 0.14194867283743545, 0.14640063386965818, 0.14721788643564238, 0.1480375506154384, 0.14885961286065413, 0.1496840731712895, 0.15051094509573673, 0.1513402150856036, 0.15217188314089017, 0.15683166296109108, 0.16158045571805557, 0.16641828850856805, 0.17134514778423632, 0.17636101999666817, 0.18099816045350045, 0.18570886867998665, 0.19049315822451898, 0.1953510155387052, 0.20028245417093757, 0.20528746057282385, 0.21036603474436405, 0.21565657351189607, 0.22102466327638925, 0.2264702904894514, 0.22748511925890946, 0.2285026306100234, 0.23039796938865428, 0.2349250020620653, 0.24015506080681, 0.24547630023107053, 0.2503044323727668, 0.25520526518701603, 0.2601787986738183, 0.26522497863960487, 0.2704376141519785, 0.27572560582177663, 0.2798523647959878, 0.2798523647959878, 0.2794235310860272, 0.2789960522152868, 0.2785702533451793, 0.27814659512103973, 0.27772540270428075, 0.2773070825466685, 0.2768919869064002, 0.2764804951384575, 0.27607298659782203, 0.2756698406394754, 0.27527135532804614, 0.2748779642120846, 0.2744899653562192, 0.27410773811543165, 0.27373160765113475, 0.27336189912474135, 0.27299899189123306, 0.272643156918454, 0.2722947464646012, 0.27195403149751896, 0.27162139137218877, 0.2712970428628858, 0.27098133822780746, 0.2706745484347976, 0.270376917354916, 0.27008871595600653, 0.26981024230269773, 0.26954171316926484, 0.2692833724267674, 0.2690354368494807, 0.26879817740524875, 0.268571756674778, 0.268356418529128, 0.2681522984522208, 0.2679596403151161, 0.2677786066985202, 0.2676093059895708, 0.26745195496254304, 0.2673066620045746, 0.26717356259958747, 0.26705279223150363, 0.2669444321906764, 0.2668485908642433, 0.2667653495425575, 0.2666947895159723, 0.2666369649780565, 0.2665919301223788, 0.2665597391425082, 0.2665404191352289, 0.2665339971973254, 0.2665404191352289, 0.2665597391425082, 0.2665919301223788, 0.2666369649780565, 0.2666947895159723, 0.2667653495425575, 0.2668485908642433, 0.2669444321906764, 0.26705279223150363, 0.26717356259958747, 0.2673066620045746, 0.26745195496254304, 0.2676093059895708, 0.2677786066985202, 0.2679596403151161, 0.2681522984522208, 0.268356418529128, 0.268571756674778, 0.26879817740524875, 0.2690354368494807, 0.2692833724267674, 0.26954171316926484, 0.26981024230269773, 0.27008871595600653, 0.270376917354916, 0.2706745484347976, 0.27098133822780746, 0.2712970428628858, 0.27162139137218877, 0.27195403149751896, 0.2722947464646012, 0.272643156918454, 0.27299899189123306, 0.27336189912474135, 0.27373160765113475, 0.27410773811543165, 0.2744899653562192, 0.2748779642120846, 0.27527135532804614, 0.2756698406394754, 0.27607298659782203, 0.2764804951384575, 0.2768919869064002, 0.2773070825466685, 0.27772540270428075, 0.27814659512103973, 0.2785702533451793, 0.2789960522152868, 0.2794235310860272, 0.2798523647959878, 0.28008507198044, 0.2803187546491308, 0.2806175779875262, 0.2809178645522793, 0.2811539317379975, 0.28138907763304605, 0.2816870067775561, 0.2819833643085708, 0.2824121980185314, 0.2828396768892718, 0.28326544866259484, 0.28368913398351886, 0.28411032640027784, 0.28452864655789006, 0.2849437421981584, 0.2853552339661011, 0.28576274250673656, 0.2861658884650831, 0.28656437377651245, 0.286957764892474, 0.28734576374833937, 0.28772799098912694, 0.28810412145342384, 0.28847382997981724, 0.2888367372133255, 0.2891925721861046, 0.2895409826399573, 0.28988169760703963, 0.2902143377323698, 0.29053868624167273, 0.29085439087675113, 0.291161180669761, 0.2914588117496426, 0.29174701314855206, 0.29202548680186086, 0.29229401593529375, 0.29255235667779117, 0.29280029225507787, 0.2930375516993098, 0.2932639724297806, 0.2934793105754306, 0.29368343065233776, 0.2938760887894425, 0.2940571224060384, 0.2942264231149878, 0.29438377414201555, 0.294529067099984, 0.2946621665049711, 0.2947829368730549, 0.2948912969138822, 0.2949871382403153, 0.29507037956200105, 0.2951409395885863, 0.2951987641265021, 0.29524379898217973, 0.29527596286526603, 0.2952953099693297, 0.2953017319072332, 0.2952953099693297, 0.29527596286526603, 0.29524379898217973, 0.2951987641265021, 0.2951409395885863, 0.29507037956200105, 0.2949871382403153, 0.2948912969138822, 0.2947829368730549, 0.2946621665049711, 0.294529067099984, 0.29438377414201555, 0.2942264231149878, 0.2940571224060384, 0.2938760887894425, 0.29368343065233776, 0.2934793105754306, 0.2932639724297806, 0.2930375516993098, 0.29280029225507787, 0.29255235667779117, 0.29229401593529375, 0.29202548680186086, 0.29174701314855206, 0.2914588117496426, 0.291161180669761, 0.29085439087675113, 0.29053868624167273, 0.2902143377323698, 0.28988169760703963, 0.2895409826399573, 0.2891925721861046, 0.2888367372133255, 0.28847382997981724, 0.28810412145342384, 0.28772799098912694, 0.28734576374833937, 0.286957764892474, 0.28656437377651245, 0.2861658884650831, 0.28576274250673656, 0.2853552339661011, 0.2849437421981584, 0.28452864655789006, 0.28411032640027784, 0.28368913398351886, 0.28326544866259484, 0.2828396768892718, 0.2824121980185314, 0.2819833643085708, 0.2819833643085708, 0.2865276305368621, 0.2920416635821494, 0.2977937689752007, 0.3036256473015342, 0.3095372985611499, 0.3127954430145411, 0.31590699386431254, 0.3189054156392018, 0.32190906709348077, 0.3249179753239339, 0.32793216742734566, 0.33095158921014717, 0.3430126118189454, 0.3551566589751541, 0.36738375777555776, 0.3796938269298032, 0.3858799957122048, 0.3920869206314591, 0.3983145745907817, 0.40452881564182475, 0.4106800295723466, 0.4168387222153637, 0.4230048393773072, 0.4291784081549615, 0.4381714515433082, 0.447180238163393, 0.4562047680152158, 0.46524501400199236, 0.4743010303172914, 0.48337270857397535, 0.4924601571591818, 0.5098086024053057, 0.5178115834851386, 0.5178115834851386, 0.517382749775178, 0.5169552167108687, 0.5165294720343301, 0.5161057867134061, 0.5156845942966471, 0.5152662741390349, 0.514851205595551, 0.5144397138276083, 0.5140321781901884, 0.5136290322318419, 0.5132305469204125, 0.512837155804451, 0.51244918404537, 0.5120669026110136, 0.5116907992435011, 0.5113210907171077, 0.5109581563868151, 0.5106023214140359, 0.5102539109601832, 0.5099132501866698, 0.5095805558677707, 0.5092562615520366, 0.5089405298201738, 0.508633740027164, 0.5083361089472823, 0.5080479075483729, 0.5077694067982798, 0.5075008776648469, 0.5072425369223494, 0.5069946555386315, 0.5067573419008308, 0.5065309753639288, 0.5063156101214944, 0.5061115171413716, 0.5059188590042669, 0.5057377982908866, 0.5055684975819371, 0.5054111736516939, 0.5052658806937254, 0.5051327812887383, 0.50501198382387, 0.5049035966862584, 0.5048077824566096, 0.5047245411349239, 0.5046539811083387, 0.5045961565704229, 0.5045511217147453, 0.5045189307348745, 0.5044996378243797, 0.5044931887896917, 0.5044996378243797, 0.5045189307348745, 0.5045511217147453, 0.5045961565704229, 0.5046539811083387, 0.5047245411349239, 0.5048077824566096, 0.5049035966862584, 0.50501198382387, 0.5051327812887383, 0.5052658806937254, 0.5054111736516939, 0.5055684975819371, 0.5057377982908866, 0.5059188590042669, 0.5061115171413716, 0.5063156101214944, 0.5065309753639288, 0.5067573419008308, 0.5069946555386315, 0.5072425369223494, 0.5075008776648469, 0.5077694067982798, 0.5080479075483729, 0.5083361089472823, 0.508633740027164, 0.5089405298201738, 0.5092562615520366, 0.5095805558677707, 0.5099132501866698, 0.5102539109601832, 0.5106023214140359, 0.5109581563868151, 0.5113210907171077, 0.5116907992435011, 0.5120669026110136, 0.51244918404537, 0.512837155804451, 0.5132305469204125, 0.5136290322318419, 0.5140321781901884, 0.5144397138276083, 0.514851205595551, 0.5152662741390349, 0.5156845942966471, 0.5161057867134061, 0.5165294720343301, 0.5169552167108687, 0.517382749775178, 0.5178115834851386, 0.5180442906695908, 0.5182779733382815, 0.5185767424831081, 0.5188770290478613, 0.5191131504271483, 0.5193482963221968, 0.5196461983699224, 0.5199425288041528, 0.5203713625141133, 0.5207988955784226, 0.5212246402549612, 0.5216483255758853, 0.5220695179926442, 0.5224878381502565, 0.5229029066937403, 0.523314398461683, 0.523721934099103, 0.5241250800574495, 0.5245235653688788, 0.5249169564848404, 0.5253049282439214, 0.5256872096782778, 0.5260633130457902, 0.5264330215721836, 0.5267959559024763, 0.5271517908752554, 0.5275002013291081, 0.5278408621026216, 0.5281735564215206, 0.5284978507372547, 0.5288135824691175, 0.5291203722621274, 0.529418003342009, 0.5297062047409185, 0.5299847054910116, 0.5302532346244445, 0.5305115753669419, 0.5307594567506598, 0.5309967703884606, 0.5312231369253626, 0.531438502167797, 0.5316425951479197, 0.5318352532850245, 0.5320163139984048, 0.5321856147073541, 0.5323429386375975, 0.532488231595566, 0.5326213310005531, 0.5327421284654213, 0.532850515603033, 0.5329463298326816, 0.5330295711543674, 0.5331001311809527, 0.5331579557188685, 0.5332029905745461, 0.5332351815544167, 0.5332544744649117, 0.5332609234995995, 0.5332544744649117, 0.5332351815544167, 0.5332029905745461, 0.5331579557188685, 0.5331001311809527, 0.5330295711543674, 0.5329463298326816, 0.532850515603033, 0.5327421284654213, 0.5326213310005531, 0.532488231595566, 0.5323429386375975, 0.5321856147073541, 0.5320163139984048, 0.5318352532850245, 0.5316425951479197, 0.531438502167797, 0.5312231369253626, 0.5309967703884606, 0.5307594567506598, 0.5305115753669419, 0.5302532346244445, 0.5299847054910116, 0.5297062047409185, 0.529418003342009, 0.5291203722621274, 0.5288135824691175, 0.5284978507372547, 0.5281735564215206, 0.5278408621026216, 0.5275002013291081, 0.5271517908752554, 0.5267959559024763, 0.5264330215721836, 0.5260633130457902, 0.5256872096782778, 0.5253049282439214, 0.5249169564848404, 0.5245235653688788, 0.5241250800574495, 0.523721934099103, 0.523314398461683, 0.5229029066937403, 0.5224878381502565, 0.5220695179926442, 0.5216483255758853, 0.5212246402549612, 0.5207988955784226, 0.5203713625141133, 0.5199425288041528, 0.5199425288041528, 0.5271063766645961, 0.5443534799370531, 0.5511224192616083, 0.5511224192616083, 0.547591762447477, 0.5475989159985594, 0.5473681055890153, 0.5471410345357188, 0.5469178112258076, 0.546698327272144, 0.5464827452554344, 0.5462748045319263, 0.5460706573582348, 0.5458703579279284, 0.545673960434576, 0.5454452635742154, 0.5452221486514418, 0.5450047240533928, 0.5447929897800684, 0.5445871084121751, 0.5443870799497127, 0.5441929585862502, 0.5440048527089252, 0.5438228165113064, 0.5436468499933939, 0.5434770615423251, 0.543313559545238, 0.5431651775538475, 0.543022431693613, 0.5428853761581031, 0.5427541193344553, 0.5426286612226697, 0.5425076469835264, 0.5423927024240892, 0.5422838817379271, 0.5421812391186088, 0.5420848287597032, 0.5419947048547791, 0.5419109215974053, 0.5418335331811506, 0.5417593963790241, 0.541692467321549, 0.5416326918151562, 0.5415801782469832, 0.541535035004168, 0.5414972620867103, 0.5414669678817479, 0.5414442065828494, 0.5414290323835839, 0.5414214994775198, 0.541421716251795, 0.5414296827064095, 0.5414443691635559, 0.541466100784647, 0.5414949317632517, 0.54153086209937, 0.5415740001801395, 0.5416193601972299, 0.5416707357004579, 0.5417281266898232, 0.541791533165326, 0.5418605215784159, 0.5419335203155974, 0.5420116674418154, 0.5420949087635011, 0.5421831900870858, 0.5422946662581194, 0.5424130250123914, 0.5425381579627641, 0.542669902528531, 0.5428081503225547, 0.5429527929576975, 0.5431037220468218, 0.543260775009221, 0.5434238434577577, 0.5435928731988632, 0.543767647458262, 0.5439481120423855, 0.5441233198503347, 0.5443034050794765, 0.5444881509555356, 0.544677557478512, 0.5448715162612681, 0.5450723576272625, 0.5452775886723302, 0.5454872093964711, 0.5457010030254101, 0.5459189695591472, 0.5461408922234071, 0.546366716824621, 0.5465963891692202, 0.546840910551672, 0.5470893880646469, 0.547341659127438, 0.547597615352908, 0.5478572025474879, 0.5481201497433338, 0.5483865111340145, 0.548656015751686, 0.5489286635963481, 0.5492042378937257, 0.5494826844502502, 0.5497638406852148, 0.5500313401408404, 0.550301061532787, 0.5505728422803483, 0.5508466823835242, 0.5511224192616083, 0.5514158232431231, 0.5517110698059773, 0.5520081589501709, 0.5523068739014286, 0.5525426701193028, 0.5527793876278467, 0.5530167554592162, 0.5532534187741913, 0.5535235737146884, 0.5537920486545526, 0.5540587352066461, 0.5543235249838313, 0.5545864179861084, 0.5548426451794224, 0.5550968130171218, 0.5553489214992066, 0.5555988080449703, 0.5558514042691742, 0.5561016159763508, 0.5563492805857935, 0.5565943439039335, 0.5568366975436332, 0.5570762873113237, 0.5573130048198677, 0.5575467416821271, 0.5577774978981024, 0.5580051108870869, 0.5582295264555119, 0.5584506362162397, 0.5586684401692703, 0.5588827757338974, 0.5591144532405424, 0.5593417410681141, 0.5595645308294749, 0.5597827141374871, 0.5599961826050133, 0.5601856975151274, 0.5603710937140121, 0.5605523712016676, 0.5607294215909563, 0.5609021906883093, 0.5610675352667359, 0.5612286527467956, 0.5613853263542132, 0.5615375560889889, 0.561688214210269, 0.5618339949103568, 0.5619749523828208, 0.5621108698533858, 0.5622417473220519, 0.5623674764016814, 0.5624879487051369, 0.5626031100388492, 0.562712852015681, 0.5628171204420634, 0.5629158611244277, 0.5630089114820673, 0.5630962173214135, 0.5631777244488975, 0.5632472547976753, 0.5633117451445543, 0.5633711412959655, 0.5634253890583402, 0.5634744342381094, 0.5635181142545669, 0.5635592471732905, 0.563593714283051, 0.5636215697774173, 0.563642867849958, 0.5636577168878107, 0.5636660085038381, 0.5636681220530215, 0.5636641117289298, 0.563654031725132, 0.5636375026866461, 0.5636147955813166, 0.5635859646027118, 0.5635509555572632, 0.5635099310256773, 0.5634628910079538, 0.5634098896976617, 0.5633510354819385, 0.5632862741672156, 0.5632157683341992, 0.5631395179828893, 0.5630575773068549, 0.5629700004996647, 0.5628768417548875, 0.5627679668751565, 0.5626525345736001, 0.5625304906566494, 0.5624019977050108, 0.562267109912253, 0.5621392672834401, 0.5620062762655905, 0.5618681368587045, 0.5617249574499195, 0.5615767922328043, 0.5614264592729369, 0.5612714114725834, 0.5611116488317438, 0.5609472797375558, 0.5607748358016156, 0.5605977312187581, 0.5604159117954145, 0.5602294859187225, 0.5600385077822507, 0.5598430857731368, 0.5596431656978121, 0.5594388559434141, 0.5592302107035116, 0.5590172841716735, 0.5588001305414685, 0.5585788040064655, 0.5583533587602333, 0.5581237948027717, 0.557866646318788, 0.5576047288007494, 0.5573380422486559, 0.5570667492432139, 0.5567908497844234, 0.5567840755883227, 0.5532534187741913, 0.5532534187741913, 0.561549803835539, 0.5711575648748503, 0.5807493930049326, 0.5902943978915667, 0.59978770211356, 0.6117971595416395, 0.6237249472615285, 0.6355710652732272, 0.6473354593831666, 0.6546884427987423, 0.6620090726537409, 0.6693075915326667, 0.6765941878264553, 0.6838270782935573, 0.692954901087524, 0.7019957973971263, 0.7109497130287951, 0.7198165937889618, 0.7285965480647639, 0.7340398043091908, 0.7394490811859764, 0.7448243786951207, 0.7501886749097975, 0.7555612085469328, 0.7608870815213262, 0.7661662938329779, 0.7713988454818876, 0.777203952185231, 0.7829504756406953, 0.7886384700418494, 0.7942679353886931, 0.7983252994980483, 0.8023517190796154, 0.8063471941333944, 0.8103116704658165, 0.8142452022704504, 0.8181477895472962, 0.822019378102785, 0.827408440778406, 0.8327242337490016, 0.8379666486274341, 0.8431357396072722, 0.8482315066885161, 0.8535560248236893, 0.8587980061535714, 0.8639575048717308, 0.8690345751717367, 0.8740291086664512, 0.8789411595494433, 0.8830858294981447, 0.8872317458989287, 0.8914478971648852, 0.8955778806564402, 0.8996218047607316, 0.9035795068970529, 0.9074510954525418, 0.9111616749151085, 0.9147896091852463, 0.9183347356822488, 0.9217971627932536, 0.9243285443921742, 0.9268138614576097, 0.9292528972152851, 0.9304008253897303, 0.9315381316246896, 0.9326650326944381, 0.9337814202118383, 0.9348872941768902, 0.9359826545895937, 0.9370675014499489, 0.9381418347579558, 0.9410757661859661, 0.94393556081185, 0.9467212186356075, 0.949432631270101, 0.9520697987153306, 0.9546328293584337, 0.9571217231994106, 0.9594887898977118, 0.9617846462466022, 0.9640092922460817, 0.9661626195090127, 0.9676839413725302, 0.9691675445121587, 0.970613537315036, 0.9720218113940244, 0.973392366749124, 0.9747253117674723, 0.9760205380619318, 0.9778967194139898, 0.9796962710597563, 0.9814189762249562, 0.983064943296727, 0.9846342806622064, 0.9861267715471191, 0.9875426327257403, 0.9888816474237949, 0.990144032415558, 0.991329679313892, 0.992438588118797, 0.9934708672174106, 0.9944262998354575, 0.995305102747213, 0.9961072759526769, 0.9968326026775741, 0.9974828171161065, 0.9980584612039621, 0.9985594265540033, 0.99898571316623, 0.9993375378149175, 0.9995736050006357, 0.9997579715217132, 0.9998904206038746, 0.9999711690213953, 1.0]
rooty = [0.0, 0.0006059213573277888, 0.0012238940095187752, 0.0018463308569401423, 0.0024732352866899403, 0.003104603911670119, 0.003740433344782628, 0.004380733747321618, 0.005154983716458381, 0.005935665784792786, 0.0067227765652267835, 0.007516322831956473, 0.008316294423687705, 0.009120411823432584, 0.009923872126155692, 0.01072668210605313, 0.011528834988928796, 0.012208937180657622, 0.012888571952855497, 0.013567732531326322, 0.014246425690266195, 0.014924651429675119, 0.015602402975356993, 0.016438040709558566, 0.017280269736566146, 0.018129096830575838, 0.01898451521739154, 0.019846531671209353, 0.020657030363681116, 0.0214732668002502, 0.022295254529308802, 0.02282055956593986, 0.023297530713392217, 0.023778749281799728, 0.0242642152711624, 0.024753935455676328, 0.02524790306114541, 0.026032720776199312, 0.02682803172101324, 0.027633842669783304, 0.028256255807518317, 0.02888478604433229, 0.029519440154421324, 0.030132084901379086, 0.030698278985674145, 0.031417590224433994, 0.03214976566158913, 0.03289479174874734, 0.03365267526010474, 0.03421194611598486, 0.034778011490554005, 0.03535087815800829, 0.0359305528925438, 0.036517022145768345, 0.03710887688489297, 0.037665302578410775, 0.03903246406126388, 0.04040094651235662, 0.04177074993168901, 0.04314188109345714, 0.04453929613609609, 0.0459380863405435, 0.04733825170679935, 0.04873979223486365, 0.05014270792473641, 0.05131285546239199, 0.05248534009770233, 0.05365603634524208, 0.05482419226924406, 0.05598981464390436, 0.057152896695026885, 0.058452532991147915, 0.0597489921892977, 0.06104226074108405, 0.06186359814731698, 0.06268364168209467, 0.06350239811961322, 0.06431986745987264, 0.06513604292867682, 0.06595093807441796, 0.06779651360849287, 0.06962686074973334, 0.07144197272394327, 0.07324186307951486, 0.07502652504225202, 0.07679594506376253, 0.0776398608655992, 0.07848026763385568, 0.07931716536853198, 0.08015633923309813, 0.08100106793846688, 0.08184040438373946, 0.08267436211730805, 0.08451245893888776, 0.08632385187943839, 0.08810851384217554, 0.08986647192388361, 0.09106635818242141, 0.09225345475872102, 0.0928337730418861, 0.09294846018187145, 0.0933009487017768, 0.09365135076928313, 0.09457041950266129, 0.09547491016603067, 0.09691219135272242, 0.09831106284752303, 0.09967149755364811, 0.10099352256788205, 0.10227711079344046, 0.10352226223032332, 0.10472899042692284, 0.10589728183484683, 0.10702713645409528, 0.1081185542846682, 0.10910253336508353, 0.11005302081997688, 0.1109700166493482, 0.11171440596207295, 0.11243518042719056, 0.11321437555948086, 0.11363778991256085, 0.11387082225842593, 0.11399671391876189, 0.11416321011052562, 0.11500754591252052, 0.11581185976395232, 0.11657615166482102, 0.11730039451834219, 0.11798462896969246, 0.11862881437369523, 0.11923296427874266, 0.1197970786848348, 0.12038136664691491, 0.12091541717071201, 0.1213992438046183, 0.1218328330002416, 0.12222270153423077, 0.12256047650020534, 0.1228461849949497, 0.12307981347007166, 0.123261348377179, 0.12337627938822397, 0.12345229941686636, 0.12347545361913866, 0.12348140136331509, 0.12348625168772322, 0.12348985556004881, 0.12349222652868407, 0.12348748459141355, 0.1234572716768043, 0.12337588648485014, 0.12324789482372295, 0.12307331024181496, 0.12285210564234174, 0.1225843081220877, 0.12226989058426846, 0.12190888012566839, 0.1215012361011109, 0.12104699915577259, 0.12054614219286906, 0.11999866521240031, 0.11940458176275855, 0.11886951510954634, 0.11830155296006899, 0.11770069531432649, 0.11706695572071106, 0.11631809543855982, 0.11552796675376295, 0.1145940354341398, 0.11444069473120369, 0.11428602628583184, 0.11413005719480865, 0.1139727739097419, 0.11381417643063163, 0.11365426475747782, 0.11349305243867266, 0.11333052592582396, 0.11242972042513337, 0.11149458329860429, 0.11052514164302112, 0.10952136836159944, 0.10848326345433926, 0.10750975728109564, 0.10650788077458218, 0.10547763393479885, 0.10441903031013787, 0.10333204280381483, 0.10221669851261415, 0.1010729838881436, 0.09990089893040321, 0.09868162492262514, 0.09738992121013805, 0.09607106651967925, 0.09472508794803314, 0.0933519719468075, 0.09195170496761013, 0.09055313153743795, 0.08912849100067016, 0.08767778335730676, 0.08620100860734776, 0.08492756812754824, 0.08363534957615752, 0.08232436650156777, 0.0809946324521712, 0.0796461203311834, 0.07827885723538879, 0.07651194366643554, 0.074712392020669, 0.07288020229808913, 0.07101538127289204, 0.06911791539668555, 0.06718781144366573, 0.06587245223839491, 0.0645619365833361, 0.063249585121134, 0.06193085236620502, 0.06060575186694135, 0.058910028324810675, 0.057203980907822485, 0.055487602841780684, 0.05376089412668527, 0.052023861536732344, 0.050499389672028105, 0.04897787135682379, 0.04745930659111939, 0.045943702149111004, 0.0446600529557877, 0.04337853086004002, 0.04209914263606406, 0.040821881509663746, 0.03954675425503515, 0.03827375409798219, 0.03675977546303798, 0.03525939941386404, 0.03377262595046036, 0.032299455072826944, 0.03081346741617095, 0.029341590409992773, 0.027883817280096316, 0.026440148026481577, 0.025010582649148558, 0.02382242252406113, 0.022649748211259972, 0.02149256648494118, 0.020350877345104754, 0.019224680791750697, 0.01811397005068291, 0.01701875189609749, 0.015939026327994436, 0.014874793346373752, 0.013826056338333484, 0.012793536755758365, 0.011771849112748312, 0.010760990022205272, 0.00976095948412925, 0.008771760885618296, 0.007955700578147831, 0.007147163015447227, 0.006346148197516483, 0.005552656124355597, 0.004766683408866523, 0.003988233438147308, 0.0030164512978113275, 0.0020562293231212417, 0.0011075641269790001, 0.0001704624835807035, -0.0007718010972463489, -0.001702081125171211, -0.0026203742130958326, -0.0035266837481182636, -0.004421006343140454, -0.005260139562530003, -0.0060884374552564345, -0.0069059034084178, -0.007712534034916049, -0.00852270079177888, -0.0093216359315067, -0.01010933945409951, -0.010885811359557311, -0.011651048260782055, -0.012170043133745284, -0.012669538483232564, -0.01316435286321424, -0.013654486273690312, -0.014139937021111755, -0.014620706799027595, -0.015096793913888804, -0.01579507296730491, -0.01648302814586351, -0.01716066114311362, -0.017827970265506216, -0.0184849555130413, -0.019131618579267904, -0.019731871628008407, -0.020322949028130474, -0.020904849086085076, -0.02147757010832319, -0.02204111378839384, -0.022300960095974643, -0.02255880801570573, -0.022814657547587103, -0.023068506998069734, -0.023320359754251674, -0.02355218459966181, -0.02413029957554513, -0.02469843446702305, -0.025256589274095572, -0.02574650591029642, -0.02622846625317696, -0.0267024703027372, -0.0271685163654281, -0.027626606134798698, -0.02807673961084899, -0.02857144136982049, -0.02905616219761208, -0.02953090209422376, -0.029921970507697276, -0.030305995450775062, -0.03072774335161427, -0.030803475476922373, -0.030878915465023634, -0.03095406331591805, -0.031028919876380134, -0.031103484299635376, -0.031177755738909258, -0.03125173588775081, -0.03165702333883976, -0.032054600061217055, -0.032444466901657205, -0.0328266230133857, -0.033201069243177055, -0.03353478392536375, -0.033862126629343195, -0.0341830982018899, -0.03449769694945485, -0.03480592371881255, -0.035107778509963, -0.03540326216968071, -0.03569999566857901, -0.03599001339881795, -0.03627331536039753, -0.03632493431129783, -0.03637632378630522, -0.03647108970910735, -0.0366925216675372, -0.0369400541801559, -0.03718323088468183, -0.03739667225542361, -0.03760664100388925, -0.037813137130078764, -0.03801616105737939, -0.03821930861375886, -0.038418856108298045, -0.03856962642720118, 0.02015458146469392, 0.02019292341462405, 0.020244075369380655, 0.02030800345798324, 0.02038464671266689, 0.020473930617274504, 0.02057578065564897, 0.02069010198904488, 0.02081679977871682, 0.020955752089134982, 0.021106836984769548, 0.021269925755894606, 0.021444862595999842, 0.021631491698574937, 0.021829657257109572, 0.02203916959411293, 0.02225983903209419, 0.02249148266775863, 0.02273387695263493, 0.022986811886643962, 0.023250063921314408, 0.023523395959782735, 0.023806557356793222, 0.024099297467090143, 0.024401358871221666, 0.02471246382714766, 0.0250323413670241, 0.025360693426222554, 0.02569723548850679, 0.026041662715052274, 0.026393670267034475, 0.026752939757236655, 0.027119146024245987, 0.027491963906649628, 0.027871061468838644, 0.028256100001008002, 0.02864672724496046, 0.02904259771669488, 0.02944335915801403, 0.029848652536524568, 0.030258112045637053, 0.03067137187876205, 0.031088052680917914, 0.031507802193907405, 0.03193022074016059, 0.03235494928728412, 0.032781594931904155, 0.033209785093235154, 0.03363912686790328, 0.034069240900926896, 0.034499741063128246, 0.034930241225329596, 0.0353603484841571, 0.03578969703302133, 0.03621788042015624, 0.03664452606477627, 0.037069254611899805, 0.03749167993234909, 0.037911422671142475, 0.03832811024749444, 0.03874137008061944, 0.03915082281553582, 0.03955611619404636, 0.03995687763536551, 0.040352748107099934, 0.040743382125248494, 0.04112841388322175, 0.04150751144541076, 0.04188033610201051, 0.042246542369019834, 0.04260580508502591, 0.04295781263700812, 0.0433022398635536, 0.04363878192583784, 0.04396714075923239, 0.04428701152491273, 0.04459812325503482, 0.04490017788497025, 0.045192924769463266, 0.04547608616647376, 0.045749411430745984, 0.04601266346541643, 0.04626560517362156, 0.04650799945849786, 0.0467396363199662, 0.04696031253214356, 0.04716982486914692, 0.047367983653485456, 0.04755461953025665, 0.047729556370361886, 0.047892638367290845, 0.04804372326292541, 0.04818268234753967, 0.04830937336301551, 0.048423701470607525, 0.04852555150898199, 0.0486148354135896, 0.04869147189407715, 0.048755399982679734, 0.04880655871163244, 0.04884489388736647, 0.04886008840922041, 0.048871563897415045, 0.048880763255719835, 0.048883838740749565, 0.04888193519164526, 0.048876251641116746, 0.04886358389440838, 0.04884489388736647, 0.04880655871163244, 0.048755399982679734, 0.04869147189407715, 0.0486148354135896, 0.04852555150898199, 0.048423701470607525, 0.04830937336301551, 0.04818268234753967, 0.04804372326292541, 0.047892638367290845, 0.047729556370361886, 0.04755461953025665, 0.047367983653485456, 0.04716982486914692, 0.04696031253214356, 0.0467396363199662, 0.04650799945849786, 0.04626560517362156, 0.04601266346541643, 0.045749411430745984, 0.04547608616647376, 0.045192924769463266, 0.04490017788497025, 0.04459812325503482, 0.04428701152491273, 0.04396714075923239, 0.04363878192583784, 0.0433022398635536, 0.04295781263700812, 0.04260580508502591, 0.042246542369019834, 0.04188033610201051, 0.04150751144541076, 0.04112841388322175, 0.040743382125248494, 0.040352748107099934, 0.03995687763536551, 0.03955611619404636, 0.03915082281553582, 0.03874137008061944, 0.03832811024749444, 0.037911422671142475, 0.03749167993234909, 0.037069254611899805, 0.03664452606477627, 0.03621788042015624, 0.03578969703302133, 0.0353603484841571, 0.034930241225329596, 0.034499741063128246, 0.034069240900926896, 0.03363912686790328, 0.033209785093235154, 0.032781594931904155, 0.03235494928728412, 0.03193022074016059, 0.031507802193907405, 0.031088052680917914, 0.03067137187876205, 0.030258112045637053, 0.029848652536524568, 0.02944335915801403, 0.02904259771669488, 0.02864672724496046, 0.028256100001008002, 0.027871061468838644, 0.027491963906649628, 0.027119146024245987, 0.026752939757236655, 0.026393670267034475, 0.026041662715052274, 0.02569723548850679, 0.025360693426222554, 0.0250323413670241, 0.02471246382714766, 0.024401358871221666, 0.024099297467090143, 0.023806557356793222, 0.023523395959782735, 0.023250063921314408, 0.022986811886643962, 0.02273387695263493, 0.02249148266775863, 0.02225983903209419, 0.02203916959411293, 0.021829657257109572, 0.021631491698574937, 0.021444862595999842, 0.021269925755894606, 0.021106836984769548, 0.020955752089134982, 0.02081679977871682, 0.02069010198904488, 0.02057578065564897, 0.020473930617274504, 0.02038464671266689, 0.02030800345798324, 0.020244075369380655, 0.02019292341462405, 0.02015458146469392, -0.03864643607307656, -0.03880715175863008, -0.038995899914422934, -0.03918634775835619, -0.03937298469359552, -0.039555810720140944, -0.03965392775307665, -0.03974590948128138, -0.03983292191325897, -0.03991848953622444, -0.040002612561871445, -0.04008529077850633, -0.040166524186129114, -0.04047531236698866, -0.040761248326536464, -0.041024333440781116, -0.041264568874037566, -0.04137611829106651, -0.041481955896467575, -0.04158208163731737, -0.0416759961812705, -0.04176310646862769, -0.041844513994259626, -0.041920218864013106, -0.04199022134250517, -0.0420818639110559, -0.04216144268158852, -0.04222895819656796, -0.04228441097199742, -0.042327801517264715, -0.04235913036656547, -0.04237839804313852, -0.04238160629087618, -0.04236266305029316, 0.02015458146469392, 0.02019292341462405, 0.020244075369380655, 0.02030800345798324, 0.02038464671266689, 0.020473930617274504, 0.02057578065564897, 0.02069010198904488, 0.02081679977871682, 0.020955752089134982, 0.021106836984769548, 0.021269925755894606, 0.021444862595999842, 0.021631491698574937, 0.021829657257109572, 0.02203916959411293, 0.02225983903209419, 0.02249148266775863, 0.02273387695263493, 0.022986811886643962, 0.023250063921314408, 0.023523395959782735, 0.023806557356793222, 0.024099297467090143, 0.024401358871221666, 0.02471246382714766, 0.0250323413670241, 0.025360693426222554, 0.02569723548850679, 0.026041662715052274, 0.026393670267034475, 0.026752939757236655, 0.027119146024245987, 0.027491963906649628, 0.027871061468838644, 0.028256100001008002, 0.02864672724496046, 0.02904259771669488, 0.02944335915801403, 0.029848652536524568, 0.030258112045637053, 0.03067137187876205, 0.031088052680917914, 0.031507802193907405, 0.03193022074016059, 0.03235494928728412, 0.032781594931904155, 0.033209785093235154, 0.03363912686790328, 0.034069240900926896, 0.034499741063128246, 0.034930241225329596, 0.0353603484841571, 0.03578969703302133, 0.03621788042015624, 0.03664452606477627, 0.037069254611899805, 0.03749167993234909, 0.037911422671142475, 0.03832811024749444, 0.03874137008061944, 0.03915082281553582, 0.03955611619404636, 0.03995687763536551, 0.040352748107099934, 0.040743382125248494, 0.04112841388322175, 0.04150751144541076, 0.04188033610201051, 0.042246542369019834, 0.04260580508502591, 0.04295781263700812, 0.0433022398635536, 0.04363878192583784, 0.04396714075923239, 0.04428701152491273, 0.04459812325503482, 0.04490017788497025, 0.045192924769463266, 0.04547608616647376, 0.045749411430745984, 0.04601266346541643, 0.04626560517362156, 0.04650799945849786, 0.0467396363199662, 0.04696031253214356, 0.04716982486914692, 0.047367983653485456, 0.04755461953025665, 0.047729556370361886, 0.047892638367290845, 0.04804372326292541, 0.04818268234753967, 0.04830937336301551, 0.048423701470607525, 0.04852555150898199, 0.0486148354135896, 0.04869147189407715, 0.048755399982679734, 0.04880655871163244, 0.04884489388736647, 0.04886008840922041, 0.048871563897415045, 0.048880763255719835, 0.048883838740749565, 0.04888193519164526, 0.048876251641116746, 0.04886358389440838, 0.04884489388736647, 0.04880655871163244, 0.048755399982679734, 0.04869147189407715, 0.0486148354135896, 0.04852555150898199, 0.048423701470607525, 0.04830937336301551, 0.04818268234753967, 0.04804372326292541, 0.047892638367290845, 0.047729556370361886, 0.04755461953025665, 0.047367983653485456, 0.04716982486914692, 0.04696031253214356, 0.0467396363199662, 0.04650799945849786, 0.04626560517362156, 0.04601266346541643, 0.045749411430745984, 0.04547608616647376, 0.045192924769463266, 0.04490017788497025, 0.04459812325503482, 0.04428701152491273, 0.04396714075923239, 0.04363878192583784, 0.0433022398635536, 0.04295781263700812, 0.04260580508502591, 0.042246542369019834, 0.04188033610201051, 0.04150751144541076, 0.04112841388322175, 0.040743382125248494, 0.040352748107099934, 0.03995687763536551, 0.03955611619404636, 0.03915082281553582, 0.03874137008061944, 0.03832811024749444, 0.037911422671142475, 0.03749167993234909, 0.037069254611899805, 0.03664452606477627, 0.03621788042015624, 0.03578969703302133, 0.0353603484841571, 0.034930241225329596, 0.034499741063128246, 0.034069240900926896, 0.03363912686790328, 0.033209785093235154, 0.032781594931904155, 0.03235494928728412, 0.03193022074016059, 0.031507802193907405, 0.031088052680917914, 0.03067137187876205, 0.030258112045637053, 0.029848652536524568, 0.02944335915801403, 0.02904259771669488, 0.02864672724496046, 0.028256100001008002, 0.027871061468838644, 0.027491963906649628, 0.027119146024245987, 0.026752939757236655, 0.026393670267034475, 0.026041662715052274, 0.02569723548850679, 0.025360693426222554, 0.0250323413670241, 0.02471246382714766, 0.024401358871221666, 0.024099297467090143, 0.023806557356793222, 0.023523395959782735, 0.023250063921314408, 0.022986811886643962, 0.02273387695263493, 0.02249148266775863, 0.02225983903209419, 0.02203916959411293, 0.021829657257109572, 0.021631491698574937, 0.021444862595999842, 0.021269925755894606, 0.021106836984769548, 0.020955752089134982, 0.02081679977871682, 0.02069010198904488, 0.02057578065564897, 0.020473930617274504, 0.02038464671266689, 0.02030800345798324, 0.020244075369380655, 0.02019292341462405, 0.02015458146469392, -0.04235761897825345, -0.0423406620341755, -0.04225556895886235, -0.042204697193853453, 0.010360059225983605, 0.010360059225983605, 0.015829521448026147, 0.01594313149083148, 0.016061347986985306, 0.016184089646134422, 0.016311268403729515, 0.01644280974361348, 0.016576159793856335, 0.016713554039171328, 0.01685491118920525, 0.01700016350199709, 0.01717804034321004, 0.017361180734793258, 0.01754945596702083, 0.01774273733016684, 0.017940882566113172, 0.018143762965133918, 0.018351249817503155, 0.01856321441349498, 0.018779507720795167, 0.019000014578070008, 0.019224592727201388, 0.019453113458463393, 0.01967206902483117, 0.019894303302111695, 0.020119694354775165, 0.02034814056988006, 0.020579533560288774, 0.020816677843187005, 0.02105660632068264, 0.02129921060563806, 0.021544368762523455, 0.021791965630005114, 0.022041892820945423, 0.02229402839981457, 0.022548263979474945, 0.02281672537094685, 0.023087225795445074, 0.023359643317439806, 0.023633828904616825, 0.023909660621446324, 0.024187009758202385, 0.024465727282570796, 0.024745698033217838, 0.025026786526221503, 0.025308850503463674, 0.025591768029414534, 0.025875396845955974, 0.026143363721112523, 0.02641173704803512, 0.026680401665390048, 0.026949262734431895, 0.02721819154543475, 0.027462116798629813, 0.027705926890491162, 0.027949540530665593, 0.02819263933193637, 0.028433522971082204, 0.028667591768950704, 0.028899120243281434, 0.02912805420050558, 0.029354339447054345, 0.029620206321419672, 0.029882157710438777, 0.03014011232375845, 0.03039397532263328, 0.030643665416710066, 0.030889094541439493, 0.03113016785807615, 0.031366804076266824, 0.031598915131462214, 0.03182640618491691, 0.0320492027204738, 0.03226720312519137, 0.03246828158804932, 0.032664956823441796, 0.03285714076681949, 0.03304477245041749, 0.03322777058388259, 0.03340824194220213, 0.03358382233093693, 0.0337544304597338, 0.03391997826404342, 0.034080411550297, 0.03423563547974911, 0.034385575536242656, 0.03453016397781662, 0.034675815968178404, 0.03481541182722613, 0.0349488702646066, 0.0350761099899666, 0.03519702939036462, 0.035311553949643554, 0.035419588829057984, 0.03552104596405861, 0.03561584406429222, 0.0357038882910134, 0.035785090579672836, 0.035859369639917336, 0.03592297934130318, 0.035980275491923154, 0.036031197124012336, 0.03607565617302142, 0.036113584896989404, 0.03614649394164675, 0.036171937822201086, 0.03618983524829922, 0.03620009138119572, 0.036202740091871105, 0.03620057912331497, 0.036193567830350715, 0.036181746858154944, 0.036162318463738054, 0.0361366984540851, 0.036104947796960975, 0.036067134234326705, 0.03602333905653549, 0.03597455807041414, 0.035920134178940875, 0.035860135124076715, 0.03579462187358656, 0.03572215152370096, 0.035644078913640055, 0.03556047855956095, 0.035471411429228564, 0.035376952038799994, 0.03527716813023625, 0.035172127445498344, 0.035061904500743375, 0.034946567037932356, 0.034826182799026294, 0.0347008263001823, 0.034570558509165274, 0.03443546071632843, 0.03429559388943666, 0.034136312216520213, 0.033971448606016766, 0.033801084348279525, 0.0336253142820539, 0.0334442332460853, 0.03327546092443173, 0.033102454730215204, 0.03292529595378893, 0.032744052337113916, 0.03255878484795507, 0.03237298897150036, 0.03218344696460195, 0.03199022656922085, 0.03179339552731806, 0.03158888932123314, 0.03138075892023433, 0.031169078840478738, 0.030953916823927372, 0.030735340612541236, 0.030513417948281343, 0.030288216573108696, 0.030059817777376506, 0.029828282528849677, 0.029593678569489214, 0.029356080415452235, 0.029115555808699737, 0.028872172491192734, 0.028626004979088328, 0.028397965215749475, 0.028167696741893483, 0.027935246976893053, 0.0277006768885131, 0.02746404067032242, 0.02722582606444027, 0.026966509837704353, 0.026707423933635857, 0.026448656416784094, 0.026190302125894478, 0.025932455899712416, 0.025679791933547413, 0.02542779861279638, 0.025176550453616428, 0.02492614906894907, 0.02467159510207196, 0.02441810468398267, 0.0241657658792305, 0.023914680300756965, 0.023664936013111374, 0.02341662785503914, 0.02316985066528567, 0.022924692508400273, 0.022681254997324464, 0.022439632970803647, 0.022199907719191038, 0.021962180855428143, 0.02172655399245647, 0.021493101646433137, 0.021238947357125972, 0.020987672101161616, 0.020739404588265987, 0.020494273528164995, 0.02025239408219235, 0.02003590432320524, 0.019822293597560943, 0.019611643195612663, 0.019404061504498013, 0.019199629814570202, 0.019002006191723625, 0.018807607086220993, 0.018616513788415518, 0.01842882113705261, 0.018240884614630075, 0.01805667390006294, 0.017876283832096617, 0.017699795701084316, 0.017527311119967543, 0.017358924927491713, 0.017194731962402236, 0.01703482028924842, 0.016879284746775674, 0.016728220173729408, 0.016581721408855034, 0.01643988329089796, 0.0163027938844075, 0.016170548028129065, 0.016030789588374915, 0.015897134699307525, 0.015769705296456705, 0.01564862331535227, 0.01553401746572013, 0.010360059225983605, 0.010360059225983605, -0.042188681935803184, -0.04212633071334412, -0.04203467605179488, -0.04192917922021172, -0.04181022793547459, -0.0416779102092094, -0.041490152567902644, -0.04128072046278435, -0.04104961505816948, -0.04079683741252616, -0.040626856637796305, -0.040448313808429205, -0.040260941026138426, -0.04006439068998656, -0.03985971237698195, -0.03958745764738727, -0.03930203769105807, -0.03900345293138162, -0.03869170379174517, -0.03836679090722961, -0.03815703554594113, -0.03794213856981221, -0.03772209955545557, -0.03749593539766211, -0.0372626930517179, -0.037024654998321624, -0.03678182039069878, -0.03653418965223662, -0.03625114934398143, -0.035962093126201536, -0.035667020998896945, -0.035365932962067644, -0.03514318130555993, -0.034917247470433885, -0.03468813230346404, -0.03445583495787588, -0.0342203554336694, -0.03398169457761912, -0.03373985238972503, -0.03339455552575511, -0.0330437105951787, -0.03268731759799579, -0.032325377380980895, -0.031957889097359506, -0.03156206519822327, -0.03116000141770376, -0.03075169690902645, -0.03033715167219134, -0.02991636486042392, -0.02948933816727322, -0.02911834762426775, -0.028737022198336105, -0.028338422572347602, -0.027936815203290374, -0.027532199244389908, -0.02712457554242072, -0.026713945790931833, -0.02630860838014664, -0.02590038177472449, -0.0254892676682144, -0.025075262673518322, -0.024764255943435787, -0.024451636954681277, -0.02413740740080382, -0.023986866134406336, -0.023835959061419415, -0.023684682794745, -0.023533042415030174, -0.023381032841627857, -0.0232286574616361, -0.02307591458150588, -0.022922804201237195, -0.022494646217337672, -0.02206220186085541, -0.02162546943824139, -0.021184448949495605, -0.020739140394618057, -0.02028954377360875, -0.019835659086467682, -0.019386690772146716, -0.018933605440145534, -0.01847639970336608, -0.018015076948906413, -0.017676981902166083, -0.017336707257830347, -0.016994254709448226, -0.01664962425701972, -0.016302814206995805, -0.015953826252925504, -0.015602658701259795, -0.015070781000862003, -0.014531905555892158, -0.013986030672801235, -0.013433152964491182, -0.0128732792051581, -0.012306400927056866, -0.011732524904383576, -0.011151647750040185, -0.01056377285112474, -0.009968893433441138, -0.009367012884087434, -0.008758134590161677, -0.008142251777467767, -0.007519367833103752, -0.006889482757069632, -0.006252593162267359, -0.005607245983633325, -0.004952895898381423, -0.0042895462936097, -0.003617193782220109, -0.0029358451384087487, -0.002361176534791675, -0.0017802587352716782, -0.0011930917398487587, -0.000599672161424866, 0.0]
roots = [4, 0, 0, 0, 0, 0, 0, 0, 0, 0, 0, 0, 0, 0, 0, 0, 0, 0, 0, 0, 0, 0, 0, 0, 0, 0, 0, 0, 0, 0, 0, 0, 0, 0, 0, 0, 0, 0, 0, 0, 0, 0, 0, 0, 0, 0, 0, 0, 0, 0, 0, 0, 0, 0, 0, 0, 0, 0, 0, 0, 0, 0, 0, 0, 0, 0, 0, 0, 0, 0, 0, 0, 0, 0, 0, 0, 0, 0, 0, 0, 0, 0, 0, 0, 0, 0, 0, 0, 0, 0, 0, 0, 0, 0, 0, 0, 0, 0, 0, 0, 0, 0, 0, 0, 0, 0, 0, 0, 0, 0, 0, 0, 0, 0, 0, 0, 0, 0, 0, 0, 0, 0, 0, 0, 0, 0, 0, 0, 0, 0, 0, 0, 0, 0, 0, 0, 0, 0, 0, 0, 0, 0, 0, 0, 0, 0, 0, 0, 0, 0, 0, 0, 0, 0, 0, 0, 0, 0, 0, 0, 0, 0, 0, 0, 0, 0, 0, 0, 0, 0, 0, 0, 0, 0, 0, 0, 0, 0, 0, 0, 0, 0, 0, 0, 0, 0, 0, 0, 0, 0, 0, 0, 0, 0, 0, 0, 0, 0, 0, 0, 0, 0, 0, 0, 0, 0, 0, 0, 0, 0, 0, 0, 0, 0, 0, 0, 0, 0, 0, 0, 0, 0, 0, 0, 0, 0, 0, 0, 0, 0, 0, 0, 0, 0, 0, 0, 0, 0, 0, 0, 0, 0, 0, 0, 0, 0, 0, 4, 0, 0, 0, 0, 0, 0, 0, 0, 0, 0, 0, 0, 0, 0, 0, 0, 0, 0, 0, 0, 0, 0, 0, 0, 0, 0, 0, 0, 0, 0, 0, 0, 0, 0, 0, 0, 0, 0, 0, 0, 0, 0, 0, 0, 0, 0, 0, 0, 0, 0, 0, 0, 0, 0, 0, 0, 0, 0, 0, 0, 0, 0, 0, 0, 0, 0, 0, 0, 0, 0, 0, 0, 0, 0, 0, 0, 0, 0, 0, 0, 0, 0, 0, 0, 0, 0, 0, 0, 0, 0, 0, 0, 0, 0, 0, 0, 0, 0, 0, 0, 0, 0, 0, 0, 0, 0, 4, 4, 0, 0, 0, 0, 0, 0, 0, 0, 0, 0, 0, 0, 0, 0, 0, 0, 0, 0, 0, 0, 0, 0, 0, 0, 0, 0, 0, 0, 0, 0, 0, 0, 0, 0, 0, 0, 0, 0, 0, 0, 0, 0, 0, 0, 0, 0, 0, 0, 0, 0, 0, 0, 0, 0, 0, 0, 0, 0, 0, 0, 0, 0, 0, 0, 0, 0, 0, 0, 0, 0, 0, 0, 0, 0, 0, 0, 0, 0, 0, 0, 0, 0, 0, 0, 0, 0, 0, 0, 0, 0, 0, 0, 0, 0, 0, 0, 0, 0, 0, 0, 0, 0, 0, 0, 0, 0, 0, 0, 0, 0, 0, 0, 0, 0, 0, 0, 0, 0, 0, 0, 0, 0, 0, 0, 0, 0, 0, 0, 0, 0, 0, 0, 0, 0, 0, 0, 0, 0, 0, 0, 0, 0, 0, 0, 0, 0, 0, 0, 0, 0, 0, 0, 0, 0, 0, 0, 0, 0, 0, 0, 0, 0, 0, 0, 0, 0, 0, 0, 0, 0, 0, 0, 0, 0, 0, 0, 0, 0, 0, 0, 0, 0, 0, 0, 0, 0, 0, 0, 0, 0, 0, 0, 0, 0, 0, 0, 0, 0, 0, 0, 0, 0, 0, 0, 0, 0, 0, 4, 4, 0, 0, 0, 0, 0, 0, 0, 0, 0, 0, 0, 0, 0, 0, 0, 0, 0, 0, 0, 0, 0, 0, 0, 0, 0, 0, 0, 0, 0, 0, 0, 0, 4, 4, 0, 0, 0, 0, 0, 0, 0, 0, 0, 0, 0, 0, 0, 0, 0, 0, 0, 0, 0, 0, 0, 0, 0, 0, 0, 0, 0, 0, 0, 0, 0, 0, 0, 0, 0, 0, 0, 0, 0, 0, 0, 0, 0, 0, 0, 0, 0, 0, 0, 0, 0, 0, 0, 0, 0, 0, 0, 0, 0, 0, 0, 0, 0, 0, 0, 0, 0, 0, 0, 0, 0, 0, 0, 0, 0, 0, 0, 0, 0, 0, 0, 0, 0, 0, 0, 0, 0, 0, 0, 0, 0, 0, 0, 0, 0, 0, 0, 0, 0, 0, 0, 0, 0, 0, 0, 0, 0, 0, 0, 0, 0, 0, 0, 0, 0, 0, 0, 0, 0, 0, 0, 0, 0, 0, 0, 0, 0, 0, 0, 0, 0, 0, 0, 0, 0, 0, 0, 0, 0, 0, 0, 0, 0, 0, 0, 0, 0, 0, 0, 0, 0, 0, 0, 0, 0, 0, 0, 0, 0, 0, 0, 0, 0, 0, 0, 0, 0, 0, 0, 0, 0, 0, 0, 0, 0, 0, 0, 0, 0, 0, 0, 0, 0, 0, 0, 0, 0, 0, 0, 0, 0, 0, 0, 0, 0, 0, 0, 0, 0, 0, 0, 0, 0, 0, 0, 0, 0, 4, 4, 0, 0, 4, 4, 4, 4, 0, 0, 0, 0, 0, 0, 0, 0, 0, 0, 0, 0, 0, 0, 0, 0, 0, 0, 0, 0, 0, 0, 0, 0, 0, 0, 0, 0, 0, 0, 0, 0, 0, 0, 0, 0, 0, 0, 0, 0, 0, 0, 0, 0, 0, 0, 0, 0, 0, 0, 0, 0, 0, 0, 0, 0, 0, 0, 0, 0, 0, 0, 0, 0, 0, 0, 0, 0, 0, 0, 0, 0, 0, 0, 0, 0, 0, 0, 0, 0, 0, 0, 0, 0, 0, 0, 0, 0, 0, 0, 0, 0, 0, 0, 0, 0, 0, 0, 0, 0, 0, 0, 0, 0, 0, 0, 0, 0, 0, 0, 0, 0, 0, 0, 0, 0, 0, 0, 0, 0, 0, 0, 0, 0, 0, 0, 0, 0, 0, 0, 0, 0, 0, 0, 0, 0, 0, 0, 0, 0, 0, 0, 0, 0, 0, 0, 0, 0, 0, 0, 0, 0, 0, 0, 0, 0, 0, 0, 0, 0, 0, 0, 0, 0, 0, 0, 0, 0, 0, 0, 0, 0, 0, 0, 0, 0, 0, 0, 0, 0, 0, 0, 0, 0, 0, 0, 0, 0, 0, 0, 0, 0, 0, 0, 0, 0, 0, 0, 0, 0, 0, 0, 0, 0, 0, 0, 0, 0, 0, 0, 0, 0, 0, 0, 0, 0, 0, 0, 0, 0, 0, 0, 4, 4, 4, 4, 0, 0, 0, 0, 0, 0, 0, 0, 0, 0, 0, 0, 0, 0, 0, 0, 0, 0, 0, 0, 0, 0, 0, 0, 0, 0, 0, 0, 0, 0, 0, 0, 0, 0, 0, 0, 0, 0, 0, 0, 0, 0, 0, 0, 0, 0, 0, 0, 0, 0, 0, 0, 0, 0, 0, 0, 0, 0, 0, 0, 0, 0, 0, 0, 0, 0, 0, 0, 0, 0, 0, 0, 0, 0, 0, 0, 0, 0, 0, 0, 0, 0, 0, 0, 0, 0, 0, 0, 0, 0, 0, 0, 0, 0, 0, 0, 0, 0, 0, 0, 0, 0, 0, 0, 0, 0, 0, 0, 0, 0, 0, 0, 0, 0, 4]
tipx = [1.0, 0.9999981143072052, 0.9999872191932797, 0.9999770224840929, 0.9999525783182344, 0.9999139565361779, 0.9998610872974495, 0.9997940404425232, 0.9997154000689326, 0.9996251661766775, 0.9995232689252843, 0.9994098479957007, 0.9992847637069787, 0.9991517176042343, 0.9990109890493629, 0.9988625780423646, 0.998706554423713, 0.9985428483529346, 0.9983743931299323, 0.9982030046070268, 0.9980286827842184, 0.9978514975019809, 0.9976713789198403, 0.9976639059891349, 0.9958477743063182, 0.9940169761239864, 0.9929852926438076, 0.9919489996923527, 0.9916183050485234, 0.9909555189513872, 0.9902908471614562, 0.9896355339950252, 0.9886047584410069, 0.9878632621298062, 0.9871089151714112, 0.986341717565822, 0.9855616693130386, 0.984768770413061, 0.9838655235643505, 0.9829460737256994, 0.9820104907375817, 0.9811702399963125, 0.9796286512163243, 0.9787011697231768, 0.977141631941401, 0.9755689641505355, 0.973983306031528, 0.9730853670588325, 0.9709490168032688, 0.9684466326240917, 0.9654285463857729, 0.962198843511593, 0.9597352207954202, 0.9572570712606799, 0.9547644647478462, 0.9521257519636522, 0.9494710457109393, 0.9468002761492337, 0.9441133734380615, 0.9420967297547307, 0.9400710766502692, 0.938036483965151, 0.9345982374359606, 0.9312317869139206, 0.9280967877223241, 0.9260928550052397, 0.9241047760757266, 0.9221325509337845, 0.9201761795794137, 0.91823559217214, 0.9163109283929113, 0.9144401116190454, 0.9125845200684856, 0.9107440839007581, 0.9089189427968106, 0.9076011228951391, 0.904989578055285, 0.9023994044004388, 0.8997354093646996, 0.8971499150216034, 0.8945488462528316, 0.8919322030583842, 0.8893000552787351, 0.8866041431464321, 0.8838920280241885, 0.8811638495929522, 0.8784196078527232, 0.8756592329630275, 0.872971841368538, 0.8696675488682526, 0.8660512091306642, 0.8623855620185155, 0.8602807796571461, 0.8581601435082057, 0.8560235138907465, 0.853871030485716, 0.8517026234526407, 0.8495182229510464, 0.8473179686618809, 0.8443319392010739, 0.840454046888799, 0.8363374398367968, 0.8337750626905553, 0.8312228822535007, 0.8283349786584971, 0.8254602050725834, 0.8225984218148117, 0.8197498384066035, 0.8169143151670113, 0.8130308356168259, 0.809858820974072, 0.8067486849911774, 0.8022025590248035, 0.7976125732408319, 0.7949851047729329, 0.7923434586888359, 0.7896877048290148, 0.7870177733529957, 0.7843337341012526, 0.7816355172333115, 0.7789231227491725, 0.7761966204893094, 0.773538073010533, 0.7708662558417191, 0.7681810991423939, 0.7654826727530312, 0.7627214597776489, 0.7599465580693858, 0.7571577581068203, 0.7543551995709001, 0.7515388824616253, 0.7484250449336148, 0.7452944456918729, 0.7415279489354392, 0.7367505811600433, 0.7316630518401394, 0.7254216880512377, 0.7183943395692729, 0.7107144715398322, 0.7026111607172477, 0.694877096480075, 0.6862970545827748, 0.672929448200892, 0.6471048853760683, 0.6418917828841252, 0.6363338081321549, 0.6306456507368694, 0.6247203849327558, 0.6181060031728527, 0.6124524168121386, 0.6066710223842211, 0.6011339299339414, 0.597141359563553, 0.5932861654052896, 0.5896413307543574, 0.5854314517494864, 0.5814303608412844, 0.5775492907874479, 0.5737249311984032, 0.5698892574525897, 0.5661123544655475, 0.5622098433862294, 0.5601915235315255, 0.5564822959636746, 0.5528527214562856, 0.550734599564405, 0.5486317378160674, 0.5465442060517469, 0.5444719344309695, 0.5424149578739722, 0.5404895258495308, 0.5385776428770225, 0.536679378796921, 0.5347946637687526, 0.5329235676329911, 0.5311894286665114, 0.5294671276603546, 0.5263290205676704, 0.5243013420894663, 0.5209506405942865, 0.5184407136439302, 0.5159467801620927, 0.5134688750690111, 0.5110069285242114, 0.5085609754479307, 0.5062925568562567, 0.5040380365188853, 0.5017974493560534, 0.4999261087786333, 0.4980646157080305, 0.4959914012408557, 0.49337060253821236, 0.4913880759263728, 0.4894177713974625, 0.48745968895148145, 0.48551382858842973, 0.4835802252285442, 0.4815428040042337, 0.47951910643304096, 0.4775091674352029, 0.4755129870107195, 0.47353056515959074, 0.4715618669615797, 0.4698408230839528, 0.46813039495835584, 0.4664306175050259, 0.46501104003290883, 0.46359897041173403, 0.4620263724613424, 0.459855032128364, 0.45723287153647996, 0.4546262504500346, 0.45203513394879086, 0.44945948711251194, 0.44689934486143473, 0.44435474211579623, 0.4419696899327401, 0.4395984312432757, 0.4372409311271659, 0.4348972245046477, 0.4325672764554842, 0.43199528297439405, 0.43027228356349845, 0.42773071887847375, 0.4258047979707152, 0.4228997485393738, 0.4200103782944188, 0.41713668723585023, 0.41458415759642614, 0.41204409448158985, 0.40951653281157846, 0.4070014725863918, 0.404498878885793, 0.40200878663001904, 0.40148445927235304, 0.39991486446233837, 0.39831506364736985, 0.3958743136863932, 0.39344149061920214, 0.39068652836623224, 0.3879417628224491, 0.38520726382832654, 0.3824829615433907, 0.3794914845256208, 0.3765124391122019, 0.37354582530313385, 0.3705916081781798, 0.3676920412240381, 0.36627351135902925, 0.3638198758306215, 0.36162936428756254, 0.35944894469297956, 0.35727861704687236, 0.3551184162694781, 0.35255988034930014, 0.3500156966465049, 0.3474857953206184, 0.3449702462121146, 0.3424689794805196, 0.3399819951258333, 0.3381528381946377, 0.33633150339651685, 0.33572661505222845, 0.3341809406045182, 0.3314370829868955, 0.32866651138801306, 0.3259094190005898, 0.32316577090438875, 0.3204356020196468, 0.31789407225485905, 0.3153643455301573, 0.3128463520050676, 0.31034016152006394, 0.3078457391549093, 0.30536311982984066, 0.30411622292939583, 0.3028336375467975, 0.3015534267403111, 0.29911599420184387, 0.296687152041664, 0.2939375325849461, 0.29119907014393076, 0.2884717123382626, 0.28575547662806, 0.2829218041610256, 0.280100336316802, 0.2772910556352707, 0.2766186315527388, 0.27527591352212843, 0.2739359891104733, 0.2725782728380969, 0.2695057634105059, 0.2664448824218162, 0.26404802719867415, 0.26165834808422345, 0.2606467088200487, 0.25963636160464076, 0.25862730643799964, 0.25761952586000686, 0.25657844883609104, 0.2555346654938123, 0.25345956533384273, 0.25140108720665694, 0.24935923111225494, 0.24825250404289043, 0.24715071818705303, 0.24605389100486125, 0.2449619875760781, 0.24387504282094055, 0.2427930567394486, 0.2417159944113653, 0.23906151514019253, 0.23639542489023696, 0.2337177062013801, 0.23102835907362199, 0.22951725566048312, 0.2280025030825839, 0.22648408387980595, 0.2249495489876798, 0.222997228380794, 0.22105765366039162, 0.21913080736635415, 0.2172166894986816, 0.21522506616511894, 0.21324742838645108, 0.21128375870255955, 0.21035147567683277, 0.20939350881683602, 0.20843173565101275, 0.20747090533158685, 0.2065110003984399, 0.20555203831169036, 0.20459403653145666, 0.20363696013750193, 0.20210759344044302, 0.20058063623973302, 0.1990561059954904, 0.1975329725607254, 0.19599241392772698, 0.19272969396951953, 0.1894739755188187, 0.18622522365538755, 0.18322304358499533, 0.18022681741500152, 0.17913877267240033, 0.17802626630382212, 0.17689935533750584, 0.1757768967013995, 0.17465890785562158, 0.1735453888001721, 0.17243632207493254, 0.17050621073874112, 0.16858977067531197, 0.16668698442452673, 0.16479788690662223, 0.16294934924392449, 0.1626146911532024, 0.16161331843868826, 0.16061433776040457, 0.1578560057045699, 0.1551064386282074, 0.15254249007130363, 0.1499862065064084, 0.14743758793352166, 0.14530266067761324, 0.14317312859831216, 0.1426968514866767, 0.14170610325425181, 0.14071306774630726, 0.13913802537932982, 0.13756885834221763, 0.13507915020905, 0.13260438793729304, 0.13014455406682826, 0.1276996573277149, 0.12588387484726762, 0.12407641211327147, 0.12227726912572648, 0.12077242516505923, 0.11927344780419805, 0.11760156289012452, 0.11729837666294533, 0.11639027590130005, 0.1154843663845228, 0.11299533919597551, 0.11051940709628102, 0.10805657881549859, 0.10560683689350969, 0.10317019879043283, 0.10167573487019624, 0.10018623835366448, 0.0996458389569465, 0.09908052397117124, 0.09851649230410359, 0.09795383125633585, 0.09739251463769032, 0.09683256863834472, 0.09627397579818059, 0.09450568483997278, 0.09275116118517887, 0.0910103873736804, 0.08928338086559585, 0.0875701416609252, 0.08623367435272722, 0.08490570139216509, 0.08358189266985815, 0.08224287618436349, 0.08089702406248767, 0.07963472733755193, 0.07836648544227702, 0.07709228964660371, 0.0762783338437508, 0.07544660364029503, 0.07461741388407668, 0.07379668355525726, 0.0729844039237775, 0.07218057935466704, 0.0712440666152408, 0.07031930453554514, 0.06940628438552081, 0.06850501053019745, 0.06797992802240761, 0.06744329128122001, 0.06690778944773296, 0.06637341815691687, 0.06501831653728136, 0.06367055689746266, 0.062075658010754736, 0.06049116098962554, 0.0589170658340751, 0.057602868906986106, 0.0562960095946843, 0.05588173336373722, 0.055468199187825126, 0.055055402701918416, 0.054643357001105924, 0.054232048990298806, 0.053821487399556306, 0.05341166786384879, 0.05300259038317627, 0.05151499701955778, 0.05003810670856164, 0.04857191945018785, 0.047116439609466036, 0.045692387981990934, 0.045434584967745925, 0.04487645045569163, 0.044323977387051364, 0.04377723123726939, 0.0429192060953972, 0.04207567721688505, 0.04124664023670333, 0.040432099519881665, 0.039632055066420036, 0.039189406142958565, 0.038751318675447476, 0.03831780139394602, 0.037889203500823594, 0.037460291325568704, 0.03702290662782605, 0.036577042860051215, 0.035981670280329184, 0.03537182107988039, 0.034747493076190024, 0.0342609821526161, 0.03377235855470727, 0.03329380508012623, 0.03282540029940611, 0.0323671420300321, 0.03192694625321572, 0.031496541237831605, 0.03107592916639458, 0.030529183016612605, 0.030095508594044914, 0.029665190879253154, 0.029032425273311964, 0.028407058392572605, 0.02803832906317036, 0.02767222311656829, 0.02730873837025159, 0.0269493982195568, 0.026608336630385705, 0.026261214197590574, 0.025810655840462007, 0.025350276166693848, 0.024880075176286084, 0.02440005068672392, 0.023910204880522156, 0.023410533392651176, 0.022825619423892916, 0.022255559650923344, 0.02170036062128689, 0.02116001796995393, 0.020634538244468897, 0.020227154395288004, 0.019824087560398915, 0.019399773943846163, 0.0189752835435939, 0.018550611994612505, 0.018125760388159384, 0.017700729815491943, 0.017275519185352778, 0.01685012849774188, 0.01642529326014983, 0.01601245639771915, 0.015597075814278815, 0.015179151509828825, 0.014758681301854369, 0.014317218575191476, 0.013867670722419385, 0.013593922254981284, 0.01333107108398352, 0.013079117209426089, 0.012838062813823804, 0.012607907897176664, 0.012332818274388556, 0.012059817318272468, 0.011536872583737855, 0.011029997705740433, 0.010753168618649712, 0.010481381140767316, 0.010383798721151083, 0.010190633065483476, 0.010000135534169627, 0.009812302853437321, 0.00960512217892501, 0.009384868240707988, 0.009151538310642745, 0.008905133479986688, 0.008645651566225007, 0.008391670135410203, 0.008130047720249792, 0.007878400489022998, 0.007649058559142136, 0.007430330198776465, 0.007222215953554688, 0.00702471691473421, 0.0069060082973975, 0.0067914939278946, 0.006678262331470571, 0.006555204507748626, 0.006429153364966412, 0.006222448478682418, 0.0060081669922396755, 0.005792333737767877, 0.005586093181509455, 0.005454047761804874, 0.005326360278544762, 0.005204087614525282, 0.005084090222193975, 0.0049594915430170175, 0.004830290485737004, 0.004630848463107992, 0.004523273126625319, 0.004384538844660469, 0.004123286365760149, 0.003720208345482666, 0.003488523758768908, 0.0032947658231450632, 0.003139962775900427, 0.003046088994573046, 0.002953018105880952, 0.002860750109824145, 0.0027692847335882742, 0.0026786222499876906, 0.0024683083026529953, 0.0022609193343836177, 0.002063697747758208, 0.00200624127212328, 0.001945399170391201, 0.0018877507698602737, 0.0018332959341233223, 0.0017820349359946978, 0.0017339676390672246, 0.001683946991385876, 0.001638352074515246, 0.0015893400214899139, 0.0015611658014159458, 0.0015017670240083613, 0.0014383012666617546, 0.0013707681201545988, 0.0012377296562120132, 0.001104316754572543, 0.0009705291424218372, 0.0008360391697242244, 0.0007090326310844584, 0.0005925661384922629, 0.00048664027167813386, 0.00040198038583762647, 0.00032384536673058233, 0.0002499953062290893, 0.0001833126243596938, 0.00014577887708805556, 0.0001098959379803715, 8.250765342468002e-05, 5.710334729649926e-05, 3.5451067595806505e-05, 1.7741320797111045e-05, 6.1929331927756515e-06, 8.060310660058172e-07, 0.0, 9.369032007035271e-06, 2.8913478761861094e-05, 5.863372071261553e-05, 9.048764370332255e-05, 0.00012537146845369087, 0.00016481385050196967, 0.00020881491772988602, 0.0002573747809682701, 0.0003104935254716065, 0.000395857817966654, 0.0004914134315649783, 0.0005971608095899002, 0.0007129576111537332, 0.0008351600254778049, 0.000962696028569468, 0.001095565552225135, 0.0012208444939865607, 0.001357188376607073, 0.0015045974729010231, 0.0016626418274510776, 0.0018122391676552005, 0.0019709429144918636, 0.002138753204368242, 0.0022766851393265074, 0.0023997241388582268, 0.0025218729451623075, 0.002648731618423777, 0.0027803001586426362, 0.002954563326365582, 0.0031364560202313883, 0.003325979058683109, 0.0035231321689063923, 0.0037279161693442925, 0.003908952498961996, 0.00408083918087251, 0.0042435759422614835, 0.0043971622375002135, 0.0045514676713684435, 0.004717238401155999, 0.004887286859968802, 0.004972172499684845, 0.0050580850126184275, 0.005145025490026955, 0.005232992295024321, 0.005306424642652486, 0.005380541754301912, 0.005540545734335917, 0.005670247133135848, 0.005808697688175554, 0.00595589630819763, 0.006132776038361975, 0.006295410494369286, 0.006462526744536467, 0.00660668621268729, 0.006754022331142321, 0.006906967512655967, 0.007065290956287196, 0.007217362040619918, 0.007371816431123848, 0.007519236576399018, 0.00765962302207413, 0.007794606106711355, 0.007936720012857631, 0.008087801326724563, 0.008280938064070952, 0.008486988741541008, 0.008698371302688962, 0.008898977151339768, 0.009088469634584165, 0.009251090995502623, 0.009404526151590844, 0.009576817144369688, 0.009750280147600857, 0.009924501574728085, 0.010099482517008774, 0.010275220791928117, 0.010672985207089227, 0.011084164449522623, 0.01149923075083049, 0.011908008135716802, 0.012138435866715043, 0.012365464330898577, 0.012580197597906741, 0.012802153897674626, 0.01305931961759547, 0.013325546047745043, 0.013605921721400065, 0.013877959097228066, 0.01428585147235941, 0.014836060181885546, 0.015443518437361302, 0.01587008440919673, 0.016155582445108008, 0.01654434726045503, 0.016936031189358824, 0.017330635323076795, 0.01771713032302267, 0.018099734990321855, 0.018485765114613455, 0.018875223969669678, 0.019598131802243905, 0.020332558947978974, 0.021078505406874885, 0.021480712330929307, 0.02188280576421367, 0.022291966180448926, 0.022556024282135958, 0.022822943660737328, 0.023089856491794267, 0.023346018254903064, 0.02387252594486304, 0.02421939957096997, 0.02464411695276235, 0.024862787476485584, 0.02504290387611138, 0.025678495838729967, 0.026140191568927832, 0.026543068525028555, 0.0269908441757759, 0.027339544566777795, 0.027679816085588105, 0.028272576195083998, 0.02894244237025997, 0.0296085284297871, 0.03037950178599552, 0.031027678129001642, 0.031850977277751026, 0.03234718293210563, 0.03287152338486047, 0.0332169325435307, 0.03357010272486101, 0.033931031746336604, 0.034299723972987105, 0.03467617503978288, 0.03496085790641307, 0.03527250137847635, 0.035509470106356564, 0.03602695964512658, 0.036724609233818574, 0.03726557171935723, 0.03781230477405035, 0.03825763819072665, 0.03896526623712447, 0.040109187723860545, 0.04068495695556994, 0.041193709887560326, 0.04171546624278155, 0.042251408944259966, 0.04280041617938386, 0.04336247921809399, 0.04393760679044959, 0.04452579889645067, 0.045086561156334755, 0.045658698683402305, 0.046242220207712556, 0.04700133814347957, 0.04777888959932171, 0.04846822817162179, 0.050289938362289774, 0.05212851066237054, 0.05280126212212375, 0.05347624411201155, 0.05415345663203394, 0.054832895317161304, 0.05551456453242327, 0.05614422005476192, 0.0567687990476553, 0.05798726214517111, 0.059223521468437866, 0.0604775813824852, 0.06174944625234271, 0.06284255879432993, 0.06394848706327443, 0.0650672354242058, 0.06619879514706484, 0.06734317059688114, 0.06850035740862509, 0.06986064031841668, 0.07044295272952286, 0.07130372784005413, 0.07244435809445854, 0.07334194349975504, 0.07425317835266576, 0.07517806701822033, 0.07592780450533913, 0.07668627205169312, 0.07745348711740078, 0.07822943224234365, 0.079013636003323, 0.08024110852196954, 0.08145269233280801, 0.08264838743583842, 0.08382817637094231, 0.08478736543923197, 0.08573578161442541, 0.08667343362658185, 0.08752223982590167, 0.08882264325939905, 0.09017228422698294, 0.09168014878814555, 0.093251961033206, 0.09471151344656104, 0.0962103598565337, 0.0988709763593488, 0.0998011816309776, 0.10119351258822161, 0.10257689523474954, 0.10409191844448502, 0.10562232401859294, 0.10716812941719173, 0.10872931718016293, 0.1103058960375658, 0.11189786598940031, 0.1132470093436078, 0.11460701289150386, 0.11614310173417389, 0.11758486228680759, 0.11948375493117395, 0.12086657885391083, 0.12226630417132707, 0.12368293088342264, 0.1251426666280216, 0.12661993233156485, 0.12811471053393392, 0.12962700996518803, 0.13115683062532715, 0.13270417251435135, 0.13426903563226056, 0.13585141997905484, 0.13745131682467493, 0.13906874362923927, 0.14055432907923368, 0.14205439769749925, 0.1435689407539768, 0.14509796697872554, 0.1466414763717455, 0.14819946020297736, 0.14977193593253968, 0.1510509419908516, 0.1523393765131375, 0.153637222039279, 0.1555483542266931, 0.15794302693502635, 0.15958270666058125, 0.1604738361870733, 0.1604738361870733, 0.15990753470460448, 0.1593430316143381, 0.15878090310018372, 0.15822165550557693, 0.15766583009419036, 0.15711391574934114, 0.15656647119482034, 0.1560240027740636, 0.15548699937038812, 0.15495598478734798, 0.15443144790826036, 0.15391389507656086, 0.15340379771544826, 0.15290166216835815, 0.15240792493825228, 0.15192307490844786, 0.1514475660420251, 0.15098183484194577, 0.15052633527129008, 0.15008146891278287, 0.14964768972950435, 0.1492253818440609, 0.14881496429929578, 0.14841678629757837, 0.14803124942163357, 0.14765872033394922, 0.14729953077677624, 0.14695402995248402, 0.14662254960332358, 0.14630537782124958, 0.1460028376184538, 0.14571520835683174, 0.14544275193816045, 0.145185730264217, 0.1449443790466007, 0.14471893399691096, 0.14450960463656937, 0.14431658302687916, 0.14414006122914344, 0.1439801963844285, 0.1438371369037413, 0.1437110311980889, 0.14360198402818203, 0.14351010015473156, 0.14343546687832986, 0.14337816276951001, 0.14333823147856822, 0.14331570792574141, 0.14331062703126654, 0.14332298006508434, 0.14335276702719482, 0.14339995299736108, 0.1434644943252869, 0.14354632990055763, 0.1436453811526402, 0.1437615607809422, 0.14389475529469362, 0.14404483374300592, 0.14421167390504977, 0.1443950924495813, 0.14459494096559344, 0.14481101866172383, 0.1450431160165508, 0.14529103223871195, 0.1455545228865487, 0.14583334351840244, 0.1461272235024369, 0.14643590093687503, 0.1467590702696436, 0.14709645213884706, 0.14744769734211602, 0.147812491597318, 0.1481904857020836, 0.1485813304540434, 0.148984676650828, 0.14940010524959413, 0.1498272495878539, 0.15026569062276401, 0.1507150442317181, 0.151174856451636, 0.15164472569979282, 0.1521241805529899, 0.15261280196838392, 0.15311008360253925, 0.15361560641261263, 0.15412886405516837, 0.1546494025671263, 0.15517669814493226, 0.15571026190526907, 0.1562496049648196, 0.1567942209801482, 0.15734358614770072, 0.15789719412404157, 0.1584545211056166, 0.15901504328887173, 0.15957821941013434, 0.16014352566585036, 0.1607104557125841, 0.16127843336642608, 0.1618469697440591, 0.16241548866157365, 0.16298346631541563, 0.1635503963621494, 0.1641157026178654, 0.164678878739128, 0.16523940092238315, 0.16579672790395816, 0.16635031842018055, 0.16689968358773308, 0.16744429960306167, 0.16798366012273067, 0.1685172238830675, 0.16904451946087345, 0.1695650405127129, 0.17007829815526865, 0.17058382096534203, 0.17108112005961582, 0.17156972401489137, 0.17204919632820692, 0.17251904811624527, 0.17297887779628163, 0.17342821394511726, 0.17386667244014584, 0.1742938167784056, 0.17470924537717172, 0.17511257411383788, 0.17550341886579768, 0.17588141297056328, 0.17624620722576526, 0.1765974524290342, 0.17693483429823767, 0.17725800363100624, 0.17756668106544438, 0.17786056977953807, 0.17813937295127336, 0.1784028635991101, 0.17865077982127125, 0.17888289463621668, 0.17909896360228783, 0.17929881211829998, 0.1794822306628315, 0.17964906209481613, 0.17979914927318766, 0.17993233505687983, 0.18004851468518185, 0.1801475659372644, 0.18022940151253514, 0.1802939515705202, 0.1803411288106272, 0.1803709157727377, 0.18038327753661473, 0.18037819664213986, 0.18035567308931305, 0.18031574179837126, 0.1802584376895514, 0.18018379568309048, 0.18009192053969925, 0.17998286463973315, 0.17985676766413997, 0.17971369945339352, 0.17955383460867858, 0.17937731281094288, 0.17918429120125265, 0.17897496184091108, 0.17874951679122134, 0.1785081830337235, 0.17825115262972083, 0.17797870494110876, 0.17769106694942746, 0.17738851801657243, 0.1770713549645577, 0.17673987461539725, 0.17639437379110504, 0.17603518423393205, 0.1756626551462477, 0.1752771182703029, 0.174878957728704, 0.17446852272382038, 0.17404621483837693, 0.1736124356550984, 0.17316758675670965, 0.1727120697259355, 0.17224635598597463, 0.1717708296594334, 0.17128599708974745, 0.1707922598596416, 0.170290106852433, 0.16978002695143887, 0.1692624741197394, 0.16873793724065175, 0.1682069226576116, 0.16766991925393612, 0.1671274508331794, 0.16657998881854014, 0.16602809193380938, 0.1654722665224228, 0.16491301892781604, 0.16435089041366163, 0.16378638732339526, 0.16322008584092645, 0.16322008584092645, 0.1645982653721502, 0.16630226817415, 0.1689370349715697, 0.1717080081531769, 0.17454938053245678, 0.1764631666578784, 0.17836542910510955, 0.18025613295391332, 0.1821353131245266, 0.1840029346967125, 0.18556283914097613, 0.1871145897099141, 0.18868620989367138, 0.1909816392886189, 0.19395719267834377, 0.19698062171291444, 0.2001457919892278, 0.2034571558374938, 0.20682238415124093, 0.21024151185070622, 0.2137145214757711, 0.21724141302643565, 0.21940349949662477, 0.2231315839924237, 0.22703666170915704, 0.2294080949998062, 0.2317937757471272, 0.234319643785647, 0.23686131323138254, 0.2394187666242153, 0.2432659291279823, 0.24794735355238331, 0.25176787191536454, 0.2555741253615554, 0.2594214275462702, 0.26325404577135136, 0.2670719974969174, 0.2708752652628499, 0.2746638490691487, 0.27843774891581397, 0.28219696480284556, 0.28594151419036207, 0.28962577378880033, 0.29329573355021127, 0.29695132363412113, 0.30059259642088526, 0.30421955191050365, 0.30805068602551483, 0.31186565207082245, 0.31566451988690036, 0.3194472545535116, 0.3232138560706562, 0.3269643244383342, 0.3306986945767824, 0.3344168966455271, 0.33811900048504206, 0.3418049711750904, 0.3454748087156721, 0.3491284781865502, 0.35218511636645156, 0.3552303705491103, 0.35826424073452623, 0.36128672692269953, 0.3646583805600438, 0.36874184830718915, 0.37203866787676926, 0.3747160722834937, 0.377382895858425, 0.38077654924504195, 0.38415288219413624, 0.38751196454618186, 0.39085376138094174, 0.39417827269841593, 0.39748553341884135, 0.40077547370174416, 0.40398286254451893, 0.4071736642747468, 0.41034787889242785, 0.413505506397562, 0.4167034667763628, 0.4198842114783517, 0.4230477754237658, 0.42619408877213116, 0.4293232213639216, 0.43169161659395694, 0.4348949896094835, 0.4386108520223531, 0.44231103524883636, 0.44566121294046207, 0.4489984352241827, 0.4523227020999983, 0.45563401356790884, 0.4589323696279144, 0.46221773535977795, 0.46549018060397346, 0.4671372284995228, 0.4671372284995228, 0.46657089209681707, 0.46600640646666913, 0.4654442954126332, 0.4648850478180265, 0.46432918748640295, 0.4637773080617907, 0.46322986350726986, 0.46268737762639467, 0.46215037422271915, 0.4616193421795606, 0.4610948053004729, 0.46057725246877346, 0.4600671725677793, 0.4595650195605707, 0.45907128233046485, 0.4585864497607789, 0.45811094089435617, 0.4576452096942768, 0.45718971012362114, 0.4567448612252324, 0.45631108204195386, 0.45588875669639195, 0.45547833915162683, 0.4550801786100279, 0.4546946242739646, 0.45432209518628025, 0.4539629056291073, 0.4536174048048151, 0.45328590699553617, 0.4529687614036399, 0.45266621247078487, 0.45237857447910357, 0.4521061267904915, 0.45184911384660725, 0.45160774516887253, 0.4513823001191828, 0.4511729882189597, 0.45097994914915096, 0.45080342735141526, 0.45064356250670035, 0.4505005292161908, 0.4503743973203607, 0.4502653414203946, 0.4501734662770034, 0.4500988417306609, 0.45004153762184107, 0.4500015888707808, 0.44997910023819093, 0.4499740018835976, 0.44998636364747463, 0.4500161506095851, 0.4500633278496921, 0.4501278604475587, 0.4502097134829479, 0.450308747274912, 0.450424926903214, 0.4505581126869062, 0.4507081998652777, 0.4508750487573808, 0.4510584847620308, 0.451258298357806, 0.45147438478399565, 0.4517064995989411, 0.4519543983609838, 0.45221790646893895, 0.45249670964067423, 0.452790598354768, 0.4530992932493246, 0.45342244512197466, 0.45375980953105965, 0.4541110721944471, 0.4544758489895306, 0.4548538605544146, 0.4552447227664929, 0.45564805150315907, 0.4560634626418067, 0.4564906069800665, 0.45692906547509504, 0.4573784190840492, 0.4578382487640855, 0.45830810055212384, 0.45878755540532096, 0.4592761593605965, 0.45977345845487033, 0.46027899872506217, 0.4607922563676179, 0.46131277741945736, 0.4618400729972633, 0.4623736542177186, 0.46291299727726914, 0.4634576132925977, 0.46400697846015027, 0.4645605689763726, 0.46511789595794767, 0.4656784006810843, 0.46624159426246536, 0.4668069179782999, 0.4673738131047967, 0.4679418256788756, 0.46851032713627166, 0.4690788635139047, 0.4696468411677467, 0.47021377121448044, 0.47077909493031495, 0.4713422535914591, 0.4719027583145957, 0.47246008529617073, 0.47301371073263004, 0.4735630759001826, 0.47410769191551116, 0.4746470349750617, 0.47518058127528007, 0.47570791177332294, 0.4762284328251624, 0.47674169046771814, 0.47724719581767305, 0.47774449491194687, 0.47823309886722243, 0.4787125537204195, 0.4791824404286948, 0.4796422351884942, 0.4800915887974483, 0.4805300472924769, 0.48095719163073664, 0.4813726027693843, 0.48177593150605047, 0.48216679371812876, 0.4825448052830128, 0.4829095820780963, 0.48326084474148373, 0.4835982091505687, 0.4839213610232188, 0.4842300559177754, 0.4845239446318691, 0.4848027478036044, 0.4850662559115596, 0.4853141546736023, 0.48554626948854773, 0.4857623209945004, 0.4859621695105126, 0.48614560551516256, 0.48631245440726567, 0.48646250666540025, 0.4865957273693293, 0.48671190699763134, 0.48681094078959547, 0.4868927938249847, 0.4869573264228512, 0.4870045036629583, 0.48703429062506876, 0.4870466523889458, 0.48704155403435245, 0.4870190304815256, 0.4869791166507023, 0.48692181254188244, 0.48684718799554, 0.4867552779319118, 0.48664625695218267, 0.48652012505635256, 0.48637709176584304, 0.4862172269211281, 0.4860407051233924, 0.4858476660535837, 0.4856383541533606, 0.48541290910367085, 0.4851715404259361, 0.4849145274820519, 0.4846420797934398, 0.4843544418017585, 0.4840518928689035, 0.4837347472770072, 0.4834032494677283, 0.4830577486434361, 0.48269855908626313, 0.48232602999857876, 0.4819405105827524, 0.48154231512091655, 0.48113189757615143, 0.48070960715082645, 0.480275793047311, 0.47983094414892224, 0.47937544457826653, 0.4789097133781872, 0.47843420451176444, 0.4779493719420785, 0.47745563471197267, 0.47695348170476404, 0.47644340180376993, 0.47592584897207046, 0.4754013120929828, 0.4748702800498242, 0.47433331156638564, 0.47379082568551045, 0.4732433811309896, 0.47269146678614044, 0.47213564137475383, 0.4715763937801471, 0.4710142478058742, 0.4704497621757263, 0.4698834606932575, 0.4698834606932575, 0.47199610010793847, 0.47522960928794494, 0.4782358575659408, 0.4812308266074047, 0.48421448149209984, 0.48671201175834217, 0.48920158021056204, 0.4919804279055994, 0.4935322133947743, 0.49501056162566276, 0.4993889307737731, 0.5032610961671897, 0.5071191537848823, 0.5109631734673246, 0.5147930853740429, 0.5188397471914526, 0.5228705552212913, 0.5268855094635588, 0.5308846099182553, 0.5348678915056174, 0.5388353193054085, 0.542313549505896, 0.5457794877829805, 0.5492331690568987, 0.5511118079638394, 0.5529868151661382, 0.5548581557435583, 0.5567258296960996, 0.55859465601646, 0.5605286085787149, 0.5624617928957572, 0.5686076498366257, 0.5747456846444194, 0.5808758274786646, 0.586998148179835, 0.5931125419872199, 0.5935054644932777, 0.5935054644932777, 0.5889554274603664, 0.5889646464029188, 0.5887012081354375, 0.5884414714130718, 0.5881855759167697, 0.5879335216465311, 0.5876853086023559, 0.5874410764651921, 0.5872143742869724, 0.5869912339729207, 0.586771655523037, 0.5865557087777952, 0.5863433937371952, 0.5861106852782217, 0.5858826561309983, 0.5856592713752882, 0.5854405310110911, 0.5852265397991179, 0.5850173326596055, 0.5848129095925542, 0.5846133404384375, 0.5843912477314941, 0.5841755803481478, 0.5839664779693463, 0.5837639056748528, 0.583567968225378, 0.5833787354613958, 0.5831962772233802, 0.5830349806489507, 0.5828794459136164, 0.5827297777780882, 0.582585941322129, 0.5824480413064499, 0.5823161126512876, 0.5821793300831904, 0.5820497410839032, 0.5819273805736627, 0.5818123183929428, 0.5817046593024543, 0.5816061143938074, 0.5815147979742072, 0.5814307798841277, 0.5813540950438056, 0.5812918671815772, 0.5812355757596287, 0.5811852906184339, 0.581140976837756, 0.5811027740985428, 0.5810706125603203, 0.5810446319040364, 0.5810248321296909, 0.581011248157521, 0.5810039498280004, 0.581002937141129, 0.581008279937381, 0.5810200131369931, 0.5810381716602023, 0.5810628253474825, 0.5810939741988337, 0.5811336435879985, 0.58118054146621, 0.5812347027537051, 0.5812962322111948, 0.5813651298386789, 0.5814414654766316, 0.5815168582681868, 0.5815977684571786, 0.5816841262031331, 0.5817758616655766, 0.581872905004035, 0.5819751514577977, 0.5820763153842151, 0.582182018941435, 0.58229222720922, 0.5824068354268598, 0.582525808674117, 0.5826637086897962, 0.5828068816612535, 0.5829552926682519, 0.5831088369500804, 0.5832674097460286, 0.5834310110560962, 0.5835994662790986, 0.5837727754150357, 0.5839766397582961, 0.5841865802227841, 0.584402492047789, 0.5846242355523631, 0.5848517408960323, 0.5850848334776121, 0.5853234085363916, 0.5855468282123388, 0.5857746827583774, 0.5860069023340337, 0.5862433123381229, 0.5864839127706449, 0.5867285639506521, 0.5869994053083649, 0.58727478629688, 0.5875547069161974, 0.5878389576448955, 0.5881274686425002, 0.5884148621925229, 0.5887060969686092, 0.5890010332898111, 0.5892996711561287, 0.5896080866887898, 0.5899200640856188, 0.590235463665668, 0.5905541457479897, 0.5908761103325838, 0.5912011478980287, 0.5915291886038505, 0.5918186075276158, 0.5921100518251237, 0.592403591336848, 0.5926990863818409, 0.5929963972791548, 0.5932955938692636, 0.5935964666307454, 0.5938989457231265, 0.5942175579649743, 0.5945377765377213, 0.5948595316008938, 0.5951827533140178, 0.5955073019961455, 0.5958331078068031, 0.5961284631708483, 0.5964224217254159, 0.5967148437895581, 0.5970057293632749, 0.5972949387656186, 0.597582471996589, 0.5979191030806982, 0.5982530802267999, 0.5985844732753681, 0.598913072704981, 0.5992040979596455, 0.5994926787977242, 0.5997788850596909, 0.6000625770645979, 0.6003436151314974, 0.6006220691008632, 0.6008977294512738, 0.6011706660232031, 0.6014789418749165, 0.6017834463410401, 0.6020839000596787, 0.6023802331903583, 0.6026723758926049, 0.6029602583259448, 0.6032436709689563, 0.6034994267843106, 0.6037513413736015, 0.6039992750558811, 0.6042430881502017, 0.6044827806565634, 0.6047182128940182, 0.6049695687595179, 0.6052156865894767, 0.6054564267029464, 0.6056917192594535, 0.6059214245780501, 0.6061415617517248, 0.6063560418470152, 0.606564864863921, 0.6067678911214949, 0.6069441684775719, 0.6071156966814252, 0.6072823360521066, 0.6074440865896163, 0.6076008086130066, 0.6077524322818035, 0.6078989575960071, 0.6080402448746696, 0.608176224277317, 0.6083068958039494, 0.6084320499331453, 0.6085516866649043, 0.608665736158753, 0.6087741285742172, 0.6088767940708232, 0.608973592967623, 0.6090687156930498, 0.6091572734139316, 0.6092391962897946, 0.6093144144801651, 0.6093827883040952, 0.609444247921111, 0.6094938346575669, 0.6095372754323213, 0.6095746400858479, 0.6096059286181469, 0.6096312807101659, 0.6096506265214311, 0.6096634771686252, 0.6096710897802784, 0.6096734643563904, 0.6096707405779089, 0.6096628486043604, 0.6096480424238975, 0.6096269506007852, 0.6095996429754975, 0.6095660497075605, 0.6095263803183958, 0.6094805649675294, 0.6094287433359092, 0.6093708455830614, 0.6093070113899337, 0.6092373105969998, 0.6091616733637861, 0.6090802393712402, 0.6089930086193621, 0.6089000509486256, 0.6088014361995049, 0.6086971643719997, 0.6085819275900951, 0.6084606845274366, 0.6083333653435505, 0.6082000398789106, 0.6080608478144646, 0.6079157891502125, 0.6077513148342214, 0.6075799961517899, 0.6074019029433918, 0.6072171748899751, 0.6070258818320134, 0.6068316554741487, 0.6066311434736347, 0.6064244855114191, 0.6062116815875019, 0.6060166171439506, 0.6058168035481755, 0.6056122408001763, 0.605403068580901, 0.6051892170498755, 0.6049708258880478, 0.6047478950954178, 0.6045204246719855, 0.6042886241391725, 0.6040523538160311, 0.603811823223983, 0.6035669625225542, 0.6033178415522185, 0.60306453015345, 0.6028070981667225, 0.602545545592036, 0.602267161463144, 0.6019843773843975, 0.6016972631962703, 0.6014058887392363, 0.6011103238537694, 0.6008104986993957, 0.6008017686401605, 0.5962517316072493, 0.5962517316072493, 0.5991100926818008, 0.6051001006052026, 0.6110824260764774, 0.6170571389360991, 0.6185281888374669, 0.6199986800150437, 0.6214698695973592, 0.6229663414312199, 0.6267678282650684, 0.6305582803040435, 0.6348520726382832, 0.6391314778349034, 0.6433966355748517, 0.6476474061771804, 0.6509772602909065, 0.6542994319525057, 0.6576269813305937, 0.660963190927443, 0.6652219233437943, 0.6694947635358696, 0.673781711503669, 0.6780828370876663, 0.679166412039939, 0.6813363555634397, 0.6835098609511085, 0.6856467699304634, 0.6903627479293173, 0.6950907384896788, 0.7004781628044303, 0.7058812313853312, 0.7112998743919077, 0.7167341616646338, 0.7215396751510038, 0.7263572710393554, 0.7311870191701625, 0.736028849702951, 0.740882832478195, 0.743878918967241, 0.7474321927569143, 0.7501598823048334, 0.7543362029620043, 0.758586345000068, 0.7628494075258, 0.7671253905391999, 0.7714143638807418, 0.7743874030134069, 0.7773666579482476, 0.7798162427291702, 0.7826646166159567, 0.7847207900075044, 0.7875173422626707, 0.7903310752744119, 0.793161989042728, 0.7960100137271452, 0.7988751493276632, 0.80175753552523, 0.8043081096313854, 0.8068720232680523, 0.8101989440818754, 0.8136058322382929, 0.8162465703962295, 0.8188957592515057, 0.8224931722206722, 0.8261059500940926, 0.8297342325527147, 0.8333780195965386, 0.8370372413850903, 0.841089176158278, 0.844108310003705, 0.8475346138118617, 0.8503822892939094, 0.8532922624786594, 0.8562645333661117, 0.8592991717967404, 0.8624908814531288, 0.8658455289350829, 0.8692702264123403, 0.8726090201067233, 0.8764014276789671, 0.881737868447785, 0.8917075262539071, 0.9028973669792144, 0.9120319422391345, 0.929433324870996, 0.9404505897853418, 0.9496714878709795, 0.9530073482654594, 0.9564396583543698, 0.9611476745392012, 0.9688295679423844, 0.9711592366296524, 0.9732967741732721, 0.9750649254505321, 0.9766758658210848, 0.9776898796613714, 0.9786894365235647, 0.9795178842247481, 0.9806800297101376, 0.9820376586819217, 0.9833557579454888, 0.9843270992562339, 0.9861462340794275, 0.9872508310143386, 0.9882293658938934, 0.9891967961381012, 0.9899475113918543, 0.9907332167230221, 0.9915168966804474, 0.9922949195594882, 0.9930671456791968, 0.9942838365746879, 0.9954860704920855, 0.9966738474313895, 0.9978470277116525, 0.9978546403233055, 0.9980262383676326, 0.9981943443882656, 0.9983590282256783, 0.998520220039397, 0.9986779896698955, 0.9988321974362261, 0.9989787227504296, 0.9991175656125062, 0.999248586341508, 0.9993719246183829, 0.9994870915598136, 0.9995911538658973, 0.9996840416961598, 0.9997657550506012, 0.9998362939292216, 0.9998948202463344, 0.999940426075779, 0.9999731812580295, 0.9999930159526118, 1.0]
tipy = [0.0, 0.0008916009496907638, 0.0017880820024940034, 0.001968152569308813, 0.0021456084833826813, 0.002320458474774843, 0.002492693813426063, 0.002662323229395576, 0.002823977736253736, 0.0029782815332358593, 0.0031252258902827105, 0.0032648195374535257, 0.0033970624747483038, 0.0035186634698353755, 0.0036294697466781253, 0.0037294813052765525, 0.0038186894155714224, 0.00389710280762197, 0.003963516733253738, 0.004017141122105942, 0.00405797597417858, 0.0040860169244420355, 0.004101268337925927, 0.004101268337925927, 0.0041934053830942055, 0.004293901459980186, 0.004353837681659437, 0.004416392921109249, 0.004436851814926934, 0.004478555307893475, 0.00452132386808671, 0.004564411075442029, 0.004633876156776499, 0.004685029938865141, 0.004738030128482028, 0.004792876725627159, 0.004849565365270916, 0.004908100412442919, 0.004975850037137672, 0.0050459174925593705, 0.0051182984136783965, 0.00518408377504523, 0.0053059423068797405, 0.005379955749075749, 0.005505590031529482, 0.005633721110924482, 0.005764357717319983, 0.005838995358751308, 0.00601817109449451, 0.006229853205799972, 0.006486761388973377, 0.006763272920159418, 0.006975291138745434, 0.007189509332258722, 0.00740592313566966, 0.00763602567196139, 0.007868555164720504, 0.00810351597897662, 0.00834090811472974, 0.008519747743192387, 0.008699940530836489, 0.008881486477662048, 0.00918953971286486, 0.009492756495251371, 0.009776679846728096, 0.009958985308707117, 0.010140496335295734, 0.010321208561464332, 0.010501126352242525, 0.0106802453426007, 0.01085856989756847, 0.011032559978125963, 0.011205781813470761, 0.011378239768632479, 0.011549929478581498, 0.011674319727594216, 0.011921878017326724, 0.012168860123149708, 0.01242424491098657, 0.012673330961085237, 0.01292509713936911, 0.013179552175897424, 0.01343669170564056, 0.01370126488082247, 0.013968622944900406, 0.01423876589787437, 0.014511693739744362, 0.014787402105480766, 0.015056942684367502, 0.015389824208035216, 0.0157558101163228, 0.016128465789866077, 0.016343172866696534, 0.016560036268158086, 0.016779051629221116, 0.01700021894988562, 0.0172235382301516, 0.017449013835048672, 0.017676637034517606, 0.01798635771103434, 0.0183899134292406, 0.018819982337344155, 0.019088606260011194, 0.01935688971036806, 0.019661346161165973, 0.01996536610900212, 0.020268945188846896, 0.02057208776572991, 0.02087479383965116, 0.021290942668304193, 0.02163222250895617, 0.021968028602467674, 0.02246050433901404, 0.022959536350046043, 0.023245995783730593, 0.023534572256779678, 0.02382526140416368, 0.02411806759091222, 0.02441299081702529, 0.02471002671747328, 0.025009179657285812, 0.025310449636462874, 0.02560473556825178, 0.025901016318575925, 0.026199283157376078, 0.026499544814711475, 0.026807309957959526, 0.027117135395187085, 0.02742902985645338, 0.027742984611699186, 0.028059008390983735, 0.02840901392584129, 0.02876152062266973, 0.029186478081091077, 0.029726733431831683, 0.030303375669464592, 0.03101240925539928, 0.03181251918430517, 0.03268877268986046, 0.03361513673542578, 0.034500770689629284, 0.03548475749117653, 0.037020130468989255, 0.039990249396840205, 0.04058874733776844, 0.041225474208087594, 0.04187577632051749, 0.04255184956780969, 0.043305026698267156, 0.04394738445679302, 0.044602680163105445, 0.04522856429985449, 0.04567868615402129, 0.0461122645459374, 0.04652112814015866, 0.046991931504653646, 0.04743790658068373, 0.04786906674619169, 0.04829248334915802, 0.04871562932028806, 0.04913074363692173, 0.04955796654571461, 0.04977821721015942, 0.050181676897714085, 0.05057479146507505, 0.05080342298638565, 0.051029819612532036, 0.051253972613454976, 0.051475890719213706, 0.051695573929808225, 0.05190065175130226, 0.05210374784934991, 0.052304853493891926, 0.05250397741498756, 0.052701102152518324, 0.052883298488756905, 0.05306375754320768, 0.053391291905593836, 0.05360200934535381, 0.05394861888716887, 0.05420691514976068, 0.054462417793397215, 0.054715109357960014, 0.05496499857350832, 0.05521208544004213, 0.055440175697680144, 0.055665821538732306, 0.05588902296319861, 0.05607462402253892, 0.05625849653015066, 0.05646239579364794, 0.05671878017326723, 0.05691170575230587, 0.057102579767424236, 0.057291402218622334, 0.057478181835959395, 0.057662901159316944, 0.05785657752344981, 0.05804794915194458, 0.05823701604480127, 0.058423778202019855, 0.058608226893541115, 0.05879037957948352, 0.05894876031412848, 0.05910535138663023, 0.059260161527047994, 0.0593888164099971, 0.059516214164416346, 0.05965740541242721, 0.05985114288697472, 0.06008322278168322, 0.060311863033053054, 0.060537054911024984, 0.06075880714565825, 0.060977111006893604, 0.06119197522479029, 0.06139141342801839, 0.0615877786503957, 0.061781088352040686, 0.061971342532953354, 0.06215852373301523, 0.062204181942815316, 0.06234097324097163, 0.06254076937662838, 0.0626905597329859, 0.06291384845804456, 0.0631327197731302, 0.06334718240830207, 0.06353493979227348, 0.06371917023231385, 0.06389988245848245, 0.06407707647077927, 0.06425075226920429, 0.06442090985375754, 0.06445639754454861, 0.06456191777052446, 0.06466835465271999, 0.06482855123968587, 0.06498557008509014, 0.06516013634955715, 0.06533059948618364, 0.06549695949496956, 0.06565920764585571, 0.06583331994724251, 0.06600243865474675, 0.06616657249842772, 0.06632571274822614, 0.06647767688933323, 0.06655048558335477, 0.06667397227123666, 0.06678158771142893, 0.06688620001124432, 0.06698780917068278, 0.06708640645968511, 0.06719987976962422, 0.0673090840805973, 0.06741404558278209, 0.06751473808600086, 0.06761117905037209, 0.06770335974583655, 0.06776876534962666, 0.06783184875766018, 0.0678523382066852, 0.06790367095498816, 0.06799107630805097, 0.06807445710380634, 0.06815249510330977, 0.06822519030656127, 0.06829255144362005, 0.06835071982830418, 0.06840421763129748, 0.06845304485259994, 0.06849719276215233, 0.06853667882007312, 0.06857148556624386, 0.06858726078328187, 0.06860227648516641, 0.06861604378858031, 0.06863883797324341, 0.06865707506698575, 0.06867223917987729, 0.06868151050278506, 0.06868488903570909, 0.06868235731853088, 0.06867338281763709, 0.06865793934285003, 0.06863600943405121, 0.06862978490181651, 0.06861621838976502, 0.0686011590375843, 0.06858433621343807, 0.06854040655536656, 0.06848846270291713, 0.06844204497796358, 0.06839067730942368, 0.0683673942414434, 0.06834321197736191, 0.06831815670735689, 0.06829220224125064, 0.06826443192282348, 0.06823563145740656, 0.06817547261921682, 0.06811190905792534, 0.06804494077353214, 0.06800697374591826, 0.06796800276149234, 0.06792801036013589, 0.06788699654184893, 0.06784497876674993, 0.06780194830477963, 0.06775789642587883, 0.06764399534303721, 0.06752192292475143, 0.06739168790108074, 0.06725329027202516, 0.06717221421190787, 0.06708858024443468, 0.06700237963954633, 0.06691287034220784, 0.06679539866513902, 0.06667462702567929, 0.0665505641538879, 0.06642321004976483, 0.06628625288048305, 0.06614567273661866, 0.06600148707829012, 0.06593139343269072, 0.06585826172647746, 0.06578372448072735, 0.06570813089780977, 0.06563148970778397, 0.06555379218059071, 0.06547504704628922, 0.06539525430487951, 0.06526539467375594, 0.0651328374543287, 0.064997591376657, 0.06485956914014852, 0.06471693743236387, 0.0644046021031062, 0.0640789708936333, 0.06374004380394521, 0.06341433402393921, 0.06307722278657205, 0.06295181548565844, 0.0628219383944164, 0.06268869150030956, 0.06255427477826522, 0.062418688228283364, 0.06228193185036399, 0.062143996914447865, 0.06189979969752091, 0.061652014426248285, 0.061400641100629996, 0.06114567972066604, 0.060890884211827555, 0.06084417839491924, 0.060703379999573974, 0.060561324475698834, 0.06016080681810642, 0.05974940277664772, 0.059354751718861364, 0.05895058489650864, 0.05853690230958955, 0.05818205159185646, 0.057820487458571504, 0.05773858204282688, 0.05756694034820365, 0.05739319470930474, 0.05711404233520005, 0.056831555078467516, 0.05637425711560938, 0.05590845607505616, 0.055434160686867094, 0.054951370951042175, 0.05458534575748803, 0.054214588871828416, 0.053839100294063316, 0.053520025359076066, 0.05319760681140174, 0.05283253319430423, 0.05276570459085879, 0.05256439815495436, 0.052361834590520066, 0.05179623151279006, 0.05122023966457017, 0.050633859045860395, 0.0500370809266015, 0.04942991403685272, 0.0490507239139719, 0.04866758780431677, 0.04852729575240714, 0.048379792671569236, 0.048231879277947275, 0.04808358176171897, 0.04793489139282508, 0.047785808171265605, 0.047636332097040546, 0.047158143102432576, 0.04667599066093183, 0.04618988350259754, 0.04569982162742971, 0.04520581376548756, 0.0448148817129354, 0.04442150524379738, 0.044024374849188225, 0.043617169966221656, 0.043202230250772695, 0.042807972045651926, 0.04240696550474234, 0.04199921062804395, 0.04173622632364285, 0.0414655159168186, 0.04119370552253071, 0.040922715753810936, 0.040652537880600026, 0.04038318063295723, 0.04006676836603672, 0.039751491006816776, 0.039437339825238185, 0.03912433228141939, 0.03894060818481466, 0.0387518206538535, 0.03856240455862741, 0.038372359899136385, 0.037885763857484926, 0.03739507778308177, 0.03680560672340274, 0.03621034326942115, 0.035609291786166626, 0.035099932115059386, 0.03458649114125969, 0.034422265631956765, 0.03425762980986979, 0.03409257930996913, 0.03392711413225481, 0.033761234276726816, 0.03359493974338515, 0.03342823489725943, 0.03326111537332003, 0.032647300543463646, 0.03202829569339194, 0.031404096458075285, 0.030774702837513695, 0.030149298854022583, 0.030035044203781933, 0.02978660417806667, 0.02953919429934116, 0.02929284075778311, 0.02890310035831655, 0.028516031356975963, 0.028131646848850198, 0.027749933738850405, 0.027370900757035816, 0.0271593539616485, 0.02694864961697738, 0.026738787723022458, 0.02652993851593882, 0.02631944805771896, 0.02610326123584814, 0.025881378050326347, 0.025582866769867606, 0.025274630203420856, 0.024956668350986096, 0.024707311669051137, 0.02445554985579688, 0.024207664188843053, 0.023963693953456214, 0.023723639149636357, 0.02349168147575715, 0.023263495187467547, 0.023039089014826784, 0.022745130460259198, 0.02251011726564767, 0.022275317957487405, 0.02192707589459536, 0.02157931398496125, 0.021372542531975586, 0.021165936950115392, 0.02095949723938067, 0.020754105135754167, 0.020557783563673035, 0.02035652950812402, 0.020093257111768154, 0.019822001076241703, 0.019542752671485426, 0.019255516262528943, 0.018960291849372257, 0.01865707943201536, 0.018299474380593567, 0.017947932355310618, 0.017602453356166513, 0.017263033018131636, 0.016929675706235603, 0.01666883463137674, 0.016408530455160844, 0.01613205820924136, 0.01585298004064017, 0.015571291584327658, 0.015286997205333438, 0.015000092538627894, 0.014710581949240641, 0.014418465437171684, 0.014124253710886278, 0.013835960964762337, 0.013543525805531295, 0.01324695259822277, 0.012946236977807142, 0.01262807869903959, 0.01230180583021292, 0.012101861283549181, 0.011908844038888573, 0.011722749731201475, 0.011543578360487892, 0.011371329926747819, 0.01116371602304596, 0.010955687441530429, 0.010551302367696825, 0.010151343433895468, 0.009929307472337062, 0.009708655225167433, 0.009628766453106138, 0.009469534537685745, 0.009311035947241109, 0.009153275046801848, 0.008977386178360698, 0.00878838476094828, 0.00858626206450536, 0.008371026819091174, 0.008142674659676101, 0.007917709763244286, 0.007684643371842207, 0.007458975705641958, 0.007251824495079564, 0.007052735494220875, 0.006861717433125128, 0.0066787615817330845, 0.0065678941944756885, 0.006460208913809522, 0.00635293394592741, 0.006235222192229619, 0.006113424770809755, 0.005911236598922571, 0.005698703306841677, 0.005481866095557832, 0.005271886345803233, 0.005135828372622674, 0.005002908855737168, 0.004874227782610351, 0.004746031227771087, 0.0046108593556029, 0.004468720896165025, 0.004245816293712716, 0.004124001412174382, 0.003964271883377583, 0.003659885273053555, 0.0031872224059414688, 0.0029139453617020683, 0.00268376861990684, 0.002497936213996799, 0.0023838648950000856, 0.002269632069907521, 0.0021552333736894872, 0.0020406731713756023, 0.0019259427329066314, 0.0016549966144830286, 0.0013781358809275793, 0.0011036017081583103, 0.0010213383599850401, 0.0009333044426573043, 0.0008489393327231604, 0.0007682452126974172, 0.0006912177175504571, 0.0006178612123118978, 0.0005400938446447547, 0.00046711273195330883, 0.0003861327024876129, 0.00033858879989272505, 0.00023635980624855737, 0.00012461068300840636, 3.3392476574632056e-06, -0.0002441361065123099, -0.0005051976153668598, -0.0007798452789061865, -0.001068262428374229, -0.0013497391807502893, -0.001617191092965004, -0.0018706181650183732, -0.002084738145365264, -0.002296614500488709, -0.0025118672060213663, -0.0027277462933041493, -0.0028699022128604946, -0.003019177495723144, -0.003145488357767605, -0.0032838008687456548, -0.003427862123730082, -0.0035779864048533544, -0.0037192693184861796, -0.0038517130471433674, -0.004049905034415639, -0.00425649970370179, -0.0044714992375166265, -0.004694901453345341, -0.004883865768006009, -0.005060996487373366, -0.005236863530666428, -0.005411466897885195, -0.005584808771544477, -0.005756889151644272, -0.006006760907074107, -0.006259537589714453, -0.006515219199565313, -0.006772987293573385, -0.007021743783935923, -0.007258599021046077, -0.007483553004903849, -0.007677233734066332, -0.007871294220805547, -0.008065736647636301, -0.008260048123578528, -0.008433795944992247, -0.008609981635447394, -0.008788605194943969, -0.00893035080171626, -0.009053396621606757, -0.00917274089638153, -0.00929405598202865, -0.009417337513518496, -0.009577086684948576, -0.0097400223279995, -0.009906146625186081, -0.010075459576508319, -0.010247958999451403, -0.010398129113385661, -0.010538827113049728, -0.010670052998443605, -0.010791806769567293, -0.010911620285025958, -0.011036966475524929, -0.011162105327117066, -0.01122334669265198, -0.01128453786034629, -0.01134567664768519, -0.011406767419698297, -0.011457148591544623, -0.011507407542561658, -0.011614267832630098, -0.011699564876387599, -0.011789573969617299, -0.011884292929804387, -0.011996880138731117, -0.012098644256721011, -0.012201475624452406, -0.012288867882426356, -0.01237701529052415, -0.012467353943489978, -0.0125598489210869, -0.01264769295962627, -0.012735781439824225, -0.012818640614540298, -0.012896268301259678, -0.012969740479783103, -0.013046462422856831, -0.013127483920103895, -0.013230382945794364, -0.01333946940096778, -0.01345067289550573, -0.013555283012806299, -0.013653109874081118, -0.013736156745070748, -0.013813594553001761, -0.013899277901880419, -0.0139841231650725, -0.014067923003671165, -0.014150677417676415, -0.01423238640708825, -0.014412585742276779, -0.014592645396517544, -0.014770546543612408, -0.014943761831412779, -0.015039124633468463, -0.01513170254662812, -0.015218071205156742, -0.01530622516079896, -0.015407076987598776, -0.015510172439622038, -0.015617443042474533, -0.01572036171079828, -0.015872666324215544, -0.01607568166921526, -0.01629793369973974, -0.016452953361579148, -0.01655539624167458, -0.016693003800369387, -0.016829482998908043, -0.016964836019805363, -0.017095365682975233, -0.017222642307822587, -0.017349153961229456, -0.01747490173445325, -0.017703453593973326, -0.017929436633563445, -0.018152850853223608, -0.018270844151331737, -0.01838712308405755, -0.018503809055795205, -0.01857827536981404, -0.018652907554958343, -0.018726912267095115, -0.018797421681765594, -0.018940960224453313, -0.01903463376004699, -0.019148306770091095, -0.01920573309974023, -0.01925145241995496, -0.01941110992576307, -0.019525733421006407, -0.01962435690018644, -0.01973217967928556, -0.019818117291139446, -0.019900156931544812, -0.020040856022466285, -0.020196275084515703, -0.02034726145898845, -0.020517923204462527, -0.02065873687741146, -0.02083649288727154, -0.02094257729332545, -0.021052694986746025, -0.021124408058333558, -0.02119715018565344, -0.02127091918619086, -0.021345716151203228, -0.021421542171947944, -0.02147822535530468, -0.021539382694019456, -0.021585401018762992, -0.02168478510435389, -0.021816976752550662, -0.021918249804708575, -0.022019043794865956, -0.02209989942098755, -0.02222630849619841, -0.022427815723465246, -0.022526798226331326, -0.022612807861173898, -0.022699762524928686, -0.02278785427889885, -0.02287689542681085, -0.022966884877407272, -0.02305782372194552, -0.023149709777910785, -0.02323632724312761, -0.023323770790199566, -0.023412040419126652, -0.023525579204510018, -0.023640456962728585, -0.02374104361397913, -0.024000263080335052, -0.024252368639671694, -0.024342279519734996, -0.02443124973591571, -0.024519279288213826, -0.024606368176629353, -0.024692516401162285, -0.024771012728775566, -0.024847878717826677, -0.024995055512700665, -0.02514076347510833, -0.025285003696307082, -0.02542777617629691, -0.025547765384197684, -0.025666697163673594, -0.025784572605982044, -0.025901391711123038, -0.026017153387839168, -0.02613185872738784, -0.026263773741832593, -0.02631930673988509, -0.026400392621319015, -0.026506077081534213, -0.02658790283548832, -0.026669825711351416, -0.026751846254752208, -0.02681753231169524, -0.026883280570310326, -0.026949090484968758, -0.027014963146927945, -0.027080857088406515, -0.02718259883561962, -0.02728126160006621, -0.027376844836117582, -0.027469349635031143, -0.027543182474126723, -0.027614929374693793, -0.027684590336732352, -0.027746625592028968, -0.027840190547510902, -0.027935622098783065, -0.028040460834509853, -0.028147979698421848, -0.0282463843804923, -0.02834583666967097, -0.028517842844267265, -0.02857659887106366, -0.028663196693647204, -0.028747625642139507, -0.02883830040238589, -0.028928082514075474, -0.029016972522836963, -0.02910496933741295, -0.029192074049060837, -0.029278285566523225, -0.029350013915714422, -0.029421112063754574, -0.029499994150860312, -0.029572694264770126, -0.029666528215202246, -0.029733546151807348, -0.02980030109537799, -0.029866793045914174, -0.029934223477818142, -0.030001381640999712, -0.030068266444201477, -0.030134878978680845, -0.03020121924443782, -0.030267286150214987, -0.030333080787269758, -0.03039860260997343, -0.030463851618326, -0.03052882781232747, -0.030587660772770874, -0.03064626838856027, -0.030704650114066954, -0.03076280704054833, -0.0308207386223757, -0.03087844431392036, -0.030935925206439712, -0.030982128772127644, -0.031028185563694688, -0.031074095853955187, -0.03114083224614996, -0.031223028754807206, -0.03127842889227072, -0.031308158836181835, -0.009369485876335569, -0.00931865292392382, -0.00925047552632654, -0.009165019158987998, -0.009062362392441306, -0.008942601257338052, -0.008805851426963102, -0.008652239487175369, -0.00848190948395223, -0.00829502292338954, -0.008091754406672, -0.007872295995102786, -0.007636855027588733, -0.00738565193812553, -0.007118922438312528, -0.006836917517352738, -0.006539903442052835, -0.006228161756823152, -0.0059019805536184525, -0.005561669749541584, -0.005207550174269443, -0.004839953570052963, -0.0044592247742319385, -0.004065726084264627, -0.0036598241626389083, -0.003241900949446322, -0.002812351479867261, -0.0023715773366265445, -0.0019199953800526528, -0.0014580312005333018, -0.0009861169360006342, -0.000504695636960836, -1.4225631523755015e-05, 0.0004848369347155694, 0.0009920206385584367, 0.0015068475092617198, 0.002028835211052674, 0.0025574926780993195, 0.0030923179319956324, 0.003632813359365206, 0.004178468251742781, 0.004728767535633483, 0.005283196137542433, 0.005841234618945136, 0.006402350446228248, 0.006966024180867272, 0.007531718924219244, 0.008098906507700437, 0.008667050032667881, 0.009235621330537852, 0.009804074772608147, 0.010371886555324655, 0.010938515415014794, 0.011503433183094833, 0.012066102960921811, 0.012626000944941611, 0.01318259460154089, 0.013735364492195153, 0.014283791178379903, 0.01482735522157065, 0.015365550278331749, 0.015897861275168325, 0.016423799328763207, 0.01694285809568075, 0.017454557422663025, 0.017958408426392854, 0.018453944048701158, 0.018940697231418856, 0.019418205281406475, 0.019886027330672643, 0.02034371378116675, 0.020790836859986263, 0.0212269775242879, 0.021651729826317218, 0.022064683453290167, 0.022465458647630016, 0.022853675651760032, 0.023228972168221954, 0.023590985899557524, 0.023939389468545423, 0.024273842402875473, 0.024594039150474444, 0.024899674159269105, 0.025190459337304696, 0.025466124052744923, 0.02572641076884235, 0.025971066313879153, 0.026199868071344837, 0.026412597789758522, 0.026609054677757798, 0.026789059769128345, 0.02695243409765584, 0.027099029252333283, 0.027228709917242532, 0.02734134950652467, 0.027436843259468883, 0.0275150995104532, 0.02757605278403335, 0.027619633239735458, 0.0276458103223522, 0.027654557841705868, 0.0276458103223522, 0.027619633239735458, 0.027576048419003733, 0.0275150995104532, 0.027436838894439267, 0.027341345141495055, 0.027228705552212913, 0.027099024887303664, 0.026952429732626224, 0.02678905103906911, 0.026609050312728182, 0.026412593424728906, 0.026199859341285603, 0.02597105758381992, 0.025726402038783115, 0.025466119687715304, 0.025190450607245462, 0.02489966542920987, 0.02459403042041521, 0.02427383367281624, 0.023939380738486185, 0.02359097716949829, 0.02322896343816272, 0.022853666921700797, 0.02246544991757078, 0.022064674723230933, 0.021651721096257983, 0.021226968794228664, 0.020790828129927028, 0.020343705051107514, 0.019886018600613408, 0.019418200916376856, 0.01894068850135962, 0.018453939683671542, 0.017958404061363238, 0.01745454869260379, 0.016942849365621515, 0.01642379059870397, 0.015897856910138706, 0.015365545913302131, 0.014827350856541032, 0.014283786813350286, 0.013735360127165535, 0.013182590236511273, 0.012625996579911994, 0.012066102960921811, 0.011503428818065216, 0.010938515415014794, 0.010371886555324655, 0.009804074772608147, 0.009235616965508234, 0.008667050032667881, 0.008098906507700437, 0.007531718924219244, 0.006966024180867272, 0.006402354811257865, 0.005841234618945136, 0.00528320050257205, 0.0047287719006631, 0.0041784726167723996, 0.0036328177243948236, 0.0030923222970252497, 0.002557497043128937, 0.002028839576082292, 0.0015068518742913375, 0.000992027186102863, 0.0004848434822599958, -1.4219083979328617e-05, -0.0005046890894164095, -0.000986108205941399, -0.0014580224704740666, -0.0019199888325082263, -0.002371570789082118, -0.002812342749808026, -0.003241892219387087, -0.0036598154325796733, -0.0040657173542053915, -0.004459218226687512, -0.004839944839993729, -0.005207541444210207, -0.00556166101948235, -0.005901971823559217, -0.006228153026763917, -0.006539896894508408, -0.0068369109698083125, -0.007118915890768102, -0.0073856453905811045, -0.007636848480044307, -0.007872291630073169, -0.008091750041642382, -0.008295018558359922, -0.008481905118922613, -0.008652235122145751, -0.008805847061933485, -0.008942599074823242, -0.009062360209926497, -0.009165016976473189, -0.009250473343811733, -0.00931865292392382, -0.009369485876335569, -0.03139882759451249, -0.03144366954377409, -0.03149842993158427, -0.03158179517692163, -0.03166782118062528, -0.031754422004166685, -0.03181188761908237, -0.031868303717189385, -0.03192367057130206, -0.03197798790860606, -0.032031255456287024, -0.03207518947938816, -0.0321183830843404, -0.0321616009697699, -0.03222377645164298, -0.032302947721960885, -0.03238185572642997, -0.0324628796790062, -0.0325459947535836, -0.03262881382459006, -0.03271133716483993, -0.032793564228704504, -0.032875495288998136, -0.03292496880749835, -0.033008953068598364, -0.033095081650498015, -0.03314648369364616, -0.03319752289370734, -0.033250839684378676, -0.03330375461951084, -0.033356267971918194, -0.03343391230031299, -0.03352646606940257, -0.033600654522004815, -0.03367335190777111, -0.03374558755524818, -0.03381628834918596, -0.03388545428958445, -0.03395308524003647, -0.03401918133694921, -0.03408374258032266, -0.03414676897015682, -0.03420826037004451, -0.03426749198045846, -0.034325226044695636, -0.03438146263095962, -0.03443620167104683, -0.034489443096753676, -0.034544274961923846, -0.034597422198475974, -0.03464888494281724, -0.03469866305854046, -0.034746756613849225, -0.034793165676947124, -0.03483789014552878, -0.034880930053695976, -0.03492228543555051, -0.0349619562228888, -0.03499994244981264, -0.035036244150423806, -0.03506543572931482, -0.03509343872428168, -0.0351202530671208, -0.03514587877488307, -0.03517316844557629, -0.035204364374453935, -0.03522805127587742, -0.03524629634943952, -0.035263574858806566, -0.035284254485010644, -0.03530335468663082, -0.03532087548924343, -0.03533681686727215, -0.035351178842030595, -0.03536396140073059, -0.03537516454763485, -0.03538461128590766, -0.03539254115614042, -0.03539895415833312, -0.035403850294084285, -0.03540727696209001, -0.03540913110246644, -0.03540941271494715, -0.03540812179953215, -0.03540525835608822, -0.03540202766403183, -0.035396181177357246, -0.03538725475040171, -0.03537604974921241, -0.035363886108232406, -0.03534983934488031, -0.035333909467681585, -0.03531609646384804, -0.035296400333379684, -0.03527482109332741, -0.03525135872664033, -0.035238551252317174, -0.009369485876335569, -0.00931865292392382, -0.00925047552632654, -0.009165019158987998, -0.009062362392441306, -0.008942601257338052, -0.008805851426963102, -0.008652239487175369, -0.00848190948395223, -0.00829502292338954, -0.008091754406672, -0.007872295995102786, -0.007636855027588733, -0.00738565193812553, -0.007118922438312528, -0.006836917517352738, -0.006539903442052835, -0.006228161756823152, -0.0059019805536184525, -0.005561669749541584, -0.005207550174269443, -0.004839953570052963, -0.0044592247742319385, -0.004065726084264627, -0.0036598241626389083, -0.003241900949446322, -0.002812351479867261, -0.0023715773366265445, -0.0019199953800526528, -0.0014580312005333018, -0.0009861169360006342, -0.000504695636960836, -1.4225631523755015e-05, 0.0004848369347155694, 0.0009920206385584367, 0.0015068475092617198, 0.002028835211052674, 0.0025574926780993195, 0.0030923179319956324, 0.003632813359365206, 0.004178468251742781, 0.004728767535633483, 0.005283196137542433, 0.005841234618945136, 0.006402350446228248, 0.006966024180867272, 0.007531718924219244, 0.008098906507700437, 0.008667050032667881, 0.009235621330537852, 0.009804074772608147, 0.010371886555324655, 0.010938515415014794, 0.011503433183094833, 0.012066102960921811, 0.012626000944941611, 0.01318259460154089, 0.013735364492195153, 0.014283791178379903, 0.01482735522157065, 0.015365550278331749, 0.015897861275168325, 0.016423799328763207, 0.01694285809568075, 0.017454557422663025, 0.017958408426392854, 0.018453944048701158, 0.018940697231418856, 0.019418205281406475, 0.019886027330672643, 0.02034371378116675, 0.020790836859986263, 0.0212269775242879, 0.021651729826317218, 0.022064683453290167, 0.022465458647630016, 0.022853675651760032, 0.023228972168221954, 0.023590985899557524, 0.023939389468545423, 0.024273842402875473, 0.024594039150474444, 0.024899674159269105, 0.025190459337304696, 0.025466124052744923, 0.02572641076884235, 0.025971066313879153, 0.026199868071344837, 0.026412597789758522, 0.026609054677757798, 0.026789059769128345, 0.02695243409765584, 0.027099029252333283, 0.027228709917242532, 0.02734134950652467, 0.027436843259468883, 0.0275150995104532, 0.02757605278403335, 0.027619633239735458, 0.0276458103223522, 0.027654557841705868, 0.0276458103223522, 0.027619633239735458, 0.027576048419003733, 0.0275150995104532, 0.027436838894439267, 0.027341345141495055, 0.027228705552212913, 0.027099024887303664, 0.026952429732626224, 0.02678905103906911, 0.026609050312728182, 0.026412593424728906, 0.026199859341285603, 0.02597105758381992, 0.025726402038783115, 0.025466119687715304, 0.025190450607245462, 0.02489966542920987, 0.02459403042041521, 0.02427383367281624, 0.023939380738486185, 0.02359097716949829, 0.02322896343816272, 0.022853666921700797, 0.02246544991757078, 0.022064674723230933, 0.021651721096257983, 0.021226968794228664, 0.020790828129927028, 0.020343705051107514, 0.019886018600613408, 0.019418200916376856, 0.01894068850135962, 0.018453939683671542, 0.017958404061363238, 0.01745454869260379, 0.016942849365621515, 0.01642379059870397, 0.015897856910138706, 0.015365545913302131, 0.014827350856541032, 0.014283786813350286, 0.013735360127165535, 0.013182590236511273, 0.012625996579911994, 0.012066102960921811, 0.011503428818065216, 0.010938515415014794, 0.010371886555324655, 0.009804074772608147, 0.009235616965508234, 0.008667050032667881, 0.008098906507700437, 0.007531718924219244, 0.006966024180867272, 0.006402354811257865, 0.005841234618945136, 0.00528320050257205, 0.0047287719006631, 0.0041784726167723996, 0.0036328177243948236, 0.0030923222970252497, 0.002557497043128937, 0.002028839576082292, 0.0015068518742913375, 0.000992027186102863, 0.0004848434822599958, -1.4219083979328617e-05, -0.0005046890894164095, -0.000986108205941399, -0.0014580224704740666, -0.0019199888325082263, -0.002371570789082118, -0.002812342749808026, -0.003241892219387087, -0.0036598154325796733, -0.0040657173542053915, -0.004459218226687512, -0.004839944839993729, -0.005207541444210207, -0.00556166101948235, -0.005901971823559217, -0.006228153026763917, -0.006539896894508408, -0.0068369109698083125, -0.007118915890768102, -0.0073856453905811045, -0.007636848480044307, -0.007872291630073169, -0.008091750041642382, -0.008295018558359922, -0.008481905118922613, -0.008652235122145751, -0.008805847061933485, -0.008942599074823242, -0.009062360209926497, -0.009165016976473189, -0.009250473343811733, -0.00931865292392382, -0.009369485876335569, -0.03521650360707496, -0.035198784638938066, -0.03516967290939744, -0.03514080297862637, -0.03511029261516214, -0.035078141887208335, -0.03504986754426751, -0.03502043571823856, -0.034986097939937365, -0.034966234599848135, -0.0349468493669092, -0.03488685104586328, -0.03483061121992887, -0.03477157603584772, -0.034709745323110844, -0.034645119218125416, -0.03457352168341558, -0.03449877962229137, -0.03442089303475279, -0.03433986185259627, -0.034255686144025375, -0.03416836590904011, -0.034088923052035695, -0.03400704491772617, -0.033922731642518744, -0.03387571631772911, -0.03382797639802296, -0.03377951188340028, -0.033730323046675434, -0.03368027989181012, -0.033627622493425394, -0.03357410040995485, -0.03339805058104655, -0.03321324695805451, -0.0330196896773859, -0.03281737873904072, -0.032606314279426146, -0.03259217485723734, -0.020470120673862797, -0.020470120673862797, -0.013421499220056508, -0.013292222320386888, -0.013158285751600482, -0.013019765901715597, -0.012876732611206114, -0.012729262268090341, -0.01257742907787178, -0.012430342857362355, -0.012279504893896606, -0.012124978480403985, -0.01196682472729914, -0.011805106927511525, -0.011620485817320367, -0.011431586978103965, -0.011238497710454666, -0.011041305314964823, -0.010840092727197173, -0.010634951612773683, -0.01042596272474228, -0.010213213363695316, -0.009965580868459308, -0.00971327997404728, -0.009456439448832949, -0.009195185878675224, -0.008929652396977444, -0.00865996340708371, -0.008386252042397358, -0.008131921409213146, -0.007874417399496939, -0.0076138382264151335, -0.007350284285648935, -0.00708385160784993, -0.006814640588699322, -0.006518556264707967, -0.006219425150043528, -0.005917376013079724, -0.005612535439675465, -0.00530503438071928, -0.005000556104773282, -0.004693753450555913, -0.004384748638896464, -0.0040736638906242306, -0.003794247432227677, -0.003513357776335184, -0.003231075675994677, -0.0029474906143133165, -0.002662687709368646, -0.002376754261753017, -0.0020897753895439733, -0.0018018383933338664, -0.00151302839120024, -0.0012234326837354456, -0.0009331363890170268, -0.0006422268076373351, -0.00035079124018872295, -5.891262223392438e-05, 0.00023331956311989968, 0.0005258223803100149, 0.0008324460683130627, 0.001139172334512124, 0.0014458986007111856, 0.0017525288362586597, 0.002058962645473342, 0.0023651039977036453, 0.0026413667222014835, 0.0029150584442545558, 0.0031861267835074513, 0.0034545237246343765, 0.0037201968872799195, 0.003983102621147905, 0.004228399825538496, 0.004471152217662027, 0.004711316147222322, 0.0049488523289528226, 0.005183712747527734, 0.005442633209354852, 0.005698118392872919, 0.0059501115526969075, 0.00619855157841217, 0.006443390454692913, 0.006684562706094873, 0.006922011587233021, 0.007155684717751947, 0.0074180404578881145, 0.007675302208460545, 0.007927382668876885, 0.0081741989035744, 0.00841566361196074, 0.008651693858473168, 0.008882197977489717, 0.009088576577809796, 0.009290175470698605, 0.009486929180711878, 0.00967877659743497, 0.009865652245423616, 0.010047486284203936, 0.010239613062822554, 0.010425602609798829, 0.010605376354599641, 0.010778846996632641, 0.010945927235305478, 0.011103723055981679, 0.011255198313771598, 0.011400265708082882, 0.011538851033412031, 0.011673490371966872, 0.011801215503607436, 0.011921930397682134, 0.012035552118628235, 0.012141997730883003, 0.012241179933854087, 0.012333015791978751, 0.012407278040862963, 0.012475791545740796, 0.012538499561227223, 0.012595345341937214, 0.012646272142485742, 0.012691218852458159, 0.012730133091499053, 0.012762958114223396, 0.012790750257798649, 0.01281172859014083, 0.012825827635805675, 0.012832977554319301, 0.012833121600296682, 0.012826189933263935, 0.012813780154061101, 0.012795617265822273, 0.01277176674399171, 0.012742272238865595, 0.012707186130799335, 0.012666569530207577, 0.012611661822647799, 0.012549228804027281, 0.012479357774938374, 0.012402131670943813, 0.012327040066432258, 0.012246217178032797, 0.01215972848118969, 0.01206763072128797, 0.0119699893737719, 0.011866869914085742, 0.011758329087614525, 0.011644428004772897, 0.011507776387564344, 0.011364302229063485, 0.011214097194892287, 0.011057252950672721, 0.010893865527056373, 0.010724022224635598, 0.010547819074061982, 0.010380791215744556, 0.01020856897218219, 0.010031222183848762, 0.009848820691218153, 0.009661443064823484, 0.009469150415079397, 0.009254338577538117, 0.009033887121730899, 0.008807887713279712, 0.00857642765277691, 0.008339607335903696, 0.008101879092870022, 0.007859152890924195, 0.007611516030658572, 0.0073590558126655, 0.007129634220994116, 0.006896502354147773, 0.0066597169575115, 0.006419343506529561, 0.006175438746586983, 0.005928068153128033, 0.005677297201596972, 0.0054231826373788315, 0.005165785570888256, 0.00490517147756951, 0.004641401467837239, 0.0043745410171357095, 0.004104646870849948, 0.0038317845044242194, 0.003556010663243552, 0.003277395187781828, 0.0029825243420241654, 0.0026846765460673003, 0.002383912910325879, 0.002080307640303401, 0.001773934941503365, 0.0014648602893700354, 0.0011833464342422256, 0.0009019744425769878, 0.0006208163373630123, 0.0003399419590741807, 5.942769572880106e-05, -0.00022066097722886268, -0.00048428475846894317, -0.0007474043787881909, -0.0010099587277719597, -0.0012718888775204117, -0.0015331359001337097, -0.0018238206824880948, -0.002113494960486006, -0.0024020757985647083, -0.0026894758961318503, -0.002975616682654315, -0.0032604108575397506, -0.0035437776677402313, -0.0038256341776930227, -0.004105893086805773, -0.004384473642030556, -0.004661292907804638, -0.004936265766050476, -0.005209311463720143, -0.00548034270022129, -0.005749278722505988, -0.006016036595011504, -0.006293069747236849, -0.006567520984443384, -0.006839300823523947, -0.007108306686282527, -0.007374446907097154, -0.00763762327280143, -0.007920621237999224, -0.0081998696427555, -0.008475246266240966, -0.00874662670511152, -0.00901388873853787, -0.009272250476573934, -0.009526402143543824, -0.009776225883647866, -0.010021606023601191, -0.010236843451530187, -0.010448364056739799, -0.010656078356122861, -0.010859907779146263, -0.011059767207732458, -0.011255573706318711, -0.011447244339342291, -0.011634691806210844, -0.011817837536391252, -0.011996596411805973, -0.012170885496892273, -0.01234061967357261, -0.012505716006284246, -0.01266609155946445, -0.012821665580065294, -0.012972348584979618, -0.013124875814907379, -0.013271852909676363, -0.013413181656120174, -0.013548766023587223, -0.013678512163940735, -0.013802321864014313, -0.020470120673862797, -0.020470120673862797, -0.03249335440609582, -0.03239049793944412, -0.03216623799529555, -0.03193353417416608, -0.03169238647605572, -0.03163167109658972, -0.031570442826143665, -0.0315086555590922, -0.03144526878150024, -0.03128184207261733, -0.03111543050191904, -0.030922702713284952, -0.030726120603498518, -0.030525683354116696, -0.03032139178358253, -0.030158172413606462, -0.02999250753578713, -0.029823708566702366, -0.029651597085766545, -0.029427755093203858, -0.029198546842355035, -0.028963972878848776, -0.028724032657056385, -0.02866286058636665, -0.02853949939308628, -0.02841478067559484, -0.028291038633480335, -0.0280139820192208, -0.027730761983141207, -0.02740143904986924, -0.027064156485089582, -0.026718914288802232, -0.02636571246100719, -0.026047610381995965, -0.025723317054100876, -0.025392831931693224, -0.025056157197287814, -0.02471329175962725, -0.024499004816897485, -0.024242247227245887, -0.024043224793088867, -0.02373526977105245, -0.023417879737497593, -0.0230955190264657, -0.022768188729214166, -0.02243588775448559, -0.022203218580778714, -0.021968172648445056, -0.021773509787618613, -0.021545637781461475, -0.02138014532231204, -0.021153749787423057, -0.020924460237897607, -0.020692278856250496, -0.020457203459966915, -0.020219235140304274, -0.019978372806005163, -0.01976402147908854, -0.019547429800720682, -0.019264730840051696, -0.01897343277103604, -0.01874644577463387, -0.018517698580038405, -0.018205441821313846, -0.017889960396959285, -0.01757125539823213, -0.017249326825132374, -0.016924175768917426, -0.01656197652382311, -0.016290526244478673, -0.015980705172280736, -0.015721887288649632, -0.015456249046241028, -0.015183794810084545, -0.014904520215150563, -0.01460965373442252, -0.014298551526031815, -0.013979782143117797, -0.013667935697177292, -0.013312229433639152, -0.012809799247049851, -0.01186856136306256, -0.010813317635522821, -0.009951043137317895, -0.008308124559786764, -0.007269603260712044, -0.00640194668098862, -0.006088893304358849, -0.005768384457142219, -0.005330591629130322, -0.004618812439566165, -0.004399941124480518, -0.004200356692760232, -0.004036635344378139, -0.0038891955564696896, -0.0037973466032561725, -0.003707577586655441, -0.0036337780309106953, -0.003531206382441546, -0.0034128791595676735, -0.003299872907797654, -0.0032180416975565265, -0.003063812106077902, -0.0029723669181040127, -0.0028930325048041514, -0.002816284371552718, -0.002757921743050611, -0.0026979898864009774, -0.0026394155539624167, -0.002582486837689691, -0.0025272015550679913, -0.0024426400188010556, -0.0023622405382745003, -0.0022860031134883255, -0.0022139321094721493, -0.0022139321094721493, -0.0021975807085246233, -0.002169413172402257, -0.002129427318590242, -0.0020776231470885777, -0.002014000657897264, -0.0019384048924648764, -0.0018525469424015137, -0.0017564246251923668, -0.0016500379408374362, -0.0015333890718515304, -0.0014067464675561316, -0.001272953944747106, -0.001132011503424453, -0.000983919143588173, -0.000828676865238266, -0.0006686112291609121, -0.0005057083238321189, -0.0003399725142815039, -0.00017140380050906722, 0.0]
tips = [4, 0, 0, 0, 0, 0, 0, 0, 0, 0, 0, 0, 0, 0, 0, 0, 0, 0, 0, 0, 0, 0, 0, 0, 0, 0, 0, 0, 0, 0, 0, 0, 0, 0, 0, 0, 0, 0, 0, 0, 0, 0, 0, 0, 0, 0, 0, 0, 0, 0, 0, 0, 0, 0, 0, 0, 0, 0, 0, 0, 0, 0, 0, 0, 0, 0, 0, 0, 0, 0, 0, 0, 0, 0, 0, 0, 0, 0, 0, 0, 0, 0, 0, 0, 0, 0, 0, 0, 0, 0, 0, 0, 0, 0, 0, 0, 0, 0, 0, 0, 0, 0, 0, 0, 0, 0, 0, 0, 0, 0, 0, 0, 0, 0, 0, 0, 0, 0, 0, 0, 0, 0, 0, 0, 0, 0, 0, 0, 0, 0, 0, 0, 0, 0, 0, 0, 0, 0, 0, 0, 0, 0, 0, 0, 0, 0, 0, 0, 0, 0, 0, 0, 0, 0, 0, 0, 0, 0, 0, 0, 0, 0, 0, 0, 0, 0, 0, 0, 0, 0, 0, 0, 0, 0, 0, 0, 0, 0, 0, 0, 0, 0, 0, 0, 0, 0, 0, 0, 0, 0, 0, 0, 0, 0, 0, 0, 0, 0, 0, 0, 0, 0, 0, 0, 0, 0, 0, 0, 0, 0, 0, 0, 0, 0, 0, 0, 0, 0, 0, 0, 0, 0, 0, 0, 0, 0, 0, 0, 0, 0, 0, 0, 0, 0, 0, 0, 0, 0, 0, 0, 0, 0, 0, 0, 0, 0, 0, 0, 0, 0, 0, 0, 0, 0, 0, 0, 0, 0, 0, 0, 0, 0, 0, 0, 0, 0, 0, 0, 0, 0, 0, 0, 0, 0, 0, 0, 0, 0, 0, 0, 0, 0, 0, 0, 0, 0, 0, 0, 0, 0, 0, 0, 0, 0, 0, 0, 0, 0, 0, 0, 0, 0, 0, 0, 0, 0, 0, 0, 0, 0, 0, 0, 0, 0, 0, 0, 0, 0, 0, 0, 0, 0, 0, 0, 0, 0, 0, 0, 0, 0, 0, 0, 0, 0, 0, 0, 0, 0, 0, 0, 0, 0, 0, 0, 0, 0, 0, 0, 0, 0, 0, 0, 0, 0, 0, 0, 0, 0, 0, 0, 0, 0, 0, 0, 0, 0, 0, 0, 0, 0, 0, 0, 0, 0, 0, 0, 0, 0, 0, 0, 0, 0, 0, 0, 0, 0, 0, 0, 0, 0, 0, 0, 0, 0, 0, 0, 0, 0, 0, 0, 0, 0, 0, 0, 0, 0, 0, 0, 0, 0, 0, 0, 0, 0, 0, 0, 0, 0, 0, 0, 0, 0, 0, 0, 0, 0, 0, 0, 0, 0, 0, 0, 0, 0, 0, 0, 0, 0, 0, 0, 0, 0, 0, 0, 0, 0, 0, 0, 0, 0, 0, 0, 0, 0, 0, 0, 0, 0, 0, 0, 0, 0, 0, 0, 0, 0, 0, 0, 0, 0, 0, 0, 0, 0, 0, 0, 0, 0, 0, 0, 0, 0, 0, 0, 0, 0, 0, 0, 0, 0, 0, 0, 0, 0, 0, 0, 0, 0, 0, 0, 0, 0, 0, 0, 0, 0, 0, 0, 0, 0, 0, 0, 0, 0, 0, 0, 0, 0, 0, 0, 0, 0, 0, 0, 0, 0, 0, 0, 0, 0, 0, 0, 0, 0, 0, 0, 0, 0, 0, 0, 0, 0, 0, 0, 0, 0, 0, 0, 0, 0, 0, 0, 0, 0, 0, 0, 0, 0, 0, 0, 0, 0, 0, 0, 0, 0, 0, 0, 0, 0, 0, 0, 0, 0, 0, 0, 0, 0, 0, 0, 0, 0, 0, 0, 0, 0, 0, 0, 0, 0, 0, 0, 0, 0, 0, 0, 0, 0, 0, 0, 4, 0, 0, 0, 0, 0, 0, 0, 0, 0, 0, 0, 0, 0, 0, 0, 0, 0, 0, 0, 0, 0, 0, 0, 0, 0, 0, 0, 0, 0, 0, 0, 0, 0, 0, 0, 0, 0, 0, 0, 0, 0, 0, 0, 0, 0, 0, 0, 0, 0, 0, 0, 0, 0, 0, 0, 0, 0, 0, 0, 0, 0, 0, 0, 0, 0, 0, 0, 0, 0, 0, 0, 0, 0, 0, 0, 0, 0, 0, 0, 0, 0, 0, 0, 0, 0, 0, 0, 0, 0, 0, 0, 0, 0, 0, 0, 0, 0, 0, 0, 0, 0, 0, 0, 0, 0, 0, 0, 0, 0, 0, 0, 0, 0, 0, 0, 0, 0, 0, 0, 0, 0, 0, 0, 0, 0, 0, 0, 0, 0, 0, 0, 0, 0, 0, 0, 0, 0, 0, 0, 0, 0, 0, 0, 0, 0, 0, 0, 0, 0, 0, 0, 0, 0, 0, 0, 0, 0, 0, 0, 0, 0, 0, 0, 0, 0, 0, 0, 0, 0, 0, 0, 0, 0, 0, 0, 0, 0, 0, 0, 0, 0, 0, 0, 0, 0, 0, 0, 0, 0, 0, 0, 0, 0, 0, 0, 0, 0, 0, 0, 0, 0, 0, 0, 0, 0, 0, 0, 0, 0, 0, 0, 0, 0, 0, 0, 0, 0, 0, 0, 0, 0, 0, 0, 0, 0, 0, 0, 0, 0, 0, 0, 0, 0, 0, 0, 0, 0, 0, 0, 0, 0, 0, 0, 0, 4, 4, 0, 0, 0, 0, 0, 0, 0, 0, 0, 0, 0, 0, 0, 0, 0, 0, 0, 0, 0, 0, 0, 0, 0, 0, 0, 0, 0, 0, 0, 0, 0, 0, 0, 0, 0, 0, 0, 0, 0, 0, 0, 0, 0, 0, 0, 0, 0, 0, 0, 0, 0, 0, 0, 0, 0, 0, 0, 0, 0, 0, 0, 0, 0, 0, 0, 0, 0, 0, 0, 0, 0, 0, 0, 0, 0, 0, 0, 0, 0, 0, 0, 0, 0, 0, 0, 0, 0, 0, 0, 0, 0, 0, 0, 0, 0, 0, 0, 0, 0, 0, 0, 0, 0, 0, 0, 0, 0, 0, 0, 0, 0, 0, 0, 0, 0, 0, 0, 0, 0, 0, 0, 0, 0, 0, 0, 0, 0, 0, 0, 0, 0, 0, 0, 0, 0, 0, 0, 0, 0, 0, 0, 0, 0, 0, 0, 0, 0, 0, 0, 0, 0, 0, 0, 0, 0, 0, 0, 0, 0, 0, 0, 0, 0, 0, 0, 0, 0, 0, 0, 0, 0, 0, 0, 0, 0, 0, 0, 0, 0, 0, 0, 0, 0, 0, 0, 0, 0, 0, 0, 0, 0, 0, 0, 0, 0, 0, 0, 0, 0, 4, 4, 0, 0, 0, 0, 0, 0, 0, 0, 0, 0, 0, 0, 0, 0, 0, 0, 0, 0, 0, 0, 0, 0, 0, 0, 0, 0, 0, 0, 0, 0, 0, 0, 0, 0, 0, 0, 0, 0, 0, 0, 0, 0, 0, 0, 0, 0, 0, 0, 0, 0, 0, 0, 0, 0, 0, 0, 0, 0, 0, 0, 0, 0, 0, 0, 0, 0, 0, 0, 0, 0, 0, 0, 0, 0, 0, 0, 0, 0, 0, 0, 0, 0, 0, 0, 0, 0, 0, 0, 0, 0, 0, 0, 0, 0, 0, 4, 4, 0, 0, 0, 0, 0, 0, 0, 0, 0, 0, 0, 0, 0, 0, 0, 0, 0, 0, 0, 0, 0, 0, 0, 0, 0, 0, 0, 0, 0, 0, 0, 0, 0, 0, 0, 0, 0, 0, 0, 0, 0, 0, 0, 0, 0, 0, 0, 0, 0, 0, 0, 0, 0, 0, 0, 0, 0, 0, 0, 0, 0, 0, 0, 0, 0, 0, 0, 0, 0, 0, 0, 0, 0, 0, 0, 0, 0, 0, 0, 0, 0, 0, 0, 0, 0, 0, 0, 0, 0, 0, 0, 0, 0, 0, 0, 0, 0, 0, 0, 0, 0, 0, 0, 0, 0, 0, 0, 0, 0, 0, 0, 0, 0, 0, 0, 0, 0, 0, 0, 0, 0, 0, 0, 0, 0, 0, 0, 0, 0, 0, 0, 0, 0, 0, 0, 0, 0, 0, 0, 0, 0, 0, 0, 0, 0, 0, 0, 0, 0, 0, 0, 0, 0, 0, 0, 0, 0, 0, 0, 0, 0, 0, 0, 0, 0, 0, 0, 0, 0, 0, 0, 0, 0, 0, 0, 0, 0, 0, 0, 0, 0, 0, 0, 0, 0, 0, 0, 0, 0, 0, 0, 0, 0, 0, 0, 0, 0, 0, 0, 4, 4, 0, 0, 0, 0, 0, 0, 0, 0, 0, 0, 0, 0, 0, 0, 0, 0, 0, 0, 0, 0, 0, 0, 0, 0, 0, 0, 0, 0, 0, 0, 0, 0, 0, 0, 0, 0, 4, 4, 4, 4, 0, 0, 0, 0, 0, 0, 0, 0, 0, 0, 0, 0, 0, 0, 0, 0, 0, 0, 0, 0, 0, 0, 0, 0, 0, 0, 0, 0, 0, 0, 0, 0, 0, 0, 0, 0, 0, 0, 0, 0, 0, 0, 0, 0, 0, 0, 0, 0, 0, 0, 0, 0, 0, 0, 0, 0, 0, 0, 0, 0, 0, 0, 0, 0, 0, 0, 0, 0, 0, 0, 0, 0, 0, 0, 0, 0, 0, 0, 0, 0, 0, 0, 0, 0, 0, 0, 0, 0, 0, 0, 0, 0, 0, 0, 0, 0, 0, 0, 0, 0, 0, 0, 0, 0, 0, 0, 0, 0, 0, 0, 0, 0, 0, 0, 0, 0, 0, 0, 0, 0, 0, 0, 0, 0, 0, 0, 0, 0, 0, 0, 0, 0, 0, 0, 0, 0, 0, 0, 0, 0, 0, 0, 0, 0, 0, 0, 0, 0, 0, 0, 0, 0, 0, 0, 0, 0, 0, 0, 0, 0, 0, 0, 0, 0, 0, 0, 0, 0, 0, 0, 0, 0, 0, 0, 0, 0, 0, 0, 0, 0, 0, 0, 0, 0, 0, 0, 0, 0, 0, 0, 0, 0, 0, 0, 0, 0, 0, 0, 0, 0, 0, 0, 0, 0, 0, 0, 0, 0, 0, 0, 0, 0, 0, 0, 0, 0, 0, 0, 0, 0, 0, 0, 0, 0, 0, 0, 0, 0, 0, 0, 0, 0, 0, 0, 0, 0, 0, 0, 0, 0, 0, 0, 0, 0, 0, 0, 0, 0, 0, 0, 4, 4, 4, 4, 0, 0, 0, 0, 0, 0, 0, 0, 0, 0, 0, 0, 0, 0, 0, 0, 0, 0, 0, 0, 0, 0, 0, 0, 0, 0, 0, 0, 0, 0, 0, 0, 0, 0, 0, 0, 0, 0, 0, 0, 0, 0, 0, 0, 0, 0, 0, 0, 0, 0, 0, 0, 0, 0, 0, 0, 0, 0, 0, 0, 0, 0, 0, 0, 0, 0, 0, 0, 0, 0, 0, 0, 0, 0, 0, 0, 0, 0, 0, 0, 0, 0, 0, 0, 0, 0, 0, 0, 0, 0, 0, 0, 0, 0, 0, 0, 0, 0, 0, 0, 0, 0, 0, 0, 0, 0, 0, 0, 0, 0, 0, 0, 0, 0, 0, 0, 0, 0, 0, 0, 0, 0, 0, 0, 0, 0, 0, 0, 0, 0, 0, 0, 0, 0, 4]
nameroot = rooo_corrected.dxf
nametip = roo1_corrected.dxf

[Transform]
croot = 563.1
ctip = 437.0
incidenceroot = 0.0
thicknessroot = 100.0
tethicknessroot = 0.0
vinvertroot = 0
incidencetip = 0.0
thicknesstip = 100.0
tethicknesstip = 0.0
vinverttip = 0
covering = 0.0
smooth = 0
nbrpoints = 201
repartition = 1.0
reducepoints = 0

[Bloc]
bloclx = 136.0
blochz = 100.0
fleading = 87.5
ftrailing = -38.6
mleadingroot = 5.0
mtrailingroot = 10.0
mleadingtip = 5.0
mtrailingtip = 10.0
cbcutboth = 0
cbrotdelta = 0
rbleftwing = 0
rbrightwing = 1
rbtabletoblockleft = 1
rbtabletoblockright = 0
bloctotableleft = 72.0
bloctotableright = 647.0
bloctotabletrailingroot = 26.0
hoffset = 100.0
hprofileroot = 3.0
hprofiletip = 26.9
cbalignprofiles = 3
angleinroot = 0.0
angleintip = 0.0
angleoutroot = 0.0
angleouttip = 0.0
gbextracutcmdsactive = 1
extracutcommands = 
	L; TE;=; 90;=; 5;=
	
	X; LE;=; 0;=; 0;=; 8;=; 1;=; 8;=; 2;=; 10;=

[Material]
mspeednorm = 5.0
mspeedhalf = 2.5
mspeedmin = 0.5
mspeedmax = 5.5
mradspnorm = 1.2
mradsphalf = 2.4
mheatspnorm = 80.0
mname = grey 22kg/m3
mhotwire = NiCr, 800 mm x 0.3 mm, 24 V

[Table]
tableyy = 855.0
tableyg = 0.0
tableyd = 0.0
maxdiag = 1000.0
cmaxy = 660.0
cmaxz = 360.0
vmaxy = 60.0
vmaxz = 60.0
theatingmax = 100.0
tsvaluemin = 0.0
tsvaluemax = 1000.0
tname = My CNC
tpreheat = 4.0
tpostheat = 4.0
vcut = 5.0
gcodestart1 = 
gcodestart2 = 
gcodestart3 = 
gcodestart4 = 
gcodeend1 = 
gcodeend2 = 
gcodeend3 = 
gcodeend4 = 
gcodeletters = XYAZ

[Cut]
vcut = 5.0
vheat = 80.0
vusefoamparam = 1
vcleanwire = 1
vfastoutsideblock = 1
vhmargin = 40.0
vcutblock = 0

