  0
SECTION
  2
HEADER
  9
$ACADVER
  1
AC1024
  9
$ACADMAINTVER
 70
     6
  9
$DWGCODEPAGE
  3
ANSI_1251
  9
$INSBASE
 10
0.0
 20
0.0
 30
0.0
  9
$EXTMIN
 10
1.000000000000000E+20
 20
1.000000000000000E+20
 30
1.000000000000000E+20
  9
$EXTMAX
 10
-1.000000000000000E+20
 20
-1.000000000000000E+20
 30
-1.000000000000000E+20
  9
$LIMMIN
 10
0.0
 20
0.0
  9
$LIMMAX
 10
420.0
 20
297.0
  9
$ORTHOMODE
 70
     0
  9
$REGENMODE
 70
     1
  9
$FILLMODE
 70
     1
  9
$QTEXTMODE
 70
     0
  9
$MIRRTEXT
 70
     1
  9
$LTSCALE
 40
1.0
  9
$ATTMODE
 70
     1
  9
$TEXTSIZE
 40
2.5
  9
$TRACEWID
 40
1.0
  9
$TEXTSTYLE
  7
Standard
  9
$CLAYER
  8
0
  9
$CELTYPE
  6
ByLayer
  9
$CECOLOR
 62
   256
  9
$CELTSCALE
 40
1.0
  9
$DISPSILH
 70
     0
  9
$DIMSCALE
 40
1.0
  9
$DIMASZ
 40
2.5
  9
$DIMEXO
 40
0.625
  9
$DIMDLI
 40
3.75
  9
$DIMRND
 40
0.01
  9
$DIMDLE
 40
0.0
  9
$DIMEXE
 40
1.25
  9
$DIMTP
 40
0.0
  9
$DIMTM
 40
0.0
  9
$DIMTXT
 40
2.5
  9
$DIMCEN
 40
2.5
  9
$DIMTSZ
 40
0.0
  9
$DIMTOL
 70
     0
  9
$DIMLIM
 70
     0
  9
$DIMTIH
 70
     0
  9
$DIMTOH
 70
     0
  9
$DIMSE1
 70
     0
  9
$DIMSE2
 70
     0
  9
$DIMTAD
 70
     1
  9
$DIMZIN
 70
     8
  9
$DIMBLK
  1

  9
$DIMASO
 70
     1
  9
$DIMSHO
 70
     1
  9
$DIMPOST
  1

  9
$DIMAPOST
  1

  9
$DIMALT
 70
     0
  9
$DIMALTD
 70
     3
  9
$DIMALTF
 40
0.0393700787401575
  9
$DIMLFAC
 40
1.0
  9
$DIMTOFL
 70
     1
  9
$DIMTVP
 40
0.0
  9
$DIMTIX
 70
     0
  9
$DIMSOXD
 70
     0
  9
$DIMSAH
 70
     0
  9
$DIMBLK1
  1

  9
$DIMBLK2
  1

  9
$DIMSTYLE
  2
ISO-25
  9
$DIMCLRD
 70
     0
  9
$DIMCLRE
 70
     0
  9
$DIMCLRT
 70
     0
  9
$DIMTFAC
 40
1.0
  9
$DIMGAP
 40
0.7
  9
$DIMJUST
 70
     0
  9
$DIMSD1
 70
     0
  9
$DIMSD2
 70
     0
  9
$DIMTOLJ
 70
     0
  9
$DIMTZIN
 70
     8
  9
$DIMALTZ
 70
     0
  9
$DIMALTTZ
 70
     0
  9
$DIMUPT
 70
     0
  9
$DIMDEC
 70
     2
  9
$DIMTDEC
 70
     2
  9
$DIMALTU
 70
     2
  9
$DIMALTTD
 70
     3
  9
$DIMTXSTY
  7
Standard
  9
$DIMAUNIT
 70
     0
  9
$DIMADEC
 70
     2
  9
$DIMALTRND
 40
0.0
  9
$DIMAZIN
 70
     0
  9
$DIMDSEP
 70
    44
  9
$DIMATFIT
 70
     3
  9
$DIMFRAC
 70
     2
  9
$DIMLDRBLK
  1

  9
$DIMLUNIT
 70
     2
  9
$DIMLWD
 70
    15
  9
$DIMLWE
 70
    15
  9
$DIMTMOVE
 70
     0
  9
$DIMFXL
 40
1.0
  9
$DIMFXLON
 70
     0
  9
$DIMJOGANG
 40
0.7853981633974483
  9
$DIMTFILL
 70
     0
  9
$DIMTFILLCLR
 70
     0
  9
$DIMARCSYM
 70
     0
  9
$DIMLTYPE
  6

  9
$DIMLTEX1
  6

  9
$DIMLTEX2
  6

  9
$DIMTXTDIRECTION
 70
     0
  9
$LUNITS
 70
     2
  9
$LUPREC
 70
     4
  9
$SKETCHINC
 40
1.0
  9
$FILLETRAD
 40
0.0
  9
$AUNITS
 70
     0
  9
$AUPREC
 70
     0
  9
$MENU
  1
.
  9
$ELEVATION
 40
0.0
  9
$PELEVATION
 40
0.0
  9
$THICKNESS
 40
0.0
  9
$LIMCHECK
 70
     0
  9
$CHAMFERA
 40
0.0
  9
$CHAMFERB
 40
0.0
  9
$CHAMFERC
 40
0.0
  9
$CHAMFERD
 40
0.0
  9
$SKPOLY
 70
     0
  9
$TDCREATE
 40
2460929.743712454
  9
$TDUCREATE
 40
2460929.66037912
  9
$TDUPDATE
 40
2460929.743712454
  9
$TDUUPDATE
 40
2460929.66037912
  9
$TDINDWG
 40
0.0000000116
  9
$TDUSRTIMER
 40
0.0000000116
  9
$USRTIMER
 70
     1
  9
$ANGBASE
 50
0.0
  9
$ANGDIR
 70
     0
  9
$PDMODE
 70
     0
  9
$PDSIZE
 40
0.0
  9
$PLINEWID
 40
0.0
  9
$SPLFRAME
 70
     0
  9
$SPLINETYPE
 70
     6
  9
$SPLINESEGS
 70
     8
  9
$HANDSEED
  5
41D
  9
$SURFTAB1
 70
     6
  9
$SURFTAB2
 70
     6
  9
$SURFTYPE
 70
     6
  9
$SURFU
 70
     6
  9
$SURFV
 70
     6
  9
$UCSBASE
  2

  9
$UCSNAME
  2

  9
$UCSORG
 10
0.0
 20
0.0
 30
0.0
  9
$UCSXDIR
 10
1.0
 20
0.0
 30
0.0
  9
$UCSYDIR
 10
0.0
 20
1.0
 30
0.0
  9
$UCSORTHOREF
  2

  9
$UCSORTHOVIEW
 70
     0
  9
$UCSORGTOP
 10
0.0
 20
0.0
 30
0.0
  9
$UCSORGBOTTOM
 10
0.0
 20
0.0
 30
0.0
  9
$UCSORGLEFT
 10
0.0
 20
0.0
 30
0.0
  9
$UCSORGRIGHT
 10
0.0
 20
0.0
 30
0.0
  9
$UCSORGFRONT
 10
0.0
 20
0.0
 30
0.0
  9
$UCSORGBACK
 10
0.0
 20
0.0
 30
0.0
  9
$PUCSBASE
  2

  9
$PUCSNAME
  2

  9
$PUCSORG
 10
0.0
 20
0.0
 30
0.0
  9
$PUCSXDIR
 10
1.0
 20
0.0
 30
0.0
  9
$PUCSYDIR
 10
0.0
 20
1.0
 30
0.0
  9
$PUCSORTHOREF
  2

  9
$PUCSORTHOVIEW
 70
     0
  9
$PUCSORGTOP
 10
0.0
 20
0.0
 30
0.0
  9
$PUCSORGBOTTOM
 10
0.0
 20
0.0
 30
0.0
  9
$PUCSORGLEFT
 10
0.0
 20
0.0
 30
0.0
  9
$PUCSORGRIGHT
 10
0.0
 20
0.0
 30
0.0
  9
$PUCSORGFRONT
 10
0.0
 20
0.0
 30
0.0
  9
$PUCSORGBACK
 10
0.0
 20
0.0
 30
0.0
  9
$USERI1
 70
     0
  9
$USERI2
 70
     0
  9
$USERI3
 70
     0
  9
$USERI4
 70
     0
  9
$USERI5
 70
     0
  9
$USERR1
 40
0.0
  9
$USERR2
 40
0.0
  9
$USERR3
 40
0.0
  9
$USERR4
 40
0.0
  9
$USERR5
 40
0.0
  9
$WORLDVIEW
 70
     1
  9
$SHADEDGE
 70
     3
  9
$SHADEDIF
 70
    70
  9
$TILEMODE
 70
     0
  9
$MAXACTVP
 70
    64
  9
$PINSBASE
 10
0.0
 20
0.0
 30
0.0
  9
$PLIMCHECK
 70
     0
  9
$PEXTMIN
 10
0.0
 20
0.0
 30
0.0
  9
$PEXTMAX
 10
0.0
 20
0.0
 30
0.0
  9
$PLIMMIN
 10
-20.0
 20
-7.5
  9
$PLIMMAX
 10
277.0
 20
202.5
  9
$UNITMODE
 70
     0
  9
$VISRETAIN
 70
     1
  9
$PLINEGEN
 70
     0
  9
$PSLTSCALE
 70
     1
  9
$TREEDEPTH
 70
  3020
  9
$CMLSTYLE
  2
Standard
  9
$CMLJUST
 70
     0
  9
$CMLSCALE
 40
20.0
  9
$PROXYGRAPHICS
 70
     1
  9
$MEASUREMENT
 70
     1
  9
$CELWEIGHT
370
    -1
  9
$ENDCAPS
280
     0
  9
$JOINSTYLE
280
     0
  9
$LWDISPLAY
290
     0
  9
$INSUNITS
 70
     4
  9
$HYPERLINKBASE
  1

  9
$STYLESHEET
  1

  9
$XEDIT
290
     1
  9
$CEPSNTYPE
380
     0
  9
$PSTYLEMODE
290
     1
  9
$FINGERPRINTGUID
  2
{d24b0efd-8bef-1e69-e7e3-05d2c3ab9392}
  9
$VERSIONGUID
  2
{FAEB1C32-E019-11D5-929B-00C0DF256EC4}
  9
$EXTNAMES
290
     1
  9
$PSVPSCALE
 40
0.0
  9
$OLESTARTUP
290
     0
  9
$SORTENTS
280
   127
  9
$INDEXCTL
280
     0
  9
$HIDETEXT
280
     1
  9
$XCLIPFRAME
280
     2
  9
$HALOGAP
280
     0
  9
$OBSCOLOR
 70
   257
  9
$OBSLTYPE
280
     0
  9
$INTERSECTIONDISPLAY
280
     0
  9
$INTERSECTIONCOLOR
 70
   257
  9
$DIMASSOC
280
     2
  9
$PROJECTNAME
  1

  9
$CAMERADISPLAY
290
     0
  9
$LENSLENGTH
 40
50.0
  9
$CAMERAHEIGHT
 40
0.0
  9
$STEPSPERSEC
 40
2.0
  9
$STEPSIZE
 40
6.0
  9
$3DDWFPREC
 40
2.0
  9
$PSOLWIDTH
 40
5.0
  9
$PSOLHEIGHT
 40
80.0
  9
$LOFTANG1
 40
1.570796326794897
  9
$LOFTANG2
 40
1.570796326794897
  9
$LOFTMAG1
 40
0.0
  9
$LOFTMAG2
 40
0.0
  9
$LOFTPARAM
 70
     7
  9
$LOFTNORMALS
280
     1
  9
$LATITUDE
 40
37.795
  9
$LONGITUDE
 40
-122.394
  9
$NORTHDIRECTION
 40
0.0
  9
$TIMEZONE
 70
 -8000
  9
$LIGHTGLYPHDISPLAY
280
     1
  9
$TILEMODELIGHTSYNCH
280
     1
  9
$CMATERIAL
347
44
  9
$SOLIDHIST
280
     0
  9
$SHOWHIST
280
     1
  9
$DWFFRAME
280
     2
  9
$DGNFRAME
280
     2
  9
$REALWORLDSCALE
290
     1
  9
$INTERFERECOLOR
 62
   256
  9
$CSHADOW
280
     0
  9
$SHADOWPLANELOCATION
 40
0.0
  0
ENDSEC
  0
SECTION
  2
CLASSES
  0
CLASS
  1
ACDBDICTIONARYWDFLT
  2
AcDbDictionaryWithDefault
  3
ObjectDBX Classes
 90
        0
 91
        3
280
     0
281
     0
  0
CLASS
  1
VISUALSTYLE
  2
AcDbVisualStyle
  3
ObjectDBX Classes
 90
     4095
 91
        3
280
     0
281
     0
  0
CLASS
  1
MATERIAL
  2
AcDbMaterial
  3
ObjectDBX Classes
 90
     1153
 91
        3
280
     0
281
     0
  0
CLASS
  1
SCALE
  2
AcDbScale
  3
ObjectDBX Classes
 90
     1153
 91
        3
280
     0
281
     0
  0
CLASS
  1
TABLESTYLE
  2
AcDbTableStyle
  3
ObjectDBX Classes
 90
     4095
 91
        3
280
     0
281
     0
  0
CLASS
  1
MLEADERSTYLE
  2
AcDbMLeaderStyle
  3
ACDB_MLEADERSTYLE_CLASS
 90
     4095
 91
        3
280
     0
281
     0
  0
CLASS
  1
SUN
  2
AcDbSun
  3
SCENEOE
 90
     1153
 91
        3
280
     0
281
     0
  0
CLASS
  1
DICTIONARYVAR
  2
AcDbDictionaryVar
  3
ObjectDBX Classes
 90
        0
 91
        3
280
     0
281
     0
  0
CLASS
  1
CELLSTYLEMAP
  2
AcDbCellStyleMap
  3
ObjectDBX Classes
 90
     1152
 91
        3
280
     0
281
     0
  0
ENDSEC
  0
SECTION
  2
TABLES
  0
TABLE
  2
VPORT
  5
8
330
0
100
AcDbSymbolTable
 70
     1
  0
VPORT
  5
29
330
8
100
AcDbSymbolTableRecord
100
AcDbViewportTableRecord
  2
*Active
 70
     0
 10
0.0
 20
0.0
 11
1.0
 21
1.0
 12
148.5
 22
105.0
 13
0.0
 23
0.0
 14
10.0
 24
10.0
 15
10.0
 25
10.0
 16
0.0
 26
0.0
 36
1.0
 17
0.0
 27
0.0
 37
0.0
 40
210.0
 41
1.414285714285714
 42
50.0
 43
0.0
 44
0.0
 50
0.0
 51
0.0
 71
     0
 72
   100
 73
     1
 74
     3
 75
     0
 76
     0
 77
     0
 78
     0
281
     0
 65
     1
110
0.0
120
0.0
130
0.0
111
1.0
121
0.0
131
0.0
112
0.0
122
1.0
132
0.0
 79
     0
146
0.0
348
2F
 60
     3
 61
     5
292
     1
282
     1
141
0.0
142
0.0
 63
   250
361
5D
  0
ENDTAB
  0
TABLE
  2
LTYPE
  5
5
330
0
100
AcDbSymbolTable
 70
     6
  0
LTYPE
  5
14
330
5
100
AcDbSymbolTableRecord
100
AcDbLinetypeTableRecord
  2
ByBlock
 70
     0
  3

 72
    65
 73
     0
 40
0.0
  0
LTYPE
  5
15
330
5
100
AcDbSymbolTableRecord
100
AcDbLinetypeTableRecord
  2
ByLayer
 70
     0
  3

 72
    65
 73
     0
 40
0.0
  0
LTYPE
  5
16
330
5
100
AcDbSymbolTableRecord
100
AcDbLinetypeTableRecord
  2
Continuous
 70
     0
  3
Solid line
 72
    65
 73
     0
 40
0.0
  0
LTYPE
  5
61
330
5
100
AcDbSymbolTableRecord
100
AcDbLinetypeTableRecord
  2
CenterLine
 70
     0
  3

 72
    65
 73
     4
 40
8.0
 49
5.0
 74
     0
 49
-1.0
 74
     0
 49
1.0
 74
     0
 49
-1.0
 74
     0
  0
LTYPE
  5
62
330
5
100
AcDbSymbolTableRecord
100
AcDbLinetypeTableRecord
  2
DraftedLine
 70
     0
  3

 72
    65
 73
     2
 40
3.0
 49
2.0
 74
     0
 49
-1.0
 74
     0
  0
LTYPE
  5
63
330
5
100
AcDbSymbolTableRecord
100
AcDbLinetypeTableRecord
  2
SectionLineISO
 70
     0
  3

 72
    65
 73
     5
 40
13.75833333333342
 49
4.23333333333336
 74
     0
 49
-2.11666666666668
 74
     0
 49
1.05833333333334
 74
     0
 49
-2.11666666666668
 74
     0
 49
4.23333333333336
 74
     0
  0
LTYPE
  5
64
330
5
100
AcDbSymbolTableRecord
100
AcDbLinetypeTableRecord
  2
SectionLineANSI
 70
     0
  3

 72
    65
 73
     7
 40
11.99444444444452
 49
4.23333333333336
 74
     0
 49
-1.05833333333334
 74
     0
 49
0.17638888888889
 74
     0
 49
-1.05833333333334
 74
     0
 49
0.17638888888889
 74
     0
 49
-1.05833333333334
 74
     0
 49
4.23333333333336
 74
     0
  0
LTYPE
  5
65
330
5
100
AcDbSymbolTableRecord
100
AcDbLinetypeTableRecord
  2
DetailCircleISO
 70
     0
  3

 72
    65
 73
     5
 40
13.75833333333342
 49
4.23333333333336
 74
     0
 49
-2.11666666666668
 74
     0
 49
1.05833333333334
 74
     0
 49
-2.11666666666668
 74
     0
 49
4.23333333333336
 74
     0
  0
ENDTAB
  0
TABLE
  2
LAYER
  5
2
330
0
100
AcDbSymbolTable
 70
     4
  0
LAYER
  5
10
330
2
100
AcDbSymbolTableRecord
100
AcDbLayerTableRecord
  2
0
 70
     0
 62
     7
  6
Continuous
370
    -3
390
F
347
46
  0
LAYER
  5
5E
330
2
100
AcDbSymbolTableRecord
100
AcDbLayerTableRecord
  2
Geometries
 70
     0
 62
     7
  6
Continuous
370
    -3
390
F
347
46
  0
LAYER
  5
5F
330
2
100
AcDbSymbolTableRecord
100
AcDbLayerTableRecord
  2
Annotations
 70
     0
 62
     7
  6
Continuous
370
    -3
390
F
347
46
  0
LAYER
  5
60
330
2
100
AcDbSymbolTableRecord
100
AcDbLayerTableRecord
  2
Border
 70
     0
 62
     7
  6
Continuous
370
    -3
390
F
347
46
  0
ENDTAB
  0
TABLE
  2
STYLE
  5
3
330
0
100
AcDbSymbolTable
 70
    20
  0
STYLE
  5
11
330
3
100
AcDbSymbolTableRecord
100
AcDbTextStyleTableRecord
  2
Standard
 70
     0
 40
0.0
 41
1.0
 50
0.0
 71
     0
 42
2.5
  3
txt
  4

  0
STYLE
  5
66
330
3
100
AcDbSymbolTableRecord
100
AcDbTextStyleTableRecord
  2
Shapr0
 70
     0
 40
2.3925
 41
1.0
 50
0.0
 71
     0
 42
2.5
  3

  4

  0
STYLE
  5
67
330
3
100
AcDbSymbolTableRecord
100
AcDbTextStyleTableRecord
  2
Shapr1
 70
     0
 40
2.3925
 41
1.0
 50
0.0
 71
     0
 42
2.5
  3

  4

  0
STYLE
  5
68
330
3
100
AcDbSymbolTableRecord
100
AcDbTextStyleTableRecord
  2
Shapr2
 70
     0
 40
2.3925
 41
1.0
 50
0.0
 71
     0
 42
2.5
  3

  4

  0
STYLE
  5
69
330
3
100
AcDbSymbolTableRecord
100
AcDbTextStyleTableRecord
  2
Shapr3
 70
     0
 40
2.3925
 41
1.0
 50
0.0
 71
     0
 42
2.5
  3

  4

  0
STYLE
  5
6A
330
3
100
AcDbSymbolTableRecord
100
AcDbTextStyleTableRecord
  2
Shapr4
 70
     0
 40
2.3925
 41
1.0
 50
0.0
 71
     0
 42
2.5
  3

  4

  0
STYLE
  5
6B
330
3
100
AcDbSymbolTableRecord
100
AcDbTextStyleTableRecord
  2
Shapr5
 70
     0
 40
2.3925
 41
1.0
 50
0.0
 71
     0
 42
2.5
  3

  4

  0
STYLE
  5
6C
330
3
100
AcDbSymbolTableRecord
100
AcDbTextStyleTableRecord
  2
Shapr6
 70
     0
 40
2.3925
 41
1.0
 50
0.0
 71
     0
 42
2.5
  3

  4

  0
STYLE
  5
6D
330
3
100
AcDbSymbolTableRecord
100
AcDbTextStyleTableRecord
  2
Shapr7
 70
     0
 40
2.3925
 41
1.0
 50
0.0
 71
     0
 42
2.5
  3

  4

  0
STYLE
  5
6E
330
3
100
AcDbSymbolTableRecord
100
AcDbTextStyleTableRecord
  2
Shapr8
 70
     0
 40
2.3925
 41
1.0
 50
0.0
 71
     0
 42
2.5
  3

  4

  0
STYLE
  5
6F
330
3
100
AcDbSymbolTableRecord
100
AcDbTextStyleTableRecord
  2
Shapr9
 70
     0
 40
2.3925
 41
1.0
 50
0.0
 71
     0
 42
2.5
  3

  4

  0
STYLE
  5
70
330
3
100
AcDbSymbolTableRecord
100
AcDbTextStyleTableRecord
  2
Shapr10
 70
     0
 40
2.3925
 41
1.0
 50
0.0
 71
     0
 42
2.5
  3

  4

  0
STYLE
  5
71
330
3
100
AcDbSymbolTableRecord
100
AcDbTextStyleTableRecord
  2
Shapr11
 70
     0
 40
2.3925
 41
1.0
 50
0.0
 71
     0
 42
2.5
  3

  4

  0
STYLE
  5
72
330
3
100
AcDbSymbolTableRecord
100
AcDbTextStyleTableRecord
  2
Shapr12
 70
     0
 40
2.3925
 41
1.0
 50
0.0
 71
     0
 42
2.5
  3

  4

  0
STYLE
  5
73
330
3
100
AcDbSymbolTableRecord
100
AcDbTextStyleTableRecord
  2
Shapr13
 70
     0
 40
2.3925
 41
1.0
 50
0.0
 71
     0
 42
2.5
  3

  4

  0
STYLE
  5
74
330
3
100
AcDbSymbolTableRecord
100
AcDbTextStyleTableRecord
  2
Shapr14
 70
     0
 40
2.3925
 41
1.0
 50
0.0
 71
     0
 42
2.5
  3

  4

  0
STYLE
  5
75
330
3
100
AcDbSymbolTableRecord
100
AcDbTextStyleTableRecord
  2
Shapr15
 70
     0
 40
2.3925
 41
1.0
 50
0.0
 71
     0
 42
2.5
  3

  4

  0
STYLE
  5
76
330
3
100
AcDbSymbolTableRecord
100
AcDbTextStyleTableRecord
  2
Shapr16
 70
     0
 40
2.3925
 41
1.0
 50
0.0
 71
     0
 42
2.5
  3

  4

  0
STYLE
  5
77
330
3
100
AcDbSymbolTableRecord
100
AcDbTextStyleTableRecord
  2
Shapr17
 70
     0
 40
2.3925
 41
1.0
 50
0.0
 71
     0
 42
2.5
  3

  4

  0
STYLE
  5
78
330
3
100
AcDbSymbolTableRecord
100
AcDbTextStyleTableRecord
  2
Shapr18
 70
     0
 40
2.3925
 41
1.0
 50
0.0
 71
     0
 42
2.5
  3

  4

  0
ENDTAB
  0
TABLE
  2
VIEW
  5
6
330
0
100
AcDbSymbolTable
 70
     0
  0
ENDTAB
  0
TABLE
  2
UCS
  5
7
330
0
100
AcDbSymbolTable
 70
     0
  0
ENDTAB
  0
TABLE
  2
APPID
  5
9
330
0
100
AcDbSymbolTable
 70
     1
  0
APPID
  5
12
330
9
100
AcDbSymbolTableRecord
100
AcDbRegAppTableRecord
  2
ACAD
 70
     0
  0
ENDTAB
  0
TABLE
  2
DIMSTYLE
  5
A
330
0
100
AcDbSymbolTable
 70
     1
100
AcDbDimStyleTable
  0
DIMSTYLE
105
27
330
A
100
AcDbSymbolTableRecord
100
AcDbDimStyleTableRecord
  2
ISO-25
 70
     0
 41
2.5
 42
0.625
 43
3.75
 44
1.25
 73
     0
 74
     0
 77
     1
 78
     8
140
2.5
141
2.5
143
0.0393700787401575
147
0.625
171
     3
172
     1
178
     0
271
     2
272
     2
274
     3
278
    44
283
     0
284
     8
340
11
  0
ENDTAB
  0
TABLE
  2
BLOCK_RECORD
  5
1
330
0
100
AcDbSymbolTable
 70
     2
  0
BLOCK_RECORD
  5
1F
330
1
100
AcDbSymbolTableRecord
100
AcDbBlockTableRecord
  2
*Model_Space
340
22
 70
     4
280
     1
281
     0
  0
BLOCK_RECORD
  5
79
330
1
100
AcDbSymbolTableRecord
100
AcDbBlockTableRecord
  2
*Paper_Space
340
7A
 70
     0
280
     1
281
     0
  0
BLOCK_RECORD
  5
23
330
1
100
AcDbSymbolTableRecord
100
AcDbBlockTableRecord
  2
*Paper_Space0
340
26
 70
     0
280
     1
281
     0
  0
BLOCK_RECORD
  5
1B
330
1
100
AcDbSymbolTableRecord
100
AcDbBlockTableRecord
  2
*Paper_Space1
340
1E
 70
     4
280
     1
281
     0
  0
ENDTAB
  0
ENDSEC
  0
SECTION
  2
BLOCKS
  0
BLOCK
  5
20
330
1F
100
AcDbEntity
  8
0
100
AcDbBlockBegin
  2
*Model_Space
 70
     0
 10
0.0
 20
0.0
 30
0.0
  3
*Model_Space
  1

  0
ENDBLK
  5
21
330
1F
100
AcDbEntity
  8
0
100
AcDbBlockEnd
  0
BLOCK
  5
7B
330
79
100
AcDbEntity
 67
     1
  8
0
100
AcDbBlockBegin
  2
*Paper_Space
 70
     0
 10
0.0
 20
0.0
 30
0.0
  3
*Paper_Space
  1

  0
ENDBLK
  5
7C
330
79
100
AcDbEntity
 67
     1
  8
0
100
AcDbBlockEnd
  0
BLOCK
  5
24
330
23
100
AcDbEntity
  8
0
100
AcDbBlockBegin
  2
*Paper_Space0
 70
     0
 10
0.0
 20
0.0
 30
0.0
  3
*Paper_Space0
  1

  0
ENDBLK
  5
25
330
23
100
AcDbEntity
  8
0
100
AcDbBlockEnd
  0
BLOCK
  5
1C
330
1B
100
AcDbEntity
  8
0
100
AcDbBlockBegin
  2
*Paper_Space1
 70
     0
 10
0.0
 20
0.0
 30
0.0
  3
*Paper_Space1
  1

  0
ENDBLK
  5
1D
330
1B
100
AcDbEntity
  8
0
100
AcDbBlockEnd
  0
ENDSEC
  0
SECTION
  2
ENTITIES
  0
LINE
  5
81
330
1F
100
AcDbEntity
  8
Geometries
  6
Continuous
370
    13
100
AcDbLine
 10
68.06393306853349
 20
118.1641757029529
 30
0.0
 11
68.0443759885763
 21
118.1685343275197
 31
0.0
  0
LINE
  5
82
330
1F
100
AcDbEntity
  8
Geometries
  6
Continuous
370
    13
100
AcDbLine
 10
219.620641850519
 20
119.6678970106833
 30
0.0
 11
218.4168357859117
 21
119.5721358470067
 31
0.0
  0
LINE
  5
83
330
1F
100
AcDbEntity
  8
Geometries
  6
Continuous
370
    13
100
AcDbLine
 10
70.8515834616041
 20
117.6103446599325
 30
0.0
 11
70.58822894704909
 21
117.6577175701148
 31
0.0
  0
LINE
  5
84
330
1F
100
AcDbEntity
  8
Geometries
  6
Continuous
370
    13
100
AcDbLine
 10
185.7792201956703
 20
117.252328185229
 30
0.0
 11
185.1498619911117
 21
117.212882511586
 31
0.0
  0
LINE
  5
85
330
1F
100
AcDbEntity
  8
Geometries
  6
Continuous
370
    13
100
AcDbLine
 10
202.8450903161861
 20
118.3982305756493
 30
0.0
 11
201.8428358821078
 21
118.326779355221
 31
0.0
  0
LINE
  5
86
330
1F
100
AcDbEntity
  8
Geometries
  6
Continuous
370
    13
100
AcDbLine
 10
68.19099722374908
 20
118.1360448443941
 30
0.0
 11
68.16551077160929
 21
118.1416619266228
 31
0.0
  0
LINE
  5
87
330
1F
100
AcDbEntity
  8
Geometries
  6
Continuous
370
    13
100
AcDbLine
 10
59.17536801277417
 20
124.209995491089
 30
0.0
 11
59.16834825984418
 21
124.2026956224512
 31
0.0
  0
LINE
  5
88
330
1F
100
AcDbEntity
  8
Geometries
  6
Continuous
370
    13
100
AcDbLine
 10
69.7912107210788
 20
117.8066417473553
 30
0.0
 11
69.7648807453147
 21
117.8117183144584
 31
0.0
  0
LINE
  5
89
330
1F
100
AcDbEntity
  8
Geometries
  6
Continuous
370
    13
100
AcDbLine
 10
216.0185526360001
 20
119.383560638753
 30
0.0
 11
214.824221269948
 21
119.2907317786267
 31
0.0
  0
LINE
  5
8A
330
1F
100
AcDbEntity
  8
Geometries
  6
Continuous
370
    13
100
AcDbLine
 10
68.08927227848011
 20
118.1585404417581
 30
0.0
 11
68.06393306853349
 21
118.1641757029529
 31
0.0
  0
LINE
  5
8B
330
1F
100
AcDbEntity
  8
Geometries
  6
Continuous
370
    13
100
AcDbLine
 10
63.16506030592797
 20
126.5090523110527
 30
0.0
 11
62.98346275207027
 21
126.4456469190721
 31
0.0
  0
LINE
  5
8C
330
1F
100
AcDbEntity
  8
Geometries
  6
Continuous
370
    13
100
AcDbLine
 10
234.5986019108385
 20
125.0747851919255
 30
0.0
 11
231.8925328607289
 21
125.310878225375
 31
0.0
  0
LINE
  5
8D
330
1F
100
AcDbEntity
  8
Geometries
  6
Continuous
370
    13
100
AcDbLine
 10
192.7692118049598
 20
128.2952886104733
 30
0.0
 11
190.3842762010768
 21
128.4518268512483
 31
0.0
  0
LINE
  5
8E
330
1F
100
AcDbEntity
  8
Geometries
  6
Continuous
370
    13
100
AcDbLine
 10
68.21652048643718
 20
118.130432306907
 30
0.0
 11
68.19099722374908
 21
118.1360448443941
 31
0.0
  0
LINE
  5
8F
330
1F
100
AcDbEntity
  8
Geometries
  6
Continuous
370
    13
100
AcDbLine
 10
174.4251475471409
 20
116.5761826509397
 30
0.0
 11
174.0919566893963
 21
116.5576146540148
 31
0.0
  0
LINE
  5
90
330
1F
100
AcDbEntity
  8
Geometries
  6
Continuous
370
    13
100
AcDbLine
 10
77.91827362907777
 20
116.5750964406732
 30
0.0
 11
77.57466823723338
 21
116.617248462849
 31
0.0
  0
LINE
  5
91
330
1F
100
AcDbEntity
  8
Geometries
  6
Continuous
370
    13
100
AcDbLine
 10
233.8851606518996
 20
120.8616624806367
 30
0.0
 11
232.1946265606224
 21
120.7143628138954
 31
0.0
  0
LINE
  5
92
330
1F
100
AcDbEntity
  8
Geometries
  6
Continuous
370
    13
100
AcDbLine
 10
230.6724737296649
 20
125.4160012228708
 30
0.0
 11
230.6088520118699
 21
125.4214605155434
 31
0.0
  0
LINE
  5
93
330
1F
100
AcDbEntity
  8
Geometries
  6
Continuous
370
    13
100
AcDbLine
 10
70.0287300537037
 20
117.7613231280835
 30
0.0
 11
69.7912107210788
 21
117.8066417473553
 31
0.0
  0
LINE
  5
94
330
1F
100
AcDbEntity
  8
Geometries
  6
Continuous
370
    13
100
AcDbLine
 10
209.7161412577095
 20
118.9016226682436
 30
0.0
 11
209.4109939706288
 21
118.8787767887156
 31
0.0
  0
LINE
  5
95
330
1F
100
AcDbEntity
  8
Geometries
  6
Continuous
370
    13
100
AcDbLine
 10
68.11464829897471
 20
118.1529097253049
 30
0.0
 11
68.08927227848011
 21
118.1585404417581
 31
0.0
  0
LINE
  5
96
330
1F
100
AcDbEntity
  8
Geometries
  6
Continuous
370
    13
100
AcDbLine
 10
78.25667903812209
 20
116.5342760089972
 30
0.0
 11
77.91827362907777
 21
116.5750964406732
 31
0.0
  0
LINE
  5
97
330
1F
100
AcDbEntity
  8
Geometries
  6
Continuous
370
    13
100
AcDbLine
 10
194.1047006003619
 20
128.2063616953463
 30
0.0
 11
192.7692118049598
 21
128.2952886104733
 31
0.0
  0
LINE
  5
98
330
1F
100
AcDbEntity
  8
Geometries
  6
Continuous
370
    13
100
AcDbLine
 10
200.8762068932791
 20
127.7407299506622
 30
0.0
 11
200.7448988049177
 21
127.7499877153762
 31
0.0
  0
LINE
  5
99
330
1F
100
AcDbEntity
  8
Geometries
  6
Continuous
370
    13
100
AcDbLine
 10
183.8457075712174
 20
117.1318080588948
 30
0.0
 11
183.1716040836145
 21
117.0902618013126
 31
0.0
  0
LINE
  5
9A
330
1F
100
AcDbEntity
  8
Geometries
  6
Continuous
370
    13
100
AcDbLine
 10
60.79767499904558
 20
120.4892165652717
 30
0.0
 11
60.77076227154697
 21
120.5069836879443
 31
0.0
  0
LINE
  5
9B
330
1F
100
AcDbEntity
  8
Geometries
  6
Continuous
370
    13
100
AcDbLine
 10
90.45233610676621
 20
115.4582906130474
 30
0.0
 11
90.24239974404941
 21
115.4714249778234
 31
0.0
  0
LINE
  5
9C
330
1F
100
AcDbEntity
  8
Geometries
  6
Continuous
370
    13
100
AcDbLine
 10
145.3668918748658
 20
115.2431068992162
 30
0.0
 11
144.2980404773026
 21
115.2069304557429
 31
0.0
  0
LINE
  5
9D
330
1F
100
AcDbEntity
  8
Geometries
  6
Continuous
370
    13
100
AcDbLine
 10
183.0396376419961
 20
128.9168613227564
 30
0.0
 11
182.894801829439
 21
128.9257494343749
 31
0.0
  0
LINE
  5
9E
330
1F
100
AcDbEntity
  8
Geometries
  6
Continuous
370
    13
100
AcDbLine
 10
248.2382654978333
 20
123.559302518203
 30
0.0
 11
248.2845986371266
 21
123.5066543547024
 31
0.0
  0
LINE
  5
9F
330
1F
100
AcDbEntity
  8
Geometries
  6
Continuous
370
    13
100
AcDbLine
 10
184.9633081700186
 20
128.7977105313661
 30
0.0
 11
183.6274384193047
 21
128.8806689715248
 31
0.0
  0
LINE
  5
A0
330
1F
100
AcDbEntity
  8
Geometries
  6
Continuous
370
    13
100
AcDbLine
 10
70.30506244685401
 20
117.709626025486
 30
0.0
 11
70.0287300537037
 21
117.7613231280835
 31
0.0
  0
LINE
  5
A1
330
1F
100
AcDbEntity
  8
Geometries
  6
Continuous
370
    13
100
AcDbLine
 10
237.3043453233968
 20
124.8346662875229
 30
0.0
 11
234.5986019108385
 21
125.0747851919255
 31
0.0
  0
LINE
  5
A2
330
1F
100
AcDbEntity
  8
Geometries
  6
Continuous
370
    13
100
AcDbLine
 10
68.14006113001781
 20
118.1472835535929
 30
0.0
 11
68.11464829897471
 21
118.1529097253049
 31
0.0
  0
LINE
  5
A3
330
1F
100
AcDbEntity
  8
Geometries
  6
Continuous
370
    13
100
AcDbLine
 10
65.49125165354167
 20
127.2239872432169
 30
0.0
 11
65.47229764256969
 21
127.2190316314844
 31
0.0
  0
LINE
  5
A4
330
1F
100
AcDbEntity
  8
Geometries
  6
Continuous
370
    13
100
AcDbLine
 10
70.58822894704909
 20
117.6577175701148
 30
0.0
 11
70.30506244685401
 21
117.709626025486
 31
0.0
  0
LINE
  5
A5
330
1F
100
AcDbEntity
  8
Geometries
  6
Continuous
370
    13
100
AcDbLine
 10
58.64252502720488
 20
122.4922349175621
 30
0.0
 11
58.61468819969889
 21
122.5485237574143
 31
0.0
  0
LINE
  5
A6
330
1F
100
AcDbEntity
  8
Geometries
  6
Continuous
370
    13
100
AcDbLine
 10
68.16551077160929
 20
118.1416619266228
 30
0.0
 11
68.14006113001781
 21
118.1472835535929
 31
0.0
  0
LINE
  5
A7
330
1F
100
AcDbEntity
  8
Geometries
  6
Continuous
370
    13
100
AcDbLine
 10
248.2845986371266
 20
123.5066543547024
 30
0.0
 11
248.3268734205027
 21
123.4512060010756
 31
0.0
  0
LINE
  5
A8
330
1F
100
AcDbEntity
  8
Geometries
  6
Continuous
370
    13
100
AcDbLine
 10
117.599675799063
 20
114.7174680615518
 30
0.0
 11
116.7007288291099
 21
114.7177628118129
 31
0.0
  0
LINE
  5
A9
330
1F
100
AcDbEntity
  8
Geometries
  6
Continuous
370
    13
100
AcDbLine
 10
99.74155961204181
 20
115.009513634638
 30
0.0
 11
99.5529081644078
 21
115.0163237593407
 31
0.0
  0
LINE
  5
AA
330
1F
100
AcDbEntity
  8
Geometries
  6
Continuous
370
    13
100
AcDbLine
 10
63.27476945687488
 20
119.4506420686936
 30
0.0
 11
63.23380398357379
 21
119.465362875276
 31
0.0
  0
LINE
  5
AB
330
1F
100
AcDbEntity
  8
Geometries
  6
Continuous
370
    13
100
AcDbLine
 10
153.2044952904102
 20
130.4610766528941
 30
0.0
 11
152.943105290395
 21
130.471662662737
 31
0.0
  0
LINE
  5
AC
330
1F
100
AcDbEntity
  8
Geometries
  6
Continuous
370
    13
100
AcDbLine
 10
68.24208055967368
 20
118.1248243141612
 30
0.0
 11
68.21652048643718
 21
118.130432306907
 31
0.0
  0
LINE
  5
AD
330
1F
100
AcDbEntity
  8
Geometries
  6
Continuous
370
    13
100
AcDbLine
 10
198.8504940669813
 20
118.1165283970898
 30
0.0
 11
197.8569838066691
 21
118.0477563050528
 31
0.0
  0
LINE
  5
AE
330
1F
100
AcDbEntity
  8
Geometries
  6
Continuous
370
    13
100
AcDbLine
 10
68.5044240413629
 20
118.0679834638893
 30
0.0
 11
68.24208055967368
 21
118.1248243141612
 31
0.0
  0
LINE
  5
AF
330
1F
100
AcDbEntity
  8
Geometries
  6
Continuous
370
    13
100
AcDbLine
 10
176.8847406080754
 20
129.283443346626
 30
0.0
 11
176.8359014941654
 21
129.2862556149438
 31
0.0
  0
LINE
  5
B0
330
1F
100
AcDbEntity
  8
Geometries
  6
Continuous
370
    13
100
AcDbLine
 10
200.189740861582
 20
127.7890302129984
 30
0.0
 11
199.5317440691908
 21
127.8350981543109
 31
0.0
  0
LINE
  5
B1
330
1F
100
AcDbEntity
  8
Geometries
  6
Continuous
370
    13
100
AcDbLine
 10
182.7893471405258
 20
128.9322133768799
 30
0.0
 11
182.7733656650797
 21
128.9331924258626
 31
0.0
  0
LINE
  5
B2
330
1F
100
AcDbEntity
  8
Geometries
  6
Continuous
370
    13
100
AcDbLine
 10
63.57801271577219
 20
119.3441313301508
 30
0.0
 11
63.54797916908562
 21
119.3544535998327
 31
0.0
  0
LINE
  5
B3
330
1F
100
AcDbEntity
  8
Geometries
  6
Continuous
370
    13
100
AcDbLine
 10
68.86539915147758
 20
117.9918381915751
 30
0.0
 11
68.5044240413629
 21
118.0679834638893
 31
0.0
  0
LINE
  5
B4
330
1F
100
AcDbEntity
  8
Geometries
  6
Continuous
370
    13
100
AcDbLine
 10
183.1716040836145
 20
117.0902618013126
 30
0.0
 11
182.5018376739901
 21
117.0492321998669
 31
0.0
  0
LINE
  5
B5
330
1F
100
AcDbEntity
  8
Geometries
  6
Continuous
370
    13
100
AcDbLine
 10
153.2642356685494
 20
115.5404909611563
 30
0.0
 11
152.9404141409198
 21
115.527340577705
 31
0.0
  0
LINE
  5
B6
330
1F
100
AcDbEntity
  8
Geometries
  6
Continuous
370
    13
100
AcDbLine
 10
247.6454341693855
 20
123.8758446288103
 30
0.0
 11
247.7308721333712
 21
123.8573005158138
 31
0.0
  0
LINE
  5
B7
330
1F
100
AcDbEntity
  8
Geometries
  6
Continuous
370
    13
100
AcDbLine
 10
131.7645229390076
 20
131.1303601048418
 30
0.0
 11
129.720154087013
 21
131.1682252572655
 31
0.0
  0
LINE
  5
B8
330
1F
100
AcDbEntity
  8
Geometries
  6
Continuous
370
    13
100
AcDbLine
 10
69.2333581782093
 20
117.9165551747109
 30
0.0
 11
68.86539915147758
 21
117.9918381915751
 31
0.0
  0
LINE
  5
B9
330
1F
100
AcDbEntity
  8
Geometries
  6
Continuous
370
    13
100
AcDbLine
 10
152.8045312970936
 20
130.4772528132011
 30
0.0
 11
150.6517570730054
 21
130.5627427222439
 31
0.0
  0
LINE
  5
BA
330
1F
100
AcDbEntity
  8
Geometries
  6
Continuous
370
    13
100
AcDbLine
 10
226.9701095394595
 20
125.7299941930777
 30
0.0
 11
226.1466060693913
 21
125.7988126172563
 31
0.0
  0
LINE
  5
BB
330
1F
100
AcDbEntity
  8
Geometries
  6
Continuous
370
    13
100
AcDbLine
 10
80.49133340090059
 20
116.2830738878359
 30
0.0
 11
79.9403184170043
 21
116.3421421505132
 31
0.0
  0
LINE
  5
BC
330
1F
100
AcDbEntity
  8
Geometries
  6
Continuous
370
    13
100
AcDbLine
 10
62.19351767138667
 20
119.8238108972657
 30
0.0
 11
62.08848360201419
 21
119.8617033082262
 31
0.0
  0
LINE
  5
BD
330
1F
100
AcDbEntity
  8
Geometries
  6
Continuous
370
    13
100
AcDbLine
 10
72.45061057738081
 20
117.3385988143097
 30
0.0
 11
72.20408504148598
 21
117.3789132080895
 31
0.0
  0
LINE
  5
BE
330
1F
100
AcDbEntity
  8
Geometries
  6
Continuous
370
    13
100
AcDbLine
 10
156.998796555561
 20
115.6982110902383
 30
0.0
 11
156.3929289627962
 21
115.6718203266872
 31
0.0
  0
LINE
  5
BF
330
1F
100
AcDbEntity
  8
Geometries
  6
Continuous
370
    13
100
AcDbLine
 10
138.1532025692702
 20
115.0203519217402
 30
0.0
 11
137.1639609785283
 21
114.9939272006862
 31
0.0
  0
LINE
  5
C0
330
1F
100
AcDbEntity
  8
Geometries
  6
Continuous
370
    13
100
AcDbLine
 10
221.5738641080192
 20
126.1742352786422
 30
0.0
 11
221.501538772529
 21
126.1800830294843
 31
0.0
  0
LINE
  5
C1
330
1F
100
AcDbEntity
  8
Geometries
  6
Continuous
370
    13
100
AcDbLine
 10
64.75310214231325
 20
127.0223818359301
 30
0.0
 11
64.74152356650107
 21
127.0190642624868
 31
0.0
  0
LINE
  5
C2
330
1F
100
AcDbEntity
  8
Geometries
  6
Continuous
370
    13
100
AcDbLine
 10
79.9403184170043
 20
116.3421421505132
 30
0.0
 11
79.80246724481849
 21
116.357204053557
 31
0.0
  0
LINE
  5
C3
330
1F
100
AcDbEntity
  8
Geometries
  6
Continuous
370
    13
100
AcDbLine
 10
247.555834219022
 20
122.1112375570592
 30
0.0
 11
245.2837190070498
 21
121.896302528998
 31
0.0
  0
LINE
  5
C4
330
1F
100
AcDbEntity
  8
Geometries
  6
Continuous
370
    13
100
AcDbLine
 10
242.5092362311725
 20
124.361303496357
 30
0.0
 11
242.4868532942507
 21
124.3633715376419
 31
0.0
  0
LINE
  5
C5
330
1F
100
AcDbEntity
  8
Geometries
  6
Continuous
370
    13
100
AcDbLine
 10
69.60830112155789
 20
117.8421344132968
 30
0.0
 11
69.2333581782093
 21
117.9165551747109
 31
0.0
  0
LINE
  5
C6
330
1F
100
AcDbEntity
  8
Geometries
  6
Continuous
370
    13
100
AcDbLine
 10
75.93768054252989
 20
116.8269008187478
 30
0.0
 11
75.647083821317
 21
116.8655543010687
 31
0.0
  0
LINE
  5
C7
330
1F
100
AcDbEntity
  8
Geometries
  6
Continuous
370
    13
100
AcDbLine
 10
248.4742448370669
 20
122.8628535939157
 30
0.0
 11
248.4540183449211
 21
122.7965190847411
 31
0.0
  0
LINE
  5
C8
330
1F
100
AcDbEntity
  8
Geometries
  6
Continuous
370
    13
100
AcDbLine
 10
62.98346275207027
 20
126.4456469190721
 30
0.0
 11
62.96887133263037
 21
126.4406314861504
 31
0.0
  0
LINE
  5
C9
330
1F
100
AcDbEntity
  8
Geometries
  6
Continuous
370
    13
100
AcDbLine
 10
63.8057086271574
 20
119.2675628617141
 30
0.0
 11
63.66883868418189
 21
119.3132367517462
 31
0.0
  0
LINE
  5
CA
330
1F
100
AcDbEntity
  8
Geometries
  6
Continuous
370
    13
100
AcDbLine
 10
60.62257060490988
 20
120.6068778688717
 30
0.0
 11
60.59020666575388
 21
120.6290684185699
 31
0.0
  0
LINE
  5
CB
330
1F
100
AcDbEntity
  8
Geometries
  6
Continuous
370
    13
100
AcDbLine
 10
151.3127486185332
 20
115.4624065275845
 30
0.0
 11
150.9921707778635
 21
115.4498505478064
 31
0.0
  0
LINE
  5
CC
330
1F
100
AcDbEntity
  8
Geometries
  6
Continuous
370
    13
100
AcDbLine
 10
137.8967281717165
 20
130.991305787515
 30
0.0
 11
135.8527776101321
 21
131.0428799878788
 31
0.0
  0
LINE
  5
CD
330
1F
100
AcDbEntity
  8
Geometries
  6
Continuous
370
    13
100
AcDbLine
 10
156.6827732343546
 20
130.3147241513479
 30
0.0
 11
155.1486479628865
 21
130.380554787498
 31
0.0
  0
LINE
  5
CE
330
1F
100
AcDbEntity
  8
Geometries
  6
Continuous
370
    13
100
AcDbLine
 10
219.0246212954982
 20
126.3786941890571
 30
0.0
 11
218.7310633303582
 21
126.402021780979
 31
0.0
  0
LINE
  5
CF
330
1F
100
AcDbEntity
  8
Geometries
  6
Continuous
370
    13
100
AcDbLine
 10
89.99067193379449
 20
130.5116758106591
 30
0.0
 11
89.97750641883479
 21
130.5108326549596
 31
0.0
  0
LINE
  5
D0
330
1F
100
AcDbEntity
  8
Geometries
  6
Continuous
370
    13
100
AcDbLine
 10
247.5580498502205
 20
123.8876364269711
 30
0.0
 11
245.6305316781308
 21
124.0701631569304
 31
0.0
  0
LINE
  5
D1
330
1F
100
AcDbEntity
  8
Geometries
  6
Continuous
370
    13
100
AcDbLine
 10
75.647083821317
 20
116.8655543010687
 30
0.0
 11
75.3629979945337
 21
116.9038834981573
 31
0.0
  0
LINE
  5
D2
330
1F
100
AcDbEntity
  8
Geometries
  6
Continuous
370
    13
100
AcDbLine
 10
239.5584798505447
 20
124.6315179201035
 30
0.0
 11
239.5128103129775
 21
124.6356618709455
 31
0.0
  0
LINE
  5
D3
330
1F
100
AcDbEntity
  8
Geometries
  6
Continuous
370
    13
100
AcDbLine
 10
227.5448845095137
 20
125.6817414559942
 30
0.0
 11
227.4312587504953
 21
125.6912947669692
 31
0.0
  0
LINE
  5
D4
330
1F
100
AcDbEntity
  8
Geometries
  6
Continuous
370
    13
100
AcDbLine
 10
73.4192026024936
 20
117.1849968198347
 30
0.0
 11
73.18606418871829
 21
117.2212646915364
 31
0.0
  0
LINE
  5
D5
330
1F
100
AcDbEntity
  8
Geometries
  6
Continuous
370
    13
100
AcDbLine
 10
63.48827473988699
 20
119.3751342545165
 30
0.0
 11
63.45860385737518
 21
119.3854926395188
 31
0.0
  0
LINE
  5
D6
330
1F
100
AcDbEntity
  8
Geometries
  6
Continuous
370
    13
100
AcDbLine
 10
60.91315018258778
 20
120.4148510176551
 30
0.0
 11
60.88666702593528
 21
120.4315952584717
 31
0.0
  0
LINE
  5
D7
330
1F
100
AcDbEntity
  8
Geometries
  6
Continuous
370
    13
100
AcDbLine
 10
69.6342310313712
 20
117.8370702187023
 30
0.0
 11
69.60830112155789
 21
117.8421344132968
 31
0.0
  0
LINE
  5
D8
330
1F
100
AcDbEntity
  8
Geometries
  6
Continuous
370
    13
100
AcDbLine
 10
244.7941910871732
 20
124.1487098833954
 30
0.0
 11
244.0477804739224
 21
124.2184786358306
 31
0.0
  0
LINE
  5
D9
330
1F
100
AcDbEntity
  8
Geometries
  6
Continuous
370
    13
100
AcDbLine
 10
151.6342405512637
 20
115.4750774086583
 30
0.0
 11
151.3127486185332
 21
115.4624065275845
 31
0.0
  0
LINE
  5
DA
330
1F
100
AcDbEntity
  8
Geometries
  6
Continuous
370
    13
100
AcDbLine
 10
73.6666342605685
 20
117.1470551853685
 30
0.0
 11
73.4192026024936
 21
117.1849968198347
 31
0.0
  0
LINE
  5
DB
330
1F
100
AcDbEntity
  8
Geometries
  6
Continuous
370
    13
100
AcDbLine
 10
248.3262711909612
 20
122.5484355169013
 30
0.0
 11
248.2838821708319
 21
122.4929136450044
 31
0.0
  0
LINE
  5
DC
330
1F
100
AcDbEntity
  8
Geometries
  6
Continuous
370
    13
100
AcDbLine
 10
69.6602276188429
 20
117.8320039620232
 30
0.0
 11
69.6342310313712
 21
117.8370702187023
 31
0.0
  0
LINE
  5
DD
330
1F
100
AcDbEntity
  8
Geometries
  6
Continuous
370
    13
100
AcDbLine
 10
73.90686471138869
 20
117.1108074463606
 30
0.0
 11
73.6666342605685
 21
117.1470551853685
 31
0.0
  0
LINE
  5
DE
330
1F
100
AcDbEntity
  8
Geometries
  6
Continuous
370
    13
100
AcDbLine
 10
175.4532551246895
 20
116.6339729844781
 30
0.0
 11
175.1095925031642
 21
116.6145715292387
 31
0.0
  0
LINE
  5
DF
330
1F
100
AcDbEntity
  8
Geometries
  6
Continuous
370
    13
100
AcDbLine
 10
69.68629088397321
 20
117.8269356432592
 30
0.0
 11
69.6602276188429
 21
117.8320039620232
 31
0.0
  0
LINE
  5
E0
330
1F
100
AcDbEntity
  8
Geometries
  6
Continuous
370
    13
100
AcDbLine
 10
156.3929289627962
 20
115.6718203266872
 30
0.0
 11
155.7804376813365
 21
115.6454711932847
 31
0.0
  0
LINE
  5
E1
330
1F
100
AcDbEntity
  8
Geometries
  6
Continuous
370
    13
100
AcDbLine
 10
74.13989395495399
 20
117.0762536028109
 30
0.0
 11
73.90686471138869
 21
117.1108074463606
 31
0.0
  0
LINE
  5
E2
330
1F
100
AcDbEntity
  8
Geometries
  6
Continuous
370
    13
100
AcDbLine
 10
69.71242082676189
 20
117.8218652624102
 30
0.0
 11
69.68629088397321
 21
117.8269356432592
 31
0.0
  0
LINE
  5
E3
330
1F
100
AcDbEntity
  8
Geometries
  6
Continuous
370
    13
100
AcDbLine
 10
93.07414810549928
 20
115.3077101687298
 30
0.0
 11
92.84887635114659
 21
115.319777820543
 31
0.0
  0
LINE
  5
E4
330
1F
100
AcDbEntity
  8
Geometries
  6
Continuous
370
    13
100
AcDbLine
 10
67.9929374335326
 20
118.1800434195793
 30
0.0
 11
67.93612293309978
 21
118.1928157522999
 31
0.0
  0
LINE
  5
E5
330
1F
100
AcDbEntity
  8
Geometries
  6
Continuous
370
    13
100
AcDbLine
 10
158.1906606750062
 20
115.7511175077842
 30
0.0
 11
157.598040459631
 21
115.7246434839371
 31
0.0
  0
LINE
  5
E6
330
1F
100
AcDbEntity
  8
Geometries
  6
Continuous
370
    13
100
AcDbLine
 10
74.94932901451746
 20
129.0383565141736
 30
0.0
 11
74.85772366154917
 21
129.0255789288964
 31
0.0
  0
LINE
  5
E7
330
1F
100
AcDbEntity
  8
Geometries
  6
Continuous
370
    13
100
AcDbLine
 10
194.9200986991553
 20
128.1515862985213
 30
0.0
 11
194.8825750232472
 21
128.1541150823072
 31
0.0
  0
LINE
  5
E8
330
1F
100
AcDbEntity
  8
Geometries
  6
Continuous
370
    13
100
AcDbLine
 10
79.25383410623438
 20
116.4182973262097
 30
0.0
 11
79.1173687091282
 21
116.4337820594924
 31
0.0
  0
LINE
  5
E9
330
1F
100
AcDbEntity
  8
Geometries
  6
Continuous
370
    13
100
AcDbLine
 10
76.5126521648989
 20
116.7516940723731
 30
0.0
 11
76.2267714504461
 21
116.7888864189013
 31
0.0
  0
LINE
  5
EA
330
1F
100
AcDbEntity
  8
Geometries
  6
Continuous
370
    13
100
AcDbLine
 10
218.7310633303582
 20
126.402021780979
 30
0.0
 11
218.6587301608375
 21
126.4077629277306
 31
0.0
  0
LINE
  5
EB
330
1F
100
AcDbEntity
  8
Geometries
  6
Continuous
370
    13
100
AcDbLine
 10
69.73861744720908
 20
117.8167928194769
 30
0.0
 11
69.71242082676189
 21
117.8218652624102
 31
0.0
  0
LINE
  5
EC
330
1F
100
AcDbEntity
  8
Geometries
  6
Continuous
370
    13
100
AcDbLine
 10
194.9576223320499
 20
128.1490567609512
 30
0.0
 11
194.9200986991553
 21
128.1515862985213
 31
0.0
  0
LINE
  5
ED
330
1F
100
AcDbEntity
  8
Geometries
  6
Continuous
370
    13
100
AcDbLine
 10
69.7648807453147
 20
117.8117183144584
 30
0.0
 11
69.73861744720908
 21
117.8167928194769
 31
0.0
  0
LINE
  5
EE
330
1F
100
AcDbEntity
  8
Geometries
  6
Continuous
370
    13
100
AcDbLine
 10
211.5233577312498
 20
119.0378393434195
 30
0.0
 11
210.6208564823595
 21
118.969618456305
 31
0.0
  0
LINE
  5
EF
330
1F
100
AcDbEntity
  8
Geometries
  6
Continuous
370
    13
100
AcDbLine
 10
71.12058599851018
 20
117.5627970780367
 30
0.0
 11
70.8515834616041
 21
117.6103446599325
 31
0.0
  0
LINE
  5
F0
330
1F
100
AcDbEntity
  8
Geometries
  6
Continuous
370
    13
100
AcDbLine
 10
83.48374239397039
 20
115.9916730867213
 30
0.0
 11
83.08737427684429
 21
116.0277744481112
 31
0.0
  0
LINE
  5
F1
330
1F
100
AcDbEntity
  8
Geometries
  6
Continuous
370
    13
100
AcDbLine
 10
75.96495840987589
 20
129.1757811524733
 30
0.0
 11
75.06634714791558
 21
129.0545779672586
 31
0.0
  0
LINE
  5
F2
330
1F
100
AcDbEntity
  8
Geometries
  6
Continuous
370
    13
100
AcDbLine
 10
108.2420917693448
 20
114.7905225928934
 30
0.0
 11
108.1158602532806
 21
114.7926510063099
 31
0.0
  0
LINE
  5
F3
330
1F
100
AcDbEntity
  8
Geometries
  6
Continuous
370
    13
100
AcDbLine
 10
98.06293092942029
 20
115.0737041148401
 30
0.0
 11
97.5584073686797
 21
115.0945303382048
 31
0.0
  0
LINE
  5
F4
330
1F
100
AcDbEntity
  8
Geometries
  6
Continuous
370
    13
100
AcDbLine
 10
247.8943750539066
 20
122.1991301370351
 30
0.0
 11
247.8126464552124
 21
122.1669997935811
 31
0.0
  0
LINE
  5
F5
330
1F
100
AcDbEntity
  8
Geometries
  6
Continuous
370
    13
100
AcDbLine
 10
176.8359014941654
 20
129.2862556149438
 30
0.0
 11
176.7972861934063
 21
129.2884780296136
 31
0.0
  0
LINE
  5
F6
330
1F
100
AcDbEntity
  8
Geometries
  6
Continuous
370
    13
100
AcDbLine
 10
74.84066346567359
 20
116.9759119932675
 30
0.0
 11
74.60116406731859
 21
117.0096828804522
 31
0.0
  0
LINE
  5
F7
330
1F
100
AcDbEntity
  8
Geometries
  6
Continuous
370
    13
100
AcDbLine
 10
71.3952365577675
 20
117.5150748244276
 30
0.0
 11
71.12058599851018
 21
117.5627970780367
 31
0.0
  0
LINE
  5
F8
330
1F
100
AcDbEntity
  8
Geometries
  6
Continuous
370
    13
100
AcDbLine
 10
247.5580498502205
 20
123.8876364269711
 30
0.0
 11
247.6454341693855
 21
123.8758446288103
 31
0.0
  0
LINE
  5
F9
330
1F
100
AcDbEntity
  8
Geometries
  6
Continuous
370
    13
100
AcDbLine
 10
59.78331365972467
 20
124.7656731633476
 30
0.0
 11
59.75735237710887
 21
124.7442369587997
 31
0.0
  0
LINE
  5
FA
330
1F
100
AcDbEntity
  8
Geometries
  6
Continuous
370
    13
100
AcDbLine
 10
82.37023443015349
 20
116.0948253391748
 30
0.0
 11
82.3035845795864
 21
116.1011743022485
 31
0.0
  0
LINE
  5
FB
330
1F
100
AcDbEntity
  8
Geometries
  6
Continuous
370
    13
100
AcDbLine
 10
146.8071212569407
 20
130.7078495129842
 30
0.0
 11
144.5184242898549
 21
130.7885560602043
 31
0.0
  0
LINE
  5
FC
330
1F
100
AcDbEntity
  8
Geometries
  6
Continuous
370
    13
100
AcDbLine
 10
71.6755351393757
 20
117.4671778991044
 30
0.0
 11
71.3952365577675
 21
117.5150748244276
 31
0.0
  0
LINE
  5
FD
330
1F
100
AcDbEntity
  8
Geometries
  6
Continuous
370
    13
100
AcDbLine
 10
59.53130986998929
 20
121.4492472868947
 30
0.0
 11
59.46469224910088
 21
121.5090550560277
 31
0.0
  0
LINE
  5
FE
330
1F
100
AcDbEntity
  8
Geometries
  6
Continuous
370
    13
100
AcDbLine
 10
71.961481743335
 20
117.4191063020679
 30
0.0
 11
71.6755351393757
 21
117.4671778991044
 31
0.0
  0
LINE
  5
FF
330
1F
100
AcDbEntity
  8
Geometries
  6
Continuous
370
    13
100
AcDbLine
 10
240.7318921240474
 20
121.4744394912645
 30
0.0
 11
238.4521804530172
 21
121.2675114815922
 31
0.0
  0
LINE
  5
100
330
1F
100
AcDbEntity
  8
Geometries
  6
Continuous
370
    13
100
AcDbLine
 10
72.20408504148598
 20
117.3789132080895
 30
0.0
 11
71.961481743335
 21
117.4191063020679
 31
0.0
  0
LINE
  5
101
330
1F
100
AcDbEntity
  8
Geometries
  6
Continuous
370
    13
100
AcDbLine
 10
79.66489322764869
 20
116.3723505226483
 30
0.0
 11
79.5275963654947
 21
116.3875815577876
 31
0.0
  0
LINE
  5
102
330
1F
100
AcDbEntity
  8
Geometries
  6
Continuous
370
    13
100
AcDbLine
 10
64.06505586031447
 20
126.8153552580852
 30
0.0
 11
64.05594898317158
 21
126.8124695957712
 31
0.0
  0
LINE
  5
103
330
1F
100
AcDbEntity
  8
Geometries
  6
Continuous
370
    13
100
AcDbLine
 10
72.7010583510194
 20
117.2981631207292
 30
0.0
 11
72.45061057738081
 21
117.3385988143097
 31
0.0
  0
LINE
  5
104
330
1F
100
AcDbEntity
  8
Geometries
  6
Continuous
370
    13
100
AcDbLine
 10
60.55693419132149
 20
120.6519962061055
 30
0.0
 11
60.43478122708017
 21
120.7374733727359
 31
0.0
  0
LINE
  5
105
330
1F
100
AcDbEntity
  8
Geometries
  6
Continuous
370
    13
100
AcDbLine
 10
72.94687476051371
 20
117.2589559059495
 30
0.0
 11
72.7010583510194
 21
117.2981631207292
 31
0.0
  0
LINE
  5
106
330
1F
100
AcDbEntity
  8
Geometries
  6
Continuous
370
    13
100
AcDbLine
 10
73.18606418871829
 20
117.2212646915364
 30
0.0
 11
72.94687476051371
 21
117.2589559059495
 31
0.0
  0
LINE
  5
107
330
1F
100
AcDbEntity
  8
Geometries
  6
Continuous
370
    13
100
AcDbLine
 10
74.36762036552719
 20
117.0431128668618
 30
0.0
 11
74.13989395495399
 21
117.0762536028109
 31
0.0
  0
LINE
  5
108
330
1F
100
AcDbEntity
  8
Geometries
  6
Continuous
370
    13
100
AcDbLine
 10
248.4863516927708
 20
123.0857986191522
 30
0.0
 11
248.4999981465821
 21
122.9995354469021
 31
0.0
  0
LINE
  5
109
330
1F
100
AcDbEntity
  8
Geometries
  6
Continuous
370
    13
100
AcDbLine
 10
58.66628114095788
 20
123.5511947882056
 30
0.0
 11
58.62931170599268
 21
123.4808874786225
 31
0.0
  0
LINE
  5
10A
330
1F
100
AcDbEntity
  8
Geometries
  6
Continuous
370
    13
100
AcDbLine
 10
243.9709687618781
 20
124.2256406490486
 30
0.0
 11
243.9194712655224
 21
124.230440481944
 31
0.0
  0
LINE
  5
10B
330
1F
100
AcDbEntity
  8
Geometries
  6
Continuous
370
    13
100
AcDbLine
 10
158.1441310465113
 20
116.7912115596789
 30
0.0
 11
158.1906606750062
 21
115.7511175077842
 31
0.0
  0
LINE
  5
10C
330
1F
100
AcDbEntity
  8
Geometries
  6
Continuous
370
    13
100
AcDbLine
 10
74.60116406731859
 20
117.0096828804522
 30
0.0
 11
74.36762036552719
 21
117.0431128668618
 31
0.0
  0
LINE
  5
10D
330
1F
100
AcDbEntity
  8
Geometries
  6
Continuous
370
    13
100
AcDbLine
 10
92.55129667388479
 20
130.6631629636715
 30
0.0
 11
92.08172024826916
 21
130.6371088947084
 31
0.0
  0
LINE
  5
10E
330
1F
100
AcDbEntity
  8
Geometries
  6
Continuous
370
    13
100
AcDbLine
 10
170.5219816346633
 20
116.362978174557
 30
0.0
 11
170.0173549159387
 21
116.3360483879912
 31
0.0
  0
LINE
  5
10F
330
1F
100
AcDbEntity
  8
Geometries
  6
Continuous
370
    13
100
AcDbLine
 10
248.1349609839186
 20
123.6548920797055
 30
0.0
 11
248.1878740026228
 21
123.6091504915776
 31
0.0
  0
LINE
  5
110
330
1F
100
AcDbEntity
  8
Geometries
  6
Continuous
370
    13
100
AcDbLine
 10
171.0219251571677
 20
116.3897920250639
 30
0.0
 11
170.5219816346633
 21
116.362978174557
 31
0.0
  0
LINE
  5
111
330
1F
100
AcDbEntity
  8
Geometries
  6
Continuous
370
    13
100
AcDbLine
 10
60.99996235687709
 20
120.3613561183473
 30
0.0
 11
60.91315018258778
 21
120.4148510176551
 31
0.0
  0
LINE
  5
112
330
1F
100
AcDbEntity
  8
Geometries
  6
Continuous
370
    13
100
AcDbLine
 10
245.2837190070498
 20
121.896302528998
 30
0.0
 11
243.0090716420582
 21
121.6840365070664
 31
0.0
  0
LINE
  5
113
330
1F
100
AcDbEntity
  8
Geometries
  6
Continuous
370
    13
100
AcDbLine
 10
248.4999981465821
 20
122.9995354469021
 30
0.0
 11
248.4895724051032
 21
122.9305308908813
 31
0.0
  0
LINE
  5
114
330
1F
100
AcDbEntity
  8
Geometries
  6
Continuous
370
    13
100
AcDbLine
 10
75.0861185605922
 20
116.9418002053079
 30
0.0
 11
74.84066346567359
 21
116.9759119932675
 31
0.0
  0
LINE
  5
115
330
1F
100
AcDbEntity
  8
Geometries
  6
Continuous
370
    13
100
AcDbLine
 10
224.6312756406026
 20
125.9244766829147
 30
0.0
 11
224.5898392672866
 21
125.9278953267763
 31
0.0
  0
LINE
  5
116
330
1F
100
AcDbEntity
  8
Geometries
  6
Continuous
370
    13
100
AcDbLine
 10
75.3629979945337
 20
116.9038834981573
 30
0.0
 11
75.0861185605922
 21
116.9418002053079
 31
0.0
  0
LINE
  5
117
330
1F
100
AcDbEntity
  8
Geometries
  6
Continuous
370
    13
100
AcDbLine
 10
84.2898276623059
 20
115.9202474901925
 30
0.0
 11
83.8845601891243
 21
115.9558307674152
 31
0.0
  0
LINE
  5
118
330
1F
100
AcDbEntity
  8
Geometries
  6
Continuous
370
    13
100
AcDbLine
 10
224.5574415529143
 20
125.9305675973251
 30
0.0
 11
223.810359748225
 21
125.9920311319557
 31
0.0
  0
LINE
  5
119
330
1F
100
AcDbEntity
  8
Geometries
  6
Continuous
370
    13
100
AcDbLine
 10
180.4924540111056
 20
129.071399105667
 30
0.0
 11
178.6178609561654
 21
129.1826215614916
 31
0.0
  0
LINE
  5
11A
330
1F
100
AcDbEntity
  8
Geometries
  6
Continuous
370
    13
100
AcDbLine
 10
76.2267714504461
 20
116.7888864189013
 30
0.0
 11
75.93768054252989
 21
116.8269008187478
 31
0.0
  0
LINE
  5
11B
330
1F
100
AcDbEntity
  8
Geometries
  6
Continuous
370
    13
100
AcDbLine
 10
76.8718575051439
 20
116.7055472786988
 30
0.0
 11
76.5126521648989
 21
116.7516940723731
 31
0.0
  0
LINE
  5
11C
330
1F
100
AcDbEntity
  8
Geometries
  6
Continuous
370
    13
100
AcDbLine
 10
77.2258628625887
 20
116.6607320755241
 30
0.0
 11
76.8718575051439
 21
116.7055472786988
 31
0.0
  0
LINE
  5
11D
330
1F
100
AcDbEntity
  8
Geometries
  6
Continuous
370
    13
100
AcDbLine
 10
194.8825750232472
 20
128.1541150823072
 30
0.0
 11
194.8450513043492
 21
128.1566431121127
 31
0.0
  0
LINE
  5
11E
330
1F
100
AcDbEntity
  8
Geometries
  6
Continuous
370
    13
100
AcDbLine
 10
64.85460637457835
 20
127.051243506281
 30
0.0
 11
64.75310214231325
 21
127.0223818359301
 31
0.0
  0
LINE
  5
11F
330
1F
100
AcDbEntity
  8
Geometries
  6
Continuous
370
    13
100
AcDbLine
 10
122.1942892823549
 20
114.7357927805736
 30
0.0
 11
121.2620494345596
 21
114.7294880407258
 31
0.0
  0
LINE
  5
120
330
1F
100
AcDbEntity
  8
Geometries
  6
Continuous
370
    13
100
AcDbLine
 10
77.57466823723338
 20
116.617248462849
 30
0.0
 11
77.2258628625887
 21
116.6607320755241
 31
0.0
  0
LINE
  5
121
330
1F
100
AcDbEntity
  8
Geometries
  6
Continuous
370
    13
100
AcDbLine
 10
78.62291900793659
 20
116.4909115211804
 30
0.0
 11
78.25667903812209
 21
116.5342760089972
 31
0.0
  0
LINE
  5
122
330
1F
100
AcDbEntity
  8
Geometries
  6
Continuous
370
    13
100
AcDbLine
 10
63.19442335985569
 20
119.4794645017784
 30
0.0
 11
63.15743599138419
 21
119.4926555868964
 31
0.0
  0
LINE
  5
123
330
1F
100
AcDbEntity
  8
Geometries
  6
Continuous
370
    13
100
AcDbLine
 10
78.98286699856291
 20
116.4491582578678
 30
0.0
 11
78.62291900793659
 21
116.4909115211804
 31
0.0
  0
LINE
  5
124
330
1F
100
AcDbEntity
  8
Geometries
  6
Continuous
370
    13
100
AcDbLine
 10
59.11917862437387
 20
124.1507391126942
 30
0.0
 11
59.10291892879377
 21
124.1332221886119
 31
0.0
  0
LINE
  5
125
330
1F
100
AcDbEntity
  8
Geometries
  6
Continuous
370
    13
100
AcDbLine
 10
227.6783129088409
 20
125.6705141648734
 30
0.0
 11
227.6308025325538
 21
125.6745130291063
 31
0.0
  0
LINE
  5
126
330
1F
100
AcDbEntity
  8
Geometries
  6
Continuous
370
    13
100
AcDbLine
 10
181.1753160886776
 20
116.9687229653846
 30
0.0
 11
180.5185609129892
 21
116.9292433323481
 31
0.0
  0
LINE
  5
127
330
1F
100
AcDbEntity
  8
Geometries
  6
Continuous
370
    13
100
AcDbLine
 10
79.1173687091282
 20
116.4337820594924
 30
0.0
 11
78.98286699856291
 21
116.4491582578678
 31
0.0
  0
LINE
  5
128
330
1F
100
AcDbEntity
  8
Geometries
  6
Continuous
370
    13
100
AcDbLine
 10
63.30632090955078
 20
126.5597815958165
 30
0.0
 11
63.29825605524417
 21
126.556887387815
 31
0.0
  0
LINE
  5
129
330
1F
100
AcDbEntity
  8
Geometries
  6
Continuous
370
    13
100
AcDbLine
 10
227.4312587504953
 20
125.6912947669692
 30
0.0
 11
226.9701095394595
 21
125.7299941930777
 31
0.0
  0
LINE
  5
12A
330
1F
100
AcDbEntity
  8
Geometries
  6
Continuous
370
    13
100
AcDbLine
 10
107.8638594346164
 20
114.7969994555375
 30
0.0
 11
107.7380901320166
 21
114.7992194913484
 31
0.0
  0
LINE
  5
12B
330
1F
100
AcDbEntity
  8
Geometries
  6
Continuous
370
    13
100
AcDbLine
 10
79.39057665835658
 20
116.4028971589747
 30
0.0
 11
79.25383410623438
 21
116.4182973262097
 31
0.0
  0
LINE
  5
12C
330
1F
100
AcDbEntity
  8
Geometries
  6
Continuous
370
    13
100
AcDbLine
 10
65.51647374434216
 20
127.2305654865956
 30
0.0
 11
65.49125165354167
 21
127.2239872432169
 31
0.0
  0
LINE
  5
12D
330
1F
100
AcDbEntity
  8
Geometries
  6
Continuous
370
    13
100
AcDbLine
 10
64.74152356650107
 20
127.0190642624868
 30
0.0
 11
64.72877237845948
 21
127.0154046113098
 31
0.0
  0
LINE
  5
12E
330
1F
100
AcDbEntity
  8
Geometries
  6
Continuous
370
    13
100
AcDbLine
 10
218.5750007465805
 20
126.4144052490493
 30
0.0
 11
218.553782915507
 21
126.4160879042354
 31
0.0
  0
LINE
  5
12F
330
1F
100
AcDbEntity
  8
Geometries
  6
Continuous
370
    13
100
AcDbLine
 10
79.5275963654947
 20
116.3875815577876
 30
0.0
 11
79.39057665835658
 21
116.4028971589747
 31
0.0
  0
LINE
  5
130
330
1F
100
AcDbEntity
  8
Geometries
  6
Continuous
370
    13
100
AcDbLine
 10
152.6149177122207
 20
115.5142007210738
 30
0.0
 11
152.2877463824521
 21
115.5010713912629
 31
0.0
  0
LINE
  5
131
330
1F
100
AcDbEntity
  8
Geometries
  6
Continuous
370
    13
100
AcDbLine
 10
239.2670423752547
 20
124.6579423367969
 30
0.0
 11
238.9385416013346
 21
124.6876704861494
 31
0.0
  0
LINE
  5
132
330
1F
100
AcDbEntity
  8
Geometries
  6
Continuous
370
    13
100
AcDbLine
 10
192.2477859749233
 20
117.6691810432733
 30
0.0
 11
191.3574613303842
 21
117.6105757625774
 31
0.0
  0
LINE
  5
133
330
1F
100
AcDbEntity
  8
Geometries
  6
Continuous
370
    13
100
AcDbLine
 10
59.75735237710887
 20
124.7442369587997
 30
0.0
 11
59.73147269170207
 21
124.7227104734955
 31
0.0
  0
LINE
  5
134
330
1F
100
AcDbEntity
  8
Geometries
  6
Continuous
370
    13
100
AcDbLine
 10
59.34393993917017
 20
124.3777137545153
 30
0.0
 11
59.24310262142187
 21
124.279050113146
 31
0.0
  0
LINE
  5
135
330
1F
100
AcDbEntity
  8
Geometries
  6
Continuous
370
    13
100
AcDbLine
 10
79.80246724481849
 20
116.357204053557
 30
0.0
 11
79.66489322764869
 21
116.3723505226483
 31
0.0
  0
LINE
  5
136
330
1F
100
AcDbEntity
  8
Geometries
  6
Continuous
370
    13
100
AcDbLine
 10
81.0467326163889
 20
116.2253433499595
 30
0.0
 11
80.49133340090059
 21
116.2830738878359
 31
0.0
  0
LINE
  5
137
330
1F
100
AcDbEntity
  8
Geometries
  6
Continuous
370
    13
100
AcDbLine
 10
63.32759062220187
 20
126.5673954618865
 30
0.0
 11
63.31438682617497
 21
126.5626723669558
 31
0.0
  0
LINE
  5
138
330
1F
100
AcDbEntity
  8
Geometries
  6
Continuous
370
    13
100
AcDbLine
 10
227.7690142658599
 20
125.6628765563367
 30
0.0
 11
227.6783129088409
 21
125.6705141648734
 31
0.0
  0
LINE
  5
139
330
1F
100
AcDbEntity
  8
Geometries
  6
Continuous
370
    13
100
AcDbLine
 10
81.6065160634695
 20
116.1689505368848
 30
0.0
 11
81.0467326163889
 21
116.2253433499595
 31
0.0
  0
LINE
  5
13A
330
1F
100
AcDbEntity
  8
Geometries
  6
Continuous
370
    13
100
AcDbLine
 10
82.1706837421421
 20
116.1138954486111
 30
0.0
 11
81.6065160634695
 21
116.1689505368848
 31
0.0
  0
LINE
  5
13B
330
1F
100
AcDbEntity
  8
Geometries
  6
Continuous
370
    13
100
AcDbLine
 10
59.95450556655157
 20
121.0956487015947
 30
0.0
 11
59.84233579917868
 21
121.184927670421
 31
0.0
  0
LINE
  5
13C
330
1F
100
AcDbEntity
  8
Geometries
  6
Continuous
370
    13
100
AcDbLine
 10
82.23706768358261
 20
116.107531005394
 30
0.0
 11
82.1706837421421
 21
116.1138954486111
 31
0.0
  0
LINE
  5
13D
330
1F
100
AcDbEntity
  8
Geometries
  6
Continuous
370
    13
100
AcDbLine
 10
82.3035845795864
 20
116.1011743022485
 30
0.0
 11
82.23706768358261
 21
116.107531005394
 31
0.0
  0
LINE
  5
13E
330
1F
100
AcDbEntity
  8
Geometries
  6
Continuous
370
    13
100
AcDbLine
 10
141.1649487467535
 20
115.1071080349805
 30
0.0
 11
140.1536964533828
 21
115.0769423388872
 31
0.0
  0
LINE
  5
13F
330
1F
100
AcDbEntity
  8
Geometries
  6
Continuous
370
    13
100
AcDbLine
 10
59.83545490057158
 20
124.8082648864931
 30
0.0
 11
59.80935001054647
 21
124.7870166262189
 31
0.0
  0
LINE
  5
140
330
1F
100
AcDbEntity
  8
Geometries
  6
Continuous
370
    13
100
AcDbLine
 10
182.8310738586694
 20
128.9296564539283
 30
0.0
 11
182.7893471405258
 21
128.9322133768799
 31
0.0
  0
LINE
  5
141
330
1F
100
AcDbEntity
  8
Geometries
  6
Continuous
370
    13
100
AcDbLine
 10
224.6828172760179
 20
125.9202230145363
 30
0.0
 11
224.6312756406026
 21
125.9244766829147
 31
0.0
  0
LINE
  5
142
330
1F
100
AcDbEntity
  8
Geometries
  6
Continuous
370
    13
100
AcDbLine
 10
82.43701723528369
 20
116.088484116173
 30
0.0
 11
82.37023443015349
 21
116.0948253391748
 31
0.0
  0
LINE
  5
143
330
1F
100
AcDbEntity
  8
Geometries
  6
Continuous
370
    13
100
AcDbLine
 10
104.3679392522506
 20
114.871662507278
 30
0.0
 11
104.0234127395092
 21
114.8803272131788
 31
0.0
  0
LINE
  5
144
330
1F
100
AcDbEntity
  8
Geometries
  6
Continuous
370
    13
100
AcDbLine
 10
82.50393299497739
 20
116.0821506332429
 30
0.0
 11
82.43701723528369
 21
116.088484116173
 31
0.0
  0
LINE
  5
145
330
1F
100
AcDbEntity
  8
Geometries
  6
Continuous
370
    13
100
AcDbLine
 10
58.89675895264119
 20
122.1077267160365
 30
0.0
 11
58.87796936000277
 21
122.1316742178123
 31
0.0
  0
LINE
  5
146
330
1F
100
AcDbEntity
  8
Geometries
  6
Continuous
370
    13
100
AcDbLine
 10
82.5709817092343
 20
116.0758248903843
 30
0.0
 11
82.50393299497739
 21
116.0821506332429
 31
0.0
  0
LINE
  5
147
330
1F
100
AcDbEntity
  8
Geometries
  6
Continuous
370
    13
100
AcDbLine
 10
248.4359765792315
 20
123.2519852574231
 30
0.0
 11
248.4650111703207
 21
123.1699485559926
 31
0.0
  0
LINE
  5
148
330
1F
100
AcDbEntity
  8
Geometries
  6
Continuous
370
    13
100
AcDbLine
 10
244.0037398320194
 20
124.2225854407469
 30
0.0
 11
243.9709687618781
 21
124.2256406490486
 31
0.0
  0
LINE
  5
149
330
1F
100
AcDbEntity
  8
Geometries
  6
Continuous
370
    13
100
AcDbLine
 10
60.80127369300988
 20
125.5126054640002
 30
0.0
 11
60.70884066604117
 21
125.4508734217602
 31
0.0
  0
LINE
  5
14A
330
1F
100
AcDbEntity
  8
Geometries
  6
Continuous
370
    13
100
AcDbLine
 10
83.08737427684429
 20
116.0277744481112
 30
0.0
 11
82.5709817092343
 21
116.0758248903843
 31
0.0
  0
LINE
  5
14B
330
1F
100
AcDbEntity
  8
Geometries
  6
Continuous
370
    13
100
AcDbLine
 10
91.24328718282965
 20
130.5887518220644
 30
0.0
 11
90.1764101310225
 21
130.5234950980934
 31
0.0
  0
LINE
  5
14C
330
1F
100
AcDbEntity
  8
Geometries
  6
Continuous
370
    13
100
AcDbLine
 10
63.08769909010317
 20
119.5173415017924
 30
0.0
 11
63.06348071728809
 21
119.525823605236
 31
0.0
  0
LINE
  5
14D
330
1F
100
AcDbEntity
  8
Geometries
  6
Continuous
370
    13
100
AcDbLine
 10
247.8126464552124
 20
122.1669997935811
 30
0.0
 11
247.7289801165002
 21
122.1416409157672
 31
0.0
  0
LINE
  5
14E
330
1F
100
AcDbEntity
  8
Geometries
  6
Continuous
370
    13
100
AcDbLine
 10
196.6825590821996
 20
117.9671362678441
 30
0.0
 11
195.5042438051244
 21
117.8869774475164
 31
0.0
  0
LINE
  5
14F
330
1F
100
AcDbEntity
  8
Geometries
  6
Continuous
370
    13
100
AcDbLine
 10
224.3735307670409
 20
120.0533838022448
 30
0.0
 11
223.2073586619014
 21
119.9576919374316
 31
0.0
  0
LINE
  5
150
330
1F
100
AcDbEntity
  8
Geometries
  6
Continuous
370
    13
100
AcDbLine
 10
248.3992479195032
 20
123.331908723444
 30
0.0
 11
248.4359765792315
 21
123.2519852574231
 31
0.0
  0
LINE
  5
151
330
1F
100
AcDbEntity
  8
Geometries
  6
Continuous
370
    13
100
AcDbLine
 10
83.8845601891243
 20
115.9558307674152
 30
0.0
 11
83.48374239397039
 21
115.9916730867213
 31
0.0
  0
LINE
  5
152
330
1F
100
AcDbEntity
  8
Geometries
  6
Continuous
370
    13
100
AcDbLine
 10
104.4323309198961
 20
131.1289875467552
 30
0.0
 11
103.9697181033676
 21
131.1173876255677
 31
0.0
  0
LINE
  5
153
330
1F
100
AcDbEntity
  8
Geometries
  6
Continuous
370
    13
100
AcDbLine
 10
113.8498405732674
 20
131.2691880112481
 30
0.0
 11
112.3289373257051
 21
131.2581032216892
 31
0.0
  0
LINE
  5
154
330
1F
100
AcDbEntity
  8
Geometries
  6
Continuous
370
    13
100
AcDbLine
 10
102.581933167006
 20
114.9190134346462
 30
0.0
 11
102.1837769589143
 21
114.9304724314121
 31
0.0
  0
LINE
  5
155
330
1F
100
AcDbEntity
  8
Geometries
  6
Continuous
370
    13
100
AcDbLine
 10
84.4941300281572
 20
115.9025529923624
 30
0.0
 11
84.2898276623059
 21
115.9202474901925
 31
0.0
  0
LINE
  5
156
330
1F
100
AcDbEntity
  8
Geometries
  6
Continuous
370
    13
100
AcDbLine
 10
76.86402168499906
 20
129.2923892756835
 30
0.0
 11
75.96495840987589
 21
129.1757811524733
 31
0.0
  0
LINE
  5
157
330
1F
100
AcDbEntity
  8
Geometries
  6
Continuous
370
    13
100
AcDbLine
 10
73.41614036120767
 20
128.8138660157675
 30
0.0
 11
72.95163052042625
 21
128.7405589866474
 31
0.0
  0
LINE
  5
158
330
1F
100
AcDbEntity
  8
Geometries
  6
Continuous
370
    13
100
AcDbLine
 10
60.65402600878978
 20
120.5854245570112
 30
0.0
 11
60.62257060490988
 21
120.6068778688717
 31
0.0
  0
LINE
  5
159
330
1F
100
AcDbEntity
  8
Geometries
  6
Continuous
370
    13
100
AcDbLine
 10
84.69954481351539
 20
115.8849232550535
 30
0.0
 11
84.4941300281572
 21
115.9025529923624
 31
0.0
  0
LINE
  5
15A
330
1F
100
AcDbEntity
  8
Geometries
  6
Continuous
370
    13
100
AcDbLine
 10
84.9060720183805
 20
115.8673582782653
 30
0.0
 11
84.69954481351539
 21
115.8849232550535
 31
0.0
  0
LINE
  5
15B
330
1F
100
AcDbEntity
  8
Geometries
  6
Continuous
370
    13
100
AcDbLine
 10
139.1497810608885
 20
115.0480236344739
 30
0.0
 11
138.1532025692702
 21
115.0203519217402
 31
0.0
  0
LINE
  5
15C
330
1F
100
AcDbEntity
  8
Geometries
  6
Continuous
370
    13
100
AcDbLine
 10
132.9096087219421
 20
114.8927103334104
 30
0.0
 11
132.8641381089141
 21
114.8917419950143
 31
0.0
  0
LINE
  5
15D
330
1F
100
AcDbEntity
  8
Geometries
  6
Continuous
370
    13
100
AcDbLine
 10
62.30577199620407
 20
119.7842304691515
 30
0.0
 11
62.19351767138667
 21
119.8238108972657
 31
0.0
  0
LINE
  5
15E
330
1F
100
AcDbEntity
  8
Geometries
  6
Continuous
370
    13
100
AcDbLine
 10
85.11371164275269
 20
115.8498580619981
 30
0.0
 11
84.9060720183805
 21
115.8673582782653
 31
0.0
  0
LINE
  5
15F
330
1F
100
AcDbEntity
  8
Geometries
  6
Continuous
370
    13
100
AcDbLine
 10
85.32246368663169
 20
115.8324226062516
 30
0.0
 11
85.11371164275269
 21
115.8498580619981
 31
0.0
  0
LINE
  5
160
330
1F
100
AcDbEntity
  8
Geometries
  6
Continuous
370
    13
100
AcDbLine
 10
194.8075275424858
 20
128.1591703877408
 30
0.0
 11
194.7700037376812
 21
128.1616969089953
 31
0.0
  0
LINE
  5
161
330
1F
100
AcDbEntity
  8
Geometries
  6
Continuous
370
    13
100
AcDbLine
 10
104.8364697097876
 20
131.1388007986761
 30
0.0
 11
104.6913943196208
 21
131.1353115576968
 31
0.0
  0
LINE
  5
162
330
1F
100
AcDbEntity
  8
Geometries
  6
Continuous
370
    13
100
AcDbLine
 10
100.6612756763975
 20
114.9778291508702
 30
0.0
 11
100.4805002286561
 21
114.9838601389507
 31
0.0
  0
LINE
  5
163
330
1F
100
AcDbEntity
  8
Geometries
  6
Continuous
370
    13
100
AcDbLine
 10
182.5018376739901
 20
117.0492321998669
 30
0.0
 11
181.8364083423447
 21
117.0087192545574
 31
0.0
  0
LINE
  5
164
330
1F
100
AcDbEntity
  8
Geometries
  6
Continuous
370
    13
100
AcDbLine
 10
85.52730893712129
 20
115.8154673326841
 30
0.0
 11
85.32246368663169
 21
115.8324226062516
 31
0.0
  0
LINE
  5
165
330
1F
100
AcDbEntity
  8
Geometries
  6
Continuous
370
    13
100
AcDbLine
 10
86.2944068538265
 20
115.7534062042188
 30
0.0
 11
85.52730893712129
 21
115.8154673326841
 31
0.0
  0
LINE
  5
166
330
1F
100
AcDbEntity
  8
Geometries
  6
Continuous
370
    13
100
AcDbLine
 10
199.8455377575054
 20
118.1859282659412
 30
0.0
 11
198.8504940669813
 21
118.1165283970898
 31
0.0
  0
LINE
  5
167
330
1F
100
AcDbEntity
  8
Geometries
  6
Continuous
370
    13
100
AcDbLine
 10
87.0617358891988
 20
115.6935946624743
 30
0.0
 11
86.2944068538265
 21
115.7534062042188
 31
0.0
  0
LINE
  5
168
330
1F
100
AcDbEntity
  8
Geometries
  6
Continuous
370
    13
100
AcDbLine
 10
104.951833545449
 20
131.1415492178075
 30
0.0
 11
104.9290857567114
 21
131.1410090980401
 31
0.0
  0
LINE
  5
169
330
1F
100
AcDbEntity
  8
Geometries
  6
Continuous
370
    13
100
AcDbLine
 10
61.20224651422079
 20
120.2457581475485
 30
0.0
 11
61.14400785158847
 21
120.2776519311312
 31
0.0
  0
LINE
  5
16A
330
1F
100
AcDbEntity
  8
Geometries
  6
Continuous
370
    13
100
AcDbLine
 10
87.97640948869201
 20
115.6252922981417
 30
0.0
 11
87.0617358891988
 21
115.6935946624743
 31
0.0
  0
LINE
  5
16B
330
1F
100
AcDbEntity
  8
Geometries
  6
Continuous
370
    13
100
AcDbLine
 10
88.891258826139
 20
115.5605062160437
 30
0.0
 11
87.97640948869201
 21
115.6252922981417
 31
0.0
  0
LINE
  5
16C
330
1F
100
AcDbEntity
  8
Geometries
  6
Continuous
370
    13
100
AcDbLine
 10
117.8000644601381
 20
131.2825319384482
 30
0.0
 11
115.824958412414
 21
131.279082611108
 31
0.0
  0
LINE
  5
16D
330
1F
100
AcDbEntity
  8
Geometries
  6
Continuous
370
    13
100
AcDbLine
 10
101.4065214601017
 20
114.9539122167957
 30
0.0
 11
101.0274221693808
 21
114.9658930054135
 31
0.0
  0
LINE
  5
16E
330
1F
100
AcDbEntity
  8
Geometries
  6
Continuous
370
    13
100
AcDbLine
 10
64.71602295988838
 20
127.0117390548145
 30
0.0
 11
64.70327532012807
 21
127.0080675690294
 31
0.0
  0
LINE
  5
16F
330
1F
100
AcDbEntity
  8
Geometries
  6
Continuous
370
    13
100
AcDbLine
 10
89.80456277261436
 20
115.4994266309402
 30
0.0
 11
88.891258826139
 21
115.5605062160437
 31
0.0
  0
LINE
  5
170
330
1F
100
AcDbEntity
  8
Geometries
  6
Continuous
370
    13
100
AcDbLine
 10
90.0235257655919
 20
115.4853190572683
 30
0.0
 11
89.80456277261436
 21
115.4994266309402
 31
0.0
  0
LINE
  5
171
330
1F
100
AcDbEntity
  8
Geometries
  6
Continuous
370
    13
100
AcDbLine
 10
101.0274221693808
 20
114.9658930054135
 30
0.0
 11
100.8435829899723
 21
114.9718401063579
 31
0.0
  0
LINE
  5
172
330
1F
100
AcDbEntity
  8
Geometries
  6
Continuous
370
    13
100
AcDbLine
 10
59.08680957470247
 20
124.1156918439109
 30
0.0
 11
59.07085343799947
 21
124.0981491634755
 31
0.0
  0
LINE
  5
173
330
1F
100
AcDbEntity
  8
Geometries
  6
Continuous
370
    13
100
AcDbLine
 10
90.24239974404941
 20
115.4714249778234
 30
0.0
 11
90.0235257655919
 21
115.4853190572683
 31
0.0
  0
LINE
  5
174
330
1F
100
AcDbEntity
  8
Geometries
  6
Continuous
370
    13
100
AcDbLine
 10
90.66137162803497
 20
115.4453896256137
 30
0.0
 11
90.45233610676621
 21
115.4582906130474
 31
0.0
  0
LINE
  5
175
330
1F
100
AcDbEntity
  8
Geometries
  6
Continuous
370
    13
100
AcDbLine
 10
226.6939614438569
 20
120.2459788030845
 30
0.0
 11
225.5357316943594
 21
120.1494794241289
 31
0.0
  0
LINE
  5
176
330
1F
100
AcDbEntity
  8
Geometries
  6
Continuous
370
    13
100
AcDbLine
 10
175.1475271440438
 20
129.3823899579686
 30
0.0
 11
173.1318833989844
 21
129.4945577135044
 31
0.0
  0
LINE
  5
177
330
1F
100
AcDbEntity
  8
Geometries
  6
Continuous
370
    13
100
AcDbLine
 10
66.6076269347032
 20
118.498673534672
 30
0.0
 11
66.5522245800999
 21
118.5118039371363
 31
0.0
  0
LINE
  5
178
330
1F
100
AcDbEntity
  8
Geometries
  6
Continuous
370
    13
100
AcDbLine
 10
121.2620494345596
 20
114.7294880407258
 30
0.0
 11
120.3364681623329
 21
114.7245031988996
 31
0.0
  0
LINE
  5
179
330
1F
100
AcDbEntity
  8
Geometries
  6
Continuous
370
    13
100
AcDbLine
 10
102.5843457884813
 20
131.0801122808503
 30
0.0
 11
101.1990520389862
 21
131.0386140213909
 31
0.0
  0
LINE
  5
17A
330
1F
100
AcDbEntity
  8
Geometries
  6
Continuous
370
    13
100
AcDbLine
 10
90.87253748568881
 20
115.4325308148448
 30
0.0
 11
90.66137162803497
 21
115.4453896256137
 31
0.0
  0
LINE
  5
17B
330
1F
100
AcDbEntity
  8
Geometries
  6
Continuous
370
    13
100
AcDbLine
 10
91.08583367972739
 20
115.4197141807412
 30
0.0
 11
90.87253748568881
 21
115.4325308148448
 31
0.0
  0
LINE
  5
17C
330
1F
100
AcDbEntity
  8
Geometries
  6
Continuous
370
    13
100
AcDbLine
 10
104.0234127395092
 20
114.8803272131788
 30
0.0
 11
103.6747387724474
 21
114.8893064374
 31
0.0
  0
LINE
  5
17D
330
1F
100
AcDbEntity
  8
Geometries
  6
Continuous
370
    13
100
AcDbLine
 10
173.1318833989844
 20
129.4945577135044
 30
0.0
 11
171.3320880822848
 21
129.5925706304205
 31
0.0
  0
LINE
  5
17E
330
1F
100
AcDbEntity
  8
Geometries
  6
Continuous
370
    13
100
AcDbLine
 10
103.328384564935
 20
114.8984570103734
 30
0.0
 11
102.986441680888
 21
114.9077283684977
 31
0.0
  0
LINE
  5
17F
330
1F
100
AcDbEntity
  8
Geometries
  6
Continuous
370
    13
100
AcDbLine
 10
75.00063191688189
 20
129.0454820296905
 30
0.0
 11
74.94932901451746
 21
129.0383565141736
 31
0.0
  0
LINE
  5
180
330
1F
100
AcDbEntity
  8
Geometries
  6
Continuous
370
    13
100
AcDbLine
 10
91.30126021015079
 20
115.4069397233025
 30
0.0
 11
91.08583367972739
 21
115.4197141807412
 31
0.0
  0
LINE
  5
181
330
1F
100
AcDbEntity
  8
Geometries
  6
Continuous
370
    13
100
AcDbLine
 10
91.5859613408436
 20
115.3903113267541
 30
0.0
 11
91.30126021015079
 21
115.4069397233025
 31
0.0
  0
LINE
  5
182
330
1F
100
AcDbEntity
  8
Geometries
  6
Continuous
370
    13
100
AcDbLine
 10
62.80142213657227
 20
126.3836091165561
 30
0.0
 11
62.63984589069757
 21
126.3290440250441
 31
0.0
  0
LINE
  5
183
330
1F
100
AcDbEntity
  8
Geometries
  6
Continuous
370
    13
100
AcDbLine
 10
91.87429976053907
 20
115.3737549417064
 30
0.0
 11
91.5859613408436
 21
115.3903113267541
 31
0.0
  0
LINE
  5
184
330
1F
100
AcDbEntity
  8
Geometries
  6
Continuous
370
    13
100
AcDbLine
 10
133.5437947222903
 20
114.9064732624884
 30
0.0
 11
133.1372122226585
 21
114.897594589831
 31
0.0
  0
LINE
  5
185
330
1F
100
AcDbEntity
  8
Geometries
  6
Continuous
370
    13
100
AcDbLine
 10
59.33809198653108
 20
121.6269935665116
 30
0.0
 11
59.32284954128309
 21
121.6416401171881
 31
0.0
  0
LINE
  5
186
330
1F
100
AcDbEntity
  8
Geometries
  6
Continuous
370
    13
100
AcDbLine
 10
158.2168244104362
 20
130.2467946071149
 30
0.0
 11
156.6827732343546
 21
130.3147241513479
 31
0.0
  0
LINE
  5
187
330
1F
100
AcDbEntity
  8
Geometries
  6
Continuous
370
    13
100
AcDbLine
 10
92.16627546923709
 20
115.3572705681592
 30
0.0
 11
91.87429976053907
 21
115.3737549417064
 31
0.0
  0
LINE
  5
188
330
1F
100
AcDbEntity
  8
Geometries
  6
Continuous
370
    13
100
AcDbLine
 10
135.207488499673
 20
114.9448187336178
 30
0.0
 11
134.3729132605439
 21
114.9251822831477
 31
0.0
  0
LINE
  5
189
330
1F
100
AcDbEntity
  8
Geometries
  6
Continuous
370
    13
100
AcDbLine
 10
92.39168804602768
 20
115.3447309927983
 30
0.0
 11
92.16627546923709
 21
115.3572705681592
 31
0.0
  0
LINE
  5
18A
330
1F
100
AcDbEntity
  8
Geometries
  6
Continuous
370
    13
100
AcDbLine
 10
194.8450513043492
 20
128.1566431121127
 30
0.0
 11
194.8075275424858
 21
128.1591703877408
 31
0.0
  0
LINE
  5
18B
330
1F
100
AcDbEntity
  8
Geometries
  6
Continuous
370
    13
100
AcDbLine
 10
92.61922167333078
 20
115.3322334102597
 30
0.0
 11
92.39168804602768
 21
115.3447309927983
 31
0.0
  0
LINE
  5
18C
330
1F
100
AcDbEntity
  8
Geometries
  6
Continuous
370
    13
100
AcDbLine
 10
92.84887635114659
 20
115.319777820543
 30
0.0
 11
92.61922167333078
 21
115.3322334102597
 31
0.0
  0
LINE
  5
18D
330
1F
100
AcDbEntity
  8
Geometries
  6
Continuous
370
    13
100
AcDbLine
 10
93.28692130047551
 20
115.2964415527561
 30
0.0
 11
93.07414810549928
 21
115.3077101687298
 31
0.0
  0
LINE
  5
18E
330
1F
100
AcDbEntity
  8
Geometries
  6
Continuous
370
    13
100
AcDbLine
 10
60.68457287739349
 20
120.564708482988
 30
0.0
 11
60.65402600878978
 21
120.5854245570112
 31
0.0
  0
LINE
  5
18F
330
1F
100
AcDbEntity
  8
Geometries
  6
Continuous
370
    13
100
AcDbLine
 10
100.8435829899723
 20
114.9718401063579
 30
0.0
 11
100.6612756763975
 21
114.9778291508702
 31
0.0
  0
LINE
  5
190
330
1F
100
AcDbEntity
  8
Geometries
  6
Continuous
370
    13
100
AcDbLine
 10
93.82378511008241
 20
115.2685510339596
 30
0.0
 11
93.28692130047551
 21
115.2964415527561
 31
0.0
  0
LINE
  5
191
330
1F
100
AcDbEntity
  8
Geometries
  6
Continuous
370
    13
100
AcDbLine
 10
104.708545445559
 20
114.8633019099291
 30
0.0
 11
104.3679392522506
 21
114.871662507278
 31
0.0
  0
LINE
  5
192
330
1F
100
AcDbEntity
  8
Geometries
  6
Continuous
370
    13
100
AcDbLine
 10
94.36603471047746
 20
115.2411502786331
 30
0.0
 11
93.82378511008241
 21
115.2685510339596
 31
0.0
  0
LINE
  5
193
330
1F
100
AcDbEntity
  8
Geometries
  6
Continuous
370
    13
100
AcDbLine
 10
62.86005424922428
 20
126.4034843169527
 30
0.0
 11
62.83074882704908
 21
126.3935411370754
 31
0.0
  0
LINE
  5
194
330
1F
100
AcDbEntity
  8
Geometries
  6
Continuous
370
    13
100
AcDbLine
 10
94.9136701016613
 20
115.2142392867771
 30
0.0
 11
94.36603471047746
 21
115.2411502786331
 31
0.0
  0
LINE
  5
195
330
1F
100
AcDbEntity
  8
Geometries
  6
Continuous
370
    13
100
AcDbLine
 10
59.52701700834797
 20
124.5465291121793
 30
0.0
 11
59.51841152087817
 21
124.5388509930899
 31
0.0
  0
LINE
  5
196
330
1F
100
AcDbEntity
  8
Geometries
  6
Continuous
370
    13
100
AcDbLine
 10
64.59499352159368
 20
126.97661715733
 30
0.0
 11
64.31129727772858
 21
126.8918708532586
 31
0.0
  0
LINE
  5
197
330
1F
100
AcDbEntity
  8
Geometries
  6
Continuous
370
    13
100
AcDbLine
 10
107.7380901320166
 20
114.7992194913484
 30
0.0
 11
107.6124749005716
 21
114.8014700679576
 31
0.0
  0
LINE
  5
198
330
1F
100
AcDbEntity
  8
Geometries
  6
Continuous
370
    13
100
AcDbLine
 10
95.46669128363351
 20
115.1878180583915
 30
0.0
 11
94.9136701016613
 21
115.2142392867771
 31
0.0
  0
LINE
  5
199
330
1F
100
AcDbEntity
  8
Geometries
  6
Continuous
370
    13
100
AcDbLine
 10
222.0159032885139
 20
119.8606750558957
 30
0.0
 11
220.8203310180532
 21
119.7640767469794
 31
0.0
  0
LINE
  5
19A
330
1F
100
AcDbEntity
  8
Geometries
  6
Continuous
370
    13
100
AcDbLine
 10
96.02509825639419
 20
115.1618865934759
 30
0.0
 11
95.46669128363351
 21
115.1878180583915
 31
0.0
  0
LINE
  5
19B
330
1F
100
AcDbEntity
  8
Geometries
  6
Continuous
370
    13
100
AcDbLine
 10
58.80355544222168
 20
123.768082871634
 30
0.0
 11
58.79114792372367
 21
123.7504185528316
 31
0.0
  0
LINE
  5
19C
330
1F
100
AcDbEntity
  8
Geometries
  6
Continuous
370
    13
100
AcDbLine
 10
227.8482200155334
 20
120.342881939111
 30
0.0
 11
226.6939614438569
 21
120.2459788030845
 31
0.0
  0
LINE
  5
19D
330
1F
100
AcDbEntity
  8
Geometries
  6
Continuous
370
    13
100
AcDbLine
 10
157.598040459631
 20
115.7246434839371
 30
0.0
 11
156.998796555561
 21
115.6982110902383
 31
0.0
  0
LINE
  5
19E
330
1F
100
AcDbEntity
  8
Geometries
  6
Continuous
370
    13
100
AcDbLine
 10
96.5374145790096
 20
115.1387375358206
 30
0.0
 11
96.02509825639419
 21
115.1618865934759
 31
0.0
  0
LINE
  5
19F
330
1F
100
AcDbEntity
  8
Geometries
  6
Continuous
370
    13
100
AcDbLine
 10
97.0499515667336
 20
115.1162062806687
 30
0.0
 11
96.5374145790096
 21
115.1387375358206
 31
0.0
  0
LINE
  5
1A0
330
1F
100
AcDbEntity
  8
Geometries
  6
Continuous
370
    13
100
AcDbLine
 10
62.75240981700017
 20
119.6320391483988
 30
0.0
 11
62.69879435880179
 21
119.6501447480948
 31
0.0
  0
LINE
  5
1A1
330
1F
100
AcDbEntity
  8
Geometries
  6
Continuous
370
    13
100
AcDbLine
 10
109.2871481455686
 20
131.2243146502471
 30
0.0
 11
107.7663502776369
 21
131.200347168097
 31
0.0
  0
LINE
  5
1A2
330
1F
100
AcDbEntity
  8
Geometries
  6
Continuous
370
    13
100
AcDbLine
 10
200.6466454446528
 20
127.756909167127
 30
0.0
 11
200.5876904028646
 21
127.7610598578088
 31
0.0
  0
LINE
  5
1A3
330
1F
100
AcDbEntity
  8
Geometries
  6
Continuous
370
    13
100
AcDbLine
 10
97.5584073686797
 20
115.0945303382048
 30
0.0
 11
97.0499515667336
 21
115.1162062806687
 31
0.0
  0
LINE
  5
1A4
330
1F
100
AcDbEntity
  8
Geometries
  6
Continuous
370
    13
100
AcDbLine
 10
239.4963277586269
 20
124.6371571757375
 30
0.0
 11
239.4510006705526
 21
124.6412684884132
 31
0.0
  0
LINE
  5
1A5
330
1F
100
AcDbEntity
  8
Geometries
  6
Continuous
370
    13
100
AcDbLine
 10
247.9583613056749
 20
122.2297690071095
 30
0.0
 11
247.8943750539066
 21
122.1991301370351
 31
0.0
  0
LINE
  5
1A6
330
1F
100
AcDbEntity
  8
Geometries
  6
Continuous
370
    13
100
AcDbLine
 10
59.16834825984418
 20
124.2026956224512
 30
0.0
 11
59.13558578384007
 21
124.1682415322925
 31
0.0
  0
LINE
  5
1A7
330
1F
100
AcDbEntity
  8
Geometries
  6
Continuous
370
    13
100
AcDbLine
 10
98.5635222489551
 20
115.0537276105744
 30
0.0
 11
98.06293092942029
 21
115.0737041148401
 31
0.0
  0
LINE
  5
1A8
330
1F
100
AcDbEntity
  8
Geometries
  6
Continuous
370
    13
100
AcDbLine
 10
61.25776916949749
 20
120.216473382281
 30
0.0
 11
61.20224651422079
 21
120.2457581475485
 31
0.0
  0
LINE
  5
1A9
330
1F
100
AcDbEntity
  8
Geometries
  6
Continuous
370
    13
100
AcDbLine
 10
60.07332405221827
 20
121.0036648700296
 30
0.0
 11
59.95450556655157
 21
121.0956487015947
 31
0.0
  0
LINE
  5
1AA
330
1F
100
AcDbEntity
  8
Geometries
  6
Continuous
370
    13
100
AcDbLine
 10
248.2374329363959
 20
122.4401914961306
 30
0.0
 11
248.1869234876531
 21
122.3902690702801
 31
0.0
  0
LINE
  5
1AB
330
1F
100
AcDbEntity
  8
Geometries
  6
Continuous
370
    13
100
AcDbLine
 10
147.7848501512415
 20
115.3287203310923
 30
0.0
 11
147.0620742871416
 21
115.3025955973771
 31
0.0
  0
LINE
  5
1AC
330
1F
100
AcDbEntity
  8
Geometries
  6
Continuous
370
    13
100
AcDbLine
 10
58.54209368913887
 20
123.2647106697776
 30
0.0
 11
58.52197304528697
 21
123.1885848875783
 31
0.0
  0
LINE
  5
1AD
330
1F
100
AcDbEntity
  8
Geometries
  6
Continuous
370
    13
100
AcDbLine
 10
99.0601813272842
 20
115.0346008254078
 30
0.0
 11
98.5635222489551
 21
115.0537276105744
 31
0.0
  0
LINE
  5
1AE
330
1F
100
AcDbEntity
  8
Geometries
  6
Continuous
370
    13
100
AcDbLine
 10
85.87831478436195
 20
130.2107214408056
 30
0.0
 11
84.79488411371916
 21
130.1210466972929
 31
0.0
  0
LINE
  5
1AF
330
1F
100
AcDbEntity
  8
Geometries
  6
Continuous
370
    13
100
AcDbLine
 10
67.93924474992278
 20
127.8071193927929
 30
0.0
 11
67.4076512928705
 21
127.6860164860728
 31
0.0
  0
LINE
  5
1B0
330
1F
100
AcDbEntity
  8
Geometries
  6
Continuous
370
    13
100
AcDbLine
 10
248.0781189616832
 20
122.3024301221203
 30
0.0
 11
248.0196092749337
 21
122.2642023354712
 31
0.0
  0
LINE
  5
1B1
330
1F
100
AcDbEntity
  8
Geometries
  6
Continuous
370
    13
100
AcDbLine
 10
228.544159664677
 20
120.4016644604364
 30
0.0
 11
228.3098614296885
 21
120.3818447276399
 31
0.0
  0
LINE
  5
1B2
330
1F
100
AcDbEntity
  8
Geometries
  6
Continuous
370
    13
100
AcDbLine
 10
99.5529081644078
 20
115.0163237593407
 30
0.0
 11
99.0601813272842
 21
115.0346008254078
 31
0.0
  0
LINE
  5
1B3
330
1F
100
AcDbEntity
  8
Geometries
  6
Continuous
370
    13
100
AcDbLine
 10
225.5357316943594
 20
120.1494794241289
 30
0.0
 11
224.3735307670409
 21
120.0533838022448
 31
0.0
  0
LINE
  5
1B4
330
1F
100
AcDbEntity
  8
Geometries
  6
Continuous
370
    13
100
AcDbLine
 10
62.08848360201419
 20
119.8617033082262
 30
0.0
 11
61.99066978808658
 21
119.8979077020333
 31
0.0
  0
LINE
  5
1B5
330
1F
100
AcDbEntity
  8
Geometries
  6
Continuous
370
    13
100
AcDbLine
 10
59.84233579917868
 20
121.184927670421
 30
0.0
 11
59.76786722404108
 21
121.2461004155349
 31
0.0
  0
LINE
  5
1B6
330
1F
100
AcDbEntity
  8
Geometries
  6
Continuous
370
    13
100
AcDbLine
 10
200.8429850292141
 20
118.2560119186516
 30
0.0
 11
199.8455377575054
 21
118.1859282659412
 31
0.0
  0
LINE
  5
1B7
330
1F
100
AcDbEntity
  8
Geometries
  6
Continuous
370
    13
100
AcDbLine
 10
176.1434606547674
 20
116.6731899271356
 30
0.0
 11
175.7978778418905
 21
116.6535124504435
 31
0.0
  0
LINE
  5
1B8
330
1F
100
AcDbEntity
  8
Geometries
  6
Continuous
370
    13
100
AcDbLine
 10
144.5184242898549
 20
130.7885560602043
 30
0.0
 11
142.22957424085
 21
130.8642232747175
 31
0.0
  0
LINE
  5
1B9
330
1F
100
AcDbEntity
  8
Geometries
  6
Continuous
370
    13
100
AcDbLine
 10
90.1764101310225
 20
130.5234950980934
 30
0.0
 11
90.02922059812926
 21
130.5141404567144
 31
0.0
  0
LINE
  5
1BA
330
1F
100
AcDbEntity
  8
Geometries
  6
Continuous
370
    13
100
AcDbLine
 10
99.92962820322319
 20
115.0028294595487
 30
0.0
 11
99.74155961204181
 21
115.009513634638
 31
0.0
  0
LINE
  5
1BB
330
1F
100
AcDbEntity
  8
Geometries
  6
Continuous
370
    13
100
AcDbLine
 10
100.1171139379518
 20
114.996271234073
 30
0.0
 11
99.92962820322319
 21
115.0028294595487
 31
0.0
  0
LINE
  5
1BC
330
1F
100
AcDbEntity
  8
Geometries
  6
Continuous
370
    13
100
AcDbLine
 10
67.4076512928705
 20
127.6860164860728
 30
0.0
 11
66.87575362726916
 21
127.5633794333134
 31
0.0
  0
LINE
  5
1BD
330
1F
100
AcDbEntity
  8
Geometries
  6
Continuous
370
    13
100
AcDbLine
 10
59.22122792166128
 20
121.7420138750752
 30
0.0
 11
59.14082133302838
 21
121.8251865522672
 31
0.0
  0
LINE
  5
1BE
330
1F
100
AcDbEntity
  8
Geometries
  6
Continuous
370
    13
100
AcDbLine
 10
248.3645999967836
 20
122.6067571118215
 30
0.0
 11
248.3262711909612
 21
122.5484355169013
 31
0.0
  0
LINE
  5
1BF
330
1F
100
AcDbEntity
  8
Geometries
  6
Continuous
370
    13
100
AcDbLine
 10
100.3012566467482
 20
114.9899330705991
 30
0.0
 11
100.1171139379518
 21
114.996271234073
 31
0.0
  0
LINE
  5
1C0
330
1F
100
AcDbEntity
  8
Geometries
  6
Continuous
370
    13
100
AcDbLine
 10
86.88957987068638
 20
130.2913261945701
 30
0.0
 11
85.87831478436195
 21
130.2107214408056
 31
0.0
  0
LINE
  5
1C1
330
1F
100
AcDbEntity
  8
Geometries
  6
Continuous
370
    13
100
AcDbLine
 10
173.2994155448837
 20
116.5137399160892
 30
0.0
 11
172.8981882777477
 21
116.4916798404013
 31
0.0
  0
LINE
  5
1C2
330
1F
100
AcDbEntity
  8
Geometries
  6
Continuous
370
    13
100
AcDbLine
 10
100.4805002286561
 20
114.9838601389507
 30
0.0
 11
100.3012566467482
 21
114.9899330705991
 31
0.0
  0
LINE
  5
1C3
330
1F
100
AcDbEntity
  8
Geometries
  6
Continuous
370
    13
100
AcDbLine
 10
172.4936565473585
 20
116.4695379602306
 30
0.0
 11
172.0077626135152
 21
116.4430719179005
 31
0.0
  0
LINE
  5
1C4
330
1F
100
AcDbEntity
  8
Geometries
  6
Continuous
370
    13
100
AcDbLine
 10
66.7228052060663
 20
118.4715243673667
 30
0.0
 11
66.6644871433588
 21
118.4852470114154
 31
0.0
  0
LINE
  5
1C5
330
1F
100
AcDbEntity
  8
Geometries
  6
Continuous
370
    13
100
AcDbLine
 10
60.71421121072078
 20
120.5447296468026
 30
0.0
 11
60.68457287739349
 21
120.564708482988
 31
0.0
  0
LINE
  5
1C6
330
1F
100
AcDbEntity
  8
Geometries
  6
Continuous
370
    13
100
AcDbLine
 10
123.7255139596499
 20
131.2515773454893
 30
0.0
 11
121.7503691907381
 21
131.2682628794587
 31
0.0
  0
LINE
  5
1C7
330
1F
100
AcDbEntity
  8
Geometries
  6
Continuous
370
    13
100
AcDbLine
 10
239.8207001007414
 20
124.6077021174011
 30
0.0
 11
239.5584798505447
 21
124.6315179201035
 31
0.0
  0
LINE
  5
1C8
330
1F
100
AcDbEntity
  8
Geometries
  6
Continuous
370
    13
100
AcDbLine
 10
247.895908995805
 20
123.7999553453141
 30
0.0
 11
247.9597819798279
 21
123.7693749919474
 31
0.0
  0
LINE
  5
1C9
330
1F
100
AcDbEntity
  8
Geometries
  6
Continuous
370
    13
100
AcDbLine
 10
181.8364083423447
 20
117.0087192545574
 30
0.0
 11
181.1753160886776
 21
116.9687229653846
 31
0.0
  0
LINE
  5
1CA
330
1F
100
AcDbEntity
  8
Geometries
  6
Continuous
370
    13
100
AcDbLine
 10
101.7919730566129
 20
114.9421053587953
 30
0.0
 11
101.4065214601017
 21
114.9539122167957
 31
0.0
  0
LINE
  5
1CB
330
1F
100
AcDbEntity
  8
Geometries
  6
Continuous
370
    13
100
AcDbLine
 10
209.9460401174596
 20
127.0802089548354
 30
0.0
 11
207.8178442781104
 21
127.238863479359
 31
0.0
  0
LINE
  5
1CC
330
1F
100
AcDbEntity
  8
Geometries
  6
Continuous
370
    13
100
AcDbLine
 10
102.1837769589143
 20
114.9304724314121
 30
0.0
 11
101.7919730566129
 21
114.9421053587953
 31
0.0
  0
LINE
  5
1CD
330
1F
100
AcDbEntity
  8
Geometries
  6
Continuous
370
    13
100
AcDbLine
 10
102.986441680888
 20
114.9077283684977
 30
0.0
 11
102.581933167006
 21
114.9190134346462
 31
0.0
  0
LINE
  5
1CE
330
1F
100
AcDbEntity
  8
Geometries
  6
Continuous
370
    13
100
AcDbLine
 10
64.70327532012807
 20
127.0080675690294
 30
0.0
 11
64.69052946851927
 21
127.004390129983
 31
0.0
  0
LINE
  5
1CF
330
1F
100
AcDbEntity
  8
Geometries
  6
Continuous
370
    13
100
AcDbLine
 10
63.15743599138419
 20
119.4926555868964
 30
0.0
 11
63.12125423514358
 21
119.5054982065101
 31
0.0
  0
LINE
  5
1D0
330
1F
100
AcDbEntity
  8
Geometries
  6
Continuous
370
    13
100
AcDbLine
 10
60.77076227154697
 20
120.5069836879443
 30
0.0
 11
60.74294100877198
 21
120.5254880484546
 31
0.0
  0
LINE
  5
1D1
330
1F
100
AcDbEntity
  8
Geometries
  6
Continuous
370
    13
100
AcDbLine
 10
107.989782808371
 20
114.7948099605246
 30
0.0
 11
107.8638594346164
 21
114.7969994555375
 31
0.0
  0
LINE
  5
1D2
330
1F
100
AcDbEntity
  8
Geometries
  6
Continuous
370
    13
100
AcDbLine
 10
189.2835548009431
 20
117.4756017840364
 30
0.0
 11
189.0510474676653
 21
117.4606029277641
 31
0.0
  0
LINE
  5
1D3
330
1F
100
AcDbEntity
  8
Geometries
  6
Continuous
370
    13
100
AcDbLine
 10
133.0006000351134
 20
114.8946555230904
 30
0.0
 11
132.9550960306752
 21
114.8936815094359
 31
0.0
  0
LINE
  5
1D4
330
1F
100
AcDbEntity
  8
Geometries
  6
Continuous
370
    13
100
AcDbLine
 10
212.3294377496227
 20
126.8999339619213
 30
0.0
 11
209.9460401174596
 21
127.0802089548354
 31
0.0
  0
LINE
  5
1D5
330
1F
100
AcDbEntity
  8
Geometries
  6
Continuous
370
    13
100
AcDbLine
 10
103.6747387724474
 20
114.8893064374
 30
0.0
 11
103.328384564935
 21
114.8984570103734
 31
0.0
  0
LINE
  5
1D6
330
1F
100
AcDbEntity
  8
Geometries
  6
Continuous
370
    13
100
AcDbLine
 10
120.3364681623329
 20
114.7245031988996
 30
0.0
 11
119.4175454656745
 21
114.7208382550952
 31
0.0
  0
LINE
  5
1D7
330
1F
100
AcDbEntity
  8
Geometries
  6
Continuous
370
    13
100
AcDbLine
 10
177.7855686735537
 20
116.7678140943852
 30
0.0
 11
177.2358284854529
 21
116.7359319033043
 31
0.0
  0
LINE
  5
1D8
330
1F
100
AcDbEntity
  8
Geometries
  6
Continuous
370
    13
100
AcDbLine
 10
105.0452313194341
 20
114.8552454211317
 30
0.0
 11
104.708545445559
 21
114.8633019099291
 31
0.0
  0
LINE
  5
1D9
330
1F
100
AcDbEntity
  8
Geometries
  6
Continuous
370
    13
100
AcDbLine
 10
248.0793079738846
 20
123.6968433591431
 30
0.0
 11
248.1349609839186
 21
123.6548920797055
 31
0.0
  0
LINE
  5
1DA
330
1F
100
AcDbEntity
  8
Geometries
  6
Continuous
370
    13
100
AcDbLine
 10
245.2121697341339
 20
124.1095036901231
 30
0.0
 11
244.7941910871732
 21
124.1487098833954
 31
0.0
  0
LINE
  5
1DB
330
1F
100
AcDbEntity
  8
Geometries
  6
Continuous
370
    13
100
AcDbLine
 10
210.6208564823595
 20
118.969618456305
 30
0.0
 11
209.7161412577095
 21
118.9016226682436
 31
0.0
  0
LINE
  5
1DC
330
1F
100
AcDbEntity
  8
Geometries
  6
Continuous
370
    13
100
AcDbLine
 10
60.53518601450597
 20
125.332017762389
 30
0.0
 11
60.50147901081537
 21
125.3084965792
 31
0.0
  0
LINE
  5
1DD
330
1F
100
AcDbEntity
  8
Geometries
  6
Continuous
370
    13
100
AcDbLine
 10
105.4680707299794
 20
114.8454315345346
 30
0.0
 11
105.0452313194341
 21
114.8552454211317
 31
0.0
  0
LINE
  5
1DE
330
1F
100
AcDbEntity
  8
Geometries
  6
Continuous
370
    13
100
AcDbLine
 10
60.19297615752869
 20
120.9133077046979
 30
0.0
 11
60.07332405221827
 21
121.0036648700296
 31
0.0
  0
LINE
  5
1DF
330
1F
100
AcDbEntity
  8
Geometries
  6
Continuous
370
    13
100
AcDbLine
 10
105.8845598710298
 20
114.836110253525
 30
0.0
 11
105.4680707299794
 21
114.8454315345346
 31
0.0
  0
LINE
  5
1E0
330
1F
100
AcDbEntity
  8
Geometries
  6
Continuous
370
    13
100
AcDbLine
 10
106.2946987425852
 20
114.8272815781034
 30
0.0
 11
105.8845598710298
 21
114.836110253525
 31
0.0
  0
LINE
  5
1E1
330
1F
100
AcDbEntity
  8
Geometries
  6
Continuous
370
    13
100
AcDbLine
 10
106.6984873446456
 20
114.8189455082694
 30
0.0
 11
106.2946987425852
 21
114.8272815781034
 31
0.0
  0
LINE
  5
1E2
330
1F
100
AcDbEntity
  8
Geometries
  6
Continuous
370
    13
100
AcDbLine
 10
107.095925677211
 20
114.8111020440233
 30
0.0
 11
106.6984873446456
 21
114.8189455082694
 31
0.0
  0
LINE
  5
1E3
330
1F
100
AcDbEntity
  8
Geometries
  6
Continuous
370
    13
100
AcDbLine
 10
107.4870137402814
 20
114.8037511853649
 30
0.0
 11
107.095925677211
 21
114.8111020440233
 31
0.0
  0
LINE
  5
1E4
330
1F
100
AcDbEntity
  8
Geometries
  6
Continuous
370
    13
100
AcDbLine
 10
107.6124749005716
 20
114.8014700679576
 30
0.0
 11
107.4870137402814
 21
114.8037511853649
 31
0.0
  0
LINE
  5
1E5
330
1F
100
AcDbEntity
  8
Geometries
  6
Continuous
370
    13
100
AcDbLine
 10
59.73147269170207
 20
124.7227104734955
 30
0.0
 11
59.61076434678748
 21
124.6200866311814
 31
0.0
  0
LINE
  5
1E6
330
1F
100
AcDbEntity
  8
Geometries
  6
Continuous
370
    13
100
AcDbLine
 10
179.3667363818313
 20
116.8606309385592
 30
0.0
 11
179.1070281939358
 21
116.8452736224961
 31
0.0
  0
LINE
  5
1E7
330
1F
100
AcDbEntity
  8
Geometries
  6
Continuous
370
    13
100
AcDbLine
 10
58.50850539966717
 20
123.1155908722433
 30
0.0
 11
58.50480967110377
 21
123.0863223075066
 31
0.0
  0
LINE
  5
1E8
330
1F
100
AcDbEntity
  8
Geometries
  6
Continuous
370
    13
100
AcDbLine
 10
212.7068804271416
 20
126.8711365159244
 30
0.0
 11
212.6616196690535
 21
126.8745933060663
 31
0.0
  0
LINE
  5
1E9
330
1F
100
AcDbEntity
  8
Geometries
  6
Continuous
370
    13
100
AcDbLine
 10
114.9228106159087
 20
114.7223120064004
 30
0.0
 11
114.0438393726607
 21
114.7265664507268
 31
0.0
  0
LINE
  5
1EA
330
1F
100
AcDbEntity
  8
Geometries
  6
Continuous
370
    13
100
AcDbLine
 10
63.38093441767248
 20
119.4128073491522
 30
0.0
 11
63.34416753757239
 21
119.4258372349871
 31
0.0
  0
LINE
  5
1EB
330
1F
100
AcDbEntity
  8
Geometries
  6
Continuous
370
    13
100
AcDbLine
 10
108.1158602532806
 20
114.7926510063099
 30
0.0
 11
107.989782808371
 21
114.7948099605246
 31
0.0
  0
LINE
  5
1EC
330
1F
100
AcDbEntity
  8
Geometries
  6
Continuous
370
    13
100
AcDbLine
 10
179.8661428152793
 20
116.8902803554481
 30
0.0
 11
179.6161181668635
 21
116.8754173563258
 31
0.0
  0
LINE
  5
1ED
330
1F
100
AcDbEntity
  8
Geometries
  6
Continuous
370
    13
100
AcDbLine
 10
58.62931170599268
 20
123.4808874786225
 30
0.0
 11
58.59658255580707
 21
123.4110240278058
 31
0.0
  0
LINE
  5
1EE
330
1F
100
AcDbEntity
  8
Geometries
  6
Continuous
370
    13
100
AcDbLine
 10
108.7254838488246
 20
114.7826768483474
 30
0.0
 11
108.2420917693448
 21
114.7905225928934
 31
0.0
  0
LINE
  5
1EF
330
1F
100
AcDbEntity
  8
Geometries
  6
Continuous
370
    13
100
AcDbLine
 10
67.87393248727788
 20
118.2068513256814
 30
0.0
 11
67.80636609606691
 21
118.2221501397239
 31
0.0
  0
LINE
  5
1F0
330
1F
100
AcDbEntity
  8
Geometries
  6
Continuous
370
    13
100
AcDbLine
 10
64.02978943852109
 20
126.8041577023403
 30
0.0
 11
63.91904751673036
 21
126.768590039369
 31
0.0
  0
LINE
  5
1F1
330
1F
100
AcDbEntity
  8
Geometries
  6
Continuous
370
    13
100
AcDbLine
 10
104.9177118604155
 20
131.140738703584
 30
0.0
 11
104.8364697097876
 21
131.1388007986761
 31
0.0
  0
LINE
  5
1F2
330
1F
100
AcDbEntity
  8
Geometries
  6
Continuous
370
    13
100
AcDbLine
 10
109.2111220565453
 20
114.7752763432061
 30
0.0
 11
108.7254838488246
 21
114.7826768483474
 31
0.0
  0
LINE
  5
1F3
330
1F
100
AcDbEntity
  8
Geometries
  6
Continuous
370
    13
100
AcDbLine
 10
66.45896132988089
 20
127.4650613628408
 30
0.0
 11
66.04270154401756
 21
127.3639548913764
 31
0.0
  0
LINE
  5
1F4
330
1F
100
AcDbEntity
  8
Geometries
  6
Continuous
370
    13
100
AcDbLine
 10
207.8178442781104
 20
127.238863479359
 30
0.0
 11
205.6894935485433
 21
127.3953071466988
 31
0.0
  0
LINE
  5
1F5
330
1F
100
AcDbEntity
  8
Geometries
  6
Continuous
370
    13
100
AcDbLine
 10
59.76786722404108
 20
121.2461004155349
 30
0.0
 11
59.69069657752819
 21
121.3109662617445
 31
0.0
  0
LINE
  5
1F6
330
1F
100
AcDbEntity
  8
Geometries
  6
Continuous
370
    13
100
AcDbLine
 10
109.9512173355525
 20
114.7649118237216
 30
0.0
 11
109.2111220565453
 21
114.7752763432061
 31
0.0
  0
LINE
  5
1F7
330
1F
100
AcDbEntity
  8
Geometries
  6
Continuous
370
    13
100
AcDbLine
 10
239.4510006705526
 20
124.6412684884132
 30
0.0
 11
239.2670423752547
 21
124.6579423367969
 31
0.0
  0
LINE
  5
1F8
330
1F
100
AcDbEntity
  8
Geometries
  6
Continuous
370
    13
100
AcDbLine
 10
178.8416561822241
 20
116.8296264548068
 30
0.0
 11
178.5768242243302
 21
116.8140569181511
 31
0.0
  0
LINE
  5
1F9
330
1F
100
AcDbEntity
  8
Geometries
  6
Continuous
370
    13
100
AcDbLine
 10
110.6964690154797
 20
114.755569433265
 30
0.0
 11
109.9512173355525
 21
114.7649118237216
 31
0.0
  0
LINE
  5
1FA
330
1F
100
AcDbEntity
  8
Geometries
  6
Continuous
370
    13
100
AcDbLine
 10
201.8278068735458
 20
127.6733731942826
 30
0.0
 11
200.8762068932791
 21
127.7407299506622
 31
0.0
  0
LINE
  5
1FB
330
1F
100
AcDbEntity
  8
Geometries
  6
Continuous
370
    13
100
AcDbLine
 10
111.4468770963272
 20
114.7472491718368
 30
0.0
 11
110.6964690154797
 21
114.755569433265
 31
0.0
  0
LINE
  5
1FC
330
1F
100
AcDbEntity
  8
Geometries
  6
Continuous
370
    13
100
AcDbLine
 10
178.5768242243302
 20
116.8140569181511
 30
0.0
 11
178.3125323202538
 21
116.7985650125289
 31
0.0
  0
LINE
  5
1FD
330
1F
100
AcDbEntity
  8
Geometries
  6
Continuous
370
    13
100
AcDbLine
 10
64.07416390858509
 20
126.8182372071821
 30
0.0
 11
64.06505586031447
 21
126.8153552580852
 31
0.0
  0
LINE
  5
1FE
330
1F
100
AcDbEntity
  8
Geometries
  6
Continuous
370
    13
100
AcDbLine
 10
112.3058726128699
 20
114.7390350334448
 30
0.0
 11
111.4468770963272
 21
114.7472491718368
 31
0.0
  0
LINE
  5
1FF
330
1F
100
AcDbEntity
  8
Geometries
  6
Continuous
370
    13
100
AcDbLine
 10
113.1715267049811
 20
114.7321407930749
 30
0.0
 11
112.3058726128699
 21
114.7390350334448
 31
0.0
  0
LINE
  5
200
330
1F
100
AcDbEntity
  8
Geometries
  6
Continuous
370
    13
100
AcDbLine
 10
114.0438393726607
 20
114.7265664507268
 30
0.0
 11
113.1715267049811
 21
114.7321407930749
 31
0.0
  0
LINE
  5
201
330
1F
100
AcDbEntity
  8
Geometries
  6
Continuous
370
    13
100
AcDbLine
 10
60.57179047682678
 20
125.3573917729894
 30
0.0
 11
60.55760673039097
 21
125.3475803990432
 31
0.0
  0
LINE
  5
202
330
1F
100
AcDbEntity
  8
Geometries
  6
Continuous
370
    13
100
AcDbLine
 10
61.46025624110719
 20
120.1175596919665
 30
0.0
 11
61.36759969320089
 21
120.1614424491478
 31
0.0
  0
LINE
  5
203
330
1F
100
AcDbEntity
  8
Geometries
  6
Continuous
370
    13
100
AcDbLine
 10
58.61468819969889
 20
122.5485237574143
 30
0.0
 11
58.58769565313787
 21
122.6092870576448
 31
0.0
  0
LINE
  5
204
330
1F
100
AcDbEntity
  8
Geometries
  6
Continuous
370
    13
100
AcDbLine
 10
115.808440434725
 20
114.7193774600958
 30
0.0
 11
114.9228106159087
 21
114.7223120064004
 31
0.0
  0
LINE
  5
205
330
1F
100
AcDbEntity
  8
Geometries
  6
Continuous
370
    13
100
AcDbLine
 10
116.7007288291099
 20
114.7177628118129
 30
0.0
 11
115.808440434725
 21
114.7193774600958
 31
0.0
  0
LINE
  5
206
330
1F
100
AcDbEntity
  8
Geometries
  6
Continuous
370
    13
100
AcDbLine
 10
118.5052813445846
 20
114.7184932093127
 30
0.0
 11
117.599675799063
 21
114.7174680615518
 31
0.0
  0
LINE
  5
207
330
1F
100
AcDbEntity
  8
Geometries
  6
Continuous
370
    13
100
AcDbLine
 10
119.4175454656745
 20
114.7208382550952
 30
0.0
 11
118.5052813445846
 21
114.7184932093127
 31
0.0
  0
LINE
  5
208
330
1F
100
AcDbEntity
  8
Geometries
  6
Continuous
370
    13
100
AcDbLine
 10
60.61410784839508
 20
125.3865100022157
 30
0.0
 11
60.60004218242537
 21
125.3768570067534
 31
0.0
  0
LINE
  5
209
330
1F
100
AcDbEntity
  8
Geometries
  6
Continuous
370
    13
100
AcDbLine
 10
143.2369224993474
 20
115.1720683969222
 30
0.0
 11
142.1835379410002
 21
115.1385207227534
 31
0.0
  0
LINE
  5
20A
330
1F
100
AcDbEntity
  8
Geometries
  6
Continuous
370
    13
100
AcDbLine
 10
123.0903660520872
 20
114.7430422098433
 30
0.0
 11
122.1942892823549
 21
114.7357927805736
 31
0.0
  0
LINE
  5
20B
330
1F
100
AcDbEntity
  8
Geometries
  6
Continuous
370
    13
100
AcDbLine
 10
62.85068314196269
 20
119.5987575091527
 30
0.0
 11
62.80325527947238
 21
119.6148376826546
 31
0.0
  0
LINE
  5
20C
330
1F
100
AcDbEntity
  8
Geometries
  6
Continuous
370
    13
100
AcDbLine
 10
61.55760133460559
 20
120.0735811045367
 30
0.0
 11
61.46025624110719
 21
120.1175596919665
 31
0.0
  0
LINE
  5
20D
330
1F
100
AcDbEntity
  8
Geometries
  6
Continuous
370
    13
100
AcDbLine
 10
153.9032217047884
 20
115.5666735739661
 30
0.0
 11
153.2642356685494
 21
115.5404909611563
 31
0.0
  0
LINE
  5
20E
330
1F
100
AcDbEntity
  8
Geometries
  6
Continuous
370
    13
100
AcDbLine
 10
123.992509829724
 20
114.751494273468
 30
0.0
 11
123.0903660520872
 21
114.7430422098433
 31
0.0
  0
LINE
  5
20F
330
1F
100
AcDbEntity
  8
Geometries
  6
Continuous
370
    13
100
AcDbLine
 10
124.9007206152649
 20
114.7611489714467
 30
0.0
 11
123.992509829724
 21
114.751494273468
 31
0.0
  0
LINE
  5
210
330
1F
100
AcDbEntity
  8
Geometries
  6
Continuous
370
    13
100
AcDbLine
 10
61.36759969320089
 20
120.1614424491478
 30
0.0
 11
61.31175820438327
 21
120.1889768470777
 31
0.0
  0
LINE
  5
211
330
1F
100
AcDbEntity
  8
Geometries
  6
Continuous
370
    13
100
AcDbLine
 10
145.6724574404833
 20
115.2536414019737
 30
0.0
 11
145.5251613485887
 21
115.2485527594833
 31
0.0
  0
LINE
  5
212
330
1F
100
AcDbEntity
  8
Geometries
  6
Continuous
370
    13
100
AcDbLine
 10
125.8149984087101
 20
114.7720063037802
 30
0.0
 11
124.9007206152649
 21
114.7611489714467
 31
0.0
  0
LINE
  5
213
330
1F
100
AcDbEntity
  8
Geometries
  6
Continuous
370
    13
100
AcDbLine
 10
126.7353432100596
 20
114.7840662704683
 30
0.0
 11
125.8149984087101
 21
114.7720063037802
 31
0.0
  0
LINE
  5
214
330
1F
100
AcDbEntity
  8
Geometries
  6
Continuous
370
    13
100
AcDbLine
 10
62.88933614916498
 20
126.413441754419
 30
0.0
 11
62.86005424922428
 21
126.4034843169527
 31
0.0
  0
LINE
  5
215
330
1F
100
AcDbEntity
  8
Geometries
  6
Continuous
370
    13
100
AcDbLine
 10
147.0620742871416
 20
115.3025955973771
 30
0.0
 11
146.5877684659379
 21
115.2856959624085
 31
0.0
  0
LINE
  5
216
330
1F
100
AcDbEntity
  8
Geometries
  6
Continuous
370
    13
100
AcDbLine
 10
127.6617550193133
 20
114.7973288715108
 30
0.0
 11
126.7353432100596
 21
114.7840662704683
 31
0.0
  0
LINE
  5
217
330
1F
100
AcDbEntity
  8
Geometries
  6
Continuous
370
    13
100
AcDbLine
 10
146.115630505466
 20
115.2690688273522
 30
0.0
 11
145.9676920189219
 21
115.2638994359083
 31
0.0
  0
LINE
  5
218
330
1F
100
AcDbEntity
  8
Geometries
  6
Continuous
370
    13
100
AcDbLine
 10
218.047797744627
 20
126.4561461061454
 30
0.0
 11
214.6509551405443
 21
126.7217177299608
 31
0.0
  0
LINE
  5
219
330
1F
100
AcDbEntity
  8
Geometries
  6
Continuous
370
    13
100
AcDbLine
 10
152.884425590625
 20
130.4740314509321
 30
0.0
 11
152.8338712448528
 21
130.4760702019002
 31
0.0
  0
LINE
  5
21A
330
1F
100
AcDbEntity
  8
Geometries
  6
Continuous
370
    13
100
AcDbLine
 10
128.5942338364714
 20
114.8117941069081
 30
0.0
 11
127.6617550193133
 21
114.7973288715108
 31
0.0
  0
LINE
  5
21B
330
1F
100
AcDbEntity
  8
Geometries
  6
Continuous
370
    13
100
AcDbLine
 10
62.69879435880179
 20
119.6501447480948
 30
0.0
 11
62.62016621993648
 21
119.6767198838978
 31
0.0
  0
LINE
  5
21C
330
1F
100
AcDbEntity
  8
Geometries
  6
Continuous
370
    13
100
AcDbLine
 10
230.572251268259
 20
125.4246001652483
 30
0.0
 11
230.5222625716495
 21
125.4288870566064
 31
0.0
  0
LINE
  5
21D
330
1F
100
AcDbEntity
  8
Geometries
  6
Continuous
370
    13
100
AcDbLine
 10
129.5327796615337
 20
114.8274619766597
 30
0.0
 11
128.5942338364714
 21
114.8117941069081
 31
0.0
  0
LINE
  5
21E
330
1F
100
AcDbEntity
  8
Geometries
  6
Continuous
370
    13
100
AcDbLine
 10
130.4034043291232
 20
114.8429716820761
 30
0.0
 11
129.5327796615337
 21
114.8274619766597
 31
0.0
  0
LINE
  5
21F
330
1F
100
AcDbEntity
  8
Geometries
  6
Continuous
370
    13
100
AcDbLine
 10
131.2791853976329
 20
114.8595035165204
 30
0.0
 11
130.4034043291232
 21
114.8429716820761
 31
0.0
  0
LINE
  5
220
330
1F
100
AcDbEntity
  8
Geometries
  6
Continuous
370
    13
100
AcDbLine
 10
66.26337942263412
 20
118.5811460670986
 30
0.0
 11
66.1052804166861
 21
118.6197839968147
 31
0.0
  0
LINE
  5
221
330
1F
100
AcDbEntity
  8
Geometries
  6
Continuous
370
    13
100
AcDbLine
 10
59.50125205821047
 20
124.5234707727355
 30
0.0
 11
59.49387463412147
 21
124.5168292204196
 31
0.0
  0
LINE
  5
222
330
1F
100
AcDbEntity
  8
Geometries
  6
Continuous
370
    13
100
AcDbLine
 10
150.1152950032117
 20
115.4159140632204
 30
0.0
 11
149.2453320497714
 21
115.382846519681
 31
0.0
  0
LINE
  5
223
330
1F
100
AcDbEntity
  8
Geometries
  6
Continuous
370
    13
100
AcDbLine
 10
132.1601228670628
 20
114.8770574799929
 30
0.0
 11
131.2791853976329
 21
114.8595035165204
 31
0.0
  0
LINE
  5
224
330
1F
100
AcDbEntity
  8
Geometries
  6
Continuous
370
    13
100
AcDbLine
 10
63.63844247332038
 20
119.3235229061075
 30
0.0
 11
63.6081671505172
 21
119.3338210989091
 31
0.0
  0
LINE
  5
225
330
1F
100
AcDbEntity
  8
Geometries
  6
Continuous
370
    13
100
AcDbLine
 10
183.6274384193047
 20
128.8806689715248
 30
0.0
 11
183.0396376419961
 21
128.9168613227564
 31
0.0
  0
LINE
  5
226
330
1F
100
AcDbEntity
  8
Geometries
  6
Continuous
370
    13
100
AcDbLine
 10
132.8146264218781
 20
114.8906904028349
 30
0.0
 11
132.1601228670628
 21
114.8770574799929
 31
0.0
  0
LINE
  5
227
330
1F
100
AcDbEntity
  8
Geometries
  6
Continuous
370
    13
100
AcDbLine
 10
62.83074882704908
 20
126.3935411370754
 30
0.0
 11
62.80142213657227
 21
126.3836091165561
 31
0.0
  0
LINE
  5
228
330
1F
100
AcDbEntity
  8
Geometries
  6
Continuous
370
    13
100
AcDbLine
 10
150.9921707778635
 20
115.4498505478064
 30
0.0
 11
150.1152950032117
 21
115.4159140632204
 31
0.0
  0
LINE
  5
229
330
1F
100
AcDbEntity
  8
Geometries
  6
Continuous
370
    13
100
AcDbLine
 10
132.8641381089141
 20
114.8917419950143
 30
0.0
 11
132.8146264218781
 21
114.8906904028349
 31
0.0
  0
LINE
  5
22A
330
1F
100
AcDbEntity
  8
Geometries
  6
Continuous
370
    13
100
AcDbLine
 10
221.501538772529
 20
126.1800830294843
 30
0.0
 11
221.208008509111
 21
126.2037875854612
 31
0.0
  0
LINE
  5
22B
330
1F
100
AcDbEntity
  8
Geometries
  6
Continuous
370
    13
100
AcDbLine
 10
63.45860385737518
 20
119.3854926395188
 30
0.0
 11
63.41907985760689
 21
119.3993591506627
 31
0.0
  0
LINE
  5
22C
330
1F
100
AcDbEntity
  8
Geometries
  6
Continuous
370
    13
100
AcDbLine
 10
154.5355840523326
 20
115.5928978169242
 30
0.0
 11
153.9032217047884
 21
115.5666735739661
 31
0.0
  0
LINE
  5
22D
330
1F
100
AcDbEntity
  8
Geometries
  6
Continuous
370
    13
100
AcDbLine
 10
132.9550960306752
 20
114.8936815094359
 30
0.0
 11
132.9096087219421
 21
114.8927103334104
 31
0.0
  0
LINE
  5
22E
330
1F
100
AcDbEntity
  8
Geometries
  6
Continuous
370
    13
100
AcDbLine
 10
59.38511293804999
 20
121.5824570463518
 30
0.0
 11
59.36922368491459
 21
121.5974020310934
 31
0.0
  0
LINE
  5
22F
330
1F
100
AcDbEntity
  8
Geometries
  6
Continuous
370
    13
100
AcDbLine
 10
60.02315110460897
 20
124.956910679452
 30
0.0
 11
59.86288736541097
 21
124.8304347421348
 31
0.0
  0
LINE
  5
230
330
1F
100
AcDbEntity
  8
Geometries
  6
Continuous
370
    13
100
AcDbLine
 10
230.5222625716495
 20
125.4288870566064
 30
0.0
 11
228.4263360687661
 21
125.6073912249963
 31
0.0
  0
LINE
  5
231
330
1F
100
AcDbEntity
  8
Geometries
  6
Continuous
370
    13
100
AcDbLine
 10
58.79114792372367
 20
123.7504185528316
 30
0.0
 11
58.78443078272417
 21
123.7407297578719
 31
0.0
  0
LINE
  5
232
330
1F
100
AcDbEntity
  8
Geometries
  6
Continuous
370
    13
100
AcDbLine
 10
133.0461207352567
 20
114.8956323743745
 30
0.0
 11
133.0006000351134
 21
114.8946555230904
 31
0.0
  0
LINE
  5
233
330
1F
100
AcDbEntity
  8
Geometries
  6
Continuous
370
    13
100
AcDbLine
 10
133.091658131105
 20
114.8966120632882
 30
0.0
 11
133.0461207352567
 21
114.8956323743745
 31
0.0
  0
LINE
  5
234
330
1F
100
AcDbEntity
  8
Geometries
  6
Continuous
370
    13
100
AcDbLine
 10
212.6514909654683
 20
126.875366751774
 30
0.0
 11
212.5878247503587
 21
126.8802273042372
 31
0.0
  0
LINE
  5
235
330
1F
100
AcDbEntity
  8
Geometries
  6
Continuous
370
    13
100
AcDbLine
 10
133.1372122226585
 20
114.897594589831
 30
0.0
 11
133.091658131105
 21
114.8966120632882
 31
0.0
  0
LINE
  5
236
330
1F
100
AcDbEntity
  8
Geometries
  6
Continuous
370
    13
100
AcDbLine
 10
58.99857272087318
 20
121.9835698825292
 30
0.0
 11
58.97846442352949
 21
122.0074478555381
 31
0.0
  0
LINE
  5
237
330
1F
100
AcDbEntity
  8
Geometries
  6
Continuous
370
    13
100
AcDbLine
 10
134.3729132605439
 20
114.9251822831477
 30
0.0
 11
133.5437947222903
 21
114.9064732624884
 31
0.0
  0
LINE
  5
238
330
1F
100
AcDbEntity
  8
Geometries
  6
Continuous
370
    13
100
AcDbLine
 10
224.5898392672866
 20
125.9278953267763
 30
0.0
 11
224.5574415529143
 21
125.9305675973251
 31
0.0
  0
LINE
  5
239
330
1F
100
AcDbEntity
  8
Geometries
  6
Continuous
370
    13
100
AcDbLine
 10
136.1820562886625
 20
114.9687494713122
 30
0.0
 11
135.207488499673
 21
114.9448187336178
 31
0.0
  0
LINE
  5
23A
330
1F
100
AcDbEntity
  8
Geometries
  6
Continuous
370
    13
100
AcDbLine
 10
243.3700506570536
 20
124.2815566810388
 30
0.0
 11
242.8950337807511
 21
124.3256141386003
 31
0.0
  0
LINE
  5
23B
330
1F
100
AcDbEntity
  8
Geometries
  6
Continuous
370
    13
100
AcDbLine
 10
66.5522245800999
 20
118.5118039371363
 30
0.0
 11
66.4946912515056
 21
118.5254938732422
 31
0.0
  0
LINE
  5
23C
330
1F
100
AcDbEntity
  8
Geometries
  6
Continuous
370
    13
100
AcDbLine
 10
195.5042438051244
 20
117.8869774475164
 30
0.0
 11
194.3220379754433
 21
117.8072798440702
 31
0.0
  0
LINE
  5
23D
330
1F
100
AcDbEntity
  8
Geometries
  6
Continuous
370
    13
100
AcDbLine
 10
63.27406473221417
 20
126.5481888101255
 30
0.0
 11
63.26600099316197
 21
126.545285522163
 31
0.0
  0
LINE
  5
23E
330
1F
100
AcDbEntity
  8
Geometries
  6
Continuous
370
    13
100
AcDbLine
 10
105.0900255170799
 20
131.144811607517
 30
0.0
 11
104.9742187569786
 21
131.1420798708517
 31
0.0
  0
LINE
  5
23F
330
1F
100
AcDbEntity
  8
Geometries
  6
Continuous
370
    13
100
AcDbLine
 10
63.94497734887631
 20
119.2221278501507
 30
0.0
 11
63.8057086271574
 21
119.2675628617141
 31
0.0
  0
LINE
  5
240
330
1F
100
AcDbEntity
  8
Geometries
  6
Continuous
370
    13
100
AcDbLine
 10
137.1639609785283
 20
114.9939272006862
 30
0.0
 11
136.1820562886625
 21
114.9687494713122
 31
0.0
  0
LINE
  5
241
330
1F
100
AcDbEntity
  8
Geometries
  6
Continuous
370
    13
100
AcDbLine
 10
242.5940577058337
 20
124.3534639839853
 30
0.0
 11
242.5535928265547
 21
124.3572043996512
 31
0.0
  0
LINE
  5
242
330
1F
100
AcDbEntity
  8
Geometries
  6
Continuous
370
    13
100
AcDbLine
 10
62.62016621993648
 20
119.6767198838978
 30
0.0
 11
62.54886501031649
 21
119.7008812748622
 31
0.0
  0
LINE
  5
243
330
1F
100
AcDbEntity
  8
Geometries
  6
Continuous
370
    13
100
AcDbLine
 10
63.28212827997747
 20
126.5510905282209
 30
0.0
 11
63.27406473221417
 21
126.5481888101255
 31
0.0
  0
LINE
  5
244
330
1F
100
AcDbEntity
  8
Geometries
  6
Continuous
370
    13
100
AcDbLine
 10
66.78258112282599
 20
118.4575056025261
 30
0.0
 11
66.7228052060663
 21
118.4715243673667
 31
0.0
  0
LINE
  5
245
330
1F
100
AcDbEntity
  8
Geometries
  6
Continuous
370
    13
100
AcDbLine
 10
245.5188203562138
 20
124.0806775311999
 30
0.0
 11
245.483471525155
 21
124.0840031346634
 31
0.0
  0
LINE
  5
246
330
1F
100
AcDbEntity
  8
Geometries
  6
Continuous
370
    13
100
AcDbLine
 10
140.1536964533828
 20
115.0769423388872
 30
0.0
 11
139.1497810608885
 21
115.0480236344739
 31
0.0
  0
LINE
  5
247
330
1F
100
AcDbEntity
  8
Geometries
  6
Continuous
370
    13
100
AcDbLine
 10
60.70884066604117
 20
125.4508734217602
 30
0.0
 11
60.61410784839508
 21
125.3865100022157
 31
0.0
  0
LINE
  5
248
330
1F
100
AcDbEntity
  8
Geometries
  6
Continuous
370
    13
100
AcDbLine
 10
169.5080450009935
 20
116.3090026653665
 30
0.0
 11
169.4645115585585
 21
117.2821218584427
 31
0.0
  0
LINE
  5
249
330
1F
100
AcDbEntity
  8
Geometries
  6
Continuous
370
    13
100
AcDbLine
 10
248.3268734205027
 20
123.4512060010756
 30
0.0
 11
248.3650898479615
 21
123.3929574573228
 31
0.0
  0
LINE
  5
24A
330
1F
100
AcDbEntity
  8
Geometries
  6
Continuous
370
    13
100
AcDbLine
 10
142.1835379410002
 20
115.1385207227534
 30
0.0
 11
141.1649487467535
 21
115.1071080349805
 31
0.0
  0
LINE
  5
24B
330
1F
100
AcDbEntity
  8
Geometries
  6
Continuous
370
    13
100
AcDbLine
 10
144.2980404773026
 20
115.2069304557429
 30
0.0
 11
143.2369224993474
 21
115.1720683969222
 31
0.0
  0
LINE
  5
24C
330
1F
100
AcDbEntity
  8
Geometries
  6
Continuous
370
    13
100
AcDbLine
 10
65.0008812174946
 20
118.9069297986752
 30
0.0
 11
64.80571912325179
 21
118.9617000177531
 31
0.0
  0
LINE
  5
24D
330
1F
100
AcDbEntity
  8
Geometries
  6
Continuous
370
    13
100
AcDbLine
 10
145.5251613485887
 20
115.2485527594833
 30
0.0
 11
145.3668918748658
 21
115.2431068992162
 31
0.0
  0
LINE
  5
24E
330
1F
100
AcDbEntity
  8
Geometries
  6
Continuous
370
    13
100
AcDbLine
 10
145.8199676639277
 20
115.258756960782
 30
0.0
 11
145.6724574404833
 21
115.2536414019737
 31
0.0
  0
LINE
  5
24F
330
1F
100
AcDbEntity
  8
Geometries
  6
Continuous
370
    13
100
AcDbLine
 10
227.6308025325538
 20
125.6745130291063
 30
0.0
 11
227.608514691416
 21
125.6763885316766
 31
0.0
  0
LINE
  5
250
330
1F
100
AcDbEntity
  8
Geometries
  6
Continuous
370
    13
100
AcDbLine
 10
68.47093902070245
 20
127.9254623913023
 30
0.0
 11
67.93924474992278
 21
127.8071193927929
 31
0.0
  0
LINE
  5
251
330
1F
100
AcDbEntity
  8
Geometries
  6
Continuous
370
    13
100
AcDbLine
 10
145.9676920189219
 20
115.2638994359083
 30
0.0
 11
145.8199676639277
 21
115.258756960782
 31
0.0
  0
LINE
  5
252
330
1F
100
AcDbEntity
  8
Geometries
  6
Continuous
370
    13
100
AcDbLine
 10
221.5892058192617
 20
126.1729944930369
 30
0.0
 11
221.5738641080192
 21
126.1742352786422
 31
0.0
  0
LINE
  5
253
330
1F
100
AcDbEntity
  8
Geometries
  6
Continuous
370
    13
100
AcDbLine
 10
60.58593600970367
 20
125.3671507862853
 30
0.0
 11
60.57179047682678
 21
125.3573917729894
 31
0.0
  0
LINE
  5
254
330
1F
100
AcDbEntity
  8
Geometries
  6
Continuous
370
    13
100
AcDbLine
 10
63.41907985760689
 20
119.3993591506627
 30
0.0
 11
63.38093441767248
 21
119.4128073491522
 31
0.0
  0
LINE
  5
255
330
1F
100
AcDbEntity
  8
Geometries
  6
Continuous
370
    13
100
AcDbLine
 10
146.5877684659379
 20
115.2856959624085
 30
0.0
 11
146.115630505466
 21
115.2690688273522
 31
0.0
  0
LINE
  5
256
330
1F
100
AcDbEntity
  8
Geometries
  6
Continuous
370
    13
100
AcDbLine
 10
148.5126027387848
 20
115.355470638527
 30
0.0
 11
147.7848501512415
 21
115.3287203310923
 31
0.0
  0
LINE
  5
257
330
1F
100
AcDbEntity
  8
Geometries
  6
Continuous
370
    13
100
AcDbLine
 10
229.0126767585547
 20
120.4413875921011
 30
0.0
 11
228.7784314409656
 21
120.4215120819235
 31
0.0
  0
LINE
  5
258
330
1F
100
AcDbEntity
  8
Geometries
  6
Continuous
370
    13
100
AcDbLine
 10
83.71165160369898
 20
130.0272466125817
 30
0.0
 11
82.62874835907569
 21
129.9286066957758
 31
0.0
  0
LINE
  5
259
330
1F
100
AcDbEntity
  8
Geometries
  6
Continuous
370
    13
100
AcDbLine
 10
61.08472195748699
 20
120.3113003977086
 30
0.0
 11
60.99996235687709
 21
120.3613561183473
 31
0.0
  0
LINE
  5
25A
330
1F
100
AcDbEntity
  8
Geometries
  6
Continuous
370
    13
100
AcDbLine
 10
187.0488696555256
 20
117.3325219365258
 30
0.0
 11
186.4122227504749
 21
117.2922079935424
 31
0.0
  0
LINE
  5
25B
330
1F
100
AcDbEntity
  8
Geometries
  6
Continuous
370
    13
100
AcDbLine
 10
155.1486479628865
 20
130.380554787498
 30
0.0
 11
153.7985550665386
 21
130.4368085951558
 31
0.0
  0
LINE
  5
25C
330
1F
100
AcDbEntity
  8
Geometries
  6
Continuous
370
    13
100
AcDbLine
 10
62.91859227293777
 20
126.4234165477048
 30
0.0
 11
62.88933614916498
 21
126.413441754419
 31
0.0
  0
LINE
  5
25D
330
1F
100
AcDbEntity
  8
Geometries
  6
Continuous
370
    13
100
AcDbLine
 10
149.2453320497714
 20
115.382846519681
 30
0.0
 11
148.5126027387848
 21
115.355470638527
 31
0.0
  0
LINE
  5
25E
330
1F
100
AcDbEntity
  8
Geometries
  6
Continuous
370
    13
100
AcDbLine
 10
62.97246112954329
 20
119.5572447421028
 30
0.0
 11
62.93528606699827
 21
119.5699610388772
 31
0.0
  0
LINE
  5
25F
330
1F
100
AcDbEntity
  8
Geometries
  6
Continuous
370
    13
100
AcDbLine
 10
90.00994621483355
 20
130.5129088963525
 30
0.0
 11
89.99067193379449
 21
130.5116758106591
 31
0.0
  0
LINE
  5
260
330
1F
100
AcDbEntity
  8
Geometries
  6
Continuous
370
    13
100
AcDbLine
 10
93.0623122682878
 20
130.6907367958422
 30
0.0
 11
93.00982918954875
 21
130.6879408156852
 31
0.0
  0
LINE
  5
261
330
1F
100
AcDbEntity
  8
Geometries
  6
Continuous
370
    13
100
AcDbLine
 10
248.4650111703207
 20
123.1699485559926
 30
0.0
 11
248.4863516927708
 21
123.0857986191522
 31
0.0
  0
LINE
  5
262
330
1F
100
AcDbEntity
  8
Geometries
  6
Continuous
370
    13
100
AcDbLine
 10
150.6517570730054
 20
130.5627427222439
 30
0.0
 11
148.7295003361706
 21
130.6366450406452
 31
0.0
  0
LINE
  5
263
330
1F
100
AcDbEntity
  8
Geometries
  6
Continuous
370
    13
100
AcDbLine
 10
60.31346188248257
 20
120.8245772056001
 30
0.0
 11
60.19297615752869
 21
120.9133077046979
 31
0.0
  0
LINE
  5
264
330
1F
100
AcDbEntity
  8
Geometries
  6
Continuous
370
    13
100
AcDbLine
 10
61.53001288320698
 20
125.9132208671384
 30
0.0
 11
61.37189003527247
 21
125.8396202796706
 31
0.0
  0
LINE
  5
265
330
1F
100
AcDbEntity
  8
Geometries
  6
Continuous
370
    13
100
AcDbLine
 10
243.9194712655224
 20
124.230440481944
 30
0.0
 11
243.8275111454088
 21
124.2390079379306
 31
0.0
  0
LINE
  5
266
330
1F
100
AcDbEntity
  8
Geometries
  6
Continuous
370
    13
100
AcDbLine
 10
133.8087283718978
 20
131.0887194865108
 30
0.0
 11
131.7645229390076
 21
131.1303601048418
 31
0.0
  0
LINE
  5
267
330
1F
100
AcDbEntity
  8
Geometries
  6
Continuous
370
    13
100
AcDbLine
 10
59.35355003440819
 20
121.6122475378135
 30
0.0
 11
59.33809198653108
 21
121.6269935665116
 31
0.0
  0
LINE
  5
268
330
1F
100
AcDbEntity
  8
Geometries
  6
Continuous
370
    13
100
AcDbLine
 10
151.958900151614
 20
115.487952588272
 30
0.0
 11
151.6342405512637
 21
115.4750774086583
 31
0.0
  0
LINE
  5
269
330
1F
100
AcDbEntity
  8
Geometries
  6
Continuous
370
    13
100
AcDbLine
 10
247.7308721333712
 20
123.8573005158138
 30
0.0
 11
247.8143637421778
 21
123.8320040879818
 31
0.0
  0
LINE
  5
26A
330
1F
100
AcDbEntity
  8
Geometries
  6
Continuous
370
    13
100
AcDbLine
 10
152.2877463824521
 20
115.5010713912629
 30
0.0
 11
151.958900151614
 21
115.487952588272
 31
0.0
  0
LINE
  5
26B
330
1F
100
AcDbEntity
  8
Geometries
  6
Continuous
370
    13
100
AcDbLine
 10
58.87796936000277
 20
122.1316742178123
 30
0.0
 11
58.85983447739788
 21
122.1551728342486
 31
0.0
  0
LINE
  5
26C
330
1F
100
AcDbEntity
  8
Geometries
  6
Continuous
370
    13
100
AcDbLine
 10
58.50480967110377
 20
123.0863223075066
 30
0.0
 11
58.50214958264877
 21
123.0572206070573
 31
0.0
  0
LINE
  5
26D
330
1F
100
AcDbEntity
  8
Geometries
  6
Continuous
370
    13
100
AcDbLine
 10
152.9404141409198
 20
115.527340577705
 30
0.0
 11
152.6149177122207
 21
115.5142007210738
 31
0.0
  0
LINE
  5
26E
330
1F
100
AcDbEntity
  8
Geometries
  6
Continuous
370
    13
100
AcDbLine
 10
63.30877921730658
 20
119.4384488081676
 30
0.0
 11
63.27476945687488
 21
119.4506420686936
 31
0.0
  0
LINE
  5
26F
330
1F
100
AcDbEntity
  8
Geometries
  6
Continuous
370
    13
100
AcDbLine
 10
72.26803083654465
 20
128.6290408829199
 30
0.0
 11
71.58455830157837
 21
128.5147892883686
 31
0.0
  0
LINE
  5
270
330
1F
100
AcDbEntity
  8
Geometries
  6
Continuous
370
    13
100
AcDbLine
 10
89.94859529544136
 20
130.5089785915495
 30
0.0
 11
89.8453431915014
 21
130.5023286902275
 31
0.0
  0
LINE
  5
271
330
1F
100
AcDbEntity
  8
Geometries
  6
Continuous
370
    13
100
AcDbLine
 10
155.161322711182
 20
115.6191636900302
 30
0.0
 11
154.5355840523326
 21
115.5928978169242
 31
0.0
  0
LINE
  5
272
330
1F
100
AcDbEntity
  8
Geometries
  6
Continuous
370
    13
100
AcDbLine
 10
59.40121779381478
 20
121.5674125835885
 30
0.0
 11
59.38511293804999
 21
121.5824570463518
 31
0.0
  0
LINE
  5
273
330
1F
100
AcDbEntity
  8
Geometries
  6
Continuous
370
    13
100
AcDbLine
 10
58.51875748068997
 20
123.1737391310016
 30
0.0
 11
58.51578865903417
 21
123.1589305044939
 31
0.0
  0
LINE
  5
274
330
1F
100
AcDbEntity
  8
Geometries
  6
Continuous
370
    13
100
AcDbLine
 10
75.04155182290486
 20
129.0511500308998
 30
0.0
 11
75.02936273554295
 21
129.0494630839761
 31
0.0
  0
LINE
  5
275
330
1F
100
AcDbEntity
  8
Geometries
  6
Continuous
370
    13
100
AcDbLine
 10
78.66303893039786
 20
129.5139730400808
 30
0.0
 11
77.76327033159409
 21
129.405693302964
 31
0.0
  0
LINE
  5
276
330
1F
100
AcDbEntity
  8
Geometries
  6
Continuous
370
    13
100
AcDbLine
 10
194.618027003418
 20
128.171921691708
 30
0.0
 11
194.4337568833983
 21
128.1843016554963
 31
0.0
  0
LINE
  5
277
330
1F
100
AcDbEntity
  8
Geometries
  6
Continuous
370
    13
100
AcDbLine
 10
58.91620325531298
 20
122.0833303289211
 30
0.0
 11
58.89675895264119
 21
122.1077267160365
 31
0.0
  0
LINE
  5
278
330
1F
100
AcDbEntity
  8
Geometries
  6
Continuous
370
    13
100
AcDbLine
 10
155.7804376813365
 20
115.6454711932847
 30
0.0
 11
155.161322711182
 21
115.6191636900302
 31
0.0
  0
LINE
  5
279
330
1F
100
AcDbEntity
  8
Geometries
  6
Continuous
370
    13
100
AcDbLine
 10
58.56856216882299
 20
122.6567247429574
 30
0.0
 11
58.54771201068958
 21
122.7120651423977
 31
0.0
  0
LINE
  5
27A
330
1F
100
AcDbEntity
  8
Geometries
  6
Continuous
370
    13
100
AcDbLine
 10
59.01195628576777
 20
124.0317254174717
 30
0.0
 11
58.98175849011527
 21
123.9965460048527
 31
0.0
  0
LINE
  5
27B
330
1F
100
AcDbEntity
  8
Geometries
  6
Continuous
370
    13
100
AcDbLine
 10
58.50125112500618
 20
122.9445646616986
 30
0.0
 11
58.50000185341797
 21
122.9995424984828
 31
0.0
  0
LINE
  5
27C
330
1F
100
AcDbEntity
  8
Geometries
  6
Continuous
370
    13
100
AcDbLine
 10
99.81389444240787
 20
130.9923538657204
 30
0.0
 11
98.42893058734198
 21
130.940792835334
 31
0.0
  0
LINE
  5
27D
330
1F
100
AcDbEntity
  8
Geometries
  6
Continuous
370
    13
100
AcDbLine
 10
169.4645115585585
 20
117.2821218584427
 30
0.0
 11
158.1441310465113
 21
116.7912115596789
 31
0.0
  0
LINE
  5
27E
330
1F
100
AcDbEntity
  8
Geometries
  6
Continuous
370
    13
100
AcDbLine
 10
63.54797916908562
 20
119.3544535998327
 30
0.0
 11
63.5180665104571
 21
119.3647879079546
 31
0.0
  0
LINE
  5
27F
330
1F
100
AcDbEntity
  8
Geometries
  6
Continuous
370
    13
100
AcDbLine
 10
58.58769565313787
 20
122.6092870576448
 30
0.0
 11
58.56856216882299
 21
122.6567247429574
 31
0.0
  0
LINE
  5
280
330
1F
100
AcDbEntity
  8
Geometries
  6
Continuous
370
    13
100
AcDbLine
 10
170.0173549159387
 20
116.3360483879912
 30
0.0
 11
169.5080450009935
 21
116.3090026653665
 31
0.0
  0
LINE
  5
281
330
1F
100
AcDbEntity
  8
Geometries
  6
Continuous
370
    13
100
AcDbLine
 10
59.06660293276569
 20
121.9057052214184
 30
0.0
 11
58.99857272087318
 21
121.9835698825292
 31
0.0
  0
LINE
  5
282
330
1F
100
AcDbEntity
  8
Geometries
  6
Continuous
370
    13
100
AcDbLine
 10
59.20000353805527
 20
124.2353946985442
 30
0.0
 11
59.18582169053687
 21
124.2208144115256
 31
0.0
  0
LINE
  5
283
330
1F
100
AcDbEntity
  8
Geometries
  6
Continuous
370
    13
100
AcDbLine
 10
171.5171854834518
 20
116.4164899395116
 30
0.0
 11
171.0219251571677
 21
116.3897920250639
 31
0.0
  0
LINE
  5
284
330
1F
100
AcDbEntity
  8
Geometries
  6
Continuous
370
    13
100
AcDbLine
 10
61.99066978808658
 20
119.8979077020333
 30
0.0
 11
61.88009039570207
 21
119.9401659735919
 31
0.0
  0
LINE
  5
285
330
1F
100
AcDbEntity
  8
Geometries
  6
Continuous
370
    13
100
AcDbLine
 10
172.0077626135152
 20
116.4430719179005
 30
0.0
 11
171.5171854834518
 21
116.4164899395116
 31
0.0
  0
LINE
  5
286
330
1F
100
AcDbEntity
  8
Geometries
  6
Continuous
370
    13
100
AcDbLine
 10
248.1869234876531
 20
122.3902690702801
 30
0.0
 11
248.1338903659228
 21
122.3444523670565
 31
0.0
  0
LINE
  5
287
330
1F
100
AcDbEntity
  8
Geometries
  6
Continuous
370
    13
100
AcDbLine
 10
89.97750641883479
 20
130.5108326549596
 30
0.0
 11
89.95823231077868
 21
130.5095969957822
 31
0.0
  0
LINE
  5
288
330
1F
100
AcDbEntity
  8
Geometries
  6
Continuous
370
    13
100
AcDbLine
 10
139.9405821486999
 20
130.9341903650059
 30
0.0
 11
137.8967281717165
 21
130.991305787515
 31
0.0
  0
LINE
  5
289
330
1F
100
AcDbEntity
  8
Geometries
  6
Continuous
370
    13
100
AcDbLine
 10
93.00982918954875
 20
130.6879408156852
 30
0.0
 11
92.99333457608279
 21
130.6870604189142
 31
0.0
  0
LINE
  5
28A
330
1F
100
AcDbEntity
  8
Geometries
  6
Continuous
370
    13
100
AcDbLine
 10
172.8981882777477
 20
116.4916798404013
 30
0.0
 11
172.4936565473585
 21
116.4695379602306
 31
0.0
  0
LINE
  5
28B
330
1F
100
AcDbEntity
  8
Geometries
  6
Continuous
370
    13
100
AcDbLine
 10
173.6973383487666
 20
116.5357181872934
 30
0.0
 11
173.2994155448837
 21
116.5137399160892
 31
0.0
  0
LINE
  5
28C
330
1F
100
AcDbEntity
  8
Geometries
  6
Continuous
370
    13
100
AcDbLine
 10
62.54886501031649
 20
119.7008812748622
 30
0.0
 11
62.48489072994168
 21
119.7226289209885
 31
0.0
  0
LINE
  5
28D
330
1F
100
AcDbEntity
  8
Geometries
  6
Continuous
370
    13
100
AcDbLine
 10
174.0919566893963
 20
116.5576146540148
 30
0.0
 11
173.6973383487666
 21
116.5357181872934
 31
0.0
  0
LINE
  5
28E
330
1F
100
AcDbEntity
  8
Geometries
  6
Continuous
370
    13
100
AcDbLine
 10
223.2073586619014
 20
119.9576919374316
 30
0.0
 11
222.0159032885139
 21
119.8606750558957
 31
0.0
  0
LINE
  5
28F
330
1F
100
AcDbEntity
  8
Geometries
  6
Continuous
370
    13
100
AcDbLine
 10
174.7668899773148
 20
116.595308084726
 30
0.0
 11
174.4251475471409
 21
116.5761826509397
 31
0.0
  0
LINE
  5
290
330
1F
100
AcDbEntity
  8
Geometries
  6
Continuous
370
    13
100
AcDbLine
 10
209.4109939706288
 20
118.8787767887156
 30
0.0
 11
209.1055956402746
 21
118.8559564332266
 31
0.0
  0
LINE
  5
291
330
1F
100
AcDbEntity
  8
Geometries
  6
Continuous
370
    13
100
AcDbLine
 10
59.36922368491459
 20
121.5974020310934
 30
0.0
 11
59.35355003440819
 21
121.6122475378135
 31
0.0
  0
LINE
  5
292
330
1F
100
AcDbEntity
  8
Geometries
  6
Continuous
370
    13
100
AcDbLine
 10
64.66504316711809
 20
126.9970172962217
 30
0.0
 11
64.59499352159368
 21
126.97661715733
 31
0.0
  0
LINE
  5
293
330
1F
100
AcDbEntity
  8
Geometries
  6
Continuous
370
    13
100
AcDbLine
 10
74.69416591933576
 20
129.0025864312031
 30
0.0
 11
74.40217840272327
 21
128.9609410206077
 31
0.0
  0
LINE
  5
294
330
1F
100
AcDbEntity
  8
Geometries
  6
Continuous
370
    13
100
AcDbLine
 10
175.1095925031642
 20
116.6145715292387
 30
0.0
 11
174.7668899773148
 21
116.595308084726
 31
0.0
  0
LINE
  5
295
330
1F
100
AcDbEntity
  8
Geometries
  6
Continuous
370
    13
100
AcDbLine
 10
66.90650651850159
 20
118.4285797104677
 30
0.0
 11
66.78258112282599
 21
118.4575056025261
 31
0.0
  0
LINE
  5
296
330
1F
100
AcDbEntity
  8
Geometries
  6
Continuous
370
    13
100
AcDbLine
 10
242.8950337807511
 20
124.3256141386003
 30
0.0
 11
242.6860230602223
 21
124.3449596535232
 31
0.0
  0
LINE
  5
297
330
1F
100
AcDbEntity
  8
Geometries
  6
Continuous
370
    13
100
AcDbLine
 10
176.276229266609
 20
129.3183559393062
 30
0.0
 11
175.1475271440438
 21
129.3823899579686
 31
0.0
  0
LINE
  5
298
330
1F
100
AcDbEntity
  8
Geometries
  6
Continuous
370
    13
100
AcDbLine
 10
201.8428358821078
 20
118.326779355221
 30
0.0
 11
200.8429850292141
 21
118.2560119186516
 31
0.0
  0
LINE
  5
299
330
1F
100
AcDbEntity
  8
Geometries
  6
Continuous
370
    13
100
AcDbLine
 10
175.7978778418905
 20
116.6535124504435
 30
0.0
 11
175.4532551246895
 21
116.6339729844781
 31
0.0
  0
LINE
  5
29A
330
1F
100
AcDbEntity
  8
Geometries
  6
Continuous
370
    13
100
AcDbLine
 10
74.40217840272327
 20
128.9609410206077
 30
0.0
 11
73.88105962402587
 21
128.88454102607
 31
0.0
  0
LINE
  5
29B
330
1F
100
AcDbEntity
  8
Geometries
  6
Continuous
370
    13
100
AcDbLine
 10
176.6884591458576
 20
116.704390514221
 30
0.0
 11
176.1434606547674
 21
116.6731899271356
 31
0.0
  0
LINE
  5
29C
330
1F
100
AcDbEntity
  8
Geometries
  6
Continuous
370
    13
100
AcDbLine
 10
177.2358284854529
 20
116.7359319033043
 30
0.0
 11
176.6884591458576
 21
116.704390514221
 31
0.0
  0
LINE
  5
29D
330
1F
100
AcDbEntity
  8
Geometries
  6
Continuous
370
    13
100
AcDbLine
 10
58.81617544565508
 20
123.7857563906371
 30
0.0
 11
58.80355544222168
 21
123.768082871634
 31
0.0
  0
LINE
  5
29E
330
1F
100
AcDbEntity
  8
Geometries
  6
Continuous
370
    13
100
AcDbLine
 10
58.77836714354328
 20
123.7319043787454
 30
0.0
 11
58.74172139018287
 21
123.6768161366918
 31
0.0
  0
LINE
  5
29F
330
1F
100
AcDbEntity
  8
Geometries
  6
Continuous
370
    13
100
AcDbLine
 10
58.54771201068958
 20
122.7120651423977
 30
0.0
 11
58.53423603714167
 21
122.7508780886967
 31
0.0
  0
LINE
  5
2A0
330
1F
100
AcDbEntity
  8
Geometries
  6
Continuous
370
    13
100
AcDbLine
 10
61.21676727842548
 20
125.7613096872013
 30
0.0
 11
61.11046123077408
 21
125.7035162743462
 31
0.0
  0
LINE
  5
2A1
330
1F
100
AcDbEntity
  8
Geometries
  6
Continuous
370
    13
100
AcDbLine
 10
63.69489344130957
 20
126.6946410979771
 30
0.0
 11
63.47154104800578
 21
126.6182027798833
 31
0.0
  0
LINE
  5
2A2
330
1F
100
AcDbEntity
  8
Geometries
  6
Continuous
370
    13
100
AcDbLine
 10
178.0487804699949
 20
116.7831507379403
 30
0.0
 11
177.7855686735537
 21
116.7678140943852
 31
0.0
  0
LINE
  5
2A3
330
1F
100
AcDbEntity
  8
Geometries
  6
Continuous
370
    13
100
AcDbLine
 10
208.1938484290689
 20
118.7880915589531
 30
0.0
 11
207.8928306837851
 21
118.7657741345203
 31
0.0
  0
LINE
  5
2A4
330
1F
100
AcDbEntity
  8
Geometries
  6
Continuous
370
    13
100
AcDbLine
 10
87.90100393253236
 20
130.3682784706122
 30
0.0
 11
86.88957987068638
 21
130.2913261945701
 31
0.0
  0
LINE
  5
2A5
330
1F
100
AcDbEntity
  8
Geometries
  6
Continuous
370
    13
100
AcDbLine
 10
58.93630226801837
 20
122.0584850564662
 30
0.0
 11
58.91620325531298
 21
122.0833303289211
 31
0.0
  0
LINE
  5
2A6
330
1F
100
AcDbEntity
  8
Geometries
  6
Continuous
370
    13
100
AcDbLine
 10
178.3125323202538
 20
116.7985650125289
 30
0.0
 11
178.0487804699949
 21
116.7831507379403
 31
0.0
  0
LINE
  5
2A7
330
1F
100
AcDbEntity
  8
Geometries
  6
Continuous
370
    13
100
AcDbLine
 10
60.86551309919739
 20
120.4451127856739
 30
0.0
 11
60.84362978580307
 21
120.4592221792079
 31
0.0
  0
LINE
  5
2A8
330
1F
100
AcDbEntity
  8
Geometries
  6
Continuous
370
    13
100
AcDbLine
 10
66.42503535593089
 20
118.5421476000846
 30
0.0
 11
66.26337942263412
 21
118.5811460670986
 31
0.0
  0
LINE
  5
2A9
330
1F
100
AcDbEntity
  8
Geometries
  6
Continuous
370
    13
100
AcDbLine
 10
158.1665567631463
 20
129.2072055371099
 30
0.0
 11
169.4851640098781
 21
128.7163480510756
 31
0.0
  0
LINE
  5
2AA
330
1F
100
AcDbEntity
  8
Geometries
  6
Continuous
370
    13
100
AcDbLine
 10
179.1070281939358
 20
116.8452736224961
 30
0.0
 11
178.8416561822241
 21
116.8296264548068
 31
0.0
  0
LINE
  5
2AB
330
1F
100
AcDbEntity
  8
Geometries
  6
Continuous
370
    13
100
AcDbLine
 10
60.55760673039097
 20
125.3475803990432
 30
0.0
 11
60.54338591699297
 21
125.3377170966244
 31
0.0
  0
LINE
  5
2AC
330
1F
100
AcDbEntity
  8
Geometries
  6
Continuous
370
    13
100
AcDbLine
 10
247.7289801165002
 20
122.1416409157672
 30
0.0
 11
247.6433760377701
 21
122.1230535035931
 31
0.0
  0
LINE
  5
2AD
330
1F
100
AcDbEntity
  8
Geometries
  6
Continuous
370
    13
100
AcDbLine
 10
59.10291892879377
 20
124.1332221886119
 30
0.0
 11
59.08680957470247
 21
124.1156918439109
 31
0.0
  0
LINE
  5
2AE
330
1F
100
AcDbEntity
  8
Geometries
  6
Continuous
370
    13
100
AcDbLine
 10
179.6161181668635
 20
116.8754173563258
 30
0.0
 11
179.3667363818313
 21
116.8606309385592
 31
0.0
  0
LINE
  5
2AF
330
1F
100
AcDbEntity
  8
Geometries
  6
Continuous
370
    13
100
AcDbLine
 10
180.5185609129892
 20
116.9292433323481
 30
0.0
 11
179.8661428152793
 21
116.8902803554481
 31
0.0
  0
LINE
  5
2B0
330
1F
100
AcDbEntity
  8
Geometries
  6
Continuous
370
    13
100
AcDbLine
 10
203.849748331449
 20
118.4703655799366
 30
0.0
 11
202.8450903161861
 21
118.3982305756493
 31
0.0
  0
LINE
  5
2B1
330
1F
100
AcDbEntity
  8
Geometries
  6
Continuous
370
    13
100
AcDbLine
 10
89.66097199325807
 20
130.4903429976155
 30
0.0
 11
88.91281789129188
 21
130.4401935996547
 31
0.0
  0
LINE
  5
2B2
330
1F
100
AcDbEntity
  8
Geometries
  6
Continuous
370
    13
100
AcDbLine
 10
184.5241481367987
 20
117.173870972613
 30
0.0
 11
183.8457075712174
 21
117.1318080588948
 31
0.0
  0
LINE
  5
2B3
330
1F
100
AcDbEntity
  8
Geometries
  6
Continuous
370
    13
100
AcDbLine
 10
64.05594898317158
 20
126.8124695957712
 30
0.0
 11
64.04684328064597
 21
126.8095802112844
 31
0.0
  0
LINE
  5
2B4
330
1F
100
AcDbEntity
  8
Geometries
  6
Continuous
370
    13
100
AcDbLine
 10
185.1498619911117
 20
117.212882511586
 30
0.0
 11
184.5241481367987
 21
117.173870972613
 31
0.0
  0
LINE
  5
2B5
330
1F
100
AcDbEntity
  8
Geometries
  6
Continuous
370
    13
100
AcDbLine
 10
65.14416660670759
 20
127.1314924060006
 30
0.0
 11
64.85460637457835
 21
127.051243506281
 31
0.0
  0
LINE
  5
2B6
330
1F
100
AcDbEntity
  8
Geometries
  6
Continuous
370
    13
100
AcDbLine
 10
248.1338903659228
 20
122.3444523670565
 30
0.0
 11
248.0781189616832
 21
122.3024301221203
 31
0.0
  0
LINE
  5
2B7
330
1F
100
AcDbEntity
  8
Geometries
  6
Continuous
370
    13
100
AcDbLine
 10
186.4122227504749
 20
117.2922079935424
 30
0.0
 11
185.7792201956703
 21
117.252328185229
 31
0.0
  0
LINE
  5
2B8
330
1F
100
AcDbEntity
  8
Geometries
  6
Continuous
370
    13
100
AcDbLine
 10
67.31215236952299
 20
118.3349494847417
 30
0.0
 11
67.2730858956206
 21
118.3439087468227
 31
0.0
  0
LINE
  5
2B9
330
1F
100
AcDbEntity
  8
Geometries
  6
Continuous
370
    13
100
AcDbLine
 10
187.689160910822
 20
117.3732700141794
 30
0.0
 11
187.0488696555256
 21
117.3325219365258
 31
0.0
  0
LINE
  5
2BA
330
1F
100
AcDbEntity
  8
Geometries
  6
Continuous
370
    13
100
AcDbLine
 10
188.3330965163645
 20
117.4144522265031
 30
0.0
 11
187.689160910822
 21
117.3732700141794
 31
0.0
  0
LINE
  5
2BB
330
1F
100
AcDbEntity
  8
Geometries
  6
Continuous
370
    13
100
AcDbLine
 10
206.3409345892494
 20
118.651423954534
 30
0.0
 11
205.0935093678813
 21
118.5603735635972
 31
0.0
  0
LINE
  5
2BC
330
1F
100
AcDbEntity
  8
Geometries
  6
Continuous
370
    13
100
AcDbLine
 10
188.5720175088003
 20
117.4297830525659
 30
0.0
 11
188.3330965163645
 21
117.4144522265031
 31
0.0
  0
LINE
  5
2BD
330
1F
100
AcDbEntity
  8
Geometries
  6
Continuous
370
    13
100
AcDbLine
 10
188.8114363346403
 20
117.4451731832307
 30
0.0
 11
188.5720175088003
 21
117.4297830525659
 31
0.0
  0
LINE
  5
2BE
330
1F
100
AcDbEntity
  8
Geometries
  6
Continuous
370
    13
100
AcDbLine
 10
214.824221269948
 20
119.2907317786267
 30
0.0
 11
213.625918726075
 21
119.1983066755715
 31
0.0
  0
LINE
  5
2BF
330
1F
100
AcDbEntity
  8
Geometries
  6
Continuous
370
    13
100
AcDbLine
 10
228.3098614296885
 20
120.3818447276399
 30
0.0
 11
228.0755367360004
 21
120.3620528835339
 31
0.0
  0
LINE
  5
2C0
330
1F
100
AcDbEntity
  8
Geometries
  6
Continuous
370
    13
100
AcDbLine
 10
189.0510474676653
 20
117.4606029277641
 30
0.0
 11
188.8114363346403
 21
117.4451731832307
 31
0.0
  0
LINE
  5
2C1
330
1F
100
AcDbEntity
  8
Geometries
  6
Continuous
370
    13
100
AcDbLine
 10
62.63984589069757
 20
126.3290440250441
 30
0.0
 11
62.35106325006068
 21
126.2305949862471
 31
0.0
  0
LINE
  5
2C2
330
1F
100
AcDbEntity
  8
Geometries
  6
Continuous
370
    13
100
AcDbLine
 10
190.4649676595388
 20
117.5522276154175
 30
0.0
 11
189.2835548009431
 21
117.4756017840364
 31
0.0
  0
LINE
  5
2C3
330
1F
100
AcDbEntity
  8
Geometries
  6
Continuous
370
    13
100
AcDbLine
 10
191.3574613303842
 20
117.6105757625774
 30
0.0
 11
190.4649676595388
 21
117.5522276154175
 31
0.0
  0
LINE
  5
2C4
330
1F
100
AcDbEntity
  8
Geometries
  6
Continuous
370
    13
100
AcDbLine
 10
125.7006180834054
 20
131.229204694346
 30
0.0
 11
123.7255139596499
 21
131.2515773454893
 31
0.0
  0
LINE
  5
2C5
330
1F
100
AcDbEntity
  8
Geometries
  6
Continuous
370
    13
100
AcDbLine
 10
193.1359415931566
 20
117.728043457505
 30
0.0
 11
192.2477859749233
 21
117.6691810432733
 31
0.0
  0
LINE
  5
2C6
330
1F
100
AcDbEntity
  8
Geometries
  6
Continuous
370
    13
100
AcDbLine
 10
194.3220379754433
 20
117.8072798440702
 30
0.0
 11
193.1359415931566
 21
117.728043457505
 31
0.0
  0
LINE
  5
2C7
330
1F
100
AcDbEntity
  8
Geometries
  6
Continuous
370
    13
100
AcDbLine
 10
59.13558578384007
 20
124.1682415322925
 30
0.0
 11
59.11917862437387
 21
124.1507391126942
 31
0.0
  0
LINE
  5
2C8
330
1F
100
AcDbEntity
  8
Geometries
  6
Continuous
370
    13
100
AcDbLine
 10
197.8569838066691
 20
118.0477563050528
 30
0.0
 11
196.6825590821996
 21
117.9671362678441
 31
0.0
  0
LINE
  5
2C9
330
1F
100
AcDbEntity
  8
Geometries
  6
Continuous
370
    13
100
AcDbLine
 10
205.0935093678813
 20
118.5603735635972
 30
0.0
 11
203.849748331449
 21
118.4703655799366
 31
0.0
  0
LINE
  5
2CA
330
1F
100
AcDbEntity
  8
Geometries
  6
Continuous
370
    13
100
AcDbLine
 10
60.54338591699297
 20
125.3377170966244
 30
0.0
 11
60.53518601450597
 21
125.332017762389
 31
0.0
  0
LINE
  5
2CB
330
1F
100
AcDbEntity
  8
Geometries
  6
Continuous
370
    13
100
AcDbLine
 10
207.5920239955538
 20
118.7435167527467
 30
0.0
 11
206.3409345892494
 21
118.651423954534
 31
0.0
  0
LINE
  5
2CC
330
1F
100
AcDbEntity
  8
Geometries
  6
Continuous
370
    13
100
AcDbLine
 10
207.8928306837851
 20
118.7657741345203
 30
0.0
 11
207.5920239955538
 21
118.7435167527467
 31
0.0
  0
LINE
  5
2CD
330
1F
100
AcDbEntity
  8
Geometries
  6
Continuous
370
    13
100
AcDbLine
 10
61.76635715837888
 20
119.9853364389326
 30
0.0
 11
61.65963497369617
 21
120.0295066868588
 31
0.0
  0
LINE
  5
2CE
330
1F
100
AcDbEntity
  8
Geometries
  6
Continuous
370
    13
100
AcDbLine
 10
247.6433760377701
 20
122.1230535035931
 30
0.0
 11
247.555834219022
 21
122.1112375570592
 31
0.0
  0
LINE
  5
2CF
330
1F
100
AcDbEntity
  8
Geometries
  6
Continuous
370
    13
100
AcDbLine
 10
208.4950772314051
 20
118.8104690260452
 30
0.0
 11
208.1938484290689
 21
118.7880915589531
 31
0.0
  0
LINE
  5
2D0
330
1F
100
AcDbEntity
  8
Geometries
  6
Continuous
370
    13
100
AcDbLine
 10
58.91665710958377
 20
123.9176848107603
 30
0.0
 11
58.85528110070247
 21
123.838821117869
 31
0.0
  0
LINE
  5
2D1
330
1F
100
AcDbEntity
  8
Geometries
  6
Continuous
370
    13
100
AcDbLine
 10
88.91281789129188
 20
130.4401935996547
 30
0.0
 11
87.90100393253236
 21
130.3682784706122
 31
0.0
  0
LINE
  5
2D2
330
1F
100
AcDbEntity
  8
Geometries
  6
Continuous
370
    13
100
AcDbLine
 10
208.7999462666464
 20
118.8331616017763
 30
0.0
 11
208.4950772314051
 21
118.8104690260452
 31
0.0
  0
LINE
  5
2D3
330
1F
100
AcDbEntity
  8
Geometries
  6
Continuous
370
    13
100
AcDbLine
 10
67.93612293309978
 20
118.1928157522999
 30
0.0
 11
67.87393248727788
 21
118.2068513256814
 31
0.0
  0
LINE
  5
2D4
330
1F
100
AcDbEntity
  8
Geometries
  6
Continuous
370
    13
100
AcDbLine
 10
209.1055956402746
 20
118.8559564332266
 30
0.0
 11
208.7999462666464
 21
118.8331616017763
 31
0.0
  0
LINE
  5
2D5
330
1F
100
AcDbEntity
  8
Geometries
  6
Continuous
370
    13
100
AcDbLine
 10
247.9597819798279
 20
123.7693749919474
 30
0.0
 11
248.020914972521
 21
123.7350043298903
 31
0.0
  0
LINE
  5
2D6
330
1F
100
AcDbEntity
  8
Geometries
  6
Continuous
370
    13
100
AcDbLine
 10
212.423645004381
 20
119.1062853295877
 30
0.0
 11
211.5233577312498
 21
119.0378393434195
 31
0.0
  0
LINE
  5
2D7
330
1F
100
AcDbEntity
  8
Geometries
  6
Continuous
370
    13
100
AcDbLine
 10
213.625918726075
 20
119.1983066755715
 30
0.0
 11
212.423645004381
 21
119.1062853295877
 31
0.0
  0
LINE
  5
2D8
330
1F
100
AcDbEntity
  8
Geometries
  6
Continuous
370
    13
100
AcDbLine
 10
217.2089128242311
 20
119.4767932559504
 30
0.0
 11
216.0185526360001
 21
119.383560638753
 31
0.0
  0
LINE
  5
2D9
330
1F
100
AcDbEntity
  8
Geometries
  6
Continuous
370
    13
100
AcDbLine
 10
218.4168357859117
 20
119.5721358470067
 30
0.0
 11
217.2089128242311
 21
119.4767932559504
 31
0.0
  0
LINE
  5
2DA
330
1F
100
AcDbEntity
  8
Geometries
  6
Continuous
370
    13
100
AcDbLine
 10
220.8203310180532
 20
119.7640767469794
 30
0.0
 11
219.620641850519
 21
119.6678970106833
 31
0.0
  0
LINE
  5
2DB
330
1F
100
AcDbEntity
  8
Geometries
  6
Continuous
370
    13
100
AcDbLine
 10
60.82101708575259
 20
120.4739234390738
 30
0.0
 11
60.79767499904558
 21
120.4892165652717
 31
0.0
  0
LINE
  5
2DC
330
1F
100
AcDbEntity
  8
Geometries
  6
Continuous
370
    13
100
AcDbLine
 10
66.1052804166861
 20
118.6197839968147
 30
0.0
 11
65.90638582416759
 21
118.6691446323237
 31
0.0
  0
LINE
  5
2DD
330
1F
100
AcDbEntity
  8
Geometries
  6
Continuous
370
    13
100
AcDbLine
 10
59.53563930687747
 20
124.5541991016327
 30
0.0
 11
59.52701700834797
 21
124.5465291121793
 31
0.0
  0
LINE
  5
2DE
330
1F
100
AcDbEntity
  8
Geometries
  6
Continuous
370
    13
100
AcDbLine
 10
228.0755367360004
 20
120.3620528835339
 30
0.0
 11
227.8482200155334
 21
120.342881939111
 31
0.0
  0
LINE
  5
2DF
330
1F
100
AcDbEntity
  8
Geometries
  6
Continuous
370
    13
100
AcDbLine
 10
228.7784314409656
 20
120.4215120819235
 30
0.0
 11
228.544159664677
 21
120.4016644604364
 31
0.0
  0
LINE
  5
2E0
330
1F
100
AcDbEntity
  8
Geometries
  6
Continuous
370
    13
100
AcDbLine
 10
230.5027088588006
 20
120.5685215365155
 30
0.0
 11
229.0126767585547
 21
120.4413875921011
 31
0.0
  0
LINE
  5
2E1
330
1F
100
AcDbEntity
  8
Geometries
  6
Continuous
370
    13
100
AcDbLine
 10
77.76327033159409
 20
129.405693302964
 30
0.0
 11
76.86402168499906
 21
129.2923892756835
 31
0.0
  0
LINE
  5
2E2
330
1F
100
AcDbEntity
  8
Geometries
  6
Continuous
370
    13
100
AcDbLine
 10
232.1946265606224
 20
120.7143628138954
 30
0.0
 11
230.5027088588006
 21
120.5685215365155
 31
0.0
  0
LINE
  5
2E3
330
1F
100
AcDbEntity
  8
Geometries
  6
Continuous
370
    13
100
AcDbLine
 10
236.1699366289682
 20
121.0632524780496
 30
0.0
 11
233.8851606518996
 21
120.8616624806367
 31
0.0
  0
LINE
  5
2E4
330
1F
100
AcDbEntity
  8
Geometries
  6
Continuous
370
    13
100
AcDbLine
 10
238.4521804530172
 20
121.2675114815922
 30
0.0
 11
236.1699366289682
 21
121.0632524780496
 31
0.0
  0
LINE
  5
2E5
330
1F
100
AcDbEntity
  8
Geometries
  6
Continuous
370
    13
100
AcDbLine
 10
152.8338712448528
 20
130.4760702019002
 30
0.0
 11
152.8045312970936
 21
130.4772528132011
 31
0.0
  0
LINE
  5
2E6
330
1F
100
AcDbEntity
  8
Geometries
  6
Continuous
370
    13
100
AcDbLine
 10
243.0090716420582
 20
121.6840365070664
 30
0.0
 11
240.7318921240474
 21
121.4744394912645
 31
0.0
  0
LINE
  5
2E7
330
1F
100
AcDbEntity
  8
Geometries
  6
Continuous
370
    13
100
AcDbLine
 10
248.3988685882995
 20
122.6678784297645
 30
0.0
 11
248.3645999967836
 21
122.6067571118215
 31
0.0
  0
LINE
  5
2E8
330
1F
100
AcDbEntity
  8
Geometries
  6
Continuous
370
    13
100
AcDbLine
 10
62.94782036660978
 20
126.4334117950411
 30
0.0
 11
62.91859227293777
 21
126.4234165477048
 31
0.0
  0
LINE
  5
2E9
330
1F
100
AcDbEntity
  8
Geometries
  6
Continuous
370
    13
100
AcDbLine
 10
59.86288736541097
 20
124.8304347421348
 30
0.0
 11
59.84979519618227
 21
124.8198742108041
 31
0.0
  0
LINE
  5
2EA
330
1F
100
AcDbEntity
  8
Geometries
  6
Continuous
370
    13
100
AcDbLine
 10
248.0196092749337
 20
122.2642023354712
 30
0.0
 11
247.9583613056749
 21
122.2297690071095
 31
0.0
  0
LINE
  5
2EB
330
1F
100
AcDbEntity
  8
Geometries
  6
Continuous
370
    13
100
AcDbLine
 10
248.2838821708319
 20
122.4929136450044
 30
0.0
 11
248.2374329363959
 21
122.4401914961306
 31
0.0
  0
LINE
  5
2EC
330
1F
100
AcDbEntity
  8
Geometries
  6
Continuous
370
    13
100
AcDbLine
 10
248.4288929286652
 20
122.7315273633574
 30
0.0
 11
248.3988685882995
 21
122.6678784297645
 31
0.0
  0
LINE
  5
2ED
330
1F
100
AcDbEntity
  8
Geometries
  6
Continuous
370
    13
100
AcDbLine
 10
248.4540183449211
 20
122.7965190847411
 30
0.0
 11
248.4288929286652
 21
122.7315273633574
 31
0.0
  0
LINE
  5
2EE
330
1F
100
AcDbEntity
  8
Geometries
  6
Continuous
370
    13
100
AcDbLine
 10
248.4895724051032
 20
122.9305308908813
 30
0.0
 11
248.4742448370669
 21
122.8628535939157
 31
0.0
  0
LINE
  5
2EF
330
1F
100
AcDbEntity
  8
Geometries
  6
Continuous
370
    13
100
AcDbLine
 10
92.99333457608279
 20
130.6870604189142
 30
0.0
 11
92.97683999574016
 21
130.6861792251074
 31
0.0
  0
LINE
  5
2F0
330
1F
100
AcDbEntity
  8
Geometries
  6
Continuous
370
    13
100
AcDbLine
 10
248.3650898479615
 20
123.3929574573228
 30
0.0
 11
248.3992479195032
 21
123.331908723444
 31
0.0
  0
LINE
  5
2F1
330
1F
100
AcDbEntity
  8
Geometries
  6
Continuous
370
    13
100
AcDbLine
 10
82.62874835907569
 20
129.9286066957758
 30
0.0
 11
81.54630548874128
 21
129.8244124551134
 31
0.0
  0
LINE
  5
2F2
330
1F
100
AcDbEntity
  8
Geometries
  6
Continuous
370
    13
100
AcDbLine
 10
248.1878740026228
 20
123.6091504915776
 30
0.0
 11
248.2382654978333
 21
123.559302518203
 31
0.0
  0
LINE
  5
2F3
330
1F
100
AcDbEntity
  8
Geometries
  6
Continuous
370
    13
100
AcDbLine
 10
248.020914972521
 20
123.7350043298903
 30
0.0
 11
248.0793079738846
 21
123.6968433591431
 31
0.0
  0
LINE
  5
2F4
330
1F
100
AcDbEntity
  8
Geometries
  6
Continuous
370
    13
100
AcDbLine
 10
247.8143637421778
 20
123.8320040879818
 30
0.0
 11
247.895908995805
 21
123.7999553453141
 31
0.0
  0
LINE
  5
2F5
330
1F
100
AcDbEntity
  8
Geometries
  6
Continuous
370
    13
100
AcDbLine
 10
73.88105962402587
 20
128.88454102607
 30
0.0
 11
73.41614036120767
 21
128.8138660157675
 31
0.0
  0
LINE
  5
2F6
330
1F
100
AcDbEntity
  8
Geometries
  6
Continuous
370
    13
100
AcDbLine
 10
245.6305316781308
 20
124.0701631569304
 30
0.0
 11
245.5932946354264
 21
124.0736687225029
 31
0.0
  0
LINE
  5
2F7
330
1F
100
AcDbEntity
  8
Geometries
  6
Continuous
370
    13
100
AcDbLine
 10
245.5932946354264
 20
124.0736687225029
 30
0.0
 11
245.5560575281172
 21
124.077173513914
 31
0.0
  0
LINE
  5
2F8
330
1F
100
AcDbEntity
  8
Geometries
  6
Continuous
370
    13
100
AcDbLine
 10
230.6088520118699
 20
125.4214605155434
 30
0.0
 11
230.572251268259
 21
125.4246001652483
 31
0.0
  0
LINE
  5
2F9
330
1F
100
AcDbEntity
  8
Geometries
  6
Continuous
370
    13
100
AcDbLine
 10
245.5560575281172
 20
124.077173513914
 30
0.0
 11
245.5188203562138
 21
124.0806775311999
 31
0.0
  0
LINE
  5
2FA
330
1F
100
AcDbEntity
  8
Geometries
  6
Continuous
370
    13
100
AcDbLine
 10
58.70826719430818
 20
122.3757783985577
 30
0.0
 11
58.67253001944049
 21
122.4370845092816
 31
0.0
  0
LINE
  5
2FB
330
1F
100
AcDbEntity
  8
Geometries
  6
Continuous
370
    13
100
AcDbLine
 10
245.483471525155
 20
124.0840031346634
 30
0.0
 11
245.4462342273004
 21
124.0875056432708
 31
0.0
  0
LINE
  5
2FC
330
1F
100
AcDbEntity
  8
Geometries
  6
Continuous
370
    13
100
AcDbLine
 10
245.4462342273004
 20
124.0875056432708
 30
0.0
 11
245.2121697341339
 21
124.1095036901231
 31
0.0
  0
LINE
  5
2FD
330
1F
100
AcDbEntity
  8
Geometries
  6
Continuous
370
    13
100
AcDbLine
 10
69.00392635347828
 20
128.0377956961586
 30
0.0
 11
68.47093902070245
 21
127.9254623913023
 31
0.0
  0
LINE
  5
2FE
330
1F
100
AcDbEntity
  8
Geometries
  6
Continuous
370
    13
100
AcDbLine
 10
244.0477804739224
 20
124.2184786358306
 30
0.0
 11
244.0037398320194
 21
124.2225854407469
 31
0.0
  0
LINE
  5
2FF
330
1F
100
AcDbEntity
  8
Geometries
  6
Continuous
370
    13
100
AcDbLine
 10
65.43447867026667
 20
127.2091121136661
 30
0.0
 11
65.14416660670759
 21
127.1314924060006
 31
0.0
  0
LINE
  5
300
330
1F
100
AcDbEntity
  8
Geometries
  6
Continuous
370
    13
100
AcDbLine
 10
59.21427876406088
 20
124.2499611672832
 30
0.0
 11
59.20000353805527
 21
124.2353946985442
 31
0.0
  0
LINE
  5
301
330
1F
100
AcDbEntity
  8
Geometries
  6
Continuous
370
    13
100
AcDbLine
 10
58.98175849011527
 20
123.9965460048527
 30
0.0
 11
58.91665710958377
 21
123.9176848107603
 31
0.0
  0
LINE
  5
302
330
1F
100
AcDbEntity
  8
Geometries
  6
Continuous
370
    13
100
AcDbLine
 10
243.8275111454088
 20
124.2390079379306
 30
0.0
 11
243.6632956724523
 21
124.2542952519364
 31
0.0
  0
LINE
  5
303
330
1F
100
AcDbEntity
  8
Geometries
  6
Continuous
370
    13
100
AcDbLine
 10
62.80325527947238
 20
119.6148376826546
 30
0.0
 11
62.75240981700017
 21
119.6320391483988
 31
0.0
  0
LINE
  5
304
330
1F
100
AcDbEntity
  8
Geometries
  6
Continuous
370
    13
100
AcDbLine
 10
243.6632956724523
 20
124.2542952519364
 30
0.0
 11
243.3700506570536
 21
124.2815566810388
 31
0.0
  0
LINE
  5
305
330
1F
100
AcDbEntity
  8
Geometries
  6
Continuous
370
    13
100
AcDbLine
 10
64.80571912325179
 20
118.9617000177531
 30
0.0
 11
64.6082495350654
 21
119.0186157287029
 31
0.0
  0
LINE
  5
306
330
1F
100
AcDbEntity
  8
Geometries
  6
Continuous
370
    13
100
AcDbLine
 10
67.23900522699941
 20
118.3517322163943
 30
0.0
 11
67.20526044795189
 21
118.359487459735
 31
0.0
  0
LINE
  5
307
330
1F
100
AcDbEntity
  8
Geometries
  6
Continuous
370
    13
100
AcDbLine
 10
59.18582169053687
 20
124.2208144115256
 30
0.0
 11
59.17536801277417
 21
124.209995491089
 31
0.0
  0
LINE
  5
308
330
1F
100
AcDbEntity
  8
Geometries
  6
Continuous
370
    13
100
AcDbLine
 10
58.59658255580707
 20
123.4110240278058
 30
0.0
 11
58.56828600285877
 21
123.3416769229482
 31
0.0
  0
LINE
  5
309
330
1F
100
AcDbEntity
  8
Geometries
  6
Continuous
370
    13
100
AcDbLine
 10
242.6860230602223
 20
124.3449596535232
 30
0.0
 11
242.5940577058337
 21
124.3534639839853
 31
0.0
  0
LINE
  5
30A
330
1F
100
AcDbEntity
  8
Geometries
  6
Continuous
370
    13
100
AcDbLine
 10
61.85359424946567
 20
126.0485801725944
 30
0.0
 11
61.69071967032417
 21
125.9826834866789
 31
0.0
  0
LINE
  5
30B
330
1F
100
AcDbEntity
  8
Geometries
  6
Continuous
370
    13
100
AcDbLine
 10
242.5535928265547
 20
124.3572043996512
 30
0.0
 11
242.5092362311725
 21
124.361303496357
 31
0.0
  0
LINE
  5
30C
330
1F
100
AcDbEntity
  8
Geometries
  6
Continuous
370
    13
100
AcDbLine
 10
238.3519209190464
 20
124.7406080058585
 30
0.0
 11
237.3043453233968
 21
124.8346662875229
 31
0.0
  0
LINE
  5
30D
330
1F
100
AcDbEntity
  8
Geometries
  6
Continuous
370
    13
100
AcDbLine
 10
223.810359748225
 20
125.9920311319557
 30
0.0
 11
222.1123604765228
 21
126.1306088527293
 31
0.0
  0
LINE
  5
30E
330
1F
100
AcDbEntity
  8
Geometries
  6
Continuous
370
    13
100
AcDbLine
 10
242.4868532942507
 20
124.3633715376419
 30
0.0
 11
239.8207001007414
 21
124.6077021174011
 31
0.0
  0
LINE
  5
30F
330
1F
100
AcDbEntity
  8
Geometries
  6
Continuous
370
    13
100
AcDbLine
 10
58.78443078272417
 20
123.7407297578719
 30
0.0
 11
58.77836714354328
 21
123.7319043787454
 31
0.0
  0
LINE
  5
310
330
1F
100
AcDbEntity
  8
Geometries
  6
Continuous
370
    13
100
AcDbLine
 10
60.90336343058227
 20
125.5794145936152
 30
0.0
 11
60.80127369300988
 21
125.5126054640002
 31
0.0
  0
LINE
  5
311
330
1F
100
AcDbEntity
  8
Geometries
  6
Continuous
370
    13
100
AcDbLine
 10
239.5128103129775
 20
124.6356618709455
 30
0.0
 11
239.4963277586269
 21
124.6371571757375
 31
0.0
  0
LINE
  5
312
330
1F
100
AcDbEntity
  8
Geometries
  6
Continuous
370
    13
100
AcDbLine
 10
75.05374106105594
 20
129.0528358012438
 30
0.0
 11
75.04155182290486
 21
129.0511500308998
 31
0.0
  0
LINE
  5
313
330
1F
100
AcDbEntity
  8
Geometries
  6
Continuous
370
    13
100
AcDbLine
 10
238.9385416013346
 20
124.6876704861494
 30
0.0
 11
238.3519209190464
 21
124.7406080058585
 31
0.0
  0
LINE
  5
314
330
1F
100
AcDbEntity
  8
Geometries
  6
Continuous
370
    13
100
AcDbLine
 10
64.72877237845948
 20
127.0154046113098
 30
0.0
 11
64.71602295988838
 21
127.0117390548145
 31
0.0
  0
LINE
  5
315
330
1F
100
AcDbEntity
  8
Geometries
  6
Continuous
370
    13
100
AcDbLine
 10
67.39142355358969
 20
118.3167846864074
 30
0.0
 11
67.3522180371875
 21
118.3257660263216
 31
0.0
  0
LINE
  5
316
330
1F
100
AcDbEntity
  8
Geometries
  6
Continuous
370
    13
100
AcDbLine
 10
231.8925328607289
 20
125.310878225375
 30
0.0
 11
231.1456875619743
 21
125.3753254429314
 31
0.0
  0
LINE
  5
317
330
1F
100
AcDbEntity
  8
Geometries
  6
Continuous
370
    13
100
AcDbLine
 10
84.79488411371916
 20
130.1210466972929
 30
0.0
 11
83.71165160369898
 21
130.0272466125817
 31
0.0
  0
LINE
  5
318
330
1F
100
AcDbEntity
  8
Geometries
  6
Continuous
370
    13
100
AcDbLine
 10
231.1456875619743
 20
125.3753254429314
 30
0.0
 11
230.817067884667
 21
125.403585507638
 31
0.0
  0
LINE
  5
319
330
1F
100
AcDbEntity
  8
Geometries
  6
Continuous
370
    13
100
AcDbLine
 10
230.817067884667
 20
125.403585507638
 30
0.0
 11
230.6724737296649
 21
125.4160012228708
 31
0.0
  0
LINE
  5
31A
330
1F
100
AcDbEntity
  8
Geometries
  6
Continuous
370
    13
100
AcDbLine
 10
228.4263360687661
 20
125.6073912249963
 30
0.0
 11
227.7690142658599
 21
125.6628765563367
 31
0.0
  0
LINE
  5
31B
330
1F
100
AcDbEntity
  8
Geometries
  6
Continuous
370
    13
100
AcDbLine
 10
227.608514691416
 20
125.6763885316766
 30
0.0
 11
227.5448845095137
 21
125.6817414559942
 31
0.0
  0
LINE
  5
31C
330
1F
100
AcDbEntity
  8
Geometries
  6
Continuous
370
    13
100
AcDbLine
 10
226.1466060693913
 20
125.7988126172563
 30
0.0
 11
225.0661812615419
 21
125.8885389488155
 31
0.0
  0
LINE
  5
31D
330
1F
100
AcDbEntity
  8
Geometries
  6
Continuous
370
    13
100
AcDbLine
 10
63.06348071728809
 20
119.525823605236
 30
0.0
 11
63.03655845468819
 21
119.5351760252824
 31
0.0
  0
LINE
  5
31E
330
1F
100
AcDbEntity
  8
Geometries
  6
Continuous
370
    13
100
AcDbLine
 10
225.0661812615419
 20
125.8885389488155
 30
0.0
 11
224.7999569358795
 21
125.9105502291421
 31
0.0
  0
LINE
  5
31F
330
1F
100
AcDbEntity
  8
Geometries
  6
Continuous
370
    13
100
AcDbLine
 10
224.7999569358795
 20
125.9105502291421
 30
0.0
 11
224.6828172760179
 21
125.9202230145363
 31
0.0
  0
LINE
  5
320
330
1F
100
AcDbEntity
  8
Geometries
  6
Continuous
370
    13
100
AcDbLine
 10
65.52639031031468
 20
118.766062301103
 30
0.0
 11
65.3452893889801
 21
118.8136193343733
 31
0.0
  0
LINE
  5
321
330
1F
100
AcDbEntity
  8
Geometries
  6
Continuous
370
    13
100
AcDbLine
 10
89.8453431915014
 20
130.5023286902275
 30
0.0
 11
89.66097199325807
 21
130.4903429976155
 31
0.0
  0
LINE
  5
322
330
1F
100
AcDbEntity
  8
Geometries
  6
Continuous
370
    13
100
AcDbLine
 10
63.23380398357379
 20
119.465362875276
 30
0.0
 11
63.19442335985569
 21
119.4794645017784
 31
0.0
  0
LINE
  5
323
330
1F
100
AcDbEntity
  8
Geometries
  6
Continuous
370
    13
100
AcDbLine
 10
58.51124529683347
 20
122.8459810594363
 30
0.0
 11
58.50499893947809
 21
122.89337751535
 31
0.0
  0
LINE
  5
324
330
1F
100
AcDbEntity
  8
Geometries
  6
Continuous
370
    13
100
AcDbLine
 10
63.34416753757239
 20
119.4258372349871
 30
0.0
 11
63.30877921730658
 21
119.4384488081676
 31
0.0
  0
LINE
  5
325
330
1F
100
AcDbEntity
  8
Geometries
  6
Continuous
370
    13
100
AcDbLine
 10
222.1123604765228
 20
126.1306088527293
 30
0.0
 11
221.6939555175741
 21
126.1645193631221
 31
0.0
  0
LINE
  5
326
330
1F
100
AcDbEntity
  8
Geometries
  6
Continuous
370
    13
100
AcDbLine
 10
58.50499893947809
 20
122.89337751535
 30
0.0
 11
58.50125112500618
 21
122.9445646616986
 31
0.0
  0
LINE
  5
327
330
1F
100
AcDbEntity
  8
Geometries
  6
Continuous
370
    13
100
AcDbLine
 10
221.6939555175741
 20
126.1645193631221
 30
0.0
 11
221.6352308970893
 21
126.1692713933226
 31
0.0
  0
LINE
  5
328
330
1F
100
AcDbEntity
  8
Geometries
  6
Continuous
370
    13
100
AcDbLine
 10
221.6352308970893
 20
126.1692713933226
 30
0.0
 11
221.5892058192617
 21
126.1729944930369
 31
0.0
  0
LINE
  5
329
330
1F
100
AcDbEntity
  8
Geometries
  6
Continuous
370
    13
100
AcDbLine
 10
59.51841152087817
 20
124.5388509930899
 30
0.0
 11
59.50982311424117
 21
124.5311648460475
 31
0.0
  0
LINE
  5
32A
330
1F
100
AcDbEntity
  8
Geometries
  6
Continuous
370
    13
100
AcDbLine
 10
221.208008509111
 20
126.2037875854612
 30
0.0
 11
219.6917865870874
 21
126.325512364354
 31
0.0
  0
LINE
  5
32B
330
1F
100
AcDbEntity
  8
Geometries
  6
Continuous
370
    13
100
AcDbLine
 10
58.53423603714167
 20
122.7508780886967
 30
0.0
 11
58.52065485363799
 21
122.7994596928582
 31
0.0
  0
LINE
  5
32C
330
1F
100
AcDbEntity
  8
Geometries
  6
Continuous
370
    13
100
AcDbLine
 10
219.6917865870874
 20
126.325512364354
 30
0.0
 11
219.0246212954982
 21
126.3786941890571
 31
0.0
  0
LINE
  5
32D
330
1F
100
AcDbEntity
  8
Geometries
  6
Continuous
370
    13
100
AcDbLine
 10
59.05505339590277
 20
124.0805952315388
 30
0.0
 11
59.03941232563038
 21
124.0630311323346
 31
0.0
  0
LINE
  5
32E
330
1F
100
AcDbEntity
  8
Geometries
  6
Continuous
370
    13
100
AcDbLine
 10
63.6081671505172
 20
119.3338210989091
 30
0.0
 11
63.57801271577219
 21
119.3441313301508
 31
0.0
  0
LINE
  5
32F
330
1F
100
AcDbEntity
  8
Geometries
  6
Continuous
370
    13
100
AcDbLine
 10
62.01822047140948
 20
126.1114829613973
 30
0.0
 11
61.85359424946567
 21
126.0485801725944
 31
0.0
  0
LINE
  5
330
330
1F
100
AcDbEntity
  8
Geometries
  6
Continuous
370
    13
100
AcDbLine
 10
66.87575362726916
 20
127.5633794333134
 30
0.0
 11
66.45896132988089
 21
127.4650613628408
 31
0.0
  0
LINE
  5
331
330
1F
100
AcDbEntity
  8
Geometries
  6
Continuous
370
    13
100
AcDbLine
 10
59.61082385964009
 20
121.3795252090503
 30
0.0
 11
59.53130986998929
 21
121.4492472868947
 31
0.0
  0
LINE
  5
332
330
1F
100
AcDbEntity
  8
Geometries
  6
Continuous
370
    13
100
AcDbLine
 10
218.6587301608375
 20
126.4077629277306
 30
0.0
 11
218.6174363593368
 21
126.4110392490644
 31
0.0
  0
LINE
  5
333
330
1F
100
AcDbEntity
  8
Geometries
  6
Continuous
370
    13
100
AcDbLine
 10
92.08172024826916
 20
130.6371088947084
 30
0.0
 11
91.24328718282965
 21
130.5887518220644
 31
0.0
  0
LINE
  5
334
330
1F
100
AcDbEntity
  8
Geometries
  6
Continuous
370
    13
100
AcDbLine
 10
218.6174363593368
 20
126.4110392490644
 30
0.0
 11
218.5750007465805
 21
126.4144052490493
 31
0.0
  0
LINE
  5
335
330
1F
100
AcDbEntity
  8
Geometries
  6
Continuous
370
    13
100
AcDbLine
 10
60.59020666575388
 20
120.6290684185699
 30
0.0
 11
60.55693419132149
 21
120.6519962061055
 31
0.0
  0
LINE
  5
336
330
1F
100
AcDbEntity
  8
Geometries
  6
Continuous
370
    13
100
AcDbLine
 10
218.553782915507
 20
126.4160879042354
 30
0.0
 11
218.4537557761653
 21
126.4240173270025
 31
0.0
  0
LINE
  5
337
330
1F
100
AcDbEntity
  8
Geometries
  6
Continuous
370
    13
100
AcDbLine
 10
218.4537557761653
 20
126.4240173270025
 30
0.0
 11
218.047797744627
 21
126.4561461061454
 31
0.0
  0
LINE
  5
338
330
1F
100
AcDbEntity
  8
Geometries
  6
Continuous
370
    13
100
AcDbLine
 10
214.6509551405443
 20
126.7217177299608
 30
0.0
 11
213.1562227156535
 21
126.8367642821523
 31
0.0
  0
LINE
  5
339
330
1F
100
AcDbEntity
  8
Geometries
  6
Continuous
370
    13
100
AcDbLine
 10
213.1562227156535
 20
126.8367642821523
 30
0.0
 11
212.7879098254198
 21
126.8649454288658
 31
0.0
  0
LINE
  5
33A
330
1F
100
AcDbEntity
  8
Geometries
  6
Continuous
370
    13
100
AcDbLine
 10
212.7879098254198
 20
126.8649454288658
 30
0.0
 11
212.7473951515249
 21
126.8680413669806
 31
0.0
  0
LINE
  5
33B
330
1F
100
AcDbEntity
  8
Geometries
  6
Continuous
370
    13
100
AcDbLine
 10
212.7473951515249
 20
126.8680413669806
 30
0.0
 11
212.7068804271416
 21
126.8711365159244
 31
0.0
  0
LINE
  5
33C
330
1F
100
AcDbEntity
  8
Geometries
  6
Continuous
370
    13
100
AcDbLine
 10
62.39107318445829
 20
119.7547050256472
 30
0.0
 11
62.30577199620407
 21
119.7842304691515
 31
0.0
  0
LINE
  5
33D
330
1F
100
AcDbEntity
  8
Geometries
  6
Continuous
370
    13
100
AcDbLine
 10
212.6616196690535
 20
126.8745933060663
 30
0.0
 11
212.6514909654683
 21
126.875366751774
 31
0.0
  0
LINE
  5
33E
330
1F
100
AcDbEntity
  8
Geometries
  6
Continuous
370
    13
100
AcDbLine
 10
212.5878247503587
 20
126.8802273042372
 30
0.0
 11
212.3294377496227
 21
126.8999339619213
 31
0.0
  0
LINE
  5
33F
330
1F
100
AcDbEntity
  8
Geometries
  6
Continuous
370
    13
100
AcDbLine
 10
152.9137654548304
 20
130.4728474071962
 30
0.0
 11
152.884425590625
 21
130.4740314509321
 31
0.0
  0
LINE
  5
340
330
1F
100
AcDbEntity
  8
Geometries
  6
Continuous
370
    13
100
AcDbLine
 10
92.96154504065757
 20
130.6853614029203
 30
0.0
 11
92.81427380468315
 21
130.6774512270255
 31
0.0
  0
LINE
  5
341
330
1F
100
AcDbEntity
  8
Geometries
  6
Continuous
370
    13
100
AcDbLine
 10
59.50982311424117
 20
124.5311648460475
 30
0.0
 11
59.50125205821047
 21
124.5234707727355
 31
0.0
  0
LINE
  5
342
330
1F
100
AcDbEntity
  8
Geometries
  6
Continuous
370
    13
100
AcDbLine
 10
205.6894935485433
 20
127.3953071466988
 30
0.0
 11
201.8278068735458
 21
127.6733731942826
 31
0.0
  0
LINE
  5
343
330
1F
100
AcDbEntity
  8
Geometries
  6
Continuous
370
    13
100
AcDbLine
 10
92.81427380468315
 20
130.6774512270255
 30
0.0
 11
92.55129667388479
 21
130.6631629636715
 31
0.0
  0
LINE
  5
344
330
1F
100
AcDbEntity
  8
Geometries
  6
Continuous
370
    13
100
AcDbLine
 10
200.7448988049177
 20
127.7499877153762
 30
0.0
 11
200.7056003711203
 21
127.7527566891586
 31
0.0
  0
LINE
  5
345
330
1F
100
AcDbEntity
  8
Geometries
  6
Continuous
370
    13
100
AcDbLine
 10
200.7056003711203
 20
127.7527566891586
 30
0.0
 11
200.6466454446528
 21
127.756909167127
 31
0.0
  0
LINE
  5
346
330
1F
100
AcDbEntity
  8
Geometries
  6
Continuous
370
    13
100
AcDbLine
 10
63.5180665104571
 20
119.3647879079546
 30
0.0
 11
63.48827473988699
 21
119.3751342545165
 31
0.0
  0
LINE
  5
347
330
1F
100
AcDbEntity
  8
Geometries
  6
Continuous
370
    13
100
AcDbLine
 10
194.7212178331218
 20
128.1649805776469
 30
0.0
 11
194.618027003418
 21
128.171921691708
 31
0.0
  0
LINE
  5
348
330
1F
100
AcDbEntity
  8
Geometries
  6
Continuous
370
    13
100
AcDbLine
 10
200.5876904028646
 20
127.7610598578088
 30
0.0
 11
200.5582128387547
 21
127.7631345326789
 31
0.0
  0
LINE
  5
349
330
1F
100
AcDbEntity
  8
Geometries
  6
Continuous
370
    13
100
AcDbLine
 10
177.009058000732
 20
129.2762776204693
 30
0.0
 11
176.8847406080754
 21
129.283443346626
 31
0.0
  0
LINE
  5
34A
330
1F
100
AcDbEntity
  8
Geometries
  6
Continuous
370
    13
100
AcDbLine
 10
200.5582128387547
 20
127.7631345326789
 30
0.0
 11
200.189740861582
 21
127.7890302129984
 31
0.0
  0
LINE
  5
34B
330
1F
100
AcDbEntity
  8
Geometries
  6
Continuous
370
    13
100
AcDbLine
 10
199.5317440691908
 20
127.8350981543109
 30
0.0
 11
196.8611587236593
 21
128.0197474566102
 31
0.0
  0
LINE
  5
34C
330
1F
100
AcDbEntity
  8
Geometries
  6
Continuous
370
    13
100
AcDbLine
 10
62.18418218765828
 20
126.1719638872377
 30
0.0
 11
62.01822047140948
 21
126.1114829613973
 31
0.0
  0
LINE
  5
34D
330
1F
100
AcDbEntity
  8
Geometries
  6
Continuous
370
    13
100
AcDbLine
 10
75.02936273554295
 20
129.0494630839761
 30
0.0
 11
75.00063191688189
 21
129.0454820296905
 31
0.0
  0
LINE
  5
34E
330
1F
100
AcDbEntity
  8
Geometries
  6
Continuous
370
    13
100
AcDbLine
 10
187.6739082201499
 20
128.6265194991999
 30
0.0
 11
184.9633081700186
 21
128.7977105313661
 31
0.0
  0
LINE
  5
34F
330
1F
100
AcDbEntity
  8
Geometries
  6
Continuous
370
    13
100
AcDbLine
 10
196.8611587236593
 20
128.0197474566102
 30
0.0
 11
194.9576223320499
 21
128.1490567609512
 31
0.0
  0
LINE
  5
350
330
1F
100
AcDbEntity
  8
Geometries
  6
Continuous
370
    13
100
AcDbLine
 10
58.97846442352949
 20
122.0074478555381
 30
0.0
 11
58.95705599075718
 21
122.0331908986719
 31
0.0
  0
LINE
  5
351
330
1F
100
AcDbEntity
  8
Geometries
  6
Continuous
370
    13
100
AcDbLine
 10
194.7700037376812
 20
128.1616969089953
 30
0.0
 11
194.7212178331218
 21
128.1649805776469
 31
0.0
  0
LINE
  5
352
330
1F
100
AcDbEntity
  8
Geometries
  6
Continuous
370
    13
100
AcDbLine
 10
194.4337568833983
 20
128.1843016554963
 30
0.0
 11
194.1047006003619
 21
128.2063616953463
 31
0.0
  0
LINE
  5
353
330
1F
100
AcDbEntity
  8
Geometries
  6
Continuous
370
    13
100
AcDbLine
 10
58.82900500753738
 20
123.8034380067431
 30
0.0
 11
58.81617544565508
 21
123.7857563906371
 31
0.0
  0
LINE
  5
354
330
1F
100
AcDbEntity
  8
Geometries
  6
Continuous
370
    13
100
AcDbLine
 10
59.32284954128309
 20
121.6416401171881
 30
0.0
 11
59.30782269866428
 21
121.6561871898431
 31
0.0
  0
LINE
  5
355
330
1F
100
AcDbEntity
  8
Geometries
  6
Continuous
370
    13
100
AcDbLine
 10
190.3842762010768
 20
128.4518268512483
 30
0.0
 11
187.6739082201499
 21
128.6265194991999
 31
0.0
  0
LINE
  5
356
330
1F
100
AcDbEntity
  8
Geometries
  6
Continuous
370
    13
100
AcDbLine
 10
63.66883868418189
 20
119.3132367517462
 30
0.0
 11
63.63844247332038
 21
119.3235229061075
 31
0.0
  0
LINE
  5
357
330
1F
100
AcDbEntity
  8
Geometries
  6
Continuous
370
    13
100
AcDbLine
 10
182.894801829439
 20
128.9257494343749
 30
0.0
 11
182.8310738586694
 21
128.9296564539283
 31
0.0
  0
LINE
  5
358
330
1F
100
AcDbEntity
  8
Geometries
  6
Continuous
370
    13
100
AcDbLine
 10
104.9290857567114
 20
131.1410090980401
 30
0.0
 11
104.9177118604155
 21
131.140738703584
 31
0.0
  0
LINE
  5
359
330
1F
100
AcDbEntity
  8
Geometries
  6
Continuous
370
    13
100
AcDbLine
 10
182.7733656650797
 20
128.9331924258626
 30
0.0
 11
182.3669334592306
 21
128.9580420182769
 31
0.0
  0
LINE
  5
35A
330
1F
100
AcDbEntity
  8
Geometries
  6
Continuous
370
    13
100
AcDbLine
 10
148.7295003361706
 20
130.6366450406452
 30
0.0
 11
146.8071212569407
 21
130.7078495129842
 31
0.0
  0
LINE
  5
35B
330
1F
100
AcDbEntity
  8
Geometries
  6
Continuous
370
    13
100
AcDbLine
 10
103.9697181033676
 20
131.1173876255677
 30
0.0
 11
102.5843457884813
 21
131.0801122808503
 31
0.0
  0
LINE
  5
35C
330
1F
100
AcDbEntity
  8
Geometries
  6
Continuous
370
    13
100
AcDbLine
 10
182.3669334592306
 20
128.9580420182769
 30
0.0
 11
180.4924540111056
 21
129.071399105667
 31
0.0
  0
LINE
  5
35D
330
1F
100
AcDbEntity
  8
Geometries
  6
Continuous
370
    13
100
AcDbLine
 10
178.6178609561654
 20
129.1826215614916
 30
0.0
 11
177.009058000732
 21
129.2762776204693
 31
0.0
  0
LINE
  5
35E
330
1F
100
AcDbEntity
  8
Geometries
  6
Continuous
370
    13
100
AcDbLine
 10
176.7972861934063
 20
129.2884780296136
 30
0.0
 11
176.7100731857164
 21
129.2934932546622
 31
0.0
  0
LINE
  5
35F
330
1F
100
AcDbEntity
  8
Geometries
  6
Continuous
370
    13
100
AcDbLine
 10
75.06634714791558
 20
129.0545779672586
 30
0.0
 11
75.05374106105594
 21
129.0528358012438
 31
0.0
  0
LINE
  5
360
330
1F
100
AcDbEntity
  8
Geometries
  6
Continuous
370
    13
100
AcDbLine
 10
59.49387463412147
 20
124.5168292204196
 30
0.0
 11
59.44835025626557
 21
124.475445559881
 31
0.0
  0
LINE
  5
361
330
1F
100
AcDbEntity
  8
Geometries
  6
Continuous
370
    13
100
AcDbLine
 10
176.7100731857164
 20
129.2934932546622
 30
0.0
 11
176.5543350524474
 21
129.3024346333486
 31
0.0
  0
LINE
  5
362
330
1F
100
AcDbEntity
  8
Geometries
  6
Continuous
370
    13
100
AcDbLine
 10
176.5543350524474
 20
129.3024346333486
 30
0.0
 11
176.276229266609
 21
129.3183559393062
 31
0.0
  0
LINE
  5
363
330
1F
100
AcDbEntity
  8
Geometries
  6
Continuous
370
    13
100
AcDbLine
 10
68.0443759885763
 20
118.1685343275197
 30
0.0
 11
67.9929374335326
 21
118.1800434195793
 31
0.0
  0
LINE
  5
364
330
1F
100
AcDbEntity
  8
Geometries
  6
Continuous
370
    13
100
AcDbLine
 10
171.3320880822848
 20
129.5925706304205
 30
0.0
 11
169.5321855005308
 21
129.6888031066322
 31
0.0
  0
LINE
  5
365
330
1F
100
AcDbEntity
  8
Geometries
  6
Continuous
370
    13
100
AcDbLine
 10
169.4851640098781
 20
128.7163480510756
 30
0.0
 11
169.5321855005308
 21
129.6888031066322
 31
0.0
  0
LINE
  5
366
330
1F
100
AcDbEntity
  8
Geometries
  6
Continuous
370
    13
100
AcDbLine
 10
158.2168244104362
 20
130.2467946071149
 30
0.0
 11
158.1665567631463
 21
129.2072055371099
 31
0.0
  0
LINE
  5
367
330
1F
100
AcDbEntity
  8
Geometries
  6
Continuous
370
    13
100
AcDbLine
 10
65.45969012336478
 20
127.2157295085904
 30
0.0
 11
65.44708379631379
 21
127.212423010221
 31
0.0
  0
LINE
  5
368
330
1F
100
AcDbEntity
  8
Geometries
  6
Continuous
370
    13
100
AcDbLine
 10
65.3452893889801
 20
118.8136193343733
 30
0.0
 11
65.1701196913734
 21
118.8605751668973
 31
0.0
  0
LINE
  5
369
330
1F
100
AcDbEntity
  8
Geometries
  6
Continuous
370
    13
100
AcDbLine
 10
65.44708379631379
 20
127.212423010221
 30
0.0
 11
65.43447867026667
 21
127.2091121136661
 31
0.0
  0
LINE
  5
36A
330
1F
100
AcDbEntity
  8
Geometries
  6
Continuous
370
    13
100
AcDbLine
 10
153.7985550665386
 20
130.4368085951558
 30
0.0
 11
153.2044952904102
 21
130.4610766528941
 31
0.0
  0
LINE
  5
36B
330
1F
100
AcDbEntity
  8
Geometries
  6
Continuous
370
    13
100
AcDbLine
 10
61.31175820438327
 20
120.1889768470777
 30
0.0
 11
61.25776916949749
 21
120.216473382281
 31
0.0
  0
LINE
  5
36C
330
1F
100
AcDbEntity
  8
Geometries
  6
Continuous
370
    13
100
AcDbLine
 10
152.943105290395
 20
130.471662662737
 30
0.0
 11
152.9137654548304
 21
130.4728474071962
 31
0.0
  0
LINE
  5
36D
330
1F
100
AcDbEntity
  8
Geometries
  6
Continuous
370
    13
100
AcDbLine
 10
60.18398628078917
 20
125.0791164323545
 30
0.0
 11
60.02315110460897
 21
124.956910679452
 31
0.0
  0
LINE
  5
36E
330
1F
100
AcDbEntity
  8
Geometries
  6
Continuous
370
    13
100
AcDbLine
 10
59.44835025626557
 20
124.475445559881
 30
0.0
 11
59.34393993917017
 21
124.3777137545153
 31
0.0
  0
LINE
  5
36F
330
1F
100
AcDbEntity
  8
Geometries
  6
Continuous
370
    13
100
AcDbLine
 10
63.29019194985358
 20
126.5539902097002
 30
0.0
 11
63.28212827997747
 21
126.5510905282209
 31
0.0
  0
LINE
  5
370
330
1F
100
AcDbEntity
  8
Geometries
  6
Continuous
370
    13
100
AcDbLine
 10
142.22957424085
 20
130.8642232747175
 30
0.0
 11
139.9405821486999
 21
130.9341903650059
 31
0.0
  0
LINE
  5
371
330
1F
100
AcDbEntity
  8
Geometries
  6
Continuous
370
    13
100
AcDbLine
 10
62.48489072994168
 20
119.7226289209885
 30
0.0
 11
62.39107318445829
 21
119.7547050256472
 31
0.0
  0
LINE
  5
372
330
1F
100
AcDbEntity
  8
Geometries
  6
Continuous
370
    13
100
AcDbLine
 10
135.8527776101321
 20
131.0428799878788
 30
0.0
 11
133.8087283718978
 21
131.0887194865108
 31
0.0
  0
LINE
  5
373
330
1F
100
AcDbEntity
  8
Geometries
  6
Continuous
370
    13
100
AcDbLine
 10
129.720154087013
 20
131.1682252572655
 30
0.0
 11
127.675654877306
 21
131.2016550915874
 31
0.0
  0
LINE
  5
374
330
1F
100
AcDbEntity
  8
Geometries
  6
Continuous
370
    13
100
AcDbLine
 10
127.675654877306
 20
131.2016550915874
 30
0.0
 11
125.7006180834054
 21
131.229204694346
 31
0.0
  0
LINE
  5
375
330
1F
100
AcDbEntity
  8
Geometries
  6
Continuous
370
    13
100
AcDbLine
 10
64.381651968082
 20
119.0859047130132
 30
0.0
 11
64.16056123935219
 21
119.1537420868291
 31
0.0
  0
LINE
  5
376
330
1F
100
AcDbEntity
  8
Geometries
  6
Continuous
370
    13
100
AcDbLine
 10
121.7503691907381
 20
131.2682628794587
 30
0.0
 11
119.775210463233
 21
131.2787511308993
 31
0.0
  0
LINE
  5
377
330
1F
100
AcDbEntity
  8
Geometries
  6
Continuous
370
    13
100
AcDbLine
 10
62.93528606699827
 20
119.5699610388772
 30
0.0
 11
62.89469340447138
 21
119.5837986278937
 31
0.0
  0
LINE
  5
378
330
1F
100
AcDbEntity
  8
Geometries
  6
Continuous
370
    13
100
AcDbLine
 10
119.775210463233
 20
131.2787511308993
 30
0.0
 11
117.8000644601381
 21
131.2825319384482
 31
0.0
  0
LINE
  5
379
330
1F
100
AcDbEntity
  8
Geometries
  6
Continuous
370
    13
100
AcDbLine
 10
115.824958412414
 20
131.279082611108
 30
0.0
 11
113.8498405732674
 21
131.2691880112481
 31
0.0
  0
LINE
  5
37A
330
1F
100
AcDbEntity
  8
Geometries
  6
Continuous
370
    13
100
AcDbLine
 10
112.3289373257051
 20
131.2581032216892
 30
0.0
 11
110.8080252566505
 21
131.2433550578301
 31
0.0
  0
LINE
  5
37B
330
1F
100
AcDbEntity
  8
Geometries
  6
Continuous
370
    13
100
AcDbLine
 10
61.88009039570207
 20
119.9401659735919
 30
0.0
 11
61.76635715837888
 21
119.9853364389326
 31
0.0
  0
LINE
  5
37C
330
1F
100
AcDbEntity
  8
Geometries
  6
Continuous
370
    13
100
AcDbLine
 10
58.81333939884469
 20
122.2174794644167
 30
0.0
 11
58.77179556491957
 21
122.2763913992045
 31
0.0
  0
LINE
  5
37D
330
1F
100
AcDbEntity
  8
Geometries
  6
Continuous
370
    13
100
AcDbLine
 10
110.8080252566505
 20
131.2433550578301
 30
0.0
 11
109.2871481455686
 21
131.2243146502471
 31
0.0
  0
LINE
  5
37E
330
1F
100
AcDbEntity
  8
Geometries
  6
Continuous
370
    13
100
AcDbLine
 10
58.85983447739788
 20
122.1551728342486
 30
0.0
 11
58.81333939884469
 21
122.2174794644167
 31
0.0
  0
LINE
  5
37F
330
1F
100
AcDbEntity
  8
Geometries
  6
Continuous
370
    13
100
AcDbLine
 10
107.7663502776369
 20
131.200347168097
 30
0.0
 11
106.4281587674987
 21
131.1745575507669
 31
0.0
  0
LINE
  5
380
330
1F
100
AcDbEntity
  8
Geometries
  6
Continuous
370
    13
100
AcDbLine
 10
106.4281587674987
 20
131.1745575507669
 30
0.0
 11
105.0900255170799
 21
131.144811607517
 31
0.0
  0
LINE
  5
381
330
1F
100
AcDbEntity
  8
Geometries
  6
Continuous
370
    13
100
AcDbLine
 10
104.9742187569786
 20
131.1420798708517
 30
0.0
 11
104.951833545449
 21
131.1415492178075
 31
0.0
  0
LINE
  5
382
330
1F
100
AcDbEntity
  8
Geometries
  6
Continuous
370
    13
100
AcDbLine
 10
104.6913943196208
 20
131.1353115576968
 30
0.0
 11
104.4323309198961
 21
131.1289875467552
 31
0.0
  0
LINE
  5
383
330
1F
100
AcDbEntity
  8
Geometries
  6
Continuous
370
    13
100
AcDbLine
 10
59.30782269866428
 20
121.6561871898431
 30
0.0
 11
59.22122792166128
 21
121.7420138750752
 31
0.0
  0
LINE
  5
384
330
1F
100
AcDbEntity
  8
Geometries
  6
Continuous
370
    13
100
AcDbLine
 10
101.1990520389862
 20
131.0386140213909
 30
0.0
 11
99.81389444240787
 21
130.9923538657204
 31
0.0
  0
LINE
  5
385
330
1F
100
AcDbEntity
  8
Geometries
  6
Continuous
370
    13
100
AcDbLine
 10
98.42893058734198
 20
130.940792835334
 30
0.0
 11
97.04422201960428
 21
130.8833592944612
 31
0.0
  0
LINE
  5
386
330
1F
100
AcDbEntity
  8
Geometries
  6
Continuous
370
    13
100
AcDbLine
 10
97.04422201960428
 20
130.8833592944612
 30
0.0
 11
95.65973557179758
 21
130.820260371658
 31
0.0
  0
LINE
  5
387
330
1F
100
AcDbEntity
  8
Geometries
  6
Continuous
370
    13
100
AcDbLine
 10
95.65973557179758
 20
130.820260371658
 30
0.0
 11
94.27525841963639
 21
130.7532408822348
 31
0.0
  0
LINE
  5
388
330
1F
100
AcDbEntity
  8
Geometries
  6
Continuous
370
    13
100
AcDbLine
 10
94.27525841963639
 20
130.7532408822348
 30
0.0
 11
93.0623122682878
 21
130.6907367958422
 31
0.0
  0
LINE
  5
389
330
1F
100
AcDbEntity
  8
Geometries
  6
Continuous
370
    13
100
AcDbLine
 10
61.14400785158847
 20
120.2776519311312
 30
0.0
 11
61.08472195748699
 21
120.3113003977086
 31
0.0
  0
LINE
  5
38A
330
1F
100
AcDbEntity
  8
Geometries
  6
Continuous
370
    13
100
AcDbLine
 10
92.97683999574016
 20
130.6861792251074
 30
0.0
 11
92.96154504065757
 21
130.6853614029203
 31
0.0
  0
LINE
  5
38B
330
1F
100
AcDbEntity
  8
Geometries
  6
Continuous
370
    13
100
AcDbLine
 10
81.54630548874128
 20
129.8244124551134
 30
0.0
 11
80.4644540959674
 21
129.7139494040226
 31
0.0
  0
LINE
  5
38C
330
1F
100
AcDbEntity
  8
Geometries
  6
Continuous
370
    13
100
AcDbLine
 10
90.02922059812926
 20
130.5141404567144
 30
0.0
 11
90.00994621483355
 21
130.5129088963525
 31
0.0
  0
LINE
  5
38D
330
1F
100
AcDbEntity
  8
Geometries
  6
Continuous
370
    13
100
AcDbLine
 10
89.95823231077868
 20
130.5095969957822
 30
0.0
 11
89.94859529544136
 21
130.5089785915495
 31
0.0
  0
LINE
  5
38E
330
1F
100
AcDbEntity
  8
Geometries
  6
Continuous
370
    13
100
AcDbLine
 10
80.4644540959674
 20
129.7139494040226
 30
0.0
 11
79.5634576794202
 21
129.6165927190372
 31
0.0
  0
LINE
  5
38F
330
1F
100
AcDbEntity
  8
Geometries
  6
Continuous
370
    13
100
AcDbLine
 10
58.50054151619088
 20
123.0282919456457
 30
0.0
 11
58.50000185341797
 21
122.9995424984828
 31
0.0
  0
LINE
  5
390
330
1F
100
AcDbEntity
  8
Geometries
  6
Continuous
370
    13
100
AcDbLine
 10
79.5634576794202
 20
129.6165927190372
 30
0.0
 11
78.66303893039786
 21
129.5139730400808
 31
0.0
  0
LINE
  5
391
330
1F
100
AcDbEntity
  8
Geometries
  6
Continuous
370
    13
100
AcDbLine
 10
59.54427814669367
 20
124.5618608597666
 30
0.0
 11
59.53563930687747
 21
124.5541991016327
 31
0.0
  0
LINE
  5
392
330
1F
100
AcDbEntity
  8
Geometries
  6
Continuous
370
    13
100
AcDbLine
 10
74.85772366154917
 20
129.0255789288964
 30
0.0
 11
74.69416591933576
 21
129.0025864312031
 31
0.0
  0
LINE
  5
393
330
1F
100
AcDbEntity
  8
Geometries
  6
Continuous
370
    13
100
AcDbLine
 10
63.00621859210659
 20
119.5456497375714
 30
0.0
 11
62.97246112954329
 21
119.5572447421028
 31
0.0
  0
LINE
  5
394
330
1F
100
AcDbEntity
  8
Geometries
  6
Continuous
370
    13
100
AcDbLine
 10
72.95163052042625
 20
128.7405589866474
 30
0.0
 11
72.26803083654465
 21
128.6290408829199
 31
0.0
  0
LINE
  5
395
330
1F
100
AcDbEntity
  8
Geometries
  6
Continuous
370
    13
100
AcDbLine
 10
71.58455830157837
 20
128.5147892883686
 30
0.0
 11
70.90148117178776
 21
128.3968950771902
 31
0.0
  0
LINE
  5
396
330
1F
100
AcDbEntity
  8
Geometries
  6
Continuous
370
    13
100
AcDbLine
 10
70.90148117178776
 20
128.3968950771902
 30
0.0
 11
70.21918437436808
 21
128.2739858609319
 31
0.0
  0
LINE
  5
397
330
1F
100
AcDbEntity
  8
Geometries
  6
Continuous
370
    13
100
AcDbLine
 10
63.91904751673036
 20
126.768590039369
 30
0.0
 11
63.69489344130957
 21
126.6946410979771
 31
0.0
  0
LINE
  5
398
330
1F
100
AcDbEntity
  8
Geometries
  6
Continuous
370
    13
100
AcDbLine
 10
70.21918437436808
 20
128.2739858609319
 30
0.0
 11
69.53804649020618
 21
128.1447120619102
 31
0.0
  0
LINE
  5
399
330
1F
100
AcDbEntity
  8
Geometries
  6
Continuous
370
    13
100
AcDbLine
 10
69.53804649020618
 20
128.1447120619102
 30
0.0
 11
69.00392635347828
 21
128.0377956961586
 31
0.0
  0
LINE
  5
39A
330
1F
100
AcDbEntity
  8
Geometries
  6
Continuous
370
    13
100
AcDbLine
 10
59.07085343799947
 20
124.0981491634755
 30
0.0
 11
59.05505339590277
 21
124.0805952315388
 31
0.0
  0
LINE
  5
39B
330
1F
100
AcDbEntity
  8
Geometries
  6
Continuous
370
    13
100
AcDbLine
 10
66.04270154401756
 20
127.3639548913764
 30
0.0
 11
65.67708298755177
 21
127.2720341647951
 31
0.0
  0
LINE
  5
39C
330
1F
100
AcDbEntity
  8
Geometries
  6
Continuous
370
    13
100
AcDbLine
 10
65.67708298755177
 20
127.2720341647951
 30
0.0
 11
65.51647374434216
 21
127.2305654865956
 31
0.0
  0
LINE
  5
39D
330
1F
100
AcDbEntity
  8
Geometries
  6
Continuous
370
    13
100
AcDbLine
 10
65.47229764256969
 20
127.2190316314844
 30
0.0
 11
65.45969012336478
 21
127.2157295085904
 31
0.0
  0
LINE
  5
39E
330
1F
100
AcDbEntity
  8
Geometries
  6
Continuous
370
    13
100
AcDbLine
 10
59.24310262142187
 20
124.279050113146
 30
0.0
 11
59.22864568602577
 21
124.2645131835486
 31
0.0
  0
LINE
  5
39F
330
1F
100
AcDbEntity
  8
Geometries
  6
Continuous
370
    13
100
AcDbLine
 10
64.03773875622768
 20
126.8066870956682
 30
0.0
 11
64.02978943852109
 21
126.8041577023403
 31
0.0
  0
LINE
  5
3A0
330
1F
100
AcDbEntity
  8
Geometries
  6
Continuous
370
    13
100
AcDbLine
 10
59.80935001054647
 20
124.7870166262189
 30
0.0
 11
59.78331365972467
 21
124.7656731633476
 31
0.0
  0
LINE
  5
3A1
330
1F
100
AcDbEntity
  8
Geometries
  6
Continuous
370
    13
100
AcDbLine
 10
62.35106325006068
 20
126.2305949862471
 30
0.0
 11
62.18418218765828
 21
126.1719638872377
 31
0.0
  0
LINE
  5
3A2
330
1F
100
AcDbEntity
  8
Geometries
  6
Continuous
370
    13
100
AcDbLine
 10
64.69052946851927
 20
127.004390129983
 30
0.0
 11
64.67778541440236
 21
127.0007067137041
 31
0.0
  0
LINE
  5
3A3
330
1F
100
AcDbEntity
  8
Geometries
  6
Continuous
370
    13
100
AcDbLine
 10
64.67778541440236
 20
127.0007067137041
 30
0.0
 11
64.66504316711809
 21
126.9970172962217
 31
0.0
  0
LINE
  5
3A4
330
1F
100
AcDbEntity
  8
Geometries
  6
Continuous
370
    13
100
AcDbLine
 10
64.31129727772858
 20
126.8918708532586
 30
0.0
 11
64.15287254306767
 21
126.8429735760975
 31
0.0
  0
LINE
  5
3A5
330
1F
100
AcDbEntity
  8
Geometries
  6
Continuous
370
    13
100
AcDbLine
 10
64.15287254306767
 20
126.8429735760975
 30
0.0
 11
64.08327312449347
 21
126.8211154520185
 31
0.0
  0
LINE
  5
3A6
330
1F
100
AcDbEntity
  8
Geometries
  6
Continuous
370
    13
100
AcDbLine
 10
64.08327312449347
 20
126.8211154520185
 30
0.0
 11
64.07416390858509
 21
126.8182372071821
 31
0.0
  0
LINE
  5
3A7
330
1F
100
AcDbEntity
  8
Geometries
  6
Continuous
370
    13
100
AcDbLine
 10
58.51306862786888
 20
123.144159779944
 30
0.0
 11
58.50850539966717
 21
123.1155908722433
 31
0.0
  0
LINE
  5
3A8
330
1F
100
AcDbEntity
  8
Geometries
  6
Continuous
370
    13
100
AcDbLine
 10
64.04684328064597
 20
126.8095802112844
 30
0.0
 11
64.03773875622768
 21
126.8066870956682
 31
0.0
  0
LINE
  5
3A9
330
1F
100
AcDbEntity
  8
Geometries
  6
Continuous
370
    13
100
AcDbLine
 10
63.47154104800578
 20
126.6182027798833
 30
0.0
 11
63.32759062220187
 21
126.5673954618865
 31
0.0
  0
LINE
  5
3AA
330
1F
100
AcDbEntity
  8
Geometries
  6
Continuous
370
    13
100
AcDbLine
 10
63.31438682617497
 20
126.5626723669558
 30
0.0
 11
63.30632090955078
 21
126.5597815958165
 31
0.0
  0
LINE
  5
3AB
330
1F
100
AcDbEntity
  8
Geometries
  6
Continuous
370
    13
100
AcDbLine
 10
63.29825605524417
 20
126.556887387815
 30
0.0
 11
63.29019194985358
 21
126.5539902097002
 31
0.0
  0
LINE
  5
3AC
330
1F
100
AcDbEntity
  8
Geometries
  6
Continuous
370
    13
100
AcDbLine
 10
58.73999718849559
 20
122.3243884479305
 30
0.0
 11
58.70826719430818
 21
122.3757783985577
 31
0.0
  0
LINE
  5
3AD
330
1F
100
AcDbEntity
  8
Geometries
  6
Continuous
370
    13
100
AcDbLine
 10
63.26600099316197
 20
126.545285522163
 30
0.0
 11
63.16506030592797
 21
126.5090523110527
 31
0.0
  0
LINE
  5
3AE
330
1F
100
AcDbEntity
  8
Geometries
  6
Continuous
370
    13
100
AcDbLine
 10
62.96887133263037
 20
126.4406314861504
 30
0.0
 11
62.94782036660978
 21
126.4334117950411
 31
0.0
  0
LINE
  5
3AF
330
1F
100
AcDbEntity
  8
Geometries
  6
Continuous
370
    13
100
AcDbLine
 10
61.69071967032417
 20
125.9826834866789
 30
0.0
 11
61.53001288320698
 21
125.9132208671384
 31
0.0
  0
LINE
  5
3B0
330
1F
100
AcDbEntity
  8
Geometries
  6
Continuous
370
    13
100
AcDbLine
 10
61.37189003527247
 20
125.8396202796706
 30
0.0
 11
61.21676727842548
 21
125.7613096872013
 31
0.0
  0
LINE
  5
3B1
330
1F
100
AcDbEntity
  8
Geometries
  6
Continuous
370
    13
100
AcDbLine
 10
61.11046123077408
 20
125.7035162743462
 30
0.0
 11
61.00600540385888
 21
125.6429544828598
 31
0.0
  0
LINE
  5
3B2
330
1F
100
AcDbEntity
  8
Geometries
  6
Continuous
370
    13
100
AcDbLine
 10
61.00600540385888
 20
125.6429544828598
 30
0.0
 11
60.90336343058227
 21
125.5794145936152
 31
0.0
  0
LINE
  5
3B3
330
1F
100
AcDbEntity
  8
Geometries
  6
Continuous
370
    13
100
AcDbLine
 10
60.60004218242537
 20
125.3768570067534
 30
0.0
 11
60.58593600970367
 21
125.3671507862853
 31
0.0
  0
LINE
  5
3B4
330
1F
100
AcDbEntity
  8
Geometries
  6
Continuous
370
    13
100
AcDbLine
 10
60.50147901081537
 20
125.3084965792
 30
0.0
 11
60.34391991230987
 21
125.1964967993458
 31
0.0
  0
LINE
  5
3B5
330
1F
100
AcDbEntity
  8
Geometries
  6
Continuous
370
    13
100
AcDbLine
 10
60.34391991230987
 20
125.1964967993458
 30
0.0
 11
60.18398628078917
 21
125.0791164323545
 31
0.0
  0
LINE
  5
3B6
330
1F
100
AcDbEntity
  8
Geometries
  6
Continuous
370
    13
100
AcDbLine
 10
59.84979519618227
 20
124.8198742108041
 30
0.0
 11
59.83545490057158
 21
124.8082648864931
 31
0.0
  0
LINE
  5
3B7
330
1F
100
AcDbEntity
  8
Geometries
  6
Continuous
370
    13
100
AcDbLine
 10
59.61076434678748
 20
124.6200866311814
 30
0.0
 11
59.54427814669367
 21
124.5618608597666
 31
0.0
  0
LINE
  5
3B8
330
1F
100
AcDbEntity
  8
Geometries
  6
Continuous
370
    13
100
AcDbLine
 10
60.84362978580307
 20
120.4592221792079
 30
0.0
 11
60.82101708575259
 21
120.4739234390738
 31
0.0
  0
LINE
  5
3B9
330
1F
100
AcDbEntity
  8
Geometries
  6
Continuous
370
    13
100
AcDbLine
 10
59.22864568602577
 20
124.2645131835486
 30
0.0
 11
59.21427876406088
 21
124.2499611672832
 31
0.0
  0
LINE
  5
3BA
330
1F
100
AcDbEntity
  8
Geometries
  6
Continuous
370
    13
100
AcDbLine
 10
59.03941232563038
 20
124.0630311323346
 30
0.0
 11
59.01195628576777
 21
124.0317254174717
 31
0.0
  0
LINE
  5
3BB
330
1F
100
AcDbEntity
  8
Geometries
  6
Continuous
370
    13
100
AcDbLine
 10
58.85528110070247
 20
123.838821117869
 30
0.0
 11
58.84204120138207
 21
123.821126616853
 31
0.0
  0
LINE
  5
3BC
330
1F
100
AcDbEntity
  8
Geometries
  6
Continuous
370
    13
100
AcDbLine
 10
58.84204120138207
 20
123.821126616853
 30
0.0
 11
58.82900500753738
 21
123.8034380067431
 31
0.0
  0
LINE
  5
3BD
330
1F
100
AcDbEntity
  8
Geometries
  6
Continuous
370
    13
100
AcDbLine
 10
58.74172139018287
 20
123.6768161366918
 30
0.0
 11
58.70729855024678
 21
123.6218734711102
 31
0.0
  0
LINE
  5
3BE
330
1F
100
AcDbEntity
  8
Geometries
  6
Continuous
370
    13
100
AcDbLine
 10
58.70729855024678
 20
123.6218734711102
 30
0.0
 11
58.66628114095788
 21
123.5511947882056
 31
0.0
  0
LINE
  5
3BF
330
1F
100
AcDbEntity
  8
Geometries
  6
Continuous
370
    13
100
AcDbLine
 10
58.56828600285877
 20
123.3416769229482
 30
0.0
 11
58.54209368913887
 21
123.2647106697776
 31
0.0
  0
LINE
  5
3C0
330
1F
100
AcDbEntity
  8
Geometries
  6
Continuous
370
    13
100
AcDbLine
 10
58.52197304528697
 20
123.1885848875783
 30
0.0
 11
58.51875748068997
 21
123.1737391310016
 31
0.0
  0
LINE
  5
3C1
330
1F
100
AcDbEntity
  8
Geometries
  6
Continuous
370
    13
100
AcDbLine
 10
58.51578865903417
 20
123.1589305044939
 30
0.0
 11
58.51306862786888
 21
123.144159779944
 31
0.0
  0
LINE
  5
3C2
330
1F
100
AcDbEntity
  8
Geometries
  6
Continuous
370
    13
100
AcDbLine
 10
58.50214958264877
 20
123.0572206070573
 30
0.0
 11
58.50054151619088
 21
123.0282919456457
 31
0.0
  0
LINE
  5
3C3
330
1F
100
AcDbEntity
  8
Geometries
  6
Continuous
370
    13
100
AcDbLine
 10
58.52065485363799
 20
122.7994596928582
 30
0.0
 11
58.51124529683347
 21
122.8459810594363
 31
0.0
  0
LINE
  5
3C4
330
1F
100
AcDbEntity
  8
Geometries
  6
Continuous
370
    13
100
AcDbLine
 10
58.67253001944049
 20
122.4370845092816
 30
0.0
 11
58.64252502720488
 21
122.4922349175621
 31
0.0
  0
LINE
  5
3C5
330
1F
100
AcDbEntity
  8
Geometries
  6
Continuous
370
    13
100
AcDbLine
 10
58.77179556491957
 20
122.2763913992045
 30
0.0
 11
58.73999718849559
 21
122.3243884479305
 31
0.0
  0
LINE
  5
3C6
330
1F
100
AcDbEntity
  8
Geometries
  6
Continuous
370
    13
100
AcDbLine
 10
66.4946912515056
 20
118.5254938732422
 30
0.0
 11
66.42503535593089
 21
118.5421476000846
 31
0.0
  0
LINE
  5
3C7
330
1F
100
AcDbEntity
  8
Geometries
  6
Continuous
370
    13
100
AcDbLine
 10
58.95705599075718
 20
122.0331908986719
 30
0.0
 11
58.93630226801837
 21
122.0584850564662
 31
0.0
  0
LINE
  5
3C8
330
1F
100
AcDbEntity
  8
Geometries
  6
Continuous
370
    13
100
AcDbLine
 10
59.14082133302838
 20
121.8251865522672
 30
0.0
 11
59.06660293276569
 21
121.9057052214184
 31
0.0
  0
LINE
  5
3C9
330
1F
100
AcDbEntity
  8
Geometries
  6
Continuous
370
    13
100
AcDbLine
 10
59.46469224910088
 20
121.5090550560277
 30
0.0
 11
59.40121779381478
 21
121.5674125835885
 31
0.0
  0
LINE
  5
3CA
330
1F
100
AcDbEntity
  8
Geometries
  6
Continuous
370
    13
100
AcDbLine
 10
59.69069657752819
 20
121.3109662617445
 30
0.0
 11
59.61082385964009
 21
121.3795252090503
 31
0.0
  0
LINE
  5
3CB
330
1F
100
AcDbEntity
  8
Geometries
  6
Continuous
370
    13
100
AcDbLine
 10
60.43478122708017
 20
120.7374733727359
 30
0.0
 11
60.31346188248257
 21
120.8245772056001
 31
0.0
  0
LINE
  5
3CC
330
1F
100
AcDbEntity
  8
Geometries
  6
Continuous
370
    13
100
AcDbLine
 10
60.74294100877198
 20
120.5254880484546
 30
0.0
 11
60.71421121072078
 21
120.5447296468026
 31
0.0
  0
LINE
  5
3CD
330
1F
100
AcDbEntity
  8
Geometries
  6
Continuous
370
    13
100
AcDbLine
 10
60.88666702593528
 20
120.4315952584717
 30
0.0
 11
60.86551309919739
 21
120.4451127856739
 31
0.0
  0
LINE
  5
3CE
330
1F
100
AcDbEntity
  8
Geometries
  6
Continuous
370
    13
100
AcDbLine
 10
62.89469340447138
 20
119.5837986278937
 30
0.0
 11
62.85068314196269
 21
119.5987575091527
 31
0.0
  0
LINE
  5
3CF
330
1F
100
AcDbEntity
  8
Geometries
  6
Continuous
370
    13
100
AcDbLine
 10
61.65963497369617
 20
120.0295066868588
 30
0.0
 11
61.55760133460559
 21
120.0735811045367
 31
0.0
  0
LINE
  5
3D0
330
1F
100
AcDbEntity
  8
Geometries
  6
Continuous
370
    13
100
AcDbLine
 10
63.03655845468819
 20
119.5351760252824
 30
0.0
 11
63.00621859210659
 21
119.5456497375714
 31
0.0
  0
LINE
  5
3D1
330
1F
100
AcDbEntity
  8
Geometries
  6
Continuous
370
    13
100
AcDbLine
 10
65.71342245537721
 20
118.7179040670864
 30
0.0
 11
65.52639031031468
 21
118.766062301103
 31
0.0
  0
LINE
  5
3D2
330
1F
100
AcDbEntity
  8
Geometries
  6
Continuous
370
    13
100
AcDbLine
 10
63.12125423514358
 20
119.5054982065101
 30
0.0
 11
63.08769909010317
 21
119.5173415017924
 31
0.0
  0
LINE
  5
3D3
330
1F
100
AcDbEntity
  8
Geometries
  6
Continuous
370
    13
100
AcDbLine
 10
67.2730858956206
 20
118.3439087468227
 30
0.0
 11
67.23900522699941
 21
118.3517322163943
 31
0.0
  0
LINE
  5
3D4
330
1F
100
AcDbEntity
  8
Geometries
  6
Continuous
370
    13
100
AcDbLine
 10
64.16056123935219
 20
119.1537420868291
 30
0.0
 11
63.94497734887631
 21
119.2221278501507
 31
0.0
  0
LINE
  5
3D5
330
1F
100
AcDbEntity
  8
Geometries
  6
Continuous
370
    13
100
AcDbLine
 10
64.6082495350654
 20
119.0186157287029
 30
0.0
 11
64.381651968082
 21
119.0859047130132
 31
0.0
  0
LINE
  5
3D6
330
1F
100
AcDbEntity
  8
Geometries
  6
Continuous
370
    13
100
AcDbLine
 10
65.1701196913734
 20
118.8605751668973
 30
0.0
 11
65.0008812174946
 21
118.9069297986752
 31
0.0
  0
LINE
  5
3D7
330
1F
100
AcDbEntity
  8
Geometries
  6
Continuous
370
    13
100
AcDbLine
 10
65.90638582416759
 20
118.6691446323237
 30
0.0
 11
65.71342245537721
 21
118.7179040670864
 31
0.0
  0
LINE
  5
3D8
330
1F
100
AcDbEntity
  8
Geometries
  6
Continuous
370
    13
100
AcDbLine
 10
66.6644871433588
 20
118.4852470114154
 30
0.0
 11
66.6076269347032
 21
118.498673534672
 31
0.0
  0
LINE
  5
3D9
330
1F
100
AcDbEntity
  8
Geometries
  6
Continuous
370
    13
100
AcDbLine
 10
67.0362633303856
 20
118.3984693352408
 30
0.0
 11
66.90650651850159
 21
118.4285797104677
 31
0.0
  0
LINE
  5
3DA
330
1F
100
AcDbEntity
  8
Geometries
  6
Continuous
370
    13
100
AcDbLine
 10
67.17185155847788
 20
118.3671744768454
 30
0.0
 11
67.0362633303856
 21
118.3984693352408
 31
0.0
  0
LINE
  5
3DB
330
1F
100
AcDbEntity
  8
Geometries
  6
Continuous
370
    13
100
AcDbLine
 10
67.20526044795189
 20
118.359487459735
 30
0.0
 11
67.17185155847788
 21
118.3671744768454
 31
0.0
  0
LINE
  5
3DC
330
1F
100
AcDbEntity
  8
Geometries
  6
Continuous
370
    13
100
AcDbLine
 10
67.3522180371875
 20
118.3257660263216
 30
0.0
 11
67.31215236952299
 21
118.3349494847417
 31
0.0
  0
LINE
  5
3DD
330
1F
100
AcDbEntity
  8
Geometries
  6
Continuous
370
    13
100
AcDbLine
 10
67.4297689187297
 20
118.308005464999
 30
0.0
 11
67.39142355358969
 21
118.3167846864074
 31
0.0
  0
LINE
  5
3DE
330
1F
100
AcDbEntity
  8
Geometries
  6
Continuous
370
    13
100
AcDbLine
 10
67.5385729590514
 20
118.283125204809
 30
0.0
 11
67.4297689187297
 21
118.308005464999
 31
0.0
  0
LINE
  5
3DF
330
1F
100
AcDbEntity
  8
Geometries
  6
Continuous
370
    13
100
AcDbLine
 10
67.6397912392971
 20
118.2600274479518
 30
0.0
 11
67.5385729590514
 21
118.283125204809
 31
0.0
  0
LINE
  5
3E0
330
1F
100
AcDbEntity
  8
Geometries
  6
Continuous
370
    13
100
AcDbLine
 10
67.73342375946687
 20
118.2387121944273
 30
0.0
 11
67.6397912392971
 21
118.2600274479518
 31
0.0
  0
LINE
  5
3E1
330
1F
100
AcDbEntity
  8
Geometries
  6
Continuous
370
    13
100
AcDbLine
 10
67.80636609606691
 20
118.2221501397239
 30
0.0
 11
67.73342375946687
 21
118.2387121944273
 31
0.0
  0
VIEWPORT
  5
7D
330
79
100
AcDbEntity
 67
     1
  8
0
100
AcDbViewport
 10
148.5
 20
105.0
 30
0.0
 40
297.0
 41
210.0
 68
     1
 69
     1
 12
148.5
 22
105.0
 13
0.0
 23
0.0
 14
10.0
 24
10.0
 15
10.0
 25
10.0
 16
0.0
 26
0.0
 36
1.0
 17
0.0
 27
0.0
 37
0.0
 42
50.0
 43
0.0
 44
0.0
 45
210.0
 50
0.0
 51
0.0
 72
   100
 90
   557152
  1

281
     0
 71
     1
 74
     0
110
0.0
120
0.0
130
0.0
111
1.0
121
0.0
131
0.0
112
0.0
122
1.0
132
0.0
 79
     0
146
0.0
170
     0
 61
     5
348
2F
292
     1
282
     1
141
0.0
142
0.0
 63
   256
361
7E
  0
VIEWPORT
  5
7F
330
79
100
AcDbEntity
 67
     1
  8
0
100
AcDbViewport
 10
148.5
 20
105.0
 30
0.0
 40
297.0
 41
210.0
 68
     2
 69
     2
 12
148.5
 22
105.0
 13
0.0
 23
0.0
 14
10.0
 24
10.0
 15
10.0
 25
10.0
 16
0.0
 26
0.0
 36
1.0
 17
0.0
 27
0.0
 37
0.0
 42
50.0
 43
0.0
 44
0.0
 45
210.0
 50
0.0
 51
0.0
 72
   100
 90
   557152
  1

281
     0
 71
     1
 74
     0
110
0.0
120
0.0
130
0.0
111
1.0
121
0.0
131
0.0
112
0.0
122
1.0
132
0.0
 79
     0
146
0.0
170
     0
 61
     5
348
2F
292
     1
282
     1
141
0.0
142
0.0
 63
   256
361
80
  0
ENDSEC
  0
SECTION
  2
OBJECTS
  0
DICTIONARY
  5
C
330
0
100
AcDbDictionary
281
     1
  3
ACAD_DETAILVIEWSTYLE
350
419
  3
ACAD_GROUP
350
D
  3
ACAD_LAYOUT
350
1A
  3
ACAD_MATERIAL
350
43
  3
ACAD_MLEADERSTYLE
350
5B
  3
ACAD_MLINESTYLE
350
17
  3
ACAD_PLOTSETTINGS
350
19
  3
ACAD_PLOTSTYLENAME
350
E
  3
ACAD_SCALELIST
350
47
  3
ACAD_SECTIONVIEWSTYLE
350
41A
  3
ACAD_TABLESTYLE
350
59
  3
ACAD_VISUALSTYLE
350
2A
  3
ACDB_RECOMPOSE_DATA
350
416
  3
AcDbVariableDictionary
350
3E2
  0
SUN
  5
5D
330
29
100
AcDbSun
 90
        1
290
     0
 63
     7
421
 16777215
 40
1.0
291
     1
 91
  2455826
 92
 54000000
292
     0
 70
     2
 71
   256
280
     1
  0
SUN
  5
7E
330
7D
100
AcDbSun
 90
        1
290
     0
 63
     7
421
 16777215
 40
1.0
291
     1
 91
  2455826
 92
 54000000
292
     0
 70
     2
 71
   256
280
     1
  0
SUN
  5
80
330
7F
100
AcDbSun
 90
        1
290
     0
 63
     7
421
 16777215
 40
1.0
291
     1
 91
  2455826
 92
 54000000
292
     0
 70
     2
 71
   256
280
     1
  0
DICTIONARY
  5
419
102
{ACAD_REACTORS
330
C
102
}
330
C
100
AcDbDictionary
281
     1
  0
DICTIONARY
  5
D
102
{ACAD_REACTORS
330
C
102
}
330
C
100
AcDbDictionary
281
     1
  0
DICTIONARY
  5
1A
102
{ACAD_REACTORS
330
C
102
}
330
C
100
AcDbDictionary
281
     1
  3
Layout1
350
1E
  3
Layout2
350
26
  3
Model
350
22
  3
Sheet
350
7A
  0
DICTIONARY
  5
43
102
{ACAD_REACTORS
330
C
102
}
330
C
100
AcDbDictionary
281
     1
  3
ByBlock
350
45
  3
ByLayer
350
44
  3
Global
350
46
  0
DICTIONARY
  5
5B
102
{ACAD_REACTORS
330
C
102
}
330
C
100
AcDbDictionary
281
     1
  3
Standard
350
5C
  0
DICTIONARY
  5
17
102
{ACAD_REACTORS
330
C
102
}
330
C
100
AcDbDictionary
281
     1
  3
Standard
350
18
  0
DICTIONARY
  5
19
102
{ACAD_REACTORS
330
C
102
}
330
C
100
AcDbDictionary
281
     1
  0
ACDBDICTIONARYWDFLT
  5
E
102
{ACAD_REACTORS
330
C
102
}
330
C
100
AcDbDictionary
281
     1
  3
Normal
350
F
100
AcDbDictionaryWithDefault
340
F
  0
DICTIONARY
  5
47
102
{ACAD_REACTORS
330
C
102
}
330
C
100
AcDbDictionary
281
     1
  3
A0
350
48
  3
A1
350
49
  3
A2
350
4A
  3
A3
350
4B
  3
A4
350
4C
  3
A5
350
4D
  3
A6
350
4E
  3
A7
350
4F
  3
A8
350
50
  3
A9
350
51
  3
B0
350
52
  3
B1
350
53
  3
B2
350
54
  3
B3
350
55
  3
B4
350
56
  3
B5
350
57
  3
B6
350
58
  0
DICTIONARY
  5
41A
102
{ACAD_REACTORS
330
C
102
}
330
C
100
AcDbDictionary
281
     1
  0
DICTIONARY
  5
59
102
{ACAD_REACTORS
330
C
102
}
330
C
100
AcDbDictionary
281
     1
  3
Standard
350
5A
  0
DICTIONARY
  5
2A
102
{ACAD_REACTORS
330
C
102
}
330
C
100
AcDbDictionary
281
     1
  3
2dWireframe
350
2F
  3
Basic
350
32
  3
Brighten
350
36
  3
ColorChange
350
3A
  3
Conceptual
350
34
  3
Dim
350
35
  3
EdgeColorOff
350
3D
  3
Facepattern
350
39
  3
Flat
350
2B
  3
FlatWithEdges
350
2C
  3
Gouraud
350
2D
  3
GouraudWithEdges
350
2E
  3
Hidden
350
31
  3
JitterOff
350
3B
  3
Linepattern
350
38
  3
OverhangOff
350
3C
  3
Realistic
350
33
  3
Shaded
350
42
  3
Shaded with edges
350
41
  3
Shades of Gray
350
3E
  3
Sketchy
350
3F
  3
Thicken
350
37
  3
Wireframe
350
30
  3
X-Ray
350
40
  0
XRECORD
  5
416
102
{ACAD_REACTORS
330
C
102
}
330
C
100
AcDbXrecord
280
     1
 90
        1
330
5A
  0
DICTIONARY
  5
3E2
102
{ACAD_REACTORS
330
C
102
}
330
C
100
AcDbDictionary
281
     1
  3
CANNOSCALE
350
3E3
  3
CENTEREXE
350
41B
  3
CENTERLTYPEFILE
350
41C
  3
CMLEADERSTYLE
350
418
  3
CTABLESTYLE
350
417
  0
LAYOUT
  5
1E
102
{ACAD_REACTORS
330
1A
102
}
330
1A
100
AcDbPlotSettings
  1

  2
none_device
  4

  6

 40
0.0
 41
0.0
 42
0.0
 43
0.0
 44
0.0
 45
0.0
 46
0.0
 47
0.0
 48
0.0
 49
0.0
140
0.0
141
0.0
142
1.0
143
1.0
 70
   688
 72
     1
 73
     0
 74
     5
  7

 75
    16
 76
     0
 77
     2
 78
   300
147
1.0
148
0.0
149
0.0
100
AcDbLayout
  1
Layout1
 70
     1
 71
     1
 10
0.0
 20
0.0
 11
420.0
 21
297.0
 12
0.0
 22
0.0
 32
0.0
 14
1.000000000000000E+20
 24
1.000000000000000E+20
 34
1.000000000000000E+20
 15
-1.000000000000000E+20
 25
-1.000000000000000E+20
 35
-1.000000000000000E+20
146
0.0
 13
0.0
 23
0.0
 33
0.0
 16
1.0
 26
0.0
 36
0.0
 17
0.0
 27
1.0
 37
0.0
 76
     0
330
1B
  0
LAYOUT
  5
26
102
{ACAD_REACTORS
330
1A
102
}
330
1A
100
AcDbPlotSettings
  1

  2
none_device
  4

  6

 40
0.0
 41
0.0
 42
0.0
 43
0.0
 44
0.0
 45
0.0
 46
0.0
 47
0.0
 48
0.0
 49
0.0
140
0.0
141
0.0
142
1.0
143
1.0
 70
   688
 72
     1
 73
     0
 74
     5
  7

 75
    16
 76
     0
 77
     2
 78
   300
147
1.0
148
0.0
149
0.0
100
AcDbLayout
  1
Layout2
 70
     1
 71
     2
 10
0.0
 20
0.0
 11
0.0
 21
0.0
 12
0.0
 22
0.0
 32
0.0
 14
0.0
 24
0.0
 34
0.0
 15
0.0
 25
0.0
 35
0.0
146
0.0
 13
0.0
 23
0.0
 33
0.0
 16
1.0
 26
0.0
 36
0.0
 17
0.0
 27
1.0
 37
0.0
 76
     0
330
23
  0
LAYOUT
  5
22
102
{ACAD_REACTORS
330
1A
102
}
330
1A
100
AcDbPlotSettings
  1

  2
none_device
  4
Letter_(8.50_x_11.00_Inches)
  6

 40
6.35
 41
6.35
 42
6.35000508
 43
6.35000508
 44
215.9
 45
279.4
 46
0.0
 47
0.0
 48
0.0
 49
0.0
140
0.0
141
0.0
142
1.0
143
1.0
 70
  1712
 72
     1
 73
     0
 74
     0
  7

 75
     0
 76
     0
 77
     2
 78
   300
147
1.0
148
0.0
149
0.0
100
AcDbLayout
  1
Model
 70
     1
 71
     0
 10
0.0
 20
0.0
 11
420.0
 21
297.0
 12
0.0
 22
0.0
 32
0.0
 14
1.000000000000000E+20
 24
1.000000000000000E+20
 34
1.000000000000000E+20
 15
-1.000000000000000E+20
 25
-1.000000000000000E+20
 35
-1.000000000000000E+20
146
0.0
 13
0.0
 23
0.0
 33
0.0
 16
1.0
 26
0.0
 36
0.0
 17
0.0
 27
1.0
 37
0.0
 76
     0
330
1F
331
29
  0
LAYOUT
  5
7A
102
{ACAD_REACTORS
330
1A
102
}
330
1A
100
AcDbPlotSettings
  1

  2
Custom Device
  4
CustomPaper_297.000000x210.000000mm
  6

 40
0.0
 41
0.0
 42
0.0
 43
0.0
 44
210.0
 45
297.0
 46
0.0
 47
0.0
 48
0.0
 49
0.0
140
0.0
141
0.0
142
1.0
143
1.0
 70
   672
 72
     1
 73
     1
 74
     5
  7

 75
    16
 76
     0
 77
     2
 78
   300
147
1.0
148
0.0
149
0.0
100
AcDbLayout
  1
Sheet
 70
     1
 71
     3
 10
-20.0
 20
-7.5
 11
277.0
 21
202.5
 12
0.0
 22
0.0
 32
0.0
 14
0.0
 24
0.0
 34
0.0
 15
0.0
 25
0.0
 35
0.0
146
0.0
 13
0.0
 23
0.0
 33
0.0
 16
1.0
 26
0.0
 36
0.0
 17
0.0
 27
1.0
 37
0.0
 76
     0
330
79
331
7D
  0
MATERIAL
  5
45
102
{ACAD_REACTORS
330
43
102
}
330
43
100
AcDbMaterial
  1
ByBlock
 72
     1
 94
      127
  0
MATERIAL
  5
44
102
{ACAD_REACTORS
330
43
102
}
330
43
100
AcDbMaterial
  1
ByLayer
 72
     1
 94
      127
  0
MATERIAL
  5
46
102
{ACAD_REACTORS
330
43
102
}
330
43
100
AcDbMaterial
  1
Global
 72
     1
 94
      127
  0
MLEADERSTYLE
  5
5C
102
{ACAD_REACTORS
330
5B
102
}
330
5B
100
AcDbMLeaderStyle
179
     2
170
     2
171
     1
172
     0
 90
        2
 40
0.0
 41
0.0
173
     1
 91
-1056964608
340
14
 92
       -2
290
     1
 42
2.0
291
     1
 43
8.0
  3
Standard
341
0
 44
4.0
300

342
11
174
     1
178
     6
175
     1
176
     0
 93
-1056964608
 45
4.0
292
     0
297
     0
 46
4.0
343
0
 94
-1056964608
 47
1.0
 49
1.0
140
1.0
293
     1
141
0.0
294
     1
177
     0
142
1.0
295
     0
296
     0
143
3.75
271
     0
272
     9
273
     9
  0
MLINESTYLE
  5
18
102
{ACAD_REACTORS
330
17
102
}
330
17
100
AcDbMlineStyle
  2
Standard
 70
     0
  3

 62
   256
 51
90.0
 52
90.0
 71
     2
 49
0.5
 62
   256
  6
BYLAYER
 49
-0.5
 62
   256
  6
BYLAYER
  0
ACDBPLACEHOLDER
  5
F
102
{ACAD_REACTORS
330
E
102
}
330
E
  0
SCALE
  5
48
102
{ACAD_REACTORS
330
47
102
}
330
47
100
AcDbScale
 70
     0
300
1:1
140
1.0
141
1.0
290
     1
  0
SCALE
  5
49
102
{ACAD_REACTORS
330
47
102
}
330
47
100
AcDbScale
 70
     0
300
1:2
140
1.0
141
2.0
290
     0
  0
SCALE
  5
4A
102
{ACAD_REACTORS
330
47
102
}
330
47
100
AcDbScale
 70
     0
300
1:4
140
1.0
141
4.0
290
     0
  0
SCALE
  5
4B
102
{ACAD_REACTORS
330
47
102
}
330
47
100
AcDbScale
 70
     0
300
1:5
140
1.0
141
5.0
290
     0
  0
SCALE
  5
4C
102
{ACAD_REACTORS
330
47
102
}
330
47
100
AcDbScale
 70
     0
300
1:8
140
1.0
141
8.0
290
     0
  0
SCALE
  5
4D
102
{ACAD_REACTORS
330
47
102
}
330
47
100
AcDbScale
 70
     0
300
1:10
140
1.0
141
10.0
290
     0
  0
SCALE
  5
4E
102
{ACAD_REACTORS
330
47
102
}
330
47
100
AcDbScale
 70
     0
300
1:16
140
1.0
141
16.0
290
     0
  0
SCALE
  5
4F
102
{ACAD_REACTORS
330
47
102
}
330
47
100
AcDbScale
 70
     0
300
1:20
140
1.0
141
20.0
290
     0
  0
SCALE
  5
50
102
{ACAD_REACTORS
330
47
102
}
330
47
100
AcDbScale
 70
     0
300
1:30
140
1.0
141
30.0
290
     0
  0
SCALE
  5
51
102
{ACAD_REACTORS
330
47
102
}
330
47
100
AcDbScale
 70
     0
300
1:40
140
1.0
141
40.0
290
     0
  0
SCALE
  5
52
102
{ACAD_REACTORS
330
47
102
}
330
47
100
AcDbScale
 70
     0
300
1:50
140
1.0
141
50.0
290
     0
  0
SCALE
  5
53
102
{ACAD_REACTORS
330
47
102
}
330
47
100
AcDbScale
 70
     0
300
1:100
140
1.0
141
100.0
290
     0
  0
SCALE
  5
54
102
{ACAD_REACTORS
330
47
102
}
330
47
100
AcDbScale
 70
     0
300
2:1
140
2.0
141
1.0
290
     0
  0
SCALE
  5
55
102
{ACAD_REACTORS
330
47
102
}
330
47
100
AcDbScale
 70
     0
300
4:1
140
4.0
141
1.0
290
     0
  0
SCALE
  5
56
102
{ACAD_REACTORS
330
47
102
}
330
47
100
AcDbScale
 70
     0
300
8:1
140
8.0
141
1.0
290
     0
  0
SCALE
  5
57
102
{ACAD_REACTORS
330
47
102
}
330
47
100
AcDbScale
 70
     0
300
10:1
140
10.0
141
1.0
290
     0
  0
SCALE
  5
58
102
{ACAD_REACTORS
330
47
102
}
330
47
100
AcDbScale
 70
     0
300
100:1
140
100.0
141
1.0
290
     0
  0
TABLESTYLE
  5
5A
102
{ACAD_REACTORS
330
59
102
}
102
{ACAD_XDICTIONARY
360
414
102
}
330
59
100
AcDbTableStyle
  3
Standard
 70
     0
 71
     0
 40
0.06
 41
0.06
280
     0
281
     0
  7
Standard
140
4.5
170
     2
 62
     0
 63
   257
283
     0
 90
        4
 91
        0
  1

274
    -2
284
     1
 64
     0
275
    -2
285
     1
 65
     0
276
    -2
286
     1
 66
     0
277
    -2
287
     1
 67
     0
278
    -2
288
     1
 68
     0
279
    -2
289
     1
 69
     0
  7
Standard
140
6.0
170
     5
 62
     0
 63
   257
283
     0
 90
        4
 91
        0
  1

274
    -2
284
     1
 64
     0
275
    -2
285
     1
 65
     0
276
    -2
286
     1
 66
     0
277
    -2
287
     1
 67
     0
278
    -2
288
     1
 68
     0
279
    -2
289
     1
 69
     0
  7
Standard
140
4.5
170
     5
 62
     0
 63
   257
283
     0
 90
        4
 91
        0
  1

274
    -2
284
     1
 64
     0
275
    -2
285
     1
 65
     0
276
    -2
286
     1
 66
     0
277
    -2
287
     1
 67
     0
278
    -2
288
     1
 68
     0
279
    -2
289
     1
 69
     0
  0
VISUALSTYLE
  5
2F
102
{ACAD_REACTORS
330
2A
102
}
102
{ACAD_XDICTIONARY
360
3EC
102
}
330
2A
100
AcDbVisualStyle
  2
2dWireframe
 70
     4
177
     2
291
     0
 71
     0
176
     1
 72
     2
176
     1
 73
     0
176
     1
 90
        0
176
     1
 40
0.6
176
     1
 41
30.0
176
     1
 62
     5
 63
     7
421
 16777215
176
     1
 74
     1
176
     1
 91
        4
176
     1
 64
     7
176
     1
 65
   257
176
     1
 75
     1
176
     1
175
     1
176
     1
 42
1.0
176
     1
 92
        0
176
     1
 66
   257
176
     1
 43
1.0
176
     1
 76
     1
176
     1
 77
     6
176
     1
 78
     2
176
     1
 67
     7
176
     1
 79
     5
176
     1
170
     0
176
     1
171
     0
176
     1
290
     0
176
     1
 93
        1
176
     1
 44
0.0
176
     1
173
     0
176
     1
  0
VISUALSTYLE
  5
32
102
{ACAD_REACTORS
330
2A
102
}
102
{ACAD_XDICTIONARY
360
3F2
102
}
330
2A
100
AcDbVisualStyle
  2
Basic
 70
     7
177
     2
291
     1
 71
     1
176
     1
 72
     0
176
     1
 73
     1
176
     1
 90
        0
176
     1
 40
0.6
176
     1
 41
30.0
176
     1
 62
     5
 63
     7
421
 16777215
176
     1
 74
     0
176
     1
 91
        4
176
     1
 64
     7
176
     1
 65
   257
176
     1
 75
     1
176
     1
175
     1
176
     1
 42
1.0
176
     1
 92
        8
176
     1
 66
     7
176
     1
 43
1.0
176
     1
 76
     1
176
     1
 77
     6
176
     1
 78
     2
176
     1
 67
     7
176
     1
 79
     5
176
     1
170
     0
176
     1
171
     0
176
     1
290
     0
176
     1
 93
        1
176
     1
 44
0.0
176
     1
173
     0
176
     1
  0
VISUALSTYLE
  5
36
102
{ACAD_REACTORS
330
2A
102
}
102
{ACAD_XDICTIONARY
360
3FA
102
}
330
2A
100
AcDbVisualStyle
  2
Brighten
 70
    12
177
     2
291
     1
 71
     2
176
     1
 72
     2
176
     1
 73
     0
176
     1
 90
        0
176
     1
 40
0.6
176
     1
 41
30.0
176
     1
 62
     5
 63
     7
421
 16777215
176
     1
 74
     1
176
     1
 91
        4
176
     1
 64
     7
176
     1
 65
   257
176
     1
 75
     1
176
     1
175
     1
176
     1
 42
1.0
176
     1
 92
        8
176
     1
 66
     7
176
     1
 43
1.0
176
     1
 76
     1
176
     1
 77
     6
176
     1
 78
     2
176
     1
 67
     7
176
     1
 79
     5
176
     1
170
     0
176
     1
171
     0
176
     1
290
     0
176
     1
 93
        1
176
     1
 44
50.0
176
     1
173
     0
176
     1
  0
VISUALSTYLE
  5
3A
102
{ACAD_REACTORS
330
2A
102
}
102
{ACAD_XDICTIONARY
360
402
102
}
330
2A
100
AcDbVisualStyle
  2
ColorChange
 70
    16
177
     2
291
     1
 71
     2
176
     1
 72
     2
176
     1
 73
     3
176
     1
 90
        0
176
     1
 40
0.6
176
     1
 41
30.0
176
     1
 62
     5
 63
     8
421
  8421504
176
     1
 74
     1
176
     1
 91
        4
176
     1
 64
     7
176
     1
 65
   257
176
     1
 75
     1
176
     1
175
     1
176
     1
 42
1.0
176
     1
 92
        8
176
     1
 66
     8
424
  8421504
176
     1
 43
1.0
176
     1
 76
     1
176
     1
 77
     6
176
     1
 78
     2
176
     1
 67
     7
176
     1
 79
     5
176
     1
170
     0
176
     1
171
     0
176
     1
290
     0
176
     1
 93
        1
176
     1
 44
0.0
176
     1
173
     0
176
     1
  0
VISUALSTYLE
  5
34
102
{ACAD_REACTORS
330
2A
102
}
102
{ACAD_XDICTIONARY
360
3F6
102
}
330
2A
100
AcDbVisualStyle
  2
Conceptual
 70
     9
177
     2
291
     0
 71
     3
176
     1
 72
     2
176
     1
 73
     0
176
     1
 90
        0
176
     1
 40
0.6
176
     1
 41
30.0
176
     1
 62
     5
 63
     7
421
 16777215
176
     1
 74
     2
176
     1
 91
        2
176
     1
 64
     7
176
     1
 65
   257
176
     1
 75
     1
176
     1
175
     1
176
     1
 42
179.0
176
     1
 92
        8
176
     1
 66
     7
176
     1
 43
1.0
176
     1
 76
     1
176
     1
 77
     6
176
     1
 78
     2
176
     1
 67
     7
176
     1
 79
     3
176
     1
170
     0
176
     1
171
     0
176
     1
290
     0
176
     1
 93
        1
176
     1
 44
0.0
176
     1
173
     0
176
     1
  0
VISUALSTYLE
  5
35
102
{ACAD_REACTORS
330
2A
102
}
102
{ACAD_XDICTIONARY
360
3F8
102
}
330
2A
100
AcDbVisualStyle
  2
Dim
 70
    11
177
     2
291
     1
 71
     2
176
     1
 72
     2
176
     1
 73
     0
176
     1
 90
        0
176
     1
 40
0.6
176
     1
 41
30.0
176
     1
 62
     5
 63
     7
421
 16777215
176
     1
 74
     1
176
     1
 91
        4
176
     1
 64
     7
176
     1
 65
   257
176
     1
 75
     1
176
     1
175
     1
176
     1
 42
1.0
176
     1
 92
        8
176
     1
 66
     7
176
     1
 43
1.0
176
     1
 76
     1
176
     1
 77
     6
176
     1
 78
     2
176
     1
 67
     7
176
     1
 79
     5
176
     1
170
     0
176
     1
171
     0
176
     1
290
     0
176
     1
 93
        1
176
     1
 44
-50.0
176
     1
173
     0
176
     1
  0
VISUALSTYLE
  5
3D
102
{ACAD_REACTORS
330
2A
102
}
102
{ACAD_XDICTIONARY
360
408
102
}
330
2A
100
AcDbVisualStyle
  2
EdgeColorOff
 70
    22
177
     2
291
     1
 71
     2
176
     0
 72
     2
176
     0
 73
     0
176
     0
 90
        0
176
     0
 40
0.6
176
     0
 41
30.0
176
     0
 62
     5
 63
     7
421
 16777215
176
     0
 74
     1
176
     0
 91
        4
176
     0
 64
     7
176
     0
 65
   257
176
     0
 75
     1
176
     0
175
     1
176
     0
 42
1.0
176
     0
 92
        8
176
     2
 66
     7
176
     0
 43
1.0
176
     0
 76
     1
176
     0
 77
     6
176
     0
 78
     2
176
     0
 67
     7
176
     0
 79
     5
176
     0
170
     0
176
     0
171
     0
176
     0
290
     0
176
     0
 93
        1
176
     0
 44
0.0
176
     0
173
     0
176
     0
  0
VISUALSTYLE
  5
39
102
{ACAD_REACTORS
330
2A
102
}
102
{ACAD_XDICTIONARY
360
400
102
}
330
2A
100
AcDbVisualStyle
  2
Facepattern
 70
    15
177
     2
291
     1
 71
     2
176
     1
 72
     2
176
     1
 73
     0
176
     1
 90
        0
176
     1
 40
0.6
176
     1
 41
30.0
176
     1
 62
     5
 63
     7
421
 16777215
176
     1
 74
     1
176
     1
 91
        4
176
     1
 64
     7
176
     1
 65
   257
176
     1
 75
     1
176
     1
175
     1
176
     1
 42
1.0
176
     1
 92
        8
176
     1
 66
     7
176
     1
 43
1.0
176
     1
 76
     1
176
     1
 77
     6
176
     1
 78
     2
176
     1
 67
     7
176
     1
 79
     5
176
     1
170
     0
176
     1
171
     0
176
     1
290
     0
176
     1
 93
        1
176
     1
 44
0.0
176
     1
173
     0
176
     1
  0
VISUALSTYLE
  5
2B
102
{ACAD_REACTORS
330
2A
102
}
102
{ACAD_XDICTIONARY
360
3E4
102
}
330
2A
100
AcDbVisualStyle
  2
Flat
 70
     0
177
     2
291
     1
 71
     2
176
     1
 72
     1
176
     1
 73
     1
176
     1
 90
        2
176
     1
 40
0.6
176
     1
 41
30.0
176
     1
 62
     5
 63
     7
421
 16777215
176
     1
 74
     0
176
     1
 91
        0
176
     1
 64
     7
176
     1
 65
   257
176
     1
 75
     1
176
     1
175
     1
176
     1
 42
1.0
176
     1
 92
        8
176
     1
 66
     7
176
     1
 43
1.0
176
     1
 76
     1
176
     1
 77
     6
176
     1
 78
     2
176
     1
 67
     7
176
     1
 79
     5
176
     1
170
     0
176
     1
171
     0
176
     1
290
     0
176
     1
 93
       13
176
     1
 44
0.0
176
     1
173
     0
176
     1
  0
VISUALSTYLE
  5
2C
102
{ACAD_REACTORS
330
2A
102
}
102
{ACAD_XDICTIONARY
360
3E6
102
}
330
2A
100
AcDbVisualStyle
  2
FlatWithEdges
 70
     1
177
     2
291
     1
 71
     2
176
     1
 72
     1
176
     1
 73
     1
176
     1
 90
        2
176
     1
 40
0.6
176
     1
 41
30.0
176
     1
 62
     5
 63
     7
421
 16777215
176
     1
 74
     1
176
     1
 91
        0
176
     1
 64
     7
176
     1
 65
   257
176
     1
 75
     1
176
     1
175
     1
176
     1
 42
1.0
176
     1
 92
        0
176
     1
 66
   257
176
     1
 43
1.0
176
     1
 76
     1
176
     1
 77
     6
176
     1
 78
     2
176
     1
 67
     7
176
     1
 79
     5
176
     1
170
     0
176
     1
171
     0
176
     1
290
     0
176
     1
 93
       13
176
     1
 44
0.0
176
     1
173
     0
176
     1
  0
VISUALSTYLE
  5
2D
102
{ACAD_REACTORS
330
2A
102
}
102
{ACAD_XDICTIONARY
360
3E8
102
}
330
2A
100
AcDbVisualStyle
  2
Gouraud
 70
     2
177
     2
291
     1
 71
     2
176
     1
 72
     2
176
     1
 73
     1
176
     1
 90
        2
176
     1
 40
0.6
176
     1
 41
30.0
176
     1
 62
     5
 63
     7
421
 16777215
176
     1
 74
     0
176
     1
 91
        0
176
     1
 64
     7
176
     1
 65
   257
176
     1
 75
     1
176
     1
175
     1
176
     1
 42
1.0
176
     1
 92
        0
176
     1
 66
     7
176
     1
 43
1.0
176
     1
 76
     1
176
     1
 77
     6
176
     1
 78
     2
176
     1
 67
     7
176
     1
 79
     5
176
     1
170
     0
176
     1
171
     0
176
     1
290
     0
176
     1
 93
       13
176
     1
 44
0.0
176
     1
173
     0
176
     1
  0
VISUALSTYLE
  5
2E
102
{ACAD_REACTORS
330
2A
102
}
102
{ACAD_XDICTIONARY
360
3EA
102
}
330
2A
100
AcDbVisualStyle
  2
GouraudWithEdges
 70
     3
177
     2
291
     1
 71
     2
176
     1
 72
     2
176
     1
 73
     1
176
     1
 90
        2
176
     1
 40
0.6
176
     1
 41
30.0
176
     1
 62
     5
 63
     7
421
 16777215
176
     1
 74
     1
176
     1
 91
        0
176
     1
 64
     7
176
     1
 65
   257
176
     1
 75
     1
176
     1
175
     1
176
     1
 42
1.0
176
     1
 92
        0
176
     1
 66
   257
176
     1
 43
1.0
176
     1
 76
     1
176
     1
 77
     6
176
     1
 78
     2
176
     1
 67
     7
176
     1
 79
     5
176
     1
170
     0
176
     1
171
     0
176
     1
290
     0
176
     1
 93
       13
176
     1
 44
0.0
176
     1
173
     0
176
     1
  0
VISUALSTYLE
  5
31
102
{ACAD_REACTORS
330
2A
102
}
102
{ACAD_XDICTIONARY
360
3F0
102
}
330
2A
100
AcDbVisualStyle
  2
Hidden
 70
     6
177
     2
291
     0
 71
     1
176
     1
 72
     2
176
     1
 73
     2
176
     1
 90
        0
176
     1
 40
0.6
176
     1
 41
30.0
176
     1
 62
     5
 63
     7
421
 16777215
176
     1
 74
     2
176
     1
 91
        2
176
     1
 64
     7
176
     1
 65
   257
176
     1
 75
     2
176
     1
175
     1
176
     1
 42
40.0
176
     1
 92
        0
176
     1
 66
   257
176
     1
 43
1.0
176
     1
 76
     1
176
     1
 77
     6
176
     1
 78
     2
176
     1
 67
     7
176
     1
 79
     3
176
     1
170
     0
176
     1
171
     0
176
     1
290
     0
176
     1
 93
        1
176
     1
 44
0.0
176
     1
173
     0
176
     1
  0
VISUALSTYLE
  5
3B
102
{ACAD_REACTORS
330
2A
102
}
102
{ACAD_XDICTIONARY
360
404
102
}
330
2A
100
AcDbVisualStyle
  2
JitterOff
 70
    20
177
     2
291
     1
 71
     2
176
     0
 72
     2
176
     0
 73
     0
176
     0
 90
        0
176
     0
 40
0.6
176
     0
 41
30.0
176
     0
 62
     5
 63
     7
421
 16777215
176
     0
 74
     1
176
     0
 91
        4
176
     0
 64
     7
176
     0
 65
   257
176
     0
 75
     1
176
     0
175
     1
176
     0
 42
1.0
176
     0
 92
       10
176
     2
 66
     7
176
     0
 43
1.0
176
     0
 76
     1
176
     0
 77
     6
176
     0
 78
     2
176
     0
 67
     7
176
     0
 79
     5
176
     0
170
     0
176
     0
171
     0
176
     0
290
     0
176
     0
 93
        1
176
     0
 44
0.0
176
     0
173
     0
176
     0
  0
VISUALSTYLE
  5
38
102
{ACAD_REACTORS
330
2A
102
}
102
{ACAD_XDICTIONARY
360
3FE
102
}
330
2A
100
AcDbVisualStyle
  2
Linepattern
 70
    14
177
     2
291
     1
 71
     2
176
     1
 72
     2
176
     1
 73
     0
176
     1
 90
        0
176
     1
 40
0.6
176
     1
 41
30.0
176
     1
 62
     5
 63
     7
421
 16777215
176
     1
 74
     1
176
     1
 91
        4
176
     1
 64
     7
176
     1
 65
   257
176
     1
 75
     7
176
     1
175
     7
176
     1
 42
1.0
176
     1
 92
        8
176
     1
 66
     7
176
     1
 43
1.0
176
     1
 76
     1
176
     1
 77
     6
176
     1
 78
     2
176
     1
 67
     7
176
     1
 79
     5
176
     1
170
     0
176
     1
171
     0
176
     1
290
     0
176
     1
 93
        1
176
     1
 44
0.0
176
     1
173
     0
176
     1
  0
VISUALSTYLE
  5
3C
102
{ACAD_REACTORS
330
2A
102
}
102
{ACAD_XDICTIONARY
360
406
102
}
330
2A
100
AcDbVisualStyle
  2
OverhangOff
 70
    21
177
     2
291
     1
 71
     2
176
     0
 72
     2
176
     0
 73
     0
176
     0
 90
        0
176
     0
 40
0.6
176
     0
 41
30.0
176
     0
 62
     5
 63
     7
421
 16777215
176
     0
 74
     1
176
     0
 91
        4
176
     0
 64
     7
176
     0
 65
   257
176
     0
 75
     1
176
     0
175
     1
176
     0
 42
1.0
176
     0
 92
        9
176
     2
 66
     7
176
     0
 43
1.0
176
     0
 76
     1
176
     0
 77
     6
176
     0
 78
     2
176
     0
 67
     7
176
     0
 79
     5
176
     0
170
     0
176
     0
171
     0
176
     0
290
     0
176
     0
 93
        1
176
     0
 44
0.0
176
     0
173
     0
176
     0
  0
VISUALSTYLE
  5
33
102
{ACAD_REACTORS
330
2A
102
}
102
{ACAD_XDICTIONARY
360
3F4
102
}
330
2A
100
AcDbVisualStyle
  2
Realistic
 70
     8
177
     2
291
     0
 71
     2
176
     1
 72
     3
176
     1
 73
     0
176
     1
 90
        2
176
     1
 40
0.6
176
     1
 41
30.0
176
     1
 62
     5
 63
     7
421
 16777215
176
     1
 74
     0
176
     1
 91
        0
176
     1
 64
     7
176
     1
 65
   257
176
     1
 75
     1
176
     1
175
     1
176
     1
 42
1.0
176
     1
 92
        8
176
     1
 66
   257
176
     1
 43
1.0
176
     1
 76
     1
176
     1
 77
     6
176
     1
 78
     2
176
     1
 67
     7
176
     1
 79
     3
176
     1
170
     0
176
     1
171
     0
176
     1
290
     0
176
     1
 93
       13
176
     1
 44
0.0
176
     1
173
     0
176
     1
  0
VISUALSTYLE
  5
42
102
{ACAD_REACTORS
330
2A
102
}
102
{ACAD_XDICTIONARY
360
412
102
}
330
2A
100
AcDbVisualStyle
  2
Shaded
 70
    27
177
     2
291
     0
 71
     2
176
     1
 72
     2
176
     1
 73
     1
176
     1
 90
        2
176
     1
 40
0.6
176
     1
 41
30.0
176
     1
 62
     5
 63
     7
421
 16777215
176
     1
 74
     0
176
     1
 91
        4
176
     1
 64
     7
176
     1
 65
   257
176
     1
 75
     1
176
     1
175
     1
176
     1
 42
1.0
176
     1
 92
        8
176
     1
 66
   257
176
     1
 43
1.0
176
     1
 76
     1
176
     1
 77
     6
176
     1
 78
     2
176
     1
 67
     8
425
  7895160
176
     1
 79
     3
176
     1
170
     0
176
     1
171
     0
176
     1
290
     0
176
     1
 93
        5
176
     1
 44
0.0
176
     1
173
     0
176
     1
  0
VISUALSTYLE
  5
41
102
{ACAD_REACTORS
330
2A
102
}
102
{ACAD_XDICTIONARY
360
410
102
}
330
2A
100
AcDbVisualStyle
  2
Shaded with edges
 70
    26
177
     2
291
     0
 71
     2
176
     1
 72
     2
176
     1
 73
     1
176
     1
 90
        2
176
     1
 40
0.6
176
     1
 41
30.0
176
     1
 62
     5
 63
     7
421
 16777215
176
     1
 74
     1
176
     1
 91
       10
176
     1
 64
     7
176
     1
 65
   257
176
     1
 75
     2
176
     1
175
     1
176
     1
 42
1.0
176
     1
 92
        8
176
     1
 66
   257
176
     1
 43
1.0
176
     1
 76
     1
176
     1
 77
     6
176
     1
 78
     2
176
     1
 67
     7
176
     1
 79
     3
176
     1
170
     0
176
     1
171
     0
176
     1
290
     0
176
     1
 93
        5
176
     1
 44
0.0
176
     1
173
     0
176
     1
  0
VISUALSTYLE
  5
3E
102
{ACAD_REACTORS
330
2A
102
}
102
{ACAD_XDICTIONARY
360
40A
102
}
330
2A
100
AcDbVisualStyle
  2
Shades of Gray
 70
    23
177
     2
291
     0
 71
     2
176
     1
 72
     2
176
     1
 73
     3
176
     1
 90
        0
176
     1
 40
0.6
176
     1
 41
30.0
176
     1
 62
     5
 63
     7
421
 16777215
176
     1
 74
     2
176
     1
 91
        2
176
     1
 64
     7
176
     1
 65
     7
176
     1
 75
     1
176
     1
175
     1
176
     1
 42
40.0
176
     1
 92
        8
176
     1
 66
     7
176
     1
 43
1.0
176
     1
 76
     1
176
     1
 77
     6
176
     1
 78
     2
176
     1
 67
     7
176
     1
 79
     3
176
     1
170
     0
176
     1
171
     0
176
     1
290
     0
176
     1
 93
        1
176
     1
 44
0.0
176
     1
173
     0
176
     1
  0
VISUALSTYLE
  5
3F
102
{ACAD_REACTORS
330
2A
102
}
102
{ACAD_XDICTIONARY
360
40C
102
}
330
2A
100
AcDbVisualStyle
  2
Sketchy
 70
    24
177
     2
291
     0
 71
     1
176
     1
 72
     2
176
     1
 73
     2
176
     1
 90
        0
176
     1
 40
0.6
176
     1
 41
30.0
176
     1
 62
     5
 63
     7
421
 16777215
176
     1
 74
     2
176
     1
 91
        2
176
     1
 64
     7
176
     1
 65
     7
176
     1
 75
     1
176
     1
175
     1
176
     1
 42
40.0
176
     1
 92
       11
176
     1
 66
     7
176
     1
 43
1.0
176
     1
 76
     1
176
     1
 77
     6
176
     1
 78
     2
176
     1
 67
     7
176
     1
 79
     6
176
     1
170
     0
176
     1
171
     0
176
     1
290
     0
176
     1
 93
        1
176
     1
 44
0.0
176
     1
173
     0
176
     1
  0
VISUALSTYLE
  5
37
102
{ACAD_REACTORS
330
2A
102
}
102
{ACAD_XDICTIONARY
360
3FC
102
}
330
2A
100
AcDbVisualStyle
  2
Thicken
 70
    13
177
     2
291
     1
 71
     2
176
     1
 72
     2
176
     1
 73
     0
176
     1
 90
        0
176
     1
 40
0.6
176
     1
 41
30.0
176
     1
 62
     5
 63
     7
421
 16777215
176
     1
 74
     1
176
     1
 91
        4
176
     1
 64
     7
176
     1
 65
   257
176
     1
 75
     1
176
     1
175
     1
176
     1
 42
1.0
176
     1
 92
       12
176
     1
 66
     7
176
     1
 43
1.0
176
     1
 76
     1
176
     1
 77
     6
176
     1
 78
     2
176
     1
 67
     7
176
     1
 79
     5
176
     1
170
     0
176
     1
171
     0
176
     1
290
     0
176
     1
 93
        1
176
     1
 44
0.0
176
     1
173
     0
176
     1
  0
VISUALSTYLE
  5
30
102
{ACAD_REACTORS
330
2A
102
}
102
{ACAD_XDICTIONARY
360
3EE
102
}
330
2A
100
AcDbVisualStyle
  2
Wireframe
 70
     5
177
     2
291
     0
 71
     0
176
     1
 72
     2
176
     1
 73
     0
176
     1
 90
        0
176
     1
 40
0.6
176
     1
 41
30.0
176
     1
 62
     5
 63
     7
421
 16777215
176
     1
 74
     1
176
     1
 91
        4
176
     1
 64
     7
176
     1
 65
   257
176
     1
 75
     1
176
     1
175
     1
176
     1
 42
1.0
176
     1
 92
        0
176
     1
 66
   257
176
     1
 43
1.0
176
     1
 76
     1
176
     1
 77
     6
176
     1
 78
     2
176
     1
 67
     7
176
     1
 79
     3
176
     1
170
     0
176
     1
171
     0
176
     1
290
     0
176
     1
 93
        1
176
     1
 44
0.0
176
     1
173
     0
176
     1
  0
VISUALSTYLE
  5
40
102
{ACAD_REACTORS
330
2A
102
}
102
{ACAD_XDICTIONARY
360
40E
102
}
330
2A
100
AcDbVisualStyle
  2
X-Ray
 70
    25
177
     2
291
     0
 71
     2
176
     1
 72
     2
176
     1
 73
     1
176
     1
 90
        1
176
     1
 40
0.5
176
     1
 41
30.0
176
     1
 62
     5
 63
     7
421
 16777215
176
     1
 74
     1
176
     1
 91
        0
176
     1
 64
     7
176
     1
 65
   257
176
     1
 75
     1
176
     1
175
     1
176
     1
 42
1.0
176
     1
 92
        8
176
     1
 66
     7
176
     1
 43
1.0
176
     1
 76
     1
176
     1
 77
     6
176
     1
 78
     2
176
     1
 67
     7
176
     1
 79
     3
176
     1
170
     0
176
     1
171
     0
176
     1
290
     0
176
     1
 93
       13
176
     1
 44
0.0
176
     1
173
     0
176
     1
  0
DICTIONARYVAR
  5
3E3
102
{ACAD_REACTORS
330
3E2
102
}
330
3E2
100
DictionaryVariables
280
     0
  1
1:1
  0
DICTIONARYVAR
  5
41B
102
{ACAD_REACTORS
330
3E2
102
}
330
3E2
100
DictionaryVariables
280
     0
  1
3.500000
  0
DICTIONARYVAR
  5
41C
102
{ACAD_REACTORS
330
3E2
102
}
330
3E2
100
DictionaryVariables
280
     0
  1
acadiso.lin
  0
DICTIONARYVAR
  5
418
102
{ACAD_REACTORS
330
3E2
102
}
330
3E2
100
DictionaryVariables
280
     0
  1
Standard
  0
DICTIONARYVAR
  5
417
102
{ACAD_REACTORS
330
3E2
102
}
330
3E2
100
DictionaryVariables
280
     0
  1
Standard
  0
DICTIONARY
  5
414
330
5A
100
AcDbDictionary
280
     1
281
     1
  3
ACAD_ROUNDTRIP_2008_TABLESTYLE_CELLSTYLEMAP
360
415
  0
DICTIONARY
  5
3EC
330
2F
100
AcDbDictionary
280
     1
281
     1
  3
ACAD_XREC_ROUNDTRIP
360
3ED
  0
DICTIONARY
  5
3F2
330
32
100
AcDbDictionary
280
     1
281
     1
  3
ACAD_XREC_ROUNDTRIP
360
3F3
  0
DICTIONARY
  5
3FA
330
36
100
AcDbDictionary
280
     1
281
     1
  3
ACAD_XREC_ROUNDTRIP
360
3FB
  0
DICTIONARY
  5
402
330
3A
100
AcDbDictionary
280
     1
281
     1
  3
ACAD_XREC_ROUNDTRIP
360
403
  0
DICTIONARY
  5
3F6
330
34
100
AcDbDictionary
280
     1
281
     1
  3
ACAD_XREC_ROUNDTRIP
360
3F7
  0
DICTIONARY
  5
3F8
330
35
100
AcDbDictionary
280
     1
281
     1
  3
ACAD_XREC_ROUNDTRIP
360
3F9
  0
DICTIONARY
  5
408
330
3D
100
AcDbDictionary
280
     1
281
     1
  3
ACAD_XREC_ROUNDTRIP
360
409
  0
DICTIONARY
  5
400
330
39
100
AcDbDictionary
280
     1
281
     1
  3
ACAD_XREC_ROUNDTRIP
360
401
  0
DICTIONARY
  5
3E4
330
2B
100
AcDbDictionary
280
     1
281
     1
  3
ACAD_XREC_ROUNDTRIP
360
3E5
  0
DICTIONARY
  5
3E6
330
2C
100
AcDbDictionary
280
     1
281
     1
  3
ACAD_XREC_ROUNDTRIP
360
3E7
  0
DICTIONARY
  5
3E8
330
2D
100
AcDbDictionary
280
     1
281
     1
  3
ACAD_XREC_ROUNDTRIP
360
3E9
  0
DICTIONARY
  5
3EA
330
2E
100
AcDbDictionary
280
     1
281
     1
  3
ACAD_XREC_ROUNDTRIP
360
3EB
  0
DICTIONARY
  5
3F0
330
31
100
AcDbDictionary
280
     1
281
     1
  3
ACAD_XREC_ROUNDTRIP
360
3F1
  0
DICTIONARY
  5
404
330
3B
100
AcDbDictionary
280
     1
281
     1
  3
ACAD_XREC_ROUNDTRIP
360
405
  0
DICTIONARY
  5
3FE
330
38
100
AcDbDictionary
280
     1
281
     1
  3
ACAD_XREC_ROUNDTRIP
360
3FF
  0
DICTIONARY
  5
406
330
3C
100
AcDbDictionary
280
     1
281
     1
  3
ACAD_XREC_ROUNDTRIP
360
407
  0
DICTIONARY
  5
3F4
330
33
100
AcDbDictionary
280
     1
281
     1
  3
ACAD_XREC_ROUNDTRIP
360
3F5
  0
DICTIONARY
  5
412
330
42
100
AcDbDictionary
280
     1
281
     1
  3
ACAD_XREC_ROUNDTRIP
360
413
  0
DICTIONARY
  5
410
330
41
100
AcDbDictionary
280
     1
281
     1
  3
ACAD_XREC_ROUNDTRIP
360
411
  0
DICTIONARY
  5
40A
330
3E
100
AcDbDictionary
280
     1
281
     1
  3
ACAD_XREC_ROUNDTRIP
360
40B
  0
DICTIONARY
  5
40C
330
3F
100
AcDbDictionary
280
     1
281
     1
  3
ACAD_XREC_ROUNDTRIP
360
40D
  0
DICTIONARY
  5
3FC
330
37
100
AcDbDictionary
280
     1
281
     1
  3
ACAD_XREC_ROUNDTRIP
360
3FD
  0
DICTIONARY
  5
3EE
330
30
100
AcDbDictionary
280
     1
281
     1
  3
ACAD_XREC_ROUNDTRIP
360
3EF
  0
DICTIONARY
  5
40E
330
40
100
AcDbDictionary
280
     1
281
     1
  3
ACAD_XREC_ROUNDTRIP
360
40F
  0
CELLSTYLEMAP
  5
415
102
{ACAD_REACTORS
330
414
102
}
330
414
100
AcDbCellStyleMap
 90
        3
300
CELLSTYLE
  1
TABLEFORMAT_BEGIN
 90
        5
170
     1
 91
        0
 92
    32768
 62
   257
 93
        1
300
CONTENTFORMAT
  1
CONTENTFORMAT_BEGIN
 90
        0
 91
        0
 92
        4
 93
        0
300

 40
0.0
140
1.0
 94
        5
 62
     0
340
11
144
6.0
309
CONTENTFORMAT_END
171
     1
301
MARGIN
  1
CELLMARGIN_BEGIN
 40
1.5
 40
1.5
 40
1.5
 40
1.5
 40
1.5
 40
1.5
309
CELLMARGIN_END
 94
        6
 95
        1
302
GRIDFORMAT
  1
GRIDFORMAT_BEGIN
 90
        0
 91
        1
 62
     0
 92
       -2
340
14
 93
        0
 40
0.045
309
GRIDFORMAT_END
 95
        2
302
GRIDFORMAT
  1
GRIDFORMAT_BEGIN
 90
        0
 91
        1
 62
     0
 92
       -2
340
14
 93
        0
 40
0.045
309
GRIDFORMAT_END
 95
        4
302
GRIDFORMAT
  1
GRIDFORMAT_BEGIN
 90
        0
 91
        1
 62
     0
 92
       -2
340
14
 93
        0
 40
0.045
309
GRIDFORMAT_END
 95
        8
302
GRIDFORMAT
  1
GRIDFORMAT_BEGIN
 90
        0
 91
        1
 62
     0
 92
       -2
340
14
 93
        0
 40
0.045
309
GRIDFORMAT_END
 95
       16
302
GRIDFORMAT
  1
GRIDFORMAT_BEGIN
 90
        0
 91
        1
 62
     0
 92
       -2
340
14
 93
        0
 40
0.045
309
GRIDFORMAT_END
 95
       32
302
GRIDFORMAT
  1
GRIDFORMAT_BEGIN
 90
        0
 91
        1
 62
     0
 92
       -2
340
14
 93
        0
 40
0.045
309
GRIDFORMAT_END
309
TABLEFORMAT_END
  1
CELLSTYLE_BEGIN
 90
        1
 91
        1
300
_TITLE
309
CELLSTYLE_END
300
CELLSTYLE
  1
TABLEFORMAT_BEGIN
 90
        5
170
     1
 91
        0
 92
        0
 62
   257
 93
        1
300
CONTENTFORMAT
  1
CONTENTFORMAT_BEGIN
 90
        0
 91
        0
 92
        4
 93
        0
300

 40
0.0
140
1.0
 94
        5
 62
     0
340
11
144
4.5
309
CONTENTFORMAT_END
171
     1
301
MARGIN
  1
CELLMARGIN_BEGIN
 40
1.5
 40
1.5
 40
1.5
 40
1.5
 40
1.5
 40
1.5
309
CELLMARGIN_END
 94
        6
 95
        1
302
GRIDFORMAT
  1
GRIDFORMAT_BEGIN
 90
        0
 91
        1
 62
     0
 92
       -2
340
14
 93
        0
 40
0.045
309
GRIDFORMAT_END
 95
        2
302
GRIDFORMAT
  1
GRIDFORMAT_BEGIN
 90
        0
 91
        1
 62
     0
 92
       -2
340
14
 93
        0
 40
0.045
309
GRIDFORMAT_END
 95
        4
302
GRIDFORMAT
  1
GRIDFORMAT_BEGIN
 90
        0
 91
        1
 62
     0
 92
       -2
340
14
 93
        0
 40
0.045
309
GRIDFORMAT_END
 95
        8
302
GRIDFORMAT
  1
GRIDFORMAT_BEGIN
 90
        0
 91
        1
 62
     0
 92
       -2
340
14
 93
        0
 40
0.045
309
GRIDFORMAT_END
 95
       16
302
GRIDFORMAT
  1
GRIDFORMAT_BEGIN
 90
        0
 91
        1
 62
     0
 92
       -2
340
14
 93
        0
 40
0.045
309
GRIDFORMAT_END
 95
       32
302
GRIDFORMAT
  1
GRIDFORMAT_BEGIN
 90
        0
 91
        1
 62
     0
 92
       -2
340
14
 93
        0
 40
0.045
309
GRIDFORMAT_END
309
TABLEFORMAT_END
  1
CELLSTYLE_BEGIN
 90
        2
 91
        1
300
_HEADER
309
CELLSTYLE_END
300
CELLSTYLE
  1
TABLEFORMAT_BEGIN
 90
        5
170
     1
 91
        0
 92
        0
 62
   257
 93
        1
300
CONTENTFORMAT
  1
CONTENTFORMAT_BEGIN
 90
        0
 91
        0
 92
        4
 93
        0
300

 40
0.0
140
1.0
 94
        2
 62
     0
340
11
144
4.5
309
CONTENTFORMAT_END
171
     1
301
MARGIN
  1
CELLMARGIN_BEGIN
 40
1.5
 40
1.5
 40
1.5
 40
1.5
 40
1.5
 40
1.5
309
CELLMARGIN_END
 94
        6
 95
        1
302
GRIDFORMAT
  1
GRIDFORMAT_BEGIN
 90
        0
 91
        1
 62
     0
 92
       -2
340
14
 93
        0
 40
0.045
309
GRIDFORMAT_END
 95
        2
302
GRIDFORMAT
  1
GRIDFORMAT_BEGIN
 90
        0
 91
        1
 62
     0
 92
       -2
340
14
 93
        0
 40
0.045
309
GRIDFORMAT_END
 95
        4
302
GRIDFORMAT
  1
GRIDFORMAT_BEGIN
 90
        0
 91
        1
 62
     0
 92
       -2
340
14
 93
        0
 40
0.045
309
GRIDFORMAT_END
 95
        8
302
GRIDFORMAT
  1
GRIDFORMAT_BEGIN
 90
        0
 91
        1
 62
     0
 92
       -2
340
14
 93
        0
 40
0.045
309
GRIDFORMAT_END
 95
       16
302
GRIDFORMAT
  1
GRIDFORMAT_BEGIN
 90
        0
 91
        1
 62
     0
 92
       -2
340
14
 93
        0
 40
0.045
309
GRIDFORMAT_END
 95
       32
302
GRIDFORMAT
  1
GRIDFORMAT_BEGIN
 90
        0
 91
        1
 62
     0
 92
       -2
340
14
 93
        0
 40
0.045
309
GRIDFORMAT_END
309
TABLEFORMAT_END
  1
CELLSTYLE_BEGIN
 90
        3
 91
        2
300
_DATA
309
CELLSTYLE_END
  0
XRECORD
  5
3ED
102
{ACAD_REACTORS
330
3EC
102
}
330
3EC
100
AcDbXrecord
280
     1
102
RTVSPost2010Prop28
280
     1
102
RTVSPost2010PropOp28
 70
     1
102
RTVSPost2010Prop29
280
     1
102
RTVSPost2010PropOp29
 70
     1
102
RTVSPost2010Prop30
280
     0
102
RTVSPost2010PropOp30
 70
     1
102
RTVSPost2010Prop31
280
     0
102
RTVSPost2010PropOp31
 70
     1
102
RTVSPost2010Prop32
280
     0
102
RTVSPost2010PropOp32
 70
     1
102
RTVSPost2010Prop33
280
     0
102
RTVSPost2010PropOp33
 70
     1
102
RTVSPost2010Prop34
280
     0
102
RTVSPost2010PropOp34
 70
     1
102
RTVSPost2010Prop35
280
     0
102
RTVSPost2010PropOp35
 70
     1
102
RTVSPost2010Prop36
280
     0
102
RTVSPost2010PropOp36
 70
     1
102
RTVSPost2010Prop37
 90
       50
102
RTVSPost2010PropOp37
 70
     1
102
RTVSPost2010Prop38
140
0.0
102
RTVSPost2010PropOp38
 70
     1
102
RTVSPost2010Prop39
140
1.0
102
RTVSPost2010PropOp39
 70
     1
102
RTVSPost2010Prop40
 90
        0
102
RTVSPost2010PropOp40
 70
     1
102
RTVSPost2010Prop41ColorIndex
 90
       18
102
RTVSPost2010Prop41ColorRGB
 90
        0
102
RTVSPost2010PropOp41
 70
     1
102
RTVSPost2010Prop42
 90
       50
102
RTVSPost2010PropOp42
 70
     1
102
RTVSPost2010Prop43
 90
        3
102
RTVSPost2010PropOp43
 70
     1
102
RTVSPost2010Prop44ColorIndex
 90
        5
102
RTVSPost2010Prop44ColorRGB
 90
      255
102
RTVSPost2010PropOp44
 70
     1
102
RTVSPost2010Prop45
280
     0
102
RTVSPost2010PropOp45
 70
     1
102
RTVSPost2010Prop46
 90
       50
102
RTVSPost2010PropOp46
 70
     1
102
RTVSPost2010Prop47
 90
       50
102
RTVSPost2010PropOp47
 70
     1
102
RTVSPost2010Prop48
 90
       50
102
RTVSPost2010PropOp48
 70
     1
102
RTVSPost2010Prop49
280
     0
102
RTVSPost2010PropOp49
 70
     1
102
RTVSPost2010Prop50
 90
       50
102
RTVSPost2010PropOp50
 70
     1
102
RTVSPost2010Prop51ColorIndex
 90
      256
102
RTVSPost2010Prop51ColorRGB
 90
-16777216
102
RTVSPost2010PropOp51
 70
     0
102
RTVSPost2010Prop52
140
1.0
102
RTVSPost2010PropOp52
 70
     0
102
RTVSPost2010Prop53
 90
        2
102
RTVSPost2010PropOp53
 70
     1
102
RTVSPost2010Prop54
  1
strokes_ogs.tif
102
RTVSPost2010PropOp54
 70
     1
102
RTVSPost2010Prop55
280
     0
102
RTVSPost2010PropOp55
 70
     1
102
RTVSPost2010Prop56
140
1.0
102
RTVSPost2010PropOp56
 70
     1
102
RTVSPost2010Prop57
140
1.0
102
RTVSPost2010PropOp57
 70
     1
  0
XRECORD
  5
3F3
102
{ACAD_REACTORS
330
3F2
102
}
330
3F2
100
AcDbXrecord
280
     1
102
RTVSPost2010Prop28
280
     0
102
RTVSPost2010PropOp28
 70
     1
102
RTVSPost2010Prop29
280
     1
102
RTVSPost2010PropOp29
 70
     1
102
RTVSPost2010Prop30
280
     1
102
RTVSPost2010PropOp30
 70
     1
102
RTVSPost2010Prop31
280
     0
102
RTVSPost2010PropOp31
 70
     1
102
RTVSPost2010Prop32
280
     0
102
RTVSPost2010PropOp32
 70
     1
102
RTVSPost2010Prop33
280
     0
102
RTVSPost2010PropOp33
 70
     1
102
RTVSPost2010Prop34
280
     0
102
RTVSPost2010PropOp34
 70
     1
102
RTVSPost2010Prop35
280
     0
102
RTVSPost2010PropOp35
 70
     1
102
RTVSPost2010Prop36
280
     0
102
RTVSPost2010PropOp36
 70
     1
102
RTVSPost2010Prop37
 90
       50
102
RTVSPost2010PropOp37
 70
     1
102
RTVSPost2010Prop38
140
0.0
102
RTVSPost2010PropOp38
 70
     1
102
RTVSPost2010Prop39
140
1.0
102
RTVSPost2010PropOp39
 70
     1
102
RTVSPost2010Prop40
 90
        0
102
RTVSPost2010PropOp40
 70
     1
102
RTVSPost2010Prop41ColorIndex
 90
       18
102
RTVSPost2010Prop41ColorRGB
 90
        0
102
RTVSPost2010PropOp41
 70
     1
102
RTVSPost2010Prop42
 90
       50
102
RTVSPost2010PropOp42
 70
     1
102
RTVSPost2010Prop43
 90
        3
102
RTVSPost2010PropOp43
 70
     1
102
RTVSPost2010Prop44ColorIndex
 90
        5
102
RTVSPost2010Prop44ColorRGB
 90
      255
102
RTVSPost2010PropOp44
 70
     1
102
RTVSPost2010Prop45
280
     0
102
RTVSPost2010PropOp45
 70
     1
102
RTVSPost2010Prop46
 90
       50
102
RTVSPost2010PropOp46
 70
     1
102
RTVSPost2010Prop47
 90
       50
102
RTVSPost2010PropOp47
 70
     1
102
RTVSPost2010Prop48
 90
       50
102
RTVSPost2010PropOp48
 70
     1
102
RTVSPost2010Prop49
280
     0
102
RTVSPost2010PropOp49
 70
     1
102
RTVSPost2010Prop50
 90
       50
102
RTVSPost2010PropOp50
 70
     1
102
RTVSPost2010Prop51ColorIndex
 90
      256
102
RTVSPost2010Prop51ColorRGB
 90
-16777216
102
RTVSPost2010PropOp51
 70
     0
102
RTVSPost2010Prop52
140
1.0
102
RTVSPost2010PropOp52
 70
     0
102
RTVSPost2010Prop53
 90
        2
102
RTVSPost2010PropOp53
 70
     1
102
RTVSPost2010Prop54
  1
strokes_ogs.tif
102
RTVSPost2010PropOp54
 70
     1
102
RTVSPost2010Prop55
280
     0
102
RTVSPost2010PropOp55
 70
     1
102
RTVSPost2010Prop56
140
1.0
102
RTVSPost2010PropOp56
 70
     1
102
RTVSPost2010Prop57
140
1.0
102
RTVSPost2010PropOp57
 70
     1
  0
XRECORD
  5
3FB
102
{ACAD_REACTORS
330
3FA
102
}
330
3FA
100
AcDbXrecord
280
     1
102
RTVSPost2010Prop28
280
     0
102
RTVSPost2010PropOp28
 70
     1
102
RTVSPost2010Prop29
280
     1
102
RTVSPost2010PropOp29
 70
     1
102
RTVSPost2010Prop30
280
     1
102
RTVSPost2010PropOp30
 70
     1
102
RTVSPost2010Prop31
280
     0
102
RTVSPost2010PropOp31
 70
     1
102
RTVSPost2010Prop32
280
     0
102
RTVSPost2010PropOp32
 70
     1
102
RTVSPost2010Prop33
280
     0
102
RTVSPost2010PropOp33
 70
     1
102
RTVSPost2010Prop34
280
     0
102
RTVSPost2010PropOp34
 70
     1
102
RTVSPost2010Prop35
280
     0
102
RTVSPost2010PropOp35
 70
     1
102
RTVSPost2010Prop36
280
     0
102
RTVSPost2010PropOp36
 70
     1
102
RTVSPost2010Prop37
 90
       50
102
RTVSPost2010PropOp37
 70
     1
102
RTVSPost2010Prop38
140
0.0
102
RTVSPost2010PropOp38
 70
     1
102
RTVSPost2010Prop39
140
1.0
102
RTVSPost2010PropOp39
 70
     1
102
RTVSPost2010Prop40
 90
        0
102
RTVSPost2010PropOp40
 70
     1
102
RTVSPost2010Prop41ColorIndex
 90
       18
102
RTVSPost2010Prop41ColorRGB
 90
        0
102
RTVSPost2010PropOp41
 70
     1
102
RTVSPost2010Prop42
 90
       50
102
RTVSPost2010PropOp42
 70
     1
102
RTVSPost2010Prop43
 90
        3
102
RTVSPost2010PropOp43
 70
     1
102
RTVSPost2010Prop44ColorIndex
 90
        5
102
RTVSPost2010Prop44ColorRGB
 90
      255
102
RTVSPost2010PropOp44
 70
     1
102
RTVSPost2010Prop45
280
     0
102
RTVSPost2010PropOp45
 70
     1
102
RTVSPost2010Prop46
 90
       50
102
RTVSPost2010PropOp46
 70
     1
102
RTVSPost2010Prop47
 90
       50
102
RTVSPost2010PropOp47
 70
     1
102
RTVSPost2010Prop48
 90
       50
102
RTVSPost2010PropOp48
 70
     1
102
RTVSPost2010Prop49
280
     0
102
RTVSPost2010PropOp49
 70
     1
102
RTVSPost2010Prop50
 90
       50
102
RTVSPost2010PropOp50
 70
     1
102
RTVSPost2010Prop51ColorIndex
 90
      256
102
RTVSPost2010Prop51ColorRGB
 90
-16777216
102
RTVSPost2010PropOp51
 70
     0
102
RTVSPost2010Prop52
140
1.0
102
RTVSPost2010PropOp52
 70
     0
102
RTVSPost2010Prop53
 90
        2
102
RTVSPost2010PropOp53
 70
     1
102
RTVSPost2010Prop54
  1
strokes_ogs.tif
102
RTVSPost2010PropOp54
 70
     1
102
RTVSPost2010Prop55
280
     0
102
RTVSPost2010PropOp55
 70
     1
102
RTVSPost2010Prop56
140
1.0
102
RTVSPost2010PropOp56
 70
     1
102
RTVSPost2010Prop57
140
1.0
102
RTVSPost2010PropOp57
 70
     1
  0
XRECORD
  5
403
102
{ACAD_REACTORS
330
402
102
}
330
402
100
AcDbXrecord
280
     1
102
RTVSPost2010Prop28
280
     0
102
RTVSPost2010PropOp28
 70
     1
102
RTVSPost2010Prop29
280
     1
102
RTVSPost2010PropOp29
 70
     1
102
RTVSPost2010Prop30
280
     1
102
RTVSPost2010PropOp30
 70
     1
102
RTVSPost2010Prop31
280
     0
102
RTVSPost2010PropOp31
 70
     1
102
RTVSPost2010Prop32
280
     0
102
RTVSPost2010PropOp32
 70
     1
102
RTVSPost2010Prop33
280
     0
102
RTVSPost2010PropOp33
 70
     1
102
RTVSPost2010Prop34
280
     0
102
RTVSPost2010PropOp34
 70
     1
102
RTVSPost2010Prop35
280
     0
102
RTVSPost2010PropOp35
 70
     1
102
RTVSPost2010Prop36
280
     0
102
RTVSPost2010PropOp36
 70
     1
102
RTVSPost2010Prop37
 90
       50
102
RTVSPost2010PropOp37
 70
     1
102
RTVSPost2010Prop38
140
0.0
102
RTVSPost2010PropOp38
 70
     1
102
RTVSPost2010Prop39
140
1.0
102
RTVSPost2010PropOp39
 70
     1
102
RTVSPost2010Prop40
 90
        0
102
RTVSPost2010PropOp40
 70
     1
102
RTVSPost2010Prop41ColorIndex
 90
       18
102
RTVSPost2010Prop41ColorRGB
 90
        0
102
RTVSPost2010PropOp41
 70
     1
102
RTVSPost2010Prop42
 90
       50
102
RTVSPost2010PropOp42
 70
     1
102
RTVSPost2010Prop43
 90
        3
102
RTVSPost2010PropOp43
 70
     1
102
RTVSPost2010Prop44ColorIndex
 90
        5
102
RTVSPost2010Prop44ColorRGB
 90
      255
102
RTVSPost2010PropOp44
 70
     1
102
RTVSPost2010Prop45
280
     0
102
RTVSPost2010PropOp45
 70
     1
102
RTVSPost2010Prop46
 90
       50
102
RTVSPost2010PropOp46
 70
     1
102
RTVSPost2010Prop47
 90
       50
102
RTVSPost2010PropOp47
 70
     1
102
RTVSPost2010Prop48
 90
       50
102
RTVSPost2010PropOp48
 70
     1
102
RTVSPost2010Prop49
280
     0
102
RTVSPost2010PropOp49
 70
     1
102
RTVSPost2010Prop50
 90
       50
102
RTVSPost2010PropOp50
 70
     1
102
RTVSPost2010Prop51ColorIndex
 90
      256
102
RTVSPost2010Prop51ColorRGB
 90
-16777216
102
RTVSPost2010PropOp51
 70
     0
102
RTVSPost2010Prop52
140
1.0
102
RTVSPost2010PropOp52
 70
     0
102
RTVSPost2010Prop53
 90
        2
102
RTVSPost2010PropOp53
 70
     1
102
RTVSPost2010Prop54
  1
strokes_ogs.tif
102
RTVSPost2010PropOp54
 70
     1
102
RTVSPost2010Prop55
280
     0
102
RTVSPost2010PropOp55
 70
     1
102
RTVSPost2010Prop56
140
1.0
102
RTVSPost2010PropOp56
 70
     1
102
RTVSPost2010Prop57
140
1.0
102
RTVSPost2010PropOp57
 70
     1
  0
XRECORD
  5
3F7
102
{ACAD_REACTORS
330
3F6
102
}
330
3F6
100
AcDbXrecord
280
     1
102
RTVSPost2010Prop28
280
     0
102
RTVSPost2010PropOp28
 70
     1
102
RTVSPost2010Prop29
280
     1
102
RTVSPost2010PropOp29
 70
     1
102
RTVSPost2010Prop30
280
     1
102
RTVSPost2010PropOp30
 70
     1
102
RTVSPost2010Prop31
280
     0
102
RTVSPost2010PropOp31
 70
     1
102
RTVSPost2010Prop32
280
     0
102
RTVSPost2010PropOp32
 70
     1
102
RTVSPost2010Prop33
280
     0
102
RTVSPost2010PropOp33
 70
     1
102
RTVSPost2010Prop34
280
     0
102
RTVSPost2010PropOp34
 70
     1
102
RTVSPost2010Prop35
280
     0
102
RTVSPost2010PropOp35
 70
     1
102
RTVSPost2010Prop36
280
     0
102
RTVSPost2010PropOp36
 70
     1
102
RTVSPost2010Prop37
 90
       50
102
RTVSPost2010PropOp37
 70
     1
102
RTVSPost2010Prop38
140
0.0
102
RTVSPost2010PropOp38
 70
     1
102
RTVSPost2010Prop39
140
1.0
102
RTVSPost2010PropOp39
 70
     1
102
RTVSPost2010Prop40
 90
        0
102
RTVSPost2010PropOp40
 70
     1
102
RTVSPost2010Prop41ColorIndex
 90
       18
102
RTVSPost2010Prop41ColorRGB
 90
        0
102
RTVSPost2010PropOp41
 70
     1
102
RTVSPost2010Prop42
 90
       50
102
RTVSPost2010PropOp42
 70
     1
102
RTVSPost2010Prop43
 90
        3
102
RTVSPost2010PropOp43
 70
     1
102
RTVSPost2010Prop44ColorIndex
 90
        5
102
RTVSPost2010Prop44ColorRGB
 90
      255
102
RTVSPost2010PropOp44
 70
     1
102
RTVSPost2010Prop45
280
     0
102
RTVSPost2010PropOp45
 70
     1
102
RTVSPost2010Prop46
 90
       50
102
RTVSPost2010PropOp46
 70
     1
102
RTVSPost2010Prop47
 90
       50
102
RTVSPost2010PropOp47
 70
     1
102
RTVSPost2010Prop48
 90
       50
102
RTVSPost2010PropOp48
 70
     1
102
RTVSPost2010Prop49
280
     0
102
RTVSPost2010PropOp49
 70
     1
102
RTVSPost2010Prop50
 90
       50
102
RTVSPost2010PropOp50
 70
     1
102
RTVSPost2010Prop51ColorIndex
 90
      256
102
RTVSPost2010Prop51ColorRGB
 90
-16777216
102
RTVSPost2010PropOp51
 70
     0
102
RTVSPost2010Prop52
140
1.0
102
RTVSPost2010PropOp52
 70
     0
102
RTVSPost2010Prop53
 90
        2
102
RTVSPost2010PropOp53
 70
     1
102
RTVSPost2010Prop54
  1
strokes_ogs.tif
102
RTVSPost2010PropOp54
 70
     1
102
RTVSPost2010Prop55
280
     0
102
RTVSPost2010PropOp55
 70
     1
102
RTVSPost2010Prop56
140
1.0
102
RTVSPost2010PropOp56
 70
     1
102
RTVSPost2010Prop57
140
1.0
102
RTVSPost2010PropOp57
 70
     1
  0
XRECORD
  5
3F9
102
{ACAD_REACTORS
330
3F8
102
}
330
3F8
100
AcDbXrecord
280
     1
102
RTVSPost2010Prop28
280
     0
102
RTVSPost2010PropOp28
 70
     1
102
RTVSPost2010Prop29
280
     1
102
RTVSPost2010PropOp29
 70
     1
102
RTVSPost2010Prop30
280
     1
102
RTVSPost2010PropOp30
 70
     1
102
RTVSPost2010Prop31
280
     0
102
RTVSPost2010PropOp31
 70
     1
102
RTVSPost2010Prop32
280
     0
102
RTVSPost2010PropOp32
 70
     1
102
RTVSPost2010Prop33
280
     0
102
RTVSPost2010PropOp33
 70
     1
102
RTVSPost2010Prop34
280
     0
102
RTVSPost2010PropOp34
 70
     1
102
RTVSPost2010Prop35
280
     0
102
RTVSPost2010PropOp35
 70
     1
102
RTVSPost2010Prop36
280
     0
102
RTVSPost2010PropOp36
 70
     1
102
RTVSPost2010Prop37
 90
       50
102
RTVSPost2010PropOp37
 70
     1
102
RTVSPost2010Prop38
140
0.0
102
RTVSPost2010PropOp38
 70
     1
102
RTVSPost2010Prop39
140
1.0
102
RTVSPost2010PropOp39
 70
     1
102
RTVSPost2010Prop40
 90
        0
102
RTVSPost2010PropOp40
 70
     1
102
RTVSPost2010Prop41ColorIndex
 90
       18
102
RTVSPost2010Prop41ColorRGB
 90
        0
102
RTVSPost2010PropOp41
 70
     1
102
RTVSPost2010Prop42
 90
       50
102
RTVSPost2010PropOp42
 70
     1
102
RTVSPost2010Prop43
 90
        3
102
RTVSPost2010PropOp43
 70
     1
102
RTVSPost2010Prop44ColorIndex
 90
        5
102
RTVSPost2010Prop44ColorRGB
 90
      255
102
RTVSPost2010PropOp44
 70
     1
102
RTVSPost2010Prop45
280
     0
102
RTVSPost2010PropOp45
 70
     1
102
RTVSPost2010Prop46
 90
       50
102
RTVSPost2010PropOp46
 70
     1
102
RTVSPost2010Prop47
 90
       50
102
RTVSPost2010PropOp47
 70
     1
102
RTVSPost2010Prop48
 90
       50
102
RTVSPost2010PropOp48
 70
     1
102
RTVSPost2010Prop49
280
     0
102
RTVSPost2010PropOp49
 70
     1
102
RTVSPost2010Prop50
 90
       50
102
RTVSPost2010PropOp50
 70
     1
102
RTVSPost2010Prop51ColorIndex
 90
      256
102
RTVSPost2010Prop51ColorRGB
 90
-16777216
102
RTVSPost2010PropOp51
 70
     0
102
RTVSPost2010Prop52
140
1.0
102
RTVSPost2010PropOp52
 70
     0
102
RTVSPost2010Prop53
 90
        2
102
RTVSPost2010PropOp53
 70
     1
102
RTVSPost2010Prop54
  1
strokes_ogs.tif
102
RTVSPost2010PropOp54
 70
     1
102
RTVSPost2010Prop55
280
     0
102
RTVSPost2010PropOp55
 70
     1
102
RTVSPost2010Prop56
140
1.0
102
RTVSPost2010PropOp56
 70
     1
102
RTVSPost2010Prop57
140
1.0
102
RTVSPost2010PropOp57
 70
     1
  0
XRECORD
  5
409
102
{ACAD_REACTORS
330
408
102
}
330
408
100
AcDbXrecord
280
     1
102
RTVSPost2010Prop28
280
     0
102
RTVSPost2010PropOp28
 70
     0
102
RTVSPost2010Prop29
280
     1
102
RTVSPost2010PropOp29
 70
     0
102
RTVSPost2010Prop30
280
     1
102
RTVSPost2010PropOp30
 70
     0
102
RTVSPost2010Prop31
280
     0
102
RTVSPost2010PropOp31
 70
     0
102
RTVSPost2010Prop32
280
     0
102
RTVSPost2010PropOp32
 70
     0
102
RTVSPost2010Prop33
280
     0
102
RTVSPost2010PropOp33
 70
     0
102
RTVSPost2010Prop34
280
     0
102
RTVSPost2010PropOp34
 70
     0
102
RTVSPost2010Prop35
280
     0
102
RTVSPost2010PropOp35
 70
     0
102
RTVSPost2010Prop36
280
     0
102
RTVSPost2010PropOp36
 70
     0
102
RTVSPost2010Prop37
 90
       50
102
RTVSPost2010PropOp37
 70
     0
102
RTVSPost2010Prop38
140
0.0
102
RTVSPost2010PropOp38
 70
     0
102
RTVSPost2010Prop39
140
1.0
102
RTVSPost2010PropOp39
 70
     0
102
RTVSPost2010Prop40
 90
        0
102
RTVSPost2010PropOp40
 70
     0
102
RTVSPost2010Prop41ColorIndex
 90
       18
102
RTVSPost2010Prop41ColorRGB
 90
        0
102
RTVSPost2010PropOp41
 70
     0
102
RTVSPost2010Prop42
 90
       50
102
RTVSPost2010PropOp42
 70
     0
102
RTVSPost2010Prop43
 90
        3
102
RTVSPost2010PropOp43
 70
     0
102
RTVSPost2010Prop44ColorIndex
 90
        5
102
RTVSPost2010Prop44ColorRGB
 90
      255
102
RTVSPost2010PropOp44
 70
     0
102
RTVSPost2010Prop45
280
     0
102
RTVSPost2010PropOp45
 70
     0
102
RTVSPost2010Prop46
 90
       50
102
RTVSPost2010PropOp46
 70
     0
102
RTVSPost2010Prop47
 90
       50
102
RTVSPost2010PropOp47
 70
     0
102
RTVSPost2010Prop48
 90
       50
102
RTVSPost2010PropOp48
 70
     0
102
RTVSPost2010Prop49
280
     0
102
RTVSPost2010PropOp49
 70
     0
102
RTVSPost2010Prop50
 90
       50
102
RTVSPost2010PropOp50
 70
     0
102
RTVSPost2010Prop51ColorIndex
 90
      256
102
RTVSPost2010Prop51ColorRGB
 90
-16777216
102
RTVSPost2010PropOp51
 70
     0
102
RTVSPost2010Prop52
140
1.0
102
RTVSPost2010PropOp52
 70
     0
102
RTVSPost2010Prop53
 90
        2
102
RTVSPost2010PropOp53
 70
     0
102
RTVSPost2010Prop54
  1
strokes_ogs.tif
102
RTVSPost2010PropOp54
 70
     0
102
RTVSPost2010Prop55
280
     0
102
RTVSPost2010PropOp55
 70
     0
102
RTVSPost2010Prop56
140
1.0
102
RTVSPost2010PropOp56
 70
     0
102
RTVSPost2010Prop57
140
1.0
102
RTVSPost2010PropOp57
 70
     0
  0
XRECORD
  5
401
102
{ACAD_REACTORS
330
400
102
}
330
400
100
AcDbXrecord
280
     1
102
RTVSPost2010Prop28
280
     0
102
RTVSPost2010PropOp28
 70
     1
102
RTVSPost2010Prop29
280
     1
102
RTVSPost2010PropOp29
 70
     1
102
RTVSPost2010Prop30
280
     1
102
RTVSPost2010PropOp30
 70
     1
102
RTVSPost2010Prop31
280
     0
102
RTVSPost2010PropOp31
 70
     1
102
RTVSPost2010Prop32
280
     0
102
RTVSPost2010PropOp32
 70
     1
102
RTVSPost2010Prop33
280
     0
102
RTVSPost2010PropOp33
 70
     1
102
RTVSPost2010Prop34
280
     0
102
RTVSPost2010PropOp34
 70
     1
102
RTVSPost2010Prop35
280
     0
102
RTVSPost2010PropOp35
 70
     1
102
RTVSPost2010Prop36
280
     0
102
RTVSPost2010PropOp36
 70
     1
102
RTVSPost2010Prop37
 90
       50
102
RTVSPost2010PropOp37
 70
     1
102
RTVSPost2010Prop38
140
0.0
102
RTVSPost2010PropOp38
 70
     1
102
RTVSPost2010Prop39
140
1.0
102
RTVSPost2010PropOp39
 70
     1
102
RTVSPost2010Prop40
 90
        0
102
RTVSPost2010PropOp40
 70
     1
102
RTVSPost2010Prop41ColorIndex
 90
       18
102
RTVSPost2010Prop41ColorRGB
 90
        0
102
RTVSPost2010PropOp41
 70
     1
102
RTVSPost2010Prop42
 90
       50
102
RTVSPost2010PropOp42
 70
     1
102
RTVSPost2010Prop43
 90
        3
102
RTVSPost2010PropOp43
 70
     1
102
RTVSPost2010Prop44ColorIndex
 90
        5
102
RTVSPost2010Prop44ColorRGB
 90
      255
102
RTVSPost2010PropOp44
 70
     1
102
RTVSPost2010Prop45
280
     0
102
RTVSPost2010PropOp45
 70
     1
102
RTVSPost2010Prop46
 90
       50
102
RTVSPost2010PropOp46
 70
     1
102
RTVSPost2010Prop47
 90
       50
102
RTVSPost2010PropOp47
 70
     1
102
RTVSPost2010Prop48
 90
       50
102
RTVSPost2010PropOp48
 70
     1
102
RTVSPost2010Prop49
280
     0
102
RTVSPost2010PropOp49
 70
     1
102
RTVSPost2010Prop50
 90
       50
102
RTVSPost2010PropOp50
 70
     1
102
RTVSPost2010Prop51ColorIndex
 90
      256
102
RTVSPost2010Prop51ColorRGB
 90
-16777216
102
RTVSPost2010PropOp51
 70
     0
102
RTVSPost2010Prop52
140
1.0
102
RTVSPost2010PropOp52
 70
     0
102
RTVSPost2010Prop53
 90
        2
102
RTVSPost2010PropOp53
 70
     1
102
RTVSPost2010Prop54
  1
strokes_ogs.tif
102
RTVSPost2010PropOp54
 70
     1
102
RTVSPost2010Prop55
280
     0
102
RTVSPost2010PropOp55
 70
     1
102
RTVSPost2010Prop56
140
1.0
102
RTVSPost2010PropOp56
 70
     1
102
RTVSPost2010Prop57
140
1.0
102
RTVSPost2010PropOp57
 70
     1
  0
XRECORD
  5
3E5
102
{ACAD_REACTORS
330
3E4
102
}
330
3E4
100
AcDbXrecord
280
     1
102
RTVSPost2010Prop28
280
     0
102
RTVSPost2010PropOp28
 70
     1
102
RTVSPost2010Prop29
280
     1
102
RTVSPost2010PropOp29
 70
     1
102
RTVSPost2010Prop30
280
     1
102
RTVSPost2010PropOp30
 70
     1
102
RTVSPost2010Prop31
280
     0
102
RTVSPost2010PropOp31
 70
     1
102
RTVSPost2010Prop32
280
     0
102
RTVSPost2010PropOp32
 70
     1
102
RTVSPost2010Prop33
280
     0
102
RTVSPost2010PropOp33
 70
     1
102
RTVSPost2010Prop34
280
     0
102
RTVSPost2010PropOp34
 70
     1
102
RTVSPost2010Prop35
280
     0
102
RTVSPost2010PropOp35
 70
     1
102
RTVSPost2010Prop36
280
     0
102
RTVSPost2010PropOp36
 70
     1
102
RTVSPost2010Prop37
 90
       50
102
RTVSPost2010PropOp37
 70
     1
102
RTVSPost2010Prop38
140
0.0
102
RTVSPost2010PropOp38
 70
     1
102
RTVSPost2010Prop39
140
1.0
102
RTVSPost2010PropOp39
 70
     1
102
RTVSPost2010Prop40
 90
        0
102
RTVSPost2010PropOp40
 70
     1
102
RTVSPost2010Prop41ColorIndex
 90
       18
102
RTVSPost2010Prop41ColorRGB
 90
        0
102
RTVSPost2010PropOp41
 70
     1
102
RTVSPost2010Prop42
 90
       50
102
RTVSPost2010PropOp42
 70
     1
102
RTVSPost2010Prop43
 90
        3
102
RTVSPost2010PropOp43
 70
     1
102
RTVSPost2010Prop44ColorIndex
 90
        5
102
RTVSPost2010Prop44ColorRGB
 90
      255
102
RTVSPost2010PropOp44
 70
     1
102
RTVSPost2010Prop45
280
     0
102
RTVSPost2010PropOp45
 70
     1
102
RTVSPost2010Prop46
 90
       50
102
RTVSPost2010PropOp46
 70
     1
102
RTVSPost2010Prop47
 90
       50
102
RTVSPost2010PropOp47
 70
     1
102
RTVSPost2010Prop48
 90
       50
102
RTVSPost2010PropOp48
 70
     1
102
RTVSPost2010Prop49
280
     0
102
RTVSPost2010PropOp49
 70
     1
102
RTVSPost2010Prop50
 90
       50
102
RTVSPost2010PropOp50
 70
     1
102
RTVSPost2010Prop51ColorIndex
 90
      256
102
RTVSPost2010Prop51ColorRGB
 90
-16777216
102
RTVSPost2010PropOp51
 70
     0
102
RTVSPost2010Prop52
140
1.0
102
RTVSPost2010PropOp52
 70
     0
102
RTVSPost2010Prop53
 90
        2
102
RTVSPost2010PropOp53
 70
     1
102
RTVSPost2010Prop54
  1
strokes_ogs.tif
102
RTVSPost2010PropOp54
 70
     1
102
RTVSPost2010Prop55
280
     0
102
RTVSPost2010PropOp55
 70
     1
102
RTVSPost2010Prop56
140
1.0
102
RTVSPost2010PropOp56
 70
     1
102
RTVSPost2010Prop57
140
1.0
102
RTVSPost2010PropOp57
 70
     1
  0
XRECORD
  5
3E7
102
{ACAD_REACTORS
330
3E6
102
}
330
3E6
100
AcDbXrecord
280
     1
102
RTVSPost2010Prop28
280
     0
102
RTVSPost2010PropOp28
 70
     1
102
RTVSPost2010Prop29
280
     1
102
RTVSPost2010PropOp29
 70
     1
102
RTVSPost2010Prop30
280
     1
102
RTVSPost2010PropOp30
 70
     1
102
RTVSPost2010Prop31
280
     0
102
RTVSPost2010PropOp31
 70
     1
102
RTVSPost2010Prop32
280
     0
102
RTVSPost2010PropOp32
 70
     1
102
RTVSPost2010Prop33
280
     0
102
RTVSPost2010PropOp33
 70
     1
102
RTVSPost2010Prop34
280
     0
102
RTVSPost2010PropOp34
 70
     1
102
RTVSPost2010Prop35
280
     0
102
RTVSPost2010PropOp35
 70
     1
102
RTVSPost2010Prop36
280
     0
102
RTVSPost2010PropOp36
 70
     1
102
RTVSPost2010Prop37
 90
       50
102
RTVSPost2010PropOp37
 70
     1
102
RTVSPost2010Prop38
140
0.0
102
RTVSPost2010PropOp38
 70
     1
102
RTVSPost2010Prop39
140
1.0
102
RTVSPost2010PropOp39
 70
     1
102
RTVSPost2010Prop40
 90
        0
102
RTVSPost2010PropOp40
 70
     1
102
RTVSPost2010Prop41ColorIndex
 90
       18
102
RTVSPost2010Prop41ColorRGB
 90
        0
102
RTVSPost2010PropOp41
 70
     1
102
RTVSPost2010Prop42
 90
       50
102
RTVSPost2010PropOp42
 70
     1
102
RTVSPost2010Prop43
 90
        3
102
RTVSPost2010PropOp43
 70
     1
102
RTVSPost2010Prop44ColorIndex
 90
        5
102
RTVSPost2010Prop44ColorRGB
 90
      255
102
RTVSPost2010PropOp44
 70
     1
102
RTVSPost2010Prop45
280
     0
102
RTVSPost2010PropOp45
 70
     1
102
RTVSPost2010Prop46
 90
       50
102
RTVSPost2010PropOp46
 70
     1
102
RTVSPost2010Prop47
 90
       50
102
RTVSPost2010PropOp47
 70
     1
102
RTVSPost2010Prop48
 90
       50
102
RTVSPost2010PropOp48
 70
     1
102
RTVSPost2010Prop49
280
     0
102
RTVSPost2010PropOp49
 70
     1
102
RTVSPost2010Prop50
 90
       50
102
RTVSPost2010PropOp50
 70
     1
102
RTVSPost2010Prop51ColorIndex
 90
      256
102
RTVSPost2010Prop51ColorRGB
 90
-16777216
102
RTVSPost2010PropOp51
 70
     0
102
RTVSPost2010Prop52
140
1.0
102
RTVSPost2010PropOp52
 70
     0
102
RTVSPost2010Prop53
 90
        2
102
RTVSPost2010PropOp53
 70
     1
102
RTVSPost2010Prop54
  1
strokes_ogs.tif
102
RTVSPost2010PropOp54
 70
     1
102
RTVSPost2010Prop55
280
     0
102
RTVSPost2010PropOp55
 70
     1
102
RTVSPost2010Prop56
140
1.0
102
RTVSPost2010PropOp56
 70
     1
102
RTVSPost2010Prop57
140
1.0
102
RTVSPost2010PropOp57
 70
     1
  0
XRECORD
  5
3E9
102
{ACAD_REACTORS
330
3E8
102
}
330
3E8
100
AcDbXrecord
280
     1
102
RTVSPost2010Prop28
280
     0
102
RTVSPost2010PropOp28
 70
     1
102
RTVSPost2010Prop29
280
     1
102
RTVSPost2010PropOp29
 70
     1
102
RTVSPost2010Prop30
280
     1
102
RTVSPost2010PropOp30
 70
     1
102
RTVSPost2010Prop31
280
     0
102
RTVSPost2010PropOp31
 70
     1
102
RTVSPost2010Prop32
280
     0
102
RTVSPost2010PropOp32
 70
     1
102
RTVSPost2010Prop33
280
     0
102
RTVSPost2010PropOp33
 70
     1
102
RTVSPost2010Prop34
280
     0
102
RTVSPost2010PropOp34
 70
     1
102
RTVSPost2010Prop35
280
     0
102
RTVSPost2010PropOp35
 70
     1
102
RTVSPost2010Prop36
280
     0
102
RTVSPost2010PropOp36
 70
     1
102
RTVSPost2010Prop37
 90
       50
102
RTVSPost2010PropOp37
 70
     1
102
RTVSPost2010Prop38
140
0.0
102
RTVSPost2010PropOp38
 70
     1
102
RTVSPost2010Prop39
140
1.0
102
RTVSPost2010PropOp39
 70
     1
102
RTVSPost2010Prop40
 90
        0
102
RTVSPost2010PropOp40
 70
     1
102
RTVSPost2010Prop41ColorIndex
 90
       18
102
RTVSPost2010Prop41ColorRGB
 90
        0
102
RTVSPost2010PropOp41
 70
     1
102
RTVSPost2010Prop42
 90
       50
102
RTVSPost2010PropOp42
 70
     1
102
RTVSPost2010Prop43
 90
        3
102
RTVSPost2010PropOp43
 70
     1
102
RTVSPost2010Prop44ColorIndex
 90
        5
102
RTVSPost2010Prop44ColorRGB
 90
      255
102
RTVSPost2010PropOp44
 70
     1
102
RTVSPost2010Prop45
280
     0
102
RTVSPost2010PropOp45
 70
     1
102
RTVSPost2010Prop46
 90
       50
102
RTVSPost2010PropOp46
 70
     1
102
RTVSPost2010Prop47
 90
       50
102
RTVSPost2010PropOp47
 70
     1
102
RTVSPost2010Prop48
 90
       50
102
RTVSPost2010PropOp48
 70
     1
102
RTVSPost2010Prop49
280
     0
102
RTVSPost2010PropOp49
 70
     1
102
RTVSPost2010Prop50
 90
       50
102
RTVSPost2010PropOp50
 70
     1
102
RTVSPost2010Prop51ColorIndex
 90
      256
102
RTVSPost2010Prop51ColorRGB
 90
-16777216
102
RTVSPost2010PropOp51
 70
     0
102
RTVSPost2010Prop52
140
1.0
102
RTVSPost2010PropOp52
 70
     0
102
RTVSPost2010Prop53
 90
        2
102
RTVSPost2010PropOp53
 70
     1
102
RTVSPost2010Prop54
  1
strokes_ogs.tif
102
RTVSPost2010PropOp54
 70
     1
102
RTVSPost2010Prop55
280
     0
102
RTVSPost2010PropOp55
 70
     1
102
RTVSPost2010Prop56
140
1.0
102
RTVSPost2010PropOp56
 70
     1
102
RTVSPost2010Prop57
140
1.0
102
RTVSPost2010PropOp57
 70
     1
  0
XRECORD
  5
3EB
102
{ACAD_REACTORS
330
3EA
102
}
330
3EA
100
AcDbXrecord
280
     1
102
RTVSPost2010Prop28
280
     0
102
RTVSPost2010PropOp28
 70
     1
102
RTVSPost2010Prop29
280
     1
102
RTVSPost2010PropOp29
 70
     1
102
RTVSPost2010Prop30
280
     1
102
RTVSPost2010PropOp30
 70
     1
102
RTVSPost2010Prop31
280
     0
102
RTVSPost2010PropOp31
 70
     1
102
RTVSPost2010Prop32
280
     0
102
RTVSPost2010PropOp32
 70
     1
102
RTVSPost2010Prop33
280
     0
102
RTVSPost2010PropOp33
 70
     1
102
RTVSPost2010Prop34
280
     0
102
RTVSPost2010PropOp34
 70
     1
102
RTVSPost2010Prop35
280
     0
102
RTVSPost2010PropOp35
 70
     1
102
RTVSPost2010Prop36
280
     0
102
RTVSPost2010PropOp36
 70
     1
102
RTVSPost2010Prop37
 90
       50
102
RTVSPost2010PropOp37
 70
     1
102
RTVSPost2010Prop38
140
0.0
102
RTVSPost2010PropOp38
 70
     1
102
RTVSPost2010Prop39
140
1.0
102
RTVSPost2010PropOp39
 70
     1
102
RTVSPost2010Prop40
 90
        0
102
RTVSPost2010PropOp40
 70
     1
102
RTVSPost2010Prop41ColorIndex
 90
       18
102
RTVSPost2010Prop41ColorRGB
 90
        0
102
RTVSPost2010PropOp41
 70
     1
102
RTVSPost2010Prop42
 90
       50
102
RTVSPost2010PropOp42
 70
     1
102
RTVSPost2010Prop43
 90
        3
102
RTVSPost2010PropOp43
 70
     1
102
RTVSPost2010Prop44ColorIndex
 90
        5
102
RTVSPost2010Prop44ColorRGB
 90
      255
102
RTVSPost2010PropOp44
 70
     1
102
RTVSPost2010Prop45
280
     0
102
RTVSPost2010PropOp45
 70
     1
102
RTVSPost2010Prop46
 90
       50
102
RTVSPost2010PropOp46
 70
     1
102
RTVSPost2010Prop47
 90
       50
102
RTVSPost2010PropOp47
 70
     1
102
RTVSPost2010Prop48
 90
       50
102
RTVSPost2010PropOp48
 70
     1
102
RTVSPost2010Prop49
280
     0
102
RTVSPost2010PropOp49
 70
     1
102
RTVSPost2010Prop50
 90
       50
102
RTVSPost2010PropOp50
 70
     1
102
RTVSPost2010Prop51ColorIndex
 90
      256
102
RTVSPost2010Prop51ColorRGB
 90
-16777216
102
RTVSPost2010PropOp51
 70
     0
102
RTVSPost2010Prop52
140
1.0
102
RTVSPost2010PropOp52
 70
     0
102
RTVSPost2010Prop53
 90
        2
102
RTVSPost2010PropOp53
 70
     1
102
RTVSPost2010Prop54
  1
strokes_ogs.tif
102
RTVSPost2010PropOp54
 70
     1
102
RTVSPost2010Prop55
280
     0
102
RTVSPost2010PropOp55
 70
     1
102
RTVSPost2010Prop56
140
1.0
102
RTVSPost2010PropOp56
 70
     1
102
RTVSPost2010Prop57
140
1.0
102
RTVSPost2010PropOp57
 70
     1
  0
XRECORD
  5
3F1
102
{ACAD_REACTORS
330
3F0
102
}
330
3F0
100
AcDbXrecord
280
     1
102
RTVSPost2010Prop28
280
     0
102
RTVSPost2010PropOp28
 70
     1
102
RTVSPost2010Prop29
280
     1
102
RTVSPost2010PropOp29
 70
     1
102
RTVSPost2010Prop30
280
     1
102
RTVSPost2010PropOp30
 70
     1
102
RTVSPost2010Prop31
280
     0
102
RTVSPost2010PropOp31
 70
     1
102
RTVSPost2010Prop32
280
     0
102
RTVSPost2010PropOp32
 70
     1
102
RTVSPost2010Prop33
280
     0
102
RTVSPost2010PropOp33
 70
     1
102
RTVSPost2010Prop34
280
     0
102
RTVSPost2010PropOp34
 70
     1
102
RTVSPost2010Prop35
280
     0
102
RTVSPost2010PropOp35
 70
     1
102
RTVSPost2010Prop36
280
     0
102
RTVSPost2010PropOp36
 70
     1
102
RTVSPost2010Prop37
 90
       50
102
RTVSPost2010PropOp37
 70
     1
102
RTVSPost2010Prop38
140
0.0
102
RTVSPost2010PropOp38
 70
     1
102
RTVSPost2010Prop39
140
1.0
102
RTVSPost2010PropOp39
 70
     1
102
RTVSPost2010Prop40
 90
        0
102
RTVSPost2010PropOp40
 70
     1
102
RTVSPost2010Prop41ColorIndex
 90
       18
102
RTVSPost2010Prop41ColorRGB
 90
        0
102
RTVSPost2010PropOp41
 70
     1
102
RTVSPost2010Prop42
 90
       50
102
RTVSPost2010PropOp42
 70
     1
102
RTVSPost2010Prop43
 90
        3
102
RTVSPost2010PropOp43
 70
     1
102
RTVSPost2010Prop44ColorIndex
 90
        5
102
RTVSPost2010Prop44ColorRGB
 90
      255
102
RTVSPost2010PropOp44
 70
     1
102
RTVSPost2010Prop45
280
     0
102
RTVSPost2010PropOp45
 70
     1
102
RTVSPost2010Prop46
 90
       50
102
RTVSPost2010PropOp46
 70
     1
102
RTVSPost2010Prop47
 90
       50
102
RTVSPost2010PropOp47
 70
     1
102
RTVSPost2010Prop48
 90
       50
102
RTVSPost2010PropOp48
 70
     1
102
RTVSPost2010Prop49
280
     0
102
RTVSPost2010PropOp49
 70
     1
102
RTVSPost2010Prop50
 90
       50
102
RTVSPost2010PropOp50
 70
     1
102
RTVSPost2010Prop51ColorIndex
 90
      256
102
RTVSPost2010Prop51ColorRGB
 90
-16777216
102
RTVSPost2010PropOp51
 70
     0
102
RTVSPost2010Prop52
140
1.0
102
RTVSPost2010PropOp52
 70
     0
102
RTVSPost2010Prop53
 90
        2
102
RTVSPost2010PropOp53
 70
     1
102
RTVSPost2010Prop54
  1
strokes_ogs.tif
102
RTVSPost2010PropOp54
 70
     1
102
RTVSPost2010Prop55
280
     0
102
RTVSPost2010PropOp55
 70
     1
102
RTVSPost2010Prop56
140
1.0
102
RTVSPost2010PropOp56
 70
     1
102
RTVSPost2010Prop57
140
1.0
102
RTVSPost2010PropOp57
 70
     1
  0
XRECORD
  5
405
102
{ACAD_REACTORS
330
404
102
}
330
404
100
AcDbXrecord
280
     1
102
RTVSPost2010Prop28
280
     0
102
RTVSPost2010PropOp28
 70
     0
102
RTVSPost2010Prop29
280
     1
102
RTVSPost2010PropOp29
 70
     0
102
RTVSPost2010Prop30
280
     1
102
RTVSPost2010PropOp30
 70
     0
102
RTVSPost2010Prop31
280
     0
102
RTVSPost2010PropOp31
 70
     0
102
RTVSPost2010Prop32
280
     0
102
RTVSPost2010PropOp32
 70
     0
102
RTVSPost2010Prop33
280
     0
102
RTVSPost2010PropOp33
 70
     0
102
RTVSPost2010Prop34
280
     0
102
RTVSPost2010PropOp34
 70
     0
102
RTVSPost2010Prop35
280
     0
102
RTVSPost2010PropOp35
 70
     0
102
RTVSPost2010Prop36
280
     0
102
RTVSPost2010PropOp36
 70
     0
102
RTVSPost2010Prop37
 90
       50
102
RTVSPost2010PropOp37
 70
     0
102
RTVSPost2010Prop38
140
0.0
102
RTVSPost2010PropOp38
 70
     0
102
RTVSPost2010Prop39
140
1.0
102
RTVSPost2010PropOp39
 70
     0
102
RTVSPost2010Prop40
 90
        0
102
RTVSPost2010PropOp40
 70
     0
102
RTVSPost2010Prop41ColorIndex
 90
       18
102
RTVSPost2010Prop41ColorRGB
 90
        0
102
RTVSPost2010PropOp41
 70
     0
102
RTVSPost2010Prop42
 90
       50
102
RTVSPost2010PropOp42
 70
     0
102
RTVSPost2010Prop43
 90
        3
102
RTVSPost2010PropOp43
 70
     0
102
RTVSPost2010Prop44ColorIndex
 90
        5
102
RTVSPost2010Prop44ColorRGB
 90
      255
102
RTVSPost2010PropOp44
 70
     0
102
RTVSPost2010Prop45
280
     0
102
RTVSPost2010PropOp45
 70
     0
102
RTVSPost2010Prop46
 90
       50
102
RTVSPost2010PropOp46
 70
     0
102
RTVSPost2010Prop47
 90
       50
102
RTVSPost2010PropOp47
 70
     0
102
RTVSPost2010Prop48
 90
       50
102
RTVSPost2010PropOp48
 70
     0
102
RTVSPost2010Prop49
280
     0
102
RTVSPost2010PropOp49
 70
     0
102
RTVSPost2010Prop50
 90
       50
102
RTVSPost2010PropOp50
 70
     0
102
RTVSPost2010Prop51ColorIndex
 90
      256
102
RTVSPost2010Prop51ColorRGB
 90
-16777216
102
RTVSPost2010PropOp51
 70
     0
102
RTVSPost2010Prop52
140
1.0
102
RTVSPost2010PropOp52
 70
     0
102
RTVSPost2010Prop53
 90
        2
102
RTVSPost2010PropOp53
 70
     0
102
RTVSPost2010Prop54
  1
strokes_ogs.tif
102
RTVSPost2010PropOp54
 70
     0
102
RTVSPost2010Prop55
280
     0
102
RTVSPost2010PropOp55
 70
     0
102
RTVSPost2010Prop56
140
1.0
102
RTVSPost2010PropOp56
 70
     0
102
RTVSPost2010Prop57
140
1.0
102
RTVSPost2010PropOp57
 70
     0
  0
XRECORD
  5
3FF
102
{ACAD_REACTORS
330
3FE
102
}
330
3FE
100
AcDbXrecord
280
     1
102
RTVSPost2010Prop28
280
     0
102
RTVSPost2010PropOp28
 70
     1
102
RTVSPost2010Prop29
280
     1
102
RTVSPost2010PropOp29
 70
     1
102
RTVSPost2010Prop30
280
     1
102
RTVSPost2010PropOp30
 70
     1
102
RTVSPost2010Prop31
280
     0
102
RTVSPost2010PropOp31
 70
     1
102
RTVSPost2010Prop32
280
     0
102
RTVSPost2010PropOp32
 70
     1
102
RTVSPost2010Prop33
280
     0
102
RTVSPost2010PropOp33
 70
     1
102
RTVSPost2010Prop34
280
     0
102
RTVSPost2010PropOp34
 70
     1
102
RTVSPost2010Prop35
280
     0
102
RTVSPost2010PropOp35
 70
     1
102
RTVSPost2010Prop36
280
     0
102
RTVSPost2010PropOp36
 70
     1
102
RTVSPost2010Prop37
 90
       50
102
RTVSPost2010PropOp37
 70
     1
102
RTVSPost2010Prop38
140
0.0
102
RTVSPost2010PropOp38
 70
     1
102
RTVSPost2010Prop39
140
1.0
102
RTVSPost2010PropOp39
 70
     1
102
RTVSPost2010Prop40
 90
        0
102
RTVSPost2010PropOp40
 70
     1
102
RTVSPost2010Prop41ColorIndex
 90
       18
102
RTVSPost2010Prop41ColorRGB
 90
        0
102
RTVSPost2010PropOp41
 70
     1
102
RTVSPost2010Prop42
 90
       50
102
RTVSPost2010PropOp42
 70
     1
102
RTVSPost2010Prop43
 90
        3
102
RTVSPost2010PropOp43
 70
     1
102
RTVSPost2010Prop44ColorIndex
 90
        5
102
RTVSPost2010Prop44ColorRGB
 90
      255
102
RTVSPost2010PropOp44
 70
     1
102
RTVSPost2010Prop45
280
     0
102
RTVSPost2010PropOp45
 70
     1
102
RTVSPost2010Prop46
 90
       50
102
RTVSPost2010PropOp46
 70
     1
102
RTVSPost2010Prop47
 90
       50
102
RTVSPost2010PropOp47
 70
     1
102
RTVSPost2010Prop48
 90
       50
102
RTVSPost2010PropOp48
 70
     1
102
RTVSPost2010Prop49
280
     0
102
RTVSPost2010PropOp49
 70
     1
102
RTVSPost2010Prop50
 90
       50
102
RTVSPost2010PropOp50
 70
     1
102
RTVSPost2010Prop51ColorIndex
 90
      256
102
RTVSPost2010Prop51ColorRGB
 90
-16777216
102
RTVSPost2010PropOp51
 70
     0
102
RTVSPost2010Prop52
140
1.0
102
RTVSPost2010PropOp52
 70
     0
102
RTVSPost2010Prop53
 90
        2
102
RTVSPost2010PropOp53
 70
     1
102
RTVSPost2010Prop54
  1
strokes_ogs.tif
102
RTVSPost2010PropOp54
 70
     1
102
RTVSPost2010Prop55
280
     0
102
RTVSPost2010PropOp55
 70
     1
102
RTVSPost2010Prop56
140
1.0
102
RTVSPost2010PropOp56
 70
     1
102
RTVSPost2010Prop57
140
1.0
102
RTVSPost2010PropOp57
 70
     1
  0
XRECORD
  5
407
102
{ACAD_REACTORS
330
406
102
}
330
406
100
AcDbXrecord
280
     1
102
RTVSPost2010Prop28
280
     0
102
RTVSPost2010PropOp28
 70
     0
102
RTVSPost2010Prop29
280
     1
102
RTVSPost2010PropOp29
 70
     0
102
RTVSPost2010Prop30
280
     1
102
RTVSPost2010PropOp30
 70
     0
102
RTVSPost2010Prop31
280
     0
102
RTVSPost2010PropOp31
 70
     0
102
RTVSPost2010Prop32
280
     0
102
RTVSPost2010PropOp32
 70
     0
102
RTVSPost2010Prop33
280
     0
102
RTVSPost2010PropOp33
 70
     0
102
RTVSPost2010Prop34
280
     0
102
RTVSPost2010PropOp34
 70
     0
102
RTVSPost2010Prop35
280
     0
102
RTVSPost2010PropOp35
 70
     0
102
RTVSPost2010Prop36
280
     0
102
RTVSPost2010PropOp36
 70
     0
102
RTVSPost2010Prop37
 90
       50
102
RTVSPost2010PropOp37
 70
     0
102
RTVSPost2010Prop38
140
0.0
102
RTVSPost2010PropOp38
 70
     0
102
RTVSPost2010Prop39
140
1.0
102
RTVSPost2010PropOp39
 70
     0
102
RTVSPost2010Prop40
 90
        0
102
RTVSPost2010PropOp40
 70
     0
102
RTVSPost2010Prop41ColorIndex
 90
       18
102
RTVSPost2010Prop41ColorRGB
 90
        0
102
RTVSPost2010PropOp41
 70
     0
102
RTVSPost2010Prop42
 90
       50
102
RTVSPost2010PropOp42
 70
     0
102
RTVSPost2010Prop43
 90
        3
102
RTVSPost2010PropOp43
 70
     0
102
RTVSPost2010Prop44ColorIndex
 90
        5
102
RTVSPost2010Prop44ColorRGB
 90
      255
102
RTVSPost2010PropOp44
 70
     0
102
RTVSPost2010Prop45
280
     0
102
RTVSPost2010PropOp45
 70
     0
102
RTVSPost2010Prop46
 90
       50
102
RTVSPost2010PropOp46
 70
     0
102
RTVSPost2010Prop47
 90
       50
102
RTVSPost2010PropOp47
 70
     0
102
RTVSPost2010Prop48
 90
       50
102
RTVSPost2010PropOp48
 70
     0
102
RTVSPost2010Prop49
280
     0
102
RTVSPost2010PropOp49
 70
     0
102
RTVSPost2010Prop50
 90
       50
102
RTVSPost2010PropOp50
 70
     0
102
RTVSPost2010Prop51ColorIndex
 90
      256
102
RTVSPost2010Prop51ColorRGB
 90
-16777216
102
RTVSPost2010PropOp51
 70
     0
102
RTVSPost2010Prop52
140
1.0
102
RTVSPost2010PropOp52
 70
     0
102
RTVSPost2010Prop53
 90
        2
102
RTVSPost2010PropOp53
 70
     0
102
RTVSPost2010Prop54
  1
strokes_ogs.tif
102
RTVSPost2010PropOp54
 70
     0
102
RTVSPost2010Prop55
280
     0
102
RTVSPost2010PropOp55
 70
     0
102
RTVSPost2010Prop56
140
1.0
102
RTVSPost2010PropOp56
 70
     0
102
RTVSPost2010Prop57
140
1.0
102
RTVSPost2010PropOp57
 70
     0
  0
XRECORD
  5
3F5
102
{ACAD_REACTORS
330
3F4
102
}
330
3F4
100
AcDbXrecord
280
     1
102
RTVSPost2010Prop28
280
     0
102
RTVSPost2010PropOp28
 70
     1
102
RTVSPost2010Prop29
280
     1
102
RTVSPost2010PropOp29
 70
     1
102
RTVSPost2010Prop30
280
     1
102
RTVSPost2010PropOp30
 70
     1
102
RTVSPost2010Prop31
280
     0
102
RTVSPost2010PropOp31
 70
     1
102
RTVSPost2010Prop32
280
     0
102
RTVSPost2010PropOp32
 70
     1
102
RTVSPost2010Prop33
280
     0
102
RTVSPost2010PropOp33
 70
     1
102
RTVSPost2010Prop34
280
     0
102
RTVSPost2010PropOp34
 70
     1
102
RTVSPost2010Prop35
280
     0
102
RTVSPost2010PropOp35
 70
     1
102
RTVSPost2010Prop36
280
     0
102
RTVSPost2010PropOp36
 70
     1
102
RTVSPost2010Prop37
 90
       50
102
RTVSPost2010PropOp37
 70
     1
102
RTVSPost2010Prop38
140
0.0
102
RTVSPost2010PropOp38
 70
     1
102
RTVSPost2010Prop39
140
1.0
102
RTVSPost2010PropOp39
 70
     1
102
RTVSPost2010Prop40
 90
        0
102
RTVSPost2010PropOp40
 70
     1
102
RTVSPost2010Prop41ColorIndex
 90
       18
102
RTVSPost2010Prop41ColorRGB
 90
        0
102
RTVSPost2010PropOp41
 70
     1
102
RTVSPost2010Prop42
 90
       50
102
RTVSPost2010PropOp42
 70
     1
102
RTVSPost2010Prop43
 90
        3
102
RTVSPost2010PropOp43
 70
     1
102
RTVSPost2010Prop44ColorIndex
 90
        5
102
RTVSPost2010Prop44ColorRGB
 90
      255
102
RTVSPost2010PropOp44
 70
     1
102
RTVSPost2010Prop45
280
     0
102
RTVSPost2010PropOp45
 70
     1
102
RTVSPost2010Prop46
 90
       50
102
RTVSPost2010PropOp46
 70
     1
102
RTVSPost2010Prop47
 90
       50
102
RTVSPost2010PropOp47
 70
     1
102
RTVSPost2010Prop48
 90
       50
102
RTVSPost2010PropOp48
 70
     1
102
RTVSPost2010Prop49
280
     0
102
RTVSPost2010PropOp49
 70
     1
102
RTVSPost2010Prop50
 90
       50
102
RTVSPost2010PropOp50
 70
     1
102
RTVSPost2010Prop51ColorIndex
 90
      256
102
RTVSPost2010Prop51ColorRGB
 90
-16777216
102
RTVSPost2010PropOp51
 70
     0
102
RTVSPost2010Prop52
140
1.0
102
RTVSPost2010PropOp52
 70
     0
102
RTVSPost2010Prop53
 90
        2
102
RTVSPost2010PropOp53
 70
     1
102
RTVSPost2010Prop54
  1
strokes_ogs.tif
102
RTVSPost2010PropOp54
 70
     1
102
RTVSPost2010Prop55
280
     0
102
RTVSPost2010PropOp55
 70
     1
102
RTVSPost2010Prop56
140
1.0
102
RTVSPost2010PropOp56
 70
     1
102
RTVSPost2010Prop57
140
1.0
102
RTVSPost2010PropOp57
 70
     1
  0
XRECORD
  5
413
102
{ACAD_REACTORS
330
412
102
}
330
412
100
AcDbXrecord
280
     1
102
RTVSPost2010Prop28
280
     0
102
RTVSPost2010PropOp28
 70
     1
102
RTVSPost2010Prop29
280
     1
102
RTVSPost2010PropOp29
 70
     1
102
RTVSPost2010Prop30
280
     1
102
RTVSPost2010PropOp30
 70
     1
102
RTVSPost2010Prop31
280
     0
102
RTVSPost2010PropOp31
 70
     1
102
RTVSPost2010Prop32
280
     0
102
RTVSPost2010PropOp32
 70
     1
102
RTVSPost2010Prop33
280
     0
102
RTVSPost2010PropOp33
 70
     1
102
RTVSPost2010Prop34
280
     0
102
RTVSPost2010PropOp34
 70
     1
102
RTVSPost2010Prop35
280
     0
102
RTVSPost2010PropOp35
 70
     1
102
RTVSPost2010Prop36
280
     0
102
RTVSPost2010PropOp36
 70
     1
102
RTVSPost2010Prop37
 90
       50
102
RTVSPost2010PropOp37
 70
     1
102
RTVSPost2010Prop38
140
0.0
102
RTVSPost2010PropOp38
 70
     1
102
RTVSPost2010Prop39
140
1.0
102
RTVSPost2010PropOp39
 70
     1
102
RTVSPost2010Prop40
 90
        0
102
RTVSPost2010PropOp40
 70
     1
102
RTVSPost2010Prop41ColorIndex
 90
       18
102
RTVSPost2010Prop41ColorRGB
 90
        0
102
RTVSPost2010PropOp41
 70
     1
102
RTVSPost2010Prop42
 90
       50
102
RTVSPost2010PropOp42
 70
     1
102
RTVSPost2010Prop43
 90
        3
102
RTVSPost2010PropOp43
 70
     1
102
RTVSPost2010Prop44ColorIndex
 90
        5
102
RTVSPost2010Prop44ColorRGB
 90
      255
102
RTVSPost2010PropOp44
 70
     1
102
RTVSPost2010Prop45
280
     0
102
RTVSPost2010PropOp45
 70
     1
102
RTVSPost2010Prop46
 90
       50
102
RTVSPost2010PropOp46
 70
     1
102
RTVSPost2010Prop47
 90
       50
102
RTVSPost2010PropOp47
 70
     1
102
RTVSPost2010Prop48
 90
       50
102
RTVSPost2010PropOp48
 70
     1
102
RTVSPost2010Prop49
280
     0
102
RTVSPost2010PropOp49
 70
     1
102
RTVSPost2010Prop50
 90
       50
102
RTVSPost2010PropOp50
 70
     1
102
RTVSPost2010Prop51ColorIndex
 90
      256
102
RTVSPost2010Prop51ColorRGB
 90
-16777216
102
RTVSPost2010PropOp51
 70
     0
102
RTVSPost2010Prop52
140
1.0
102
RTVSPost2010PropOp52
 70
     0
102
RTVSPost2010Prop53
 90
        2
102
RTVSPost2010PropOp53
 70
     1
102
RTVSPost2010Prop54
  1
strokes_ogs.tif
102
RTVSPost2010PropOp54
 70
     1
102
RTVSPost2010Prop55
280
     0
102
RTVSPost2010PropOp55
 70
     1
102
RTVSPost2010Prop56
140
1.0
102
RTVSPost2010PropOp56
 70
     1
102
RTVSPost2010Prop57
140
1.0
102
RTVSPost2010PropOp57
 70
     1
  0
XRECORD
  5
411
102
{ACAD_REACTORS
330
410
102
}
330
410
100
AcDbXrecord
280
     1
102
RTVSPost2010Prop28
280
     0
102
RTVSPost2010PropOp28
 70
     1
102
RTVSPost2010Prop29
280
     1
102
RTVSPost2010PropOp29
 70
     1
102
RTVSPost2010Prop30
280
     1
102
RTVSPost2010PropOp30
 70
     1
102
RTVSPost2010Prop31
280
     0
102
RTVSPost2010PropOp31
 70
     1
102
RTVSPost2010Prop32
280
     0
102
RTVSPost2010PropOp32
 70
     1
102
RTVSPost2010Prop33
280
     0
102
RTVSPost2010PropOp33
 70
     1
102
RTVSPost2010Prop34
280
     0
102
RTVSPost2010PropOp34
 70
     1
102
RTVSPost2010Prop35
280
     0
102
RTVSPost2010PropOp35
 70
     1
102
RTVSPost2010Prop36
280
     0
102
RTVSPost2010PropOp36
 70
     1
102
RTVSPost2010Prop37
 90
       50
102
RTVSPost2010PropOp37
 70
     1
102
RTVSPost2010Prop38
140
0.0
102
RTVSPost2010PropOp38
 70
     1
102
RTVSPost2010Prop39
140
1.0
102
RTVSPost2010PropOp39
 70
     1
102
RTVSPost2010Prop40
 90
        0
102
RTVSPost2010PropOp40
 70
     1
102
RTVSPost2010Prop41ColorIndex
 90
       18
102
RTVSPost2010Prop41ColorRGB
 90
        0
102
RTVSPost2010PropOp41
 70
     1
102
RTVSPost2010Prop42
 90
       50
102
RTVSPost2010PropOp42
 70
     1
102
RTVSPost2010Prop43
 90
        3
102
RTVSPost2010PropOp43
 70
     1
102
RTVSPost2010Prop44ColorIndex
 90
        5
102
RTVSPost2010Prop44ColorRGB
 90
      255
102
RTVSPost2010PropOp44
 70
     1
102
RTVSPost2010Prop45
280
     0
102
RTVSPost2010PropOp45
 70
     1
102
RTVSPost2010Prop46
 90
       50
102
RTVSPost2010PropOp46
 70
     1
102
RTVSPost2010Prop47
 90
       50
102
RTVSPost2010PropOp47
 70
     1
102
RTVSPost2010Prop48
 90
       50
102
RTVSPost2010PropOp48
 70
     1
102
RTVSPost2010Prop49
280
     0
102
RTVSPost2010PropOp49
 70
     1
102
RTVSPost2010Prop50
 90
       50
102
RTVSPost2010PropOp50
 70
     1
102
RTVSPost2010Prop51ColorIndex
 90
      256
102
RTVSPost2010Prop51ColorRGB
 90
-16777216
102
RTVSPost2010PropOp51
 70
     0
102
RTVSPost2010Prop52
140
1.0
102
RTVSPost2010PropOp52
 70
     0
102
RTVSPost2010Prop53
 90
        2
102
RTVSPost2010PropOp53
 70
     1
102
RTVSPost2010Prop54
  1
strokes_ogs.tif
102
RTVSPost2010PropOp54
 70
     1
102
RTVSPost2010Prop55
280
     0
102
RTVSPost2010PropOp55
 70
     1
102
RTVSPost2010Prop56
140
1.0
102
RTVSPost2010PropOp56
 70
     1
102
RTVSPost2010Prop57
140
1.0
102
RTVSPost2010PropOp57
 70
     1
  0
XRECORD
  5
40B
102
{ACAD_REACTORS
330
40A
102
}
330
40A
100
AcDbXrecord
280
     1
102
RTVSPost2010Prop28
280
     0
102
RTVSPost2010PropOp28
 70
     1
102
RTVSPost2010Prop29
280
     1
102
RTVSPost2010PropOp29
 70
     1
102
RTVSPost2010Prop30
280
     1
102
RTVSPost2010PropOp30
 70
     1
102
RTVSPost2010Prop31
280
     0
102
RTVSPost2010PropOp31
 70
     1
102
RTVSPost2010Prop32
280
     0
102
RTVSPost2010PropOp32
 70
     1
102
RTVSPost2010Prop33
280
     0
102
RTVSPost2010PropOp33
 70
     1
102
RTVSPost2010Prop34
280
     0
102
RTVSPost2010PropOp34
 70
     1
102
RTVSPost2010Prop35
280
     0
102
RTVSPost2010PropOp35
 70
     1
102
RTVSPost2010Prop36
280
     0
102
RTVSPost2010PropOp36
 70
     1
102
RTVSPost2010Prop37
 90
       50
102
RTVSPost2010PropOp37
 70
     1
102
RTVSPost2010Prop38
140
0.0
102
RTVSPost2010PropOp38
 70
     1
102
RTVSPost2010Prop39
140
1.0
102
RTVSPost2010PropOp39
 70
     1
102
RTVSPost2010Prop40
 90
        0
102
RTVSPost2010PropOp40
 70
     1
102
RTVSPost2010Prop41ColorIndex
 90
       18
102
RTVSPost2010Prop41ColorRGB
 90
        0
102
RTVSPost2010PropOp41
 70
     1
102
RTVSPost2010Prop42
 90
       50
102
RTVSPost2010PropOp42
 70
     1
102
RTVSPost2010Prop43
 90
        3
102
RTVSPost2010PropOp43
 70
     1
102
RTVSPost2010Prop44ColorIndex
 90
        5
102
RTVSPost2010Prop44ColorRGB
 90
      255
102
RTVSPost2010PropOp44
 70
     1
102
RTVSPost2010Prop45
280
     0
102
RTVSPost2010PropOp45
 70
     1
102
RTVSPost2010Prop46
 90
       50
102
RTVSPost2010PropOp46
 70
     1
102
RTVSPost2010Prop47
 90
       50
102
RTVSPost2010PropOp47
 70
     1
102
RTVSPost2010Prop48
 90
       50
102
RTVSPost2010PropOp48
 70
     1
102
RTVSPost2010Prop49
280
     0
102
RTVSPost2010PropOp49
 70
     1
102
RTVSPost2010Prop50
 90
       50
102
RTVSPost2010PropOp50
 70
     1
102
RTVSPost2010Prop51ColorIndex
 90
      256
102
RTVSPost2010Prop51ColorRGB
 90
-16777216
102
RTVSPost2010PropOp51
 70
     0
102
RTVSPost2010Prop52
140
1.0
102
RTVSPost2010PropOp52
 70
     0
102
RTVSPost2010Prop53
 90
        2
102
RTVSPost2010PropOp53
 70
     1
102
RTVSPost2010Prop54
  1
strokes_ogs.tif
102
RTVSPost2010PropOp54
 70
     1
102
RTVSPost2010Prop55
280
     0
102
RTVSPost2010PropOp55
 70
     1
102
RTVSPost2010Prop56
140
1.0
102
RTVSPost2010PropOp56
 70
     1
102
RTVSPost2010Prop57
140
1.0
102
RTVSPost2010PropOp57
 70
     1
  0
XRECORD
  5
40D
102
{ACAD_REACTORS
330
40C
102
}
330
40C
100
AcDbXrecord
280
     1
102
RTVSPost2010Prop28
280
     0
102
RTVSPost2010PropOp28
 70
     1
102
RTVSPost2010Prop29
280
     1
102
RTVSPost2010PropOp29
 70
     1
102
RTVSPost2010Prop30
280
     1
102
RTVSPost2010PropOp30
 70
     1
102
RTVSPost2010Prop31
280
     0
102
RTVSPost2010PropOp31
 70
     1
102
RTVSPost2010Prop32
280
     0
102
RTVSPost2010PropOp32
 70
     1
102
RTVSPost2010Prop33
280
     0
102
RTVSPost2010PropOp33
 70
     1
102
RTVSPost2010Prop34
280
     0
102
RTVSPost2010PropOp34
 70
     1
102
RTVSPost2010Prop35
280
     0
102
RTVSPost2010PropOp35
 70
     1
102
RTVSPost2010Prop36
280
     0
102
RTVSPost2010PropOp36
 70
     1
102
RTVSPost2010Prop37
 90
       50
102
RTVSPost2010PropOp37
 70
     1
102
RTVSPost2010Prop38
140
0.0
102
RTVSPost2010PropOp38
 70
     1
102
RTVSPost2010Prop39
140
1.0
102
RTVSPost2010PropOp39
 70
     1
102
RTVSPost2010Prop40
 90
        0
102
RTVSPost2010PropOp40
 70
     1
102
RTVSPost2010Prop41ColorIndex
 90
       18
102
RTVSPost2010Prop41ColorRGB
 90
        0
102
RTVSPost2010PropOp41
 70
     1
102
RTVSPost2010Prop42
 90
       50
102
RTVSPost2010PropOp42
 70
     1
102
RTVSPost2010Prop43
 90
        3
102
RTVSPost2010PropOp43
 70
     1
102
RTVSPost2010Prop44ColorIndex
 90
        5
102
RTVSPost2010Prop44ColorRGB
 90
      255
102
RTVSPost2010PropOp44
 70
     1
102
RTVSPost2010Prop45
280
     0
102
RTVSPost2010PropOp45
 70
     1
102
RTVSPost2010Prop46
 90
       50
102
RTVSPost2010PropOp46
 70
     1
102
RTVSPost2010Prop47
 90
       50
102
RTVSPost2010PropOp47
 70
     1
102
RTVSPost2010Prop48
 90
       50
102
RTVSPost2010PropOp48
 70
     1
102
RTVSPost2010Prop49
280
     0
102
RTVSPost2010PropOp49
 70
     1
102
RTVSPost2010Prop50
 90
       50
102
RTVSPost2010PropOp50
 70
     1
102
RTVSPost2010Prop51ColorIndex
 90
      256
102
RTVSPost2010Prop51ColorRGB
 90
-16777216
102
RTVSPost2010PropOp51
 70
     0
102
RTVSPost2010Prop52
140
1.0
102
RTVSPost2010PropOp52
 70
     0
102
RTVSPost2010Prop53
 90
        2
102
RTVSPost2010PropOp53
 70
     1
102
RTVSPost2010Prop54
  1
strokes_ogs.tif
102
RTVSPost2010PropOp54
 70
     1
102
RTVSPost2010Prop55
280
     0
102
RTVSPost2010PropOp55
 70
     1
102
RTVSPost2010Prop56
140
1.0
102
RTVSPost2010PropOp56
 70
     1
102
RTVSPost2010Prop57
140
1.0
102
RTVSPost2010PropOp57
 70
     1
  0
XRECORD
  5
3FD
102
{ACAD_REACTORS
330
3FC
102
}
330
3FC
100
AcDbXrecord
280
     1
102
RTVSPost2010Prop28
280
     0
102
RTVSPost2010PropOp28
 70
     1
102
RTVSPost2010Prop29
280
     1
102
RTVSPost2010PropOp29
 70
     1
102
RTVSPost2010Prop30
280
     1
102
RTVSPost2010PropOp30
 70
     1
102
RTVSPost2010Prop31
280
     0
102
RTVSPost2010PropOp31
 70
     1
102
RTVSPost2010Prop32
280
     0
102
RTVSPost2010PropOp32
 70
     1
102
RTVSPost2010Prop33
280
     0
102
RTVSPost2010PropOp33
 70
     1
102
RTVSPost2010Prop34
280
     0
102
RTVSPost2010PropOp34
 70
     1
102
RTVSPost2010Prop35
280
     0
102
RTVSPost2010PropOp35
 70
     1
102
RTVSPost2010Prop36
280
     0
102
RTVSPost2010PropOp36
 70
     1
102
RTVSPost2010Prop37
 90
       50
102
RTVSPost2010PropOp37
 70
     1
102
RTVSPost2010Prop38
140
0.0
102
RTVSPost2010PropOp38
 70
     1
102
RTVSPost2010Prop39
140
1.0
102
RTVSPost2010PropOp39
 70
     1
102
RTVSPost2010Prop40
 90
        0
102
RTVSPost2010PropOp40
 70
     1
102
RTVSPost2010Prop41ColorIndex
 90
       18
102
RTVSPost2010Prop41ColorRGB
 90
        0
102
RTVSPost2010PropOp41
 70
     1
102
RTVSPost2010Prop42
 90
       50
102
RTVSPost2010PropOp42
 70
     1
102
RTVSPost2010Prop43
 90
        3
102
RTVSPost2010PropOp43
 70
     1
102
RTVSPost2010Prop44ColorIndex
 90
        5
102
RTVSPost2010Prop44ColorRGB
 90
      255
102
RTVSPost2010PropOp44
 70
     1
102
RTVSPost2010Prop45
280
     0
102
RTVSPost2010PropOp45
 70
     1
102
RTVSPost2010Prop46
 90
       50
102
RTVSPost2010PropOp46
 70
     1
102
RTVSPost2010Prop47
 90
       50
102
RTVSPost2010PropOp47
 70
     1
102
RTVSPost2010Prop48
 90
       50
102
RTVSPost2010PropOp48
 70
     1
102
RTVSPost2010Prop49
280
     0
102
RTVSPost2010PropOp49
 70
     1
102
RTVSPost2010Prop50
 90
       50
102
RTVSPost2010PropOp50
 70
     1
102
RTVSPost2010Prop51ColorIndex
 90
      256
102
RTVSPost2010Prop51ColorRGB
 90
-16777216
102
RTVSPost2010PropOp51
 70
     0
102
RTVSPost2010Prop52
140
1.0
102
RTVSPost2010PropOp52
 70
     0
102
RTVSPost2010Prop53
 90
        2
102
RTVSPost2010PropOp53
 70
     1
102
RTVSPost2010Prop54
  1
strokes_ogs.tif
102
RTVSPost2010PropOp54
 70
     1
102
RTVSPost2010Prop55
280
     0
102
RTVSPost2010PropOp55
 70
     1
102
RTVSPost2010Prop56
140
1.0
102
RTVSPost2010PropOp56
 70
     1
102
RTVSPost2010Prop57
140
1.0
102
RTVSPost2010PropOp57
 70
     1
  0
XRECORD
  5
3EF
102
{ACAD_REACTORS
330
3EE
102
}
330
3EE
100
AcDbXrecord
280
     1
102
RTVSPost2010Prop28
280
     0
102
RTVSPost2010PropOp28
 70
     1
102
RTVSPost2010Prop29
280
     1
102
RTVSPost2010PropOp29
 70
     1
102
RTVSPost2010Prop30
280
     1
102
RTVSPost2010PropOp30
 70
     1
102
RTVSPost2010Prop31
280
     0
102
RTVSPost2010PropOp31
 70
     1
102
RTVSPost2010Prop32
280
     0
102
RTVSPost2010PropOp32
 70
     1
102
RTVSPost2010Prop33
280
     0
102
RTVSPost2010PropOp33
 70
     1
102
RTVSPost2010Prop34
280
     0
102
RTVSPost2010PropOp34
 70
     1
102
RTVSPost2010Prop35
280
     0
102
RTVSPost2010PropOp35
 70
     1
102
RTVSPost2010Prop36
280
     0
102
RTVSPost2010PropOp36
 70
     1
102
RTVSPost2010Prop37
 90
       50
102
RTVSPost2010PropOp37
 70
     1
102
RTVSPost2010Prop38
140
0.0
102
RTVSPost2010PropOp38
 70
     1
102
RTVSPost2010Prop39
140
1.0
102
RTVSPost2010PropOp39
 70
     1
102
RTVSPost2010Prop40
 90
        0
102
RTVSPost2010PropOp40
 70
     1
102
RTVSPost2010Prop41ColorIndex
 90
       18
102
RTVSPost2010Prop41ColorRGB
 90
        0
102
RTVSPost2010PropOp41
 70
     1
102
RTVSPost2010Prop42
 90
       50
102
RTVSPost2010PropOp42
 70
     1
102
RTVSPost2010Prop43
 90
        3
102
RTVSPost2010PropOp43
 70
     1
102
RTVSPost2010Prop44ColorIndex
 90
        5
102
RTVSPost2010Prop44ColorRGB
 90
      255
102
RTVSPost2010PropOp44
 70
     1
102
RTVSPost2010Prop45
280
     0
102
RTVSPost2010PropOp45
 70
     1
102
RTVSPost2010Prop46
 90
       50
102
RTVSPost2010PropOp46
 70
     1
102
RTVSPost2010Prop47
 90
       50
102
RTVSPost2010PropOp47
 70
     1
102
RTVSPost2010Prop48
 90
       50
102
RTVSPost2010PropOp48
 70
     1
102
RTVSPost2010Prop49
280
     0
102
RTVSPost2010PropOp49
 70
     1
102
RTVSPost2010Prop50
 90
       50
102
RTVSPost2010PropOp50
 70
     1
102
RTVSPost2010Prop51ColorIndex
 90
      256
102
RTVSPost2010Prop51ColorRGB
 90
-16777216
102
RTVSPost2010PropOp51
 70
     0
102
RTVSPost2010Prop52
140
1.0
102
RTVSPost2010PropOp52
 70
     0
102
RTVSPost2010Prop53
 90
        2
102
RTVSPost2010PropOp53
 70
     1
102
RTVSPost2010Prop54
  1
strokes_ogs.tif
102
RTVSPost2010PropOp54
 70
     1
102
RTVSPost2010Prop55
280
     0
102
RTVSPost2010PropOp55
 70
     1
102
RTVSPost2010Prop56
140
1.0
102
RTVSPost2010PropOp56
 70
     1
102
RTVSPost2010Prop57
140
1.0
102
RTVSPost2010PropOp57
 70
     1
  0
XRECORD
  5
40F
102
{ACAD_REACTORS
330
40E
102
}
330
40E
100
AcDbXrecord
280
     1
102
RTVSPost2010Prop28
280
     0
102
RTVSPost2010PropOp28
 70
     1
102
RTVSPost2010Prop29
280
     1
102
RTVSPost2010PropOp29
 70
     1
102
RTVSPost2010Prop30
280
     1
102
RTVSPost2010PropOp30
 70
     1
102
RTVSPost2010Prop31
280
     0
102
RTVSPost2010PropOp31
 70
     1
102
RTVSPost2010Prop32
280
     0
102
RTVSPost2010PropOp32
 70
     1
102
RTVSPost2010Prop33
280
     0
102
RTVSPost2010PropOp33
 70
     1
102
RTVSPost2010Prop34
280
     0
102
RTVSPost2010PropOp34
 70
     1
102
RTVSPost2010Prop35
280
     0
102
RTVSPost2010PropOp35
 70
     1
102
RTVSPost2010Prop36
280
     0
102
RTVSPost2010PropOp36
 70
     1
102
RTVSPost2010Prop37
 90
       50
102
RTVSPost2010PropOp37
 70
     1
102
RTVSPost2010Prop38
140
0.0
102
RTVSPost2010PropOp38
 70
     1
102
RTVSPost2010Prop39
140
1.0
102
RTVSPost2010PropOp39
 70
     1
102
RTVSPost2010Prop40
 90
        0
102
RTVSPost2010PropOp40
 70
     1
102
RTVSPost2010Prop41ColorIndex
 90
       18
102
RTVSPost2010Prop41ColorRGB
 90
        0
102
RTVSPost2010PropOp41
 70
     1
102
RTVSPost2010Prop42
 90
       50
102
RTVSPost2010PropOp42
 70
     1
102
RTVSPost2010Prop43
 90
        3
102
RTVSPost2010PropOp43
 70
     1
102
RTVSPost2010Prop44ColorIndex
 90
        5
102
RTVSPost2010Prop44ColorRGB
 90
      255
102
RTVSPost2010PropOp44
 70
     1
102
RTVSPost2010Prop45
280
     0
102
RTVSPost2010PropOp45
 70
     1
102
RTVSPost2010Prop46
 90
       50
102
RTVSPost2010PropOp46
 70
     1
102
RTVSPost2010Prop47
 90
       50
102
RTVSPost2010PropOp47
 70
     1
102
RTVSPost2010Prop48
 90
       50
102
RTVSPost2010PropOp48
 70
     1
102
RTVSPost2010Prop49
280
     0
102
RTVSPost2010PropOp49
 70
     1
102
RTVSPost2010Prop50
 90
       50
102
RTVSPost2010PropOp50
 70
     1
102
RTVSPost2010Prop51ColorIndex
 90
      256
102
RTVSPost2010Prop51ColorRGB
 90
-16777216
102
RTVSPost2010PropOp51
 70
     0
102
RTVSPost2010Prop52
140
1.0
102
RTVSPost2010PropOp52
 70
     0
102
RTVSPost2010Prop53
 90
        2
102
RTVSPost2010PropOp53
 70
     1
102
RTVSPost2010Prop54
  1
strokes_ogs.tif
102
RTVSPost2010PropOp54
 70
     1
102
RTVSPost2010Prop55
280
     0
102
RTVSPost2010PropOp55
 70
     1
102
RTVSPost2010Prop56
140
1.0
102
RTVSPost2010PropOp56
 70
     1
102
RTVSPost2010Prop57
140
1.0
102
RTVSPost2010PropOp57
 70
     1
  0
ENDSEC
  0
EOF
