  0
SECTION
  2
HEADER
  9
$ACADVER
  1
AC1024
  9
$ACADMAINTVER
 70
     6
  9
$DWGCODEPAGE
  3
ANSI_1251
  9
$INSBASE
 10
0.0
 20
0.0
 30
0.0
  9
$EXTMIN
 10
1.000000000000000E+20
 20
1.000000000000000E+20
 30
1.000000000000000E+20
  9
$EXTMAX
 10
-1.000000000000000E+20
 20
-1.000000000000000E+20
 30
-1.000000000000000E+20
  9
$LIMMIN
 10
0.0
 20
0.0
  9
$LIMMAX
 10
420.0
 20
297.0
  9
$ORTHOMODE
 70
     0
  9
$REGENMODE
 70
     1
  9
$FILLMODE
 70
     1
  9
$QTEXTMODE
 70
     0
  9
$MIRRTEXT
 70
     1
  9
$LTSCALE
 40
1.0
  9
$ATTMODE
 70
     1
  9
$TEXTSIZE
 40
2.5
  9
$TRACEWID
 40
1.0
  9
$TEXTSTYLE
  7
Standard
  9
$CLAYER
  8
0
  9
$CELTYPE
  6
ByLayer
  9
$CECOLOR
 62
   256
  9
$CELTSCALE
 40
1.0
  9
$DISPSILH
 70
     0
  9
$DIMSCALE
 40
1.0
  9
$DIMASZ
 40
2.5
  9
$DIMEXO
 40
0.625
  9
$DIMDLI
 40
3.75
  9
$DIMRND
 40
0.01
  9
$DIMDLE
 40
0.0
  9
$DIMEXE
 40
1.25
  9
$DIMTP
 40
0.0
  9
$DIMTM
 40
0.0
  9
$DIMTXT
 40
2.5
  9
$DIMCEN
 40
2.5
  9
$DIMTSZ
 40
0.0
  9
$DIMTOL
 70
     0
  9
$DIMLIM
 70
     0
  9
$DIMTIH
 70
     0
  9
$DIMTOH
 70
     0
  9
$DIMSE1
 70
     0
  9
$DIMSE2
 70
     0
  9
$DIMTAD
 70
     1
  9
$DIMZIN
 70
     8
  9
$DIMBLK
  1

  9
$DIMASO
 70
     1
  9
$DIMSHO
 70
     1
  9
$DIMPOST
  1

  9
$DIMAPOST
  1

  9
$DIMALT
 70
     0
  9
$DIMALTD
 70
     3
  9
$DIMALTF
 40
0.0393700787401575
  9
$DIMLFAC
 40
1.0
  9
$DIMTOFL
 70
     1
  9
$DIMTVP
 40
0.0
  9
$DIMTIX
 70
     0
  9
$DIMSOXD
 70
     0
  9
$DIMSAH
 70
     0
  9
$DIMBLK1
  1

  9
$DIMBLK2
  1

  9
$DIMSTYLE
  2
ISO-25
  9
$DIMCLRD
 70
     0
  9
$DIMCLRE
 70
     0
  9
$DIMCLRT
 70
     0
  9
$DIMTFAC
 40
1.0
  9
$DIMGAP
 40
0.7
  9
$DIMJUST
 70
     0
  9
$DIMSD1
 70
     0
  9
$DIMSD2
 70
     0
  9
$DIMTOLJ
 70
     0
  9
$DIMTZIN
 70
     8
  9
$DIMALTZ
 70
     0
  9
$DIMALTTZ
 70
     0
  9
$DIMUPT
 70
     0
  9
$DIMDEC
 70
     2
  9
$DIMTDEC
 70
     2
  9
$DIMALTU
 70
     2
  9
$DIMALTTD
 70
     3
  9
$DIMTXSTY
  7
Standard
  9
$DIMAUNIT
 70
     0
  9
$DIMADEC
 70
     2
  9
$DIMALTRND
 40
0.0
  9
$DIMAZIN
 70
     0
  9
$DIMDSEP
 70
    44
  9
$DIMATFIT
 70
     3
  9
$DIMFRAC
 70
     2
  9
$DIMLDRBLK
  1

  9
$DIMLUNIT
 70
     2
  9
$DIMLWD
 70
    15
  9
$DIMLWE
 70
    15
  9
$DIMTMOVE
 70
     0
  9
$DIMFXL
 40
1.0
  9
$DIMFXLON
 70
     0
  9
$DIMJOGANG
 40
0.7853981633974483
  9
$DIMTFILL
 70
     0
  9
$DIMTFILLCLR
 70
     0
  9
$DIMARCSYM
 70
     0
  9
$DIMLTYPE
  6

  9
$DIMLTEX1
  6

  9
$DIMLTEX2
  6

  9
$DIMTXTDIRECTION
 70
     0
  9
$LUNITS
 70
     2
  9
$LUPREC
 70
     4
  9
$SKETCHINC
 40
1.0
  9
$FILLETRAD
 40
0.0
  9
$AUNITS
 70
     0
  9
$AUPREC
 70
     0
  9
$MENU
  1
.
  9
$ELEVATION
 40
0.0
  9
$PELEVATION
 40
0.0
  9
$THICKNESS
 40
0.0
  9
$LIMCHECK
 70
     0
  9
$CHAMFERA
 40
0.0
  9
$CHAMFERB
 40
0.0
  9
$CHAMFERC
 40
0.0
  9
$CHAMFERD
 40
0.0
  9
$SKPOLY
 70
     0
  9
$TDCREATE
 40
2460929.744362836
  9
$TDUCREATE
 40
2460929.661029503
  9
$TDUPDATE
 40
2460929.744362836
  9
$TDUUPDATE
 40
2460929.661029503
  9
$TDINDWG
 40
0.0000000116
  9
$TDUSRTIMER
 40
0.0000000116
  9
$USRTIMER
 70
     1
  9
$ANGBASE
 50
0.0
  9
$ANGDIR
 70
     0
  9
$PDMODE
 70
     0
  9
$PDSIZE
 40
0.0
  9
$PLINEWID
 40
0.0
  9
$SPLFRAME
 70
     0
  9
$SPLINETYPE
 70
     6
  9
$SPLINESEGS
 70
     8
  9
$HANDSEED
  5
3C6
  9
$SURFTAB1
 70
     6
  9
$SURFTAB2
 70
     6
  9
$SURFTYPE
 70
     6
  9
$SURFU
 70
     6
  9
$SURFV
 70
     6
  9
$UCSBASE
  2

  9
$UCSNAME
  2

  9
$UCSORG
 10
0.0
 20
0.0
 30
0.0
  9
$UCSXDIR
 10
1.0
 20
0.0
 30
0.0
  9
$UCSYDIR
 10
0.0
 20
1.0
 30
0.0
  9
$UCSORTHOREF
  2

  9
$UCSORTHOVIEW
 70
     0
  9
$UCSORGTOP
 10
0.0
 20
0.0
 30
0.0
  9
$UCSORGBOTTOM
 10
0.0
 20
0.0
 30
0.0
  9
$UCSORGLEFT
 10
0.0
 20
0.0
 30
0.0
  9
$UCSORGRIGHT
 10
0.0
 20
0.0
 30
0.0
  9
$UCSORGFRONT
 10
0.0
 20
0.0
 30
0.0
  9
$UCSORGBACK
 10
0.0
 20
0.0
 30
0.0
  9
$PUCSBASE
  2

  9
$PUCSNAME
  2

  9
$PUCSORG
 10
0.0
 20
0.0
 30
0.0
  9
$PUCSXDIR
 10
1.0
 20
0.0
 30
0.0
  9
$PUCSYDIR
 10
0.0
 20
1.0
 30
0.0
  9
$PUCSORTHOREF
  2

  9
$PUCSORTHOVIEW
 70
     0
  9
$PUCSORGTOP
 10
0.0
 20
0.0
 30
0.0
  9
$PUCSORGBOTTOM
 10
0.0
 20
0.0
 30
0.0
  9
$PUCSORGLEFT
 10
0.0
 20
0.0
 30
0.0
  9
$PUCSORGRIGHT
 10
0.0
 20
0.0
 30
0.0
  9
$PUCSORGFRONT
 10
0.0
 20
0.0
 30
0.0
  9
$PUCSORGBACK
 10
0.0
 20
0.0
 30
0.0
  9
$USERI1
 70
     0
  9
$USERI2
 70
     0
  9
$USERI3
 70
     0
  9
$USERI4
 70
     0
  9
$USERI5
 70
     0
  9
$USERR1
 40
0.0
  9
$USERR2
 40
0.0
  9
$USERR3
 40
0.0
  9
$USERR4
 40
0.0
  9
$USERR5
 40
0.0
  9
$WORLDVIEW
 70
     1
  9
$SHADEDGE
 70
     3
  9
$SHADEDIF
 70
    70
  9
$TILEMODE
 70
     0
  9
$MAXACTVP
 70
    64
  9
$PINSBASE
 10
0.0
 20
0.0
 30
0.0
  9
$PLIMCHECK
 70
     0
  9
$PEXTMIN
 10
0.0
 20
0.0
 30
0.0
  9
$PEXTMAX
 10
0.0
 20
0.0
 30
0.0
  9
$PLIMMIN
 10
-20.0
 20
-7.5
  9
$PLIMMAX
 10
277.0
 20
202.5
  9
$UNITMODE
 70
     0
  9
$VISRETAIN
 70
     1
  9
$PLINEGEN
 70
     0
  9
$PSLTSCALE
 70
     1
  9
$TREEDEPTH
 70
  3020
  9
$CMLSTYLE
  2
Standard
  9
$CMLJUST
 70
     0
  9
$CMLSCALE
 40
20.0
  9
$PROXYGRAPHICS
 70
     1
  9
$MEASUREMENT
 70
     1
  9
$CELWEIGHT
370
    -1
  9
$ENDCAPS
280
     0
  9
$JOINSTYLE
280
     0
  9
$LWDISPLAY
290
     0
  9
$INSUNITS
 70
     4
  9
$HYPERLINKBASE
  1

  9
$STYLESHEET
  1

  9
$XEDIT
290
     1
  9
$CEPSNTYPE
380
     0
  9
$PSTYLEMODE
290
     1
  9
$FINGERPRINTGUID
  2
{b74f1d49-6499-56d9-ef0b-031c1b65c387}
  9
$VERSIONGUID
  2
{FAEB1C32-E019-11D5-929B-00C0DF256EC4}
  9
$EXTNAMES
290
     1
  9
$PSVPSCALE
 40
0.0
  9
$OLESTARTUP
290
     0
  9
$SORTENTS
280
   127
  9
$INDEXCTL
280
     0
  9
$HIDETEXT
280
     1
  9
$XCLIPFRAME
280
     2
  9
$HALOGAP
280
     0
  9
$OBSCOLOR
 70
   257
  9
$OBSLTYPE
280
     0
  9
$INTERSECTIONDISPLAY
280
     0
  9
$INTERSECTIONCOLOR
 70
   257
  9
$DIMASSOC
280
     2
  9
$PROJECTNAME
  1

  9
$CAMERADISPLAY
290
     0
  9
$LENSLENGTH
 40
50.0
  9
$CAMERAHEIGHT
 40
0.0
  9
$STEPSPERSEC
 40
2.0
  9
$STEPSIZE
 40
6.0
  9
$3DDWFPREC
 40
2.0
  9
$PSOLWIDTH
 40
5.0
  9
$PSOLHEIGHT
 40
80.0
  9
$LOFTANG1
 40
1.570796326794897
  9
$LOFTANG2
 40
1.570796326794897
  9
$LOFTMAG1
 40
0.0
  9
$LOFTMAG2
 40
0.0
  9
$LOFTPARAM
 70
     7
  9
$LOFTNORMALS
280
     1
  9
$LATITUDE
 40
37.795
  9
$LONGITUDE
 40
-122.394
  9
$NORTHDIRECTION
 40
0.0
  9
$TIMEZONE
 70
 -8000
  9
$LIGHTGLYPHDISPLAY
280
     1
  9
$TILEMODELIGHTSYNCH
280
     1
  9
$CMATERIAL
347
44
  9
$SOLIDHIST
280
     0
  9
$SHOWHIST
280
     1
  9
$DWFFRAME
280
     2
  9
$DGNFRAME
280
     2
  9
$REALWORLDSCALE
290
     1
  9
$INTERFERECOLOR
 62
   256
  9
$CSHADOW
280
     0
  9
$SHADOWPLANELOCATION
 40
0.0
  0
ENDSEC
  0
SECTION
  2
CLASSES
  0
CLASS
  1
ACDBDICTIONARYWDFLT
  2
AcDbDictionaryWithDefault
  3
ObjectDBX Classes
 90
        0
 91
        3
280
     0
281
     0
  0
CLASS
  1
VISUALSTYLE
  2
AcDbVisualStyle
  3
ObjectDBX Classes
 90
     4095
 91
        3
280
     0
281
     0
  0
CLASS
  1
MATERIAL
  2
AcDbMaterial
  3
ObjectDBX Classes
 90
     1153
 91
        3
280
     0
281
     0
  0
CLASS
  1
SCALE
  2
AcDbScale
  3
ObjectDBX Classes
 90
     1153
 91
        3
280
     0
281
     0
  0
CLASS
  1
TABLESTYLE
  2
AcDbTableStyle
  3
ObjectDBX Classes
 90
     4095
 91
        3
280
     0
281
     0
  0
CLASS
  1
MLEADERSTYLE
  2
AcDbMLeaderStyle
  3
ACDB_MLEADERSTYLE_CLASS
 90
     4095
 91
        3
280
     0
281
     0
  0
CLASS
  1
SUN
  2
AcDbSun
  3
SCENEOE
 90
     1153
 91
        3
280
     0
281
     0
  0
CLASS
  1
DICTIONARYVAR
  2
AcDbDictionaryVar
  3
ObjectDBX Classes
 90
        0
 91
        3
280
     0
281
     0
  0
CLASS
  1
CELLSTYLEMAP
  2
AcDbCellStyleMap
  3
ObjectDBX Classes
 90
     1152
 91
        3
280
     0
281
     0
  0
ENDSEC
  0
SECTION
  2
TABLES
  0
TABLE
  2
VPORT
  5
8
330
0
100
AcDbSymbolTable
 70
     1
  0
VPORT
  5
29
330
8
100
AcDbSymbolTableRecord
100
AcDbViewportTableRecord
  2
*Active
 70
     0
 10
0.0
 20
0.0
 11
1.0
 21
1.0
 12
148.5
 22
105.0
 13
0.0
 23
0.0
 14
10.0
 24
10.0
 15
10.0
 25
10.0
 16
0.0
 26
0.0
 36
1.0
 17
0.0
 27
0.0
 37
0.0
 40
210.0
 41
1.414285714285714
 42
50.0
 43
0.0
 44
0.0
 50
0.0
 51
0.0
 71
     0
 72
   100
 73
     1
 74
     3
 75
     0
 76
     0
 77
     0
 78
     0
281
     0
 65
     1
110
0.0
120
0.0
130
0.0
111
1.0
121
0.0
131
0.0
112
0.0
122
1.0
132
0.0
 79
     0
146
0.0
348
2F
 60
     3
 61
     5
292
     1
282
     1
141
0.0
142
0.0
 63
   250
361
5D
  0
ENDTAB
  0
TABLE
  2
LTYPE
  5
5
330
0
100
AcDbSymbolTable
 70
     6
  0
LTYPE
  5
14
330
5
100
AcDbSymbolTableRecord
100
AcDbLinetypeTableRecord
  2
ByBlock
 70
     0
  3

 72
    65
 73
     0
 40
0.0
  0
LTYPE
  5
15
330
5
100
AcDbSymbolTableRecord
100
AcDbLinetypeTableRecord
  2
ByLayer
 70
     0
  3

 72
    65
 73
     0
 40
0.0
  0
LTYPE
  5
16
330
5
100
AcDbSymbolTableRecord
100
AcDbLinetypeTableRecord
  2
Continuous
 70
     0
  3
Solid line
 72
    65
 73
     0
 40
0.0
  0
LTYPE
  5
61
330
5
100
AcDbSymbolTableRecord
100
AcDbLinetypeTableRecord
  2
CenterLine
 70
     0
  3

 72
    65
 73
     4
 40
8.0
 49
5.0
 74
     0
 49
-1.0
 74
     0
 49
1.0
 74
     0
 49
-1.0
 74
     0
  0
LTYPE
  5
62
330
5
100
AcDbSymbolTableRecord
100
AcDbLinetypeTableRecord
  2
DraftedLine
 70
     0
  3

 72
    65
 73
     2
 40
3.0
 49
2.0
 74
     0
 49
-1.0
 74
     0
  0
LTYPE
  5
63
330
5
100
AcDbSymbolTableRecord
100
AcDbLinetypeTableRecord
  2
SectionLineISO
 70
     0
  3

 72
    65
 73
     5
 40
13.75833333333342
 49
4.23333333333336
 74
     0
 49
-2.11666666666668
 74
     0
 49
1.05833333333334
 74
     0
 49
-2.11666666666668
 74
     0
 49
4.23333333333336
 74
     0
  0
LTYPE
  5
64
330
5
100
AcDbSymbolTableRecord
100
AcDbLinetypeTableRecord
  2
SectionLineANSI
 70
     0
  3

 72
    65
 73
     7
 40
11.99444444444452
 49
4.23333333333336
 74
     0
 49
-1.05833333333334
 74
     0
 49
0.17638888888889
 74
     0
 49
-1.05833333333334
 74
     0
 49
0.17638888888889
 74
     0
 49
-1.05833333333334
 74
     0
 49
4.23333333333336
 74
     0
  0
LTYPE
  5
65
330
5
100
AcDbSymbolTableRecord
100
AcDbLinetypeTableRecord
  2
DetailCircleISO
 70
     0
  3

 72
    65
 73
     5
 40
13.75833333333342
 49
4.23333333333336
 74
     0
 49
-2.11666666666668
 74
     0
 49
1.05833333333334
 74
     0
 49
-2.11666666666668
 74
     0
 49
4.23333333333336
 74
     0
  0
ENDTAB
  0
TABLE
  2
LAYER
  5
2
330
0
100
AcDbSymbolTable
 70
     4
  0
LAYER
  5
10
330
2
100
AcDbSymbolTableRecord
100
AcDbLayerTableRecord
  2
0
 70
     0
 62
     7
  6
Continuous
370
    -3
390
F
347
46
  0
LAYER
  5
5E
330
2
100
AcDbSymbolTableRecord
100
AcDbLayerTableRecord
  2
Geometries
 70
     0
 62
     7
  6
Continuous
370
    -3
390
F
347
46
  0
LAYER
  5
5F
330
2
100
AcDbSymbolTableRecord
100
AcDbLayerTableRecord
  2
Annotations
 70
     0
 62
     7
  6
Continuous
370
    -3
390
F
347
46
  0
LAYER
  5
60
330
2
100
AcDbSymbolTableRecord
100
AcDbLayerTableRecord
  2
Border
 70
     0
 62
     7
  6
Continuous
370
    -3
390
F
347
46
  0
ENDTAB
  0
TABLE
  2
STYLE
  5
3
330
0
100
AcDbSymbolTable
 70
    20
  0
STYLE
  5
11
330
3
100
AcDbSymbolTableRecord
100
AcDbTextStyleTableRecord
  2
Standard
 70
     0
 40
0.0
 41
1.0
 50
0.0
 71
     0
 42
2.5
  3
txt
  4

  0
STYLE
  5
66
330
3
100
AcDbSymbolTableRecord
100
AcDbTextStyleTableRecord
  2
Shapr0
 70
     0
 40
2.3925
 41
1.0
 50
0.0
 71
     0
 42
2.5
  3

  4

  0
STYLE
  5
67
330
3
100
AcDbSymbolTableRecord
100
AcDbTextStyleTableRecord
  2
Shapr1
 70
     0
 40
2.3925
 41
1.0
 50
0.0
 71
     0
 42
2.5
  3

  4

  0
STYLE
  5
68
330
3
100
AcDbSymbolTableRecord
100
AcDbTextStyleTableRecord
  2
Shapr2
 70
     0
 40
2.3925
 41
1.0
 50
0.0
 71
     0
 42
2.5
  3

  4

  0
STYLE
  5
69
330
3
100
AcDbSymbolTableRecord
100
AcDbTextStyleTableRecord
  2
Shapr3
 70
     0
 40
2.3925
 41
1.0
 50
0.0
 71
     0
 42
2.5
  3

  4

  0
STYLE
  5
6A
330
3
100
AcDbSymbolTableRecord
100
AcDbTextStyleTableRecord
  2
Shapr4
 70
     0
 40
2.3925
 41
1.0
 50
0.0
 71
     0
 42
2.5
  3

  4

  0
STYLE
  5
6B
330
3
100
AcDbSymbolTableRecord
100
AcDbTextStyleTableRecord
  2
Shapr5
 70
     0
 40
2.3925
 41
1.0
 50
0.0
 71
     0
 42
2.5
  3

  4

  0
STYLE
  5
6C
330
3
100
AcDbSymbolTableRecord
100
AcDbTextStyleTableRecord
  2
Shapr6
 70
     0
 40
2.3925
 41
1.0
 50
0.0
 71
     0
 42
2.5
  3

  4

  0
STYLE
  5
6D
330
3
100
AcDbSymbolTableRecord
100
AcDbTextStyleTableRecord
  2
Shapr7
 70
     0
 40
2.3925
 41
1.0
 50
0.0
 71
     0
 42
2.5
  3

  4

  0
STYLE
  5
6E
330
3
100
AcDbSymbolTableRecord
100
AcDbTextStyleTableRecord
  2
Shapr8
 70
     0
 40
2.3925
 41
1.0
 50
0.0
 71
     0
 42
2.5
  3

  4

  0
STYLE
  5
6F
330
3
100
AcDbSymbolTableRecord
100
AcDbTextStyleTableRecord
  2
Shapr9
 70
     0
 40
2.3925
 41
1.0
 50
0.0
 71
     0
 42
2.5
  3

  4

  0
STYLE
  5
70
330
3
100
AcDbSymbolTableRecord
100
AcDbTextStyleTableRecord
  2
Shapr10
 70
     0
 40
2.3925
 41
1.0
 50
0.0
 71
     0
 42
2.5
  3

  4

  0
STYLE
  5
71
330
3
100
AcDbSymbolTableRecord
100
AcDbTextStyleTableRecord
  2
Shapr11
 70
     0
 40
2.3925
 41
1.0
 50
0.0
 71
     0
 42
2.5
  3

  4

  0
STYLE
  5
72
330
3
100
AcDbSymbolTableRecord
100
AcDbTextStyleTableRecord
  2
Shapr12
 70
     0
 40
2.3925
 41
1.0
 50
0.0
 71
     0
 42
2.5
  3

  4

  0
STYLE
  5
73
330
3
100
AcDbSymbolTableRecord
100
AcDbTextStyleTableRecord
  2
Shapr13
 70
     0
 40
2.3925
 41
1.0
 50
0.0
 71
     0
 42
2.5
  3

  4

  0
STYLE
  5
74
330
3
100
AcDbSymbolTableRecord
100
AcDbTextStyleTableRecord
  2
Shapr14
 70
     0
 40
2.3925
 41
1.0
 50
0.0
 71
     0
 42
2.5
  3

  4

  0
STYLE
  5
75
330
3
100
AcDbSymbolTableRecord
100
AcDbTextStyleTableRecord
  2
Shapr15
 70
     0
 40
2.3925
 41
1.0
 50
0.0
 71
     0
 42
2.5
  3

  4

  0
STYLE
  5
76
330
3
100
AcDbSymbolTableRecord
100
AcDbTextStyleTableRecord
  2
Shapr16
 70
     0
 40
2.3925
 41
1.0
 50
0.0
 71
     0
 42
2.5
  3

  4

  0
STYLE
  5
77
330
3
100
AcDbSymbolTableRecord
100
AcDbTextStyleTableRecord
  2
Shapr17
 70
     0
 40
2.3925
 41
1.0
 50
0.0
 71
     0
 42
2.5
  3

  4

  0
STYLE
  5
78
330
3
100
AcDbSymbolTableRecord
100
AcDbTextStyleTableRecord
  2
Shapr18
 70
     0
 40
2.3925
 41
1.0
 50
0.0
 71
     0
 42
2.5
  3

  4

  0
ENDTAB
  0
TABLE
  2
VIEW
  5
6
330
0
100
AcDbSymbolTable
 70
     0
  0
ENDTAB
  0
TABLE
  2
UCS
  5
7
330
0
100
AcDbSymbolTable
 70
     0
  0
ENDTAB
  0
TABLE
  2
APPID
  5
9
330
0
100
AcDbSymbolTable
 70
     1
  0
APPID
  5
12
330
9
100
AcDbSymbolTableRecord
100
AcDbRegAppTableRecord
  2
ACAD
 70
     0
  0
ENDTAB
  0
TABLE
  2
DIMSTYLE
  5
A
330
0
100
AcDbSymbolTable
 70
     1
100
AcDbDimStyleTable
  0
DIMSTYLE
105
27
330
A
100
AcDbSymbolTableRecord
100
AcDbDimStyleTableRecord
  2
ISO-25
 70
     0
 41
2.5
 42
0.625
 43
3.75
 44
1.25
 73
     0
 74
     0
 77
     1
 78
     8
140
2.5
141
2.5
143
0.0393700787401575
147
0.625
171
     3
172
     1
178
     0
271
     2
272
     2
274
     3
278
    44
283
     0
284
     8
340
11
  0
ENDTAB
  0
TABLE
  2
BLOCK_RECORD
  5
1
330
0
100
AcDbSymbolTable
 70
     2
  0
BLOCK_RECORD
  5
1F
330
1
100
AcDbSymbolTableRecord
100
AcDbBlockTableRecord
  2
*Model_Space
340
22
 70
     4
280
     1
281
     0
  0
BLOCK_RECORD
  5
79
330
1
100
AcDbSymbolTableRecord
100
AcDbBlockTableRecord
  2
*Paper_Space
340
7A
 70
     0
280
     1
281
     0
  0
BLOCK_RECORD
  5
23
330
1
100
AcDbSymbolTableRecord
100
AcDbBlockTableRecord
  2
*Paper_Space0
340
26
 70
     0
280
     1
281
     0
  0
BLOCK_RECORD
  5
1B
330
1
100
AcDbSymbolTableRecord
100
AcDbBlockTableRecord
  2
*Paper_Space1
340
1E
 70
     4
280
     1
281
     0
  0
ENDTAB
  0
ENDSEC
  0
SECTION
  2
BLOCKS
  0
BLOCK
  5
20
330
1F
100
AcDbEntity
  8
0
100
AcDbBlockBegin
  2
*Model_Space
 70
     0
 10
0.0
 20
0.0
 30
0.0
  3
*Model_Space
  1

  0
ENDBLK
  5
21
330
1F
100
AcDbEntity
  8
0
100
AcDbBlockEnd
  0
BLOCK
  5
7B
330
79
100
AcDbEntity
 67
     1
  8
0
100
AcDbBlockBegin
  2
*Paper_Space
 70
     0
 10
0.0
 20
0.0
 30
0.0
  3
*Paper_Space
  1

  0
ENDBLK
  5
7C
330
79
100
AcDbEntity
 67
     1
  8
0
100
AcDbBlockEnd
  0
BLOCK
  5
24
330
23
100
AcDbEntity
  8
0
100
AcDbBlockBegin
  2
*Paper_Space0
 70
     0
 10
0.0
 20
0.0
 30
0.0
  3
*Paper_Space0
  1

  0
ENDBLK
  5
25
330
23
100
AcDbEntity
  8
0
100
AcDbBlockEnd
  0
BLOCK
  5
1C
330
1B
100
AcDbEntity
  8
0
100
AcDbBlockBegin
  2
*Paper_Space1
 70
     0
 10
0.0
 20
0.0
 30
0.0
  3
*Paper_Space1
  1

  0
ENDBLK
  5
1D
330
1B
100
AcDbEntity
  8
0
100
AcDbBlockEnd
  0
ENDSEC
  0
SECTION
  2
ENTITIES
  0
LINE
  5
81
330
1F
100
AcDbEntity
  8
Geometries
  6
Continuous
370
    13
100
AcDbLine
 10
89.33888980987936
 20
124.1068054585487
 30
0.0
 11
89.39653971667136
 21
124.1519269414228
 31
0.0
  0
LINE
  5
82
330
1F
100
AcDbEntity
  8
Geometries
  6
Continuous
370
    13
100
AcDbLine
 10
94.43519207347975
 20
125.9899554357433
 30
0.0
 11
94.50493144765116
 21
126.005154265725
 31
0.0
  0
LINE
  5
83
330
1F
100
AcDbEntity
  8
Geometries
  6
Continuous
370
    13
100
AcDbLine
 10
110.7001749321522
 20
127.9087433607855
 30
0.0
 11
111.0708051073452
 21
127.9300769335844
 31
0.0
  0
LINE
  5
84
330
1F
100
AcDbEntity
  8
Geometries
  6
Continuous
370
    13
100
AcDbLine
 10
137.4994874044382
 20
128.3371641888288
 30
0.0
 11
138.3763992729234
 21
128.3233036533631
 31
0.0
  0
LINE
  5
85
330
1F
100
AcDbEntity
  8
Geometries
  6
Continuous
370
    13
100
AcDbLine
 10
133.1540997794871
 20
117.6136762230687
 30
0.0
 11
132.6615776562362
 21
117.6101943797764
 31
0.0
  0
LINE
  5
86
330
1F
100
AcDbEntity
  8
Geometries
  6
Continuous
370
    13
100
AcDbLine
 10
99.93356618561964
 20
126.9271064688268
 30
0.0
 11
100.180930578429
 21
126.9591716510542
 31
0.0
  0
LINE
  5
87
330
1F
100
AcDbEntity
  8
Geometries
  6
Continuous
370
    13
100
AcDbLine
 10
89.83586833132634
 20
121.5356071764187
 30
0.0
 11
89.70343271544553
 21
121.6254429041527
 31
0.0
  0
LINE
  5
88
330
1F
100
AcDbEntity
  8
Geometries
  6
Continuous
370
    13
100
AcDbLine
 10
111.074362816688
 20
118.0704256797975
 30
0.0
 11
110.8108846448746
 21
118.0854682325558
 31
0.0
  0
LINE
  5
89
330
1F
100
AcDbEntity
  8
Geometries
  6
Continuous
370
    13
100
AcDbLine
 10
101.6217403739483
 20
118.8644699049825
 30
0.0
 11
101.5836314257232
 21
118.8689844321901
 31
0.0
  0
LINE
  5
8A
330
1F
100
AcDbEntity
  8
Geometries
  6
Continuous
370
    13
100
AcDbLine
 10
177.3151603442878
 20
119.2467577398158
 30
0.0
 11
176.7486770745975
 21
119.2137661335256
 31
0.0
  0
LINE
  5
8B
330
1F
100
AcDbEntity
  8
Geometries
  6
Continuous
370
    13
100
AcDbLine
 10
127.1776848061081
 20
128.3930473795036
 30
0.0
 11
127.2999980672359
 21
128.3937075478129
 31
0.0
  0
LINE
  5
8C
330
1F
100
AcDbEntity
  8
Geometries
  6
Continuous
370
    13
100
AcDbLine
 10
95.66252273723202
 20
119.7527329061609
 30
0.0
 11
95.63076214367175
 21
119.7589452015017
 31
0.0
  0
LINE
  5
8D
330
1F
100
AcDbEntity
  8
Geometries
  6
Continuous
370
    13
100
AcDbLine
 10
94.87451535863484
 20
119.9156472817521
 30
0.0
 11
94.83005431306135
 21
119.9252342699577
 31
0.0
  0
LINE
  5
8E
330
1F
100
AcDbEntity
  8
Geometries
  6
Continuous
370
    13
100
AcDbLine
 10
107.0579796936911
 20
127.6582560406787
 30
0.0
 11
107.787482250131
 21
127.71439688833
 31
0.0
  0
LINE
  5
8F
330
1F
100
AcDbEntity
  8
Geometries
  6
Continuous
370
    13
100
AcDbLine
 10
145.8697546926423
 20
117.8418462629562
 30
0.0
 11
145.4310496240487
 21
117.8295739414427
 31
0.0
  0
LINE
  5
90
330
1F
100
AcDbEntity
  8
Geometries
  6
Continuous
370
    13
100
AcDbLine
 10
94.57973944037637
 20
126.0213977449555
 30
0.0
 11
94.65822907941116
 21
126.0384075711682
 31
0.0
  0
LINE
  5
91
330
1F
100
AcDbEntity
  8
Geometries
  6
Continuous
370
    13
100
AcDbLine
 10
97.99085128298036
 20
119.3525807849176
 30
0.0
 11
97.84172427238924
 21
119.3760329297555
 31
0.0
  0
LINE
  5
92
330
1F
100
AcDbEntity
  8
Geometries
  6
Continuous
370
    13
100
AcDbLine
 10
117.4152851917158
 20
128.2126038307962
 30
0.0
 11
117.7961497443443
 21
128.2247896799097
 31
0.0
  0
LINE
  5
93
330
1F
100
AcDbEntity
  8
Geometries
  6
Continuous
370
    13
100
AcDbLine
 10
127.9558891596861
 20
117.6045220962829
 30
0.0
 11
127.6738946252263
 21
117.6059262265736
 31
0.0
  0
LINE
  5
94
330
1F
100
AcDbEntity
  8
Geometries
  6
Continuous
370
    13
100
AcDbLine
 10
107.9785934993357
 20
127.7286389283207
 30
0.0
 11
108.1697259415351
 21
127.7426893959032
 31
0.0
  0
LINE
  5
95
330
1F
100
AcDbEntity
  8
Geometries
  6
Continuous
370
    13
100
AcDbLine
 10
127.3839331348397
 20
117.6075487913301
 30
0.0
 11
127.1853087090039
 21
117.6087574421311
 31
0.0
  0
LINE
  5
96
330
1F
100
AcDbEntity
  8
Geometries
  6
Continuous
370
    13
100
AcDbLine
 10
143.4331183641945
 20
128.2194769821712
 30
0.0
 11
143.5591885522531
 21
128.2163896221799
 31
0.0
  0
LINE
  5
97
330
1F
100
AcDbEntity
  8
Geometries
  6
Continuous
370
    13
100
AcDbLine
 10
103.7316471501683
 20
118.6356977266629
 30
0.0
 11
103.6974268035123
 21
118.6390905397325
 31
0.0
  0
LINE
  5
98
330
1F
100
AcDbEntity
  8
Geometries
  6
Continuous
370
    13
100
AcDbLine
 10
111.343574906408
 20
118.055405069799
 30
0.0
 11
111.074362816688
 21
118.0704256797975
 31
0.0
  0
LINE
  5
99
330
1F
100
AcDbEntity
  8
Geometries
  6
Continuous
370
    13
100
AcDbLine
 10
116.3134552426249
 20
128.1742836057553
 30
0.0
 11
116.6739379408561
 21
128.187350793719
 31
0.0
  0
LINE
  5
9A
330
1F
100
AcDbEntity
  8
Geometries
  6
Continuous
370
    13
100
AcDbLine
 10
123.3226549308989
 20
128.3532200479788
 30
0.0
 11
123.9319079955036
 21
128.3620592358389
 31
0.0
  0
LINE
  5
9B
330
1F
100
AcDbEntity
  8
Geometries
  6
Continuous
370
    13
100
AcDbLine
 10
107.787482250131
 20
127.71439688833
 30
0.0
 11
107.9785934993357
 21
127.7286389283207
 31
0.0
  0
LINE
  5
9C
330
1F
100
AcDbEntity
  8
Geometries
  6
Continuous
370
    13
100
AcDbLine
 10
100.5078843437874
 20
119.0002277312844
 30
0.0
 11
100.2897168651092
 21
119.0278131022948
 31
0.0
  0
LINE
  5
9D
330
1F
100
AcDbEntity
  8
Geometries
  6
Continuous
370
    13
100
AcDbLine
 10
119.4132755723419
 20
128.2712736964609
 30
0.0
 11
119.5349226623176
 21
128.2744564874083
 31
0.0
  0
LINE
  5
9E
330
1F
100
AcDbEntity
  8
Geometries
  6
Continuous
370
    13
100
AcDbLine
 10
101.4915995337319
 20
127.1207211449603
 30
0.0
 11
101.5622390699311
 21
127.1290846772801
 31
0.0
  0
LINE
  5
9F
330
1F
100
AcDbEntity
  8
Geometries
  6
Continuous
370
    13
100
AcDbLine
 10
189.6454921873378
 20
125.9808830625584
 30
0.0
 11
190.3079823905312
 21
125.9363173632033
 31
0.0
  0
LINE
  5
A0
330
1F
100
AcDbEntity
  8
Geometries
  6
Continuous
370
    13
100
AcDbLine
 10
128.7645880470293
 20
117.6015939648615
 30
0.0
 11
128.6723478589725
 21
117.6018361711428
 31
0.0
  0
LINE
  5
A1
330
1F
100
AcDbEntity
  8
Geometries
  6
Continuous
370
    13
100
AcDbLine
 10
108.1697259415351
 20
127.7426893959032
 30
0.0
 11
108.3608795767296
 21
127.7565482910778
 31
0.0
  0
LINE
  5
A2
330
1F
100
AcDbEntity
  8
Geometries
  6
Continuous
370
    13
100
AcDbLine
 10
89.45784208476404
 20
121.8021746402191
 30
0.0
 11
89.34468706996336
 21
121.8890706485511
 31
0.0
  0
LINE
  5
A3
330
1F
100
AcDbEntity
  8
Geometries
  6
Continuous
370
    13
100
AcDbLine
 10
115.2600146424252
 20
117.8673572656625
 30
0.0
 11
114.5293197078991
 21
117.8984773209774
 31
0.0
  0
LINE
  5
A4
330
1F
100
AcDbEntity
  8
Geometries
  6
Continuous
370
    13
100
AcDbLine
 10
199.916750565178
 20
125.2567181337332
 30
0.0
 11
201.1547409137386
 21
125.1644626586508
 31
0.0
  0
LINE
  5
A5
330
1F
100
AcDbEntity
  8
Geometries
  6
Continuous
370
    13
100
AcDbLine
 10
124.1610322950691
 20
117.6364715514734
 30
0.0
 11
123.7847056661345
 21
117.6413610181792
 31
0.0
  0
LINE
  5
A6
330
1F
100
AcDbEntity
  8
Geometries
  6
Continuous
370
    13
100
AcDbLine
 10
135.8195139450704
 20
117.6404973203598
 30
0.0
 11
135.7798870180015
 21
117.6400062516549
 31
0.0
  0
LINE
  5
A7
330
1F
100
AcDbEntity
  8
Geometries
  6
Continuous
370
    13
100
AcDbLine
 10
143.5591885522531
 20
128.2163896221799
 30
0.0
 11
143.6826893457929
 21
128.2133425085123
 31
0.0
  0
LINE
  5
A8
330
1F
100
AcDbEntity
  8
Geometries
  6
Continuous
370
    13
100
AcDbLine
 10
90.61784781158755
 20
124.8960896271822
 30
0.0
 11
90.65863508484816
 21
124.9126444948616
 31
0.0
  0
LINE
  5
A9
330
1F
100
AcDbEntity
  8
Geometries
  6
Continuous
370
    13
100
AcDbLine
 10
112.9170818868604
 20
128.0272570227363
 30
0.0
 11
113.2521144464272
 21
128.0435157579919
 31
0.0
  0
LINE
  5
AA
330
1F
100
AcDbEntity
  8
Geometries
  6
Continuous
370
    13
100
AcDbLine
 10
139.258901989958
 20
128.3080812429162
 30
0.0
 11
140.1469955555422
 21
128.2914969574882
 31
0.0
  0
LINE
  5
AB
330
1F
100
AcDbEntity
  8
Geometries
  6
Continuous
370
    13
100
AcDbLine
 10
108.3608795767296
 20
127.7565482910778
 30
0.0
 11
108.5520544049191
 21
127.7702156138442
 31
0.0
  0
LINE
  5
AC
330
1F
100
AcDbEntity
  8
Geometries
  6
Continuous
370
    13
100
AcDbLine
 10
128.9097893774002
 20
128.3991183734032
 30
0.0
 11
129.5419415615387
 21
128.3996231437631
 31
0.0
  0
LINE
  5
AD
330
1F
100
AcDbEntity
  8
Geometries
  6
Continuous
370
    13
100
AcDbLine
 10
90.87905072804605
 20
124.995475640536
 30
0.0
 11
90.96241643188344
 21
125.0246659759985
 31
0.0
  0
LINE
  5
AE
330
1F
100
AcDbEntity
  8
Geometries
  6
Continuous
370
    13
100
AcDbLine
 10
88.70999266728913
 20
122.5028355224761
 30
0.0
 11
88.70255326114024
 21
122.512748259159
 31
0.0
  0
LINE
  5
AF
330
1F
100
AcDbEntity
  8
Geometries
  6
Continuous
370
    13
100
AcDbLine
 10
88.73309746086176
 20
122.4729027171034
 30
0.0
 11
88.72526476715004
 21
122.4829127514481
 31
0.0
  0
LINE
  5
B0
330
1F
100
AcDbEntity
  8
Geometries
  6
Continuous
370
    13
100
AcDbLine
 10
105.4986599208594
 20
118.4722419068142
 30
0.0
 11
105.1479644661637
 21
118.5030213945023
 31
0.0
  0
LINE
  5
B1
330
1F
100
AcDbEntity
  8
Geometries
  6
Continuous
370
    13
100
AcDbLine
 10
108.5520544049191
 20
127.7702156138442
 30
0.0
 11
108.7408980277509
 21
127.7835263326775
 31
0.0
  0
LINE
  5
B2
330
1F
100
AcDbEntity
  8
Geometries
  6
Continuous
370
    13
100
AcDbLine
 10
108.7408980277509
 20
127.7835263326775
 30
0.0
 11
108.9149446269097
 21
127.7955983451495
 31
0.0
  0
LINE
  5
B3
330
1F
100
AcDbEntity
  8
Geometries
  6
Continuous
370
    13
100
AcDbLine
 10
133.2337553032692
 20
128.3856684937768
 30
0.0
 11
133.9925343716592
 21
128.3794443671681
 31
0.0
  0
LINE
  5
B4
330
1F
100
AcDbEntity
  8
Geometries
  6
Continuous
370
    13
100
AcDbLine
 10
99.43196286842496
 20
119.1406567528479
 30
0.0
 11
99.23453780886705
 21
119.1678584081501
 31
0.0
  0
LINE
  5
B5
330
1F
100
AcDbEntity
  8
Geometries
  6
Continuous
370
    13
100
AcDbLine
 10
108.9149446269097
 20
127.7955983451495
 30
0.0
 11
109.2584016814181
 21
127.8188341857985
 31
0.0
  0
LINE
  5
B6
330
1F
100
AcDbEntity
  8
Geometries
  6
Continuous
370
    13
100
AcDbLine
 10
105.1479644661637
 20
118.5030213945023
 30
0.0
 11
104.8046681021838
 21
118.5338933330238
 31
0.0
  0
LINE
  5
B7
330
1F
100
AcDbEntity
  8
Geometries
  6
Continuous
370
    13
100
AcDbLine
 10
88.93774972198737
 20
123.755470276653
 30
0.0
 11
88.99494283851314
 21
123.8111846107392
 31
0.0
  0
LINE
  5
B8
330
1F
100
AcDbEntity
  8
Geometries
  6
Continuous
370
    13
100
AcDbLine
 10
109.2584016814181
 20
127.8188341857985
 30
0.0
 11
109.6086532391965
 21
127.8417666076863
 31
0.0
  0
LINE
  5
B9
330
1F
100
AcDbEntity
  8
Geometries
  6
Continuous
370
    13
100
AcDbLine
 10
109.6086532391965
 20
127.8417666076863
 30
0.0
 11
109.9656993002449
 21
127.8643956108134
 31
0.0
  0
LINE
  5
BA
330
1F
100
AcDbEntity
  8
Geometries
  6
Continuous
370
    13
100
AcDbLine
 10
91.37103960445206
 20
120.8422806832814
 30
0.0
 11
91.32948253214985
 21
120.8555685975309
 31
0.0
  0
LINE
  5
BB
330
1F
100
AcDbEntity
  8
Geometries
  6
Continuous
370
    13
100
AcDbLine
 10
118.5782607039989
 20
128.2482800392865
 30
0.0
 11
118.6957791036027
 21
128.2516413603695
 31
0.0
  0
LINE
  5
BC
330
1F
100
AcDbEntity
  8
Geometries
  6
Continuous
370
    13
100
AcDbLine
 10
107.2987147820493
 20
118.324660352576
 30
0.0
 11
107.1584126209289
 21
118.3356326646935
 31
0.0
  0
LINE
  5
BD
330
1F
100
AcDbEntity
  8
Geometries
  6
Continuous
370
    13
100
AcDbLine
 10
89.25042696134325
 20
121.9647285572533
 30
0.0
 11
89.16114381854865
 21
122.0396276263875
 31
0.0
  0
LINE
  5
BE
330
1F
100
AcDbEntity
  8
Geometries
  6
Continuous
370
    13
100
AcDbLine
 10
140.9592206802214
 20
117.7233427858943
 30
0.0
 11
140.5970741315362
 21
117.7162916318188
 31
0.0
  0
LINE
  5
BF
330
1F
100
AcDbEntity
  8
Geometries
  6
Continuous
370
    13
100
AcDbLine
 10
109.9656993002449
 20
127.8643956108134
 30
0.0
 11
110.3295398645633
 21
127.8867211951799
 31
0.0
  0
LINE
  5
C0
330
1F
100
AcDbEntity
  8
Geometries
  6
Continuous
370
    13
100
AcDbLine
 10
151.1209561215384
 20
118.0078578468095
 30
0.0
 11
150.5458144303476
 21
117.9881826574804
 31
0.0
  0
LINE
  5
C1
330
1F
100
AcDbEntity
  8
Geometries
  6
Continuous
370
    13
100
AcDbLine
 10
95.12026544703204
 20
126.1372738724411
 30
0.0
 11
95.14252027390955
 21
126.1419181078027
 31
0.0
  0
LINE
  5
C2
330
1F
100
AcDbEntity
  8
Geometries
  6
Continuous
370
    13
100
AcDbLine
 10
173.504099630369
 20
119.0290762566524
 30
0.0
 11
172.8414347953774
 21
118.9923251420949
 31
0.0
  0
LINE
  5
C3
330
1F
100
AcDbEntity
  8
Geometries
  6
Continuous
370
    13
100
AcDbLine
 10
110.3295398645633
 20
127.8867211951799
 30
0.0
 11
110.7001749321522
 21
127.9087433607855
 31
0.0
  0
LINE
  5
C4
330
1F
100
AcDbEntity
  8
Geometries
  6
Continuous
370
    13
100
AcDbLine
 10
90.27110948318327
 20
121.2666162256341
 30
0.0
 11
90.22943274066517
 21
121.2894739153165
 31
0.0
  0
LINE
  5
C5
330
1F
100
AcDbEntity
  8
Geometries
  6
Continuous
370
    13
100
AcDbLine
 10
204.3111917923267
 20
121.0766659504688
 30
0.0
 11
204.0453442669528
 21
121.0561356199563
 31
0.0
  0
LINE
  5
C6
330
1F
100
AcDbEntity
  8
Geometries
  6
Continuous
370
    13
100
AcDbLine
 10
115.4712287776391
 20
128.1416801986874
 30
0.0
 11
115.7566296640389
 21
128.1530336546876
 31
0.0
  0
LINE
  5
C7
330
1F
100
AcDbEntity
  8
Geometries
  6
Continuous
370
    13
100
AcDbLine
 10
91.20850415275936
 20
120.8943142833296
 30
0.0
 11
91.20382852966395
 21
120.8958176598275
 31
0.0
  0
LINE
  5
C8
330
1F
100
AcDbEntity
  8
Geometries
  6
Continuous
370
    13
100
AcDbLine
 10
113.9342812051252
 20
117.9253470767631
 30
0.0
 11
113.7806768294871
 21
117.9324468518623
 31
0.0
  0
LINE
  5
C9
330
1F
100
AcDbEntity
  8
Geometries
  6
Continuous
370
    13
100
AcDbLine
 10
135.7593543389611
 20
128.3608369684452
 30
0.0
 11
135.9968673073656
 21
128.3579114519
 31
0.0
  0
LINE
  5
CA
330
1F
100
AcDbEntity
  8
Geometries
  6
Continuous
370
    13
100
AcDbLine
 10
145.3935571212859
 20
128.1689011032033
 30
0.0
 11
146.0745901410293
 21
128.1500918034434
 31
0.0
  0
LINE
  5
CB
330
1F
100
AcDbEntity
  8
Geometries
  6
Continuous
370
    13
100
AcDbLine
 10
126.1512877493707
 20
117.6161840380067
 30
0.0
 11
125.9465804745573
 21
117.6178823446807
 31
0.0
  0
LINE
  5
CC
330
1F
100
AcDbEntity
  8
Geometries
  6
Continuous
370
    13
100
AcDbLine
 10
91.18519490542727
 20
120.9018353881192
 30
0.0
 11
91.11740908973115
 21
120.9239814506326
 31
0.0
  0
LINE
  5
CD
330
1F
100
AcDbEntity
  8
Geometries
  6
Continuous
370
    13
100
AcDbLine
 10
170.2449695454719
 20
127.1489688586716
 30
0.0
 11
170.6956798746832
 21
127.124995312993
 31
0.0
  0
LINE
  5
CE
330
1F
100
AcDbEntity
  8
Geometries
  6
Continuous
370
    13
100
AcDbLine
 10
115.7566296640389
 20
128.1530336546876
 30
0.0
 11
116.0403186247117
 21
128.1640150078162
 31
0.0
  0
LINE
  5
CF
330
1F
100
AcDbEntity
  8
Geometries
  6
Continuous
370
    13
100
AcDbLine
 10
111.0708051073452
 20
127.9300769335844
 30
0.0
 11
111.4479892915918
 21
127.9511178272536
 31
0.0
  0
LINE
  5
D0
330
1F
100
AcDbEntity
  8
Geometries
  6
Continuous
370
    13
100
AcDbLine
 10
93.72679444393884
 20
125.8312231613041
 30
0.0
 11
93.84143116136465
 21
125.8576002328409
 31
0.0
  0
LINE
  5
D1
330
1F
100
AcDbEntity
  8
Geometries
  6
Continuous
370
    13
100
AcDbLine
 10
110.4518686253102
 20
118.1065515058321
 30
0.0
 11
110.3432801788341
 21
118.1130697770911
 31
0.0
  0
LINE
  5
D2
330
1F
100
AcDbEntity
  8
Geometries
  6
Continuous
370
    13
100
AcDbLine
 10
127.422458693108
 20
128.3943328563955
 30
0.0
 11
127.5450666837247
 21
128.394923305251
 31
0.0
  0
LINE
  5
D3
330
1F
100
AcDbEntity
  8
Geometries
  6
Continuous
370
    13
100
AcDbLine
 10
116.0403186247117
 20
128.1640150078162
 30
0.0
 11
116.3134552426249
 21
128.1742836057553
 31
0.0
  0
LINE
  5
D4
330
1F
100
AcDbEntity
  8
Geometries
  6
Continuous
370
    13
100
AcDbLine
 10
118.9325853415413
 20
128.25828748962
 30
0.0
 11
119.0518731798761
 21
128.261572297788
 31
0.0
  0
LINE
  5
D5
330
1F
100
AcDbEntity
  8
Geometries
  6
Continuous
370
    13
100
AcDbLine
 10
118.3371033716455
 20
117.7595057747762
 30
0.0
 11
117.9405390901502
 21
117.771448678708
 31
0.0
  0
LINE
  5
D6
330
1F
100
AcDbEntity
  8
Geometries
  6
Continuous
370
    13
100
AcDbLine
 10
95.69450416012393
 20
119.7465074137997
 30
0.0
 11
95.66252273723202
 21
119.7527329061609
 31
0.0
  0
LINE
  5
D7
330
1F
100
AcDbEntity
  8
Geometries
  6
Continuous
370
    13
100
AcDbLine
 10
94.62660099635045
 20
119.9692239234668
 30
0.0
 11
94.57091697929323
 21
119.9812896891205
 31
0.0
  0
LINE
  5
D8
330
1F
100
AcDbEntity
  8
Geometries
  6
Continuous
370
    13
100
AcDbLine
 10
111.4479892915918
 20
127.9511178272536
 30
0.0
 11
111.8317274848918
 21
127.9718660417928
 31
0.0
  0
LINE
  5
D9
330
1F
100
AcDbEntity
  8
Geometries
  6
Continuous
370
    13
100
AcDbLine
 10
198.0501035308977
 20
120.6070547773491
 30
0.0
 11
196.7972979297087
 21
120.516479977229
 31
0.0
  0
LINE
  5
DA
330
1F
100
AcDbEntity
  8
Geometries
  6
Continuous
370
    13
100
AcDbLine
 10
90.19398772873535
 20
124.6902832795575
 30
0.0
 11
90.24768075089015
 21
124.7206266587302
 31
0.0
  0
LINE
  5
DB
330
1F
100
AcDbEntity
  8
Geometries
  6
Continuous
370
    13
100
AcDbLine
 10
143.115243923857
 20
117.7700051994126
 30
0.0
 11
142.6405362302199
 21
117.7590100311689
 31
0.0
  0
LINE
  5
DC
330
1F
100
AcDbEntity
  8
Geometries
  6
Continuous
370
    13
100
AcDbLine
 10
165.7721833589555
 20
118.6241518518017
 30
0.0
 11
165.0960213731462
 21
118.5912470417612
 31
0.0
  0
LINE
  5
DD
330
1F
100
AcDbEntity
  8
Geometries
  6
Continuous
370
    13
100
AcDbLine
 10
95.82463814500944
 20
119.72147347415
 30
0.0
 11
95.79177340479046
 21
119.7277517545931
 31
0.0
  0
LINE
  5
DE
330
1F
100
AcDbEntity
  8
Geometries
  6
Continuous
370
    13
100
AcDbLine
 10
133.9925343716592
 20
128.3794443671681
 30
0.0
 11
134.2444249180392
 21
128.3771392670554
 31
0.0
  0
LINE
  5
DF
330
1F
100
AcDbEntity
  8
Geometries
  6
Continuous
370
    13
100
AcDbLine
 10
111.8317274848918
 20
127.9718660417928
 30
0.0
 11
112.2220196872456
 21
127.992321577202
 31
0.0
  0
LINE
  5
E0
330
1F
100
AcDbEntity
  8
Geometries
  6
Continuous
370
    13
100
AcDbLine
 10
98.44278220037333
 20
119.2828601009663
 30
0.0
 11
98.29828683652215
 21
119.3049034285136
 31
0.0
  0
LINE
  5
E1
330
1F
100
AcDbEntity
  8
Geometries
  6
Continuous
370
    13
100
AcDbLine
 10
91.17064910936074
 20
125.094231879453
 30
0.0
 11
91.19716106201315
 21
125.1028054074883
 31
0.0
  0
LINE
  5
E2
330
1F
100
AcDbEntity
  8
Geometries
  6
Continuous
370
    13
100
AcDbLine
 10
98.73365114976396
 20
119.2394160216063
 30
0.0
 11
98.58439507706086
 21
119.2615284589506
 31
0.0
  0
LINE
  5
E3
330
1F
100
AcDbEntity
  8
Geometries
  6
Continuous
370
    13
100
AcDbLine
 10
174.8250159157805
 20
119.1033420911099
 30
0.0
 11
174.1613682341671
 21
119.065865234173
 31
0.0
  0
LINE
  5
E4
330
1F
100
AcDbEntity
  8
Geometries
  6
Continuous
370
    13
100
AcDbLine
 10
112.2220196872456
 20
127.992321577202
 30
0.0
 11
112.5760331727631
 21
128.010338126772
 31
0.0
  0
LINE
  5
E5
330
1F
100
AcDbEntity
  8
Geometries
  6
Continuous
370
    13
100
AcDbLine
 10
112.5760331727631
 20
128.010338126772
 30
0.0
 11
112.9170818868604
 21
128.0272570227363
 31
0.0
  0
LINE
  5
E6
330
1F
100
AcDbEntity
  8
Geometries
  6
Continuous
370
    13
100
AcDbLine
 10
113.2521144464272
 20
128.0435157579919
 30
0.0
 11
113.5850146048872
 21
128.0593109961678
 31
0.0
  0
LINE
  5
E7
330
1F
100
AcDbEntity
  8
Geometries
  6
Continuous
370
    13
100
AcDbLine
 10
122.5871159796207
 20
117.6596453821134
 30
0.0
 11
122.3424083480811
 21
117.6639612016487
 31
0.0
  0
LINE
  5
E8
330
1F
100
AcDbEntity
  8
Geometries
  6
Continuous
370
    13
100
AcDbLine
 10
113.5850146048872
 20
128.0593109961678
 30
0.0
 11
113.9157823622403
 21
128.0746427372636
 31
0.0
  0
LINE
  5
E9
330
1F
100
AcDbEntity
  8
Geometries
  6
Continuous
370
    13
100
AcDbLine
 10
176.7486770745975
 20
119.2137661335256
 30
0.0
 11
176.1714485124525
 21
119.1803594432329
 31
0.0
  0
LINE
  5
EA
330
1F
100
AcDbEntity
  8
Geometries
  6
Continuous
370
    13
100
AcDbLine
 10
113.9157823622403
 20
128.0746427372636
 30
0.0
 11
114.2444177184865
 21
128.0895109812796
 31
0.0
  0
LINE
  5
EB
330
1F
100
AcDbEntity
  8
Geometries
  6
Continuous
370
    13
100
AcDbLine
 10
182.6394779610569
 20
126.4333423730082
 30
0.0
 11
185.1492139769169
 21
126.2752143024175
 31
0.0
  0
LINE
  5
EC
330
1F
100
AcDbEntity
  8
Geometries
  6
Continuous
370
    13
100
AcDbLine
 10
150.9705356646978
 20
127.9977562516302
 30
0.0
 11
151.6860690641394
 21
127.9731596674782
 31
0.0
  0
LINE
  5
ED
330
1F
100
AcDbEntity
  8
Geometries
  6
Continuous
370
    13
100
AcDbLine
 10
103.6974268035123
 20
118.6390905397325
 30
0.0
 11
103.6632938067309
 21
118.6424844442293
 31
0.0
  0
LINE
  5
EE
330
1F
100
AcDbEntity
  8
Geometries
  6
Continuous
370
    13
100
AcDbLine
 10
114.2444177184865
 20
128.0895109812796
 30
0.0
 11
114.5709206736259
 21
128.1039157282157
 31
0.0
  0
LINE
  5
EF
330
1F
100
AcDbEntity
  8
Geometries
  6
Continuous
370
    13
100
AcDbLine
 10
174.8859611205712
 20
126.8940380536048
 30
0.0
 11
175.4228711423341
 21
126.8634801049387
 31
0.0
  0
LINE
  5
F0
330
1F
100
AcDbEntity
  8
Geometries
  6
Continuous
370
    13
100
AcDbLine
 10
132.4817816748937
 20
128.3907482215149
 30
0.0
 11
133.2337553032692
 21
128.3856684937768
 31
0.0
  0
LINE
  5
F1
330
1F
100
AcDbEntity
  8
Geometries
  6
Continuous
370
    13
100
AcDbLine
 10
202.0659864632737
 20
125.095839772178
 30
0.0
 11
202.9739364557753
 21
125.0268533726367
 31
0.0
  0
LINE
  5
F2
330
1F
100
AcDbEntity
  8
Geometries
  6
Continuous
370
    13
100
AcDbLine
 10
117.7961497443443
 20
128.2247896799097
 30
0.0
 11
118.1838082484387
 21
128.2366817494064
 31
0.0
  0
LINE
  5
F3
330
1F
100
AcDbEntity
  8
Geometries
  6
Continuous
370
    13
100
AcDbLine
 10
114.5709206736259
 20
128.1039157282157
 30
0.0
 11
114.8952912276585
 21
128.117856978072
 31
0.0
  0
LINE
  5
F4
330
1F
100
AcDbEntity
  8
Geometries
  6
Continuous
370
    13
100
AcDbLine
 10
218.1059300915431
 20
122.372634100583
 30
0.0
 11
218.0361185214121
 21
122.3254648587363
 31
0.0
  0
LINE
  5
F5
330
1F
100
AcDbEntity
  8
Geometries
  6
Continuous
370
    13
100
AcDbLine
 10
201.1547409137386
 20
125.1644626586508
 30
0.0
 11
202.0659864632737
 21
125.095839772178
 31
0.0
  0
LINE
  5
F6
330
1F
100
AcDbEntity
  8
Geometries
  6
Continuous
370
    13
100
AcDbLine
 10
88.69524495084536
 20
122.5226285632881
 30
0.0
 11
88.68806773640495
 21
122.5324764348632
 31
0.0
  0
LINE
  5
F7
330
1F
100
AcDbEntity
  8
Geometries
  6
Continuous
370
    13
100
AcDbLine
 10
114.8952912276585
 20
128.117856978072
 30
0.0
 11
115.1841159655121
 21
128.1299546398156
 31
0.0
  0
LINE
  5
F8
330
1F
100
AcDbEntity
  8
Geometries
  6
Continuous
370
    13
100
AcDbLine
 10
117.041214590553
 20
128.200124202066
 30
0.0
 11
117.4152851917158
 21
128.2126038307962
 31
0.0
  0
LINE
  5
F9
330
1F
100
AcDbEntity
  8
Geometries
  6
Continuous
370
    13
100
AcDbLine
 10
112.1856146830062
 20
118.0104748963655
 30
0.0
 11
111.8992008395671
 21
118.0254296780831
 31
0.0
  0
LINE
  5
FA
330
1F
100
AcDbEntity
  8
Geometries
  6
Continuous
370
    13
100
AcDbLine
 10
91.19716106201315
 20
125.1028054074883
 30
0.0
 11
91.22956580761935
 21
125.1132376236634
 31
0.0
  0
LINE
  5
FB
330
1F
100
AcDbEntity
  8
Geometries
  6
Continuous
370
    13
100
AcDbLine
 10
135.2593982277349
 20
128.3666726162339
 30
0.0
 11
135.5149943362028
 21
128.3637443909357
 31
0.0
  0
LINE
  5
FC
330
1F
100
AcDbEntity
  8
Geometries
  6
Continuous
370
    13
100
AcDbLine
 10
115.1841159655121
 20
128.1299546398156
 30
0.0
 11
115.4712287776391
 21
128.1416801986874
 31
0.0
  0
LINE
  5
FD
330
1F
100
AcDbEntity
  8
Geometries
  6
Continuous
370
    13
100
AcDbLine
 10
112.8479889336088
 20
117.9770558112058
 30
0.0
 11
112.5132054949966
 21
117.9937515912865
 31
0.0
  0
LINE
  5
FE
330
1F
100
AcDbEntity
  8
Geometries
  6
Continuous
370
    13
100
AcDbLine
 10
135.6198866437051
 20
117.6380505443608
 30
0.0
 11
135.2243943466426
 21
117.6334039496378
 31
0.0
  0
LINE
  5
FF
330
1F
100
AcDbEntity
  8
Geometries
  6
Continuous
370
    13
100
AcDbLine
 10
116.6739379408561
 20
128.187350793719
 30
0.0
 11
117.041214590553
 21
128.200124202066
 31
0.0
  0
LINE
  5
100
330
1F
100
AcDbEntity
  8
Geometries
  6
Continuous
370
    13
100
AcDbLine
 10
149.4193380513279
 20
117.9506126392542
 30
0.0
 11
148.868003363499
 21
117.9327178103568
 31
0.0
  0
LINE
  5
101
330
1F
100
AcDbEntity
  8
Geometries
  6
Continuous
370
    13
100
AcDbLine
 10
118.1838082484387
 20
128.2366817494064
 30
0.0
 11
118.5782607039989
 21
128.2482800392865
 31
0.0
  0
LINE
  5
102
330
1F
100
AcDbEntity
  8
Geometries
  6
Continuous
370
    13
100
AcDbLine
 10
203.6850138014545
 20
124.9723947574513
 30
0.0
 11
203.9215874717816
 21
124.954192016016
 31
0.0
  0
LINE
  5
103
330
1F
100
AcDbEntity
  8
Geometries
  6
Continuous
370
    13
100
AcDbLine
 10
118.6957791036027
 20
128.2516413603695
 30
0.0
 11
118.813887316117
 21
128.2549771771475
 31
0.0
  0
LINE
  5
104
330
1F
100
AcDbEntity
  8
Geometries
  6
Continuous
370
    13
100
AcDbLine
 10
105.6544769817777
 20
127.5423249460763
 30
0.0
 11
105.7522784769918
 21
127.5507410128244
 31
0.0
  0
LINE
  5
105
330
1F
100
AcDbEntity
  8
Geometries
  6
Continuous
370
    13
100
AcDbLine
 10
110.3432801788341
 20
118.1130697770911
 30
0.0
 11
110.2237887057193
 21
118.1203177650702
 31
0.0
  0
LINE
  5
106
330
1F
100
AcDbEntity
  8
Geometries
  6
Continuous
370
    13
100
AcDbLine
 10
118.813887316117
 20
128.2549771771475
 30
0.0
 11
118.9325853415413
 21
128.25828748962
 31
0.0
  0
LINE
  5
107
330
1F
100
AcDbEntity
  8
Geometries
  6
Continuous
370
    13
100
AcDbLine
 10
104.8046681021838
 20
118.5338933330238
 30
0.0
 11
104.5576199684757
 21
118.5565915122475
 31
0.0
  0
LINE
  5
108
330
1F
100
AcDbEntity
  8
Geometries
  6
Continuous
370
    13
100
AcDbLine
 10
218.4675070395388
 20
123.1312322245181
 30
0.0
 11
218.4860106849994
 21
123.066552764553
 31
0.0
  0
LINE
  5
109
330
1F
100
AcDbEntity
  8
Geometries
  6
Continuous
370
    13
100
AcDbLine
 10
119.0518731798761
 20
128.261572297788
 30
0.0
 11
119.1717508311211
 21
128.2648316016506
 31
0.0
  0
LINE
  5
10A
330
1F
100
AcDbEntity
  8
Geometries
  6
Continuous
370
    13
100
AcDbLine
 10
100.966055866988
 20
118.9434448778625
 30
0.0
 11
100.7333306777469
 21
118.9721049898069
 31
0.0
  0
LINE
  5
10B
330
1F
100
AcDbEntity
  8
Geometries
  6
Continuous
370
    13
100
AcDbLine
 10
207.0174289691409
 20
124.7120974036475
 30
0.0
 11
209.6593263507563
 21
124.4997631092726
 31
0.0
  0
LINE
  5
10C
330
1F
100
AcDbEntity
  8
Geometries
  6
Continuous
370
    13
100
AcDbLine
 10
119.1717508311211
 20
128.2648316016506
 30
0.0
 11
119.2922182952763
 21
128.2680654012082
 31
0.0
  0
LINE
  5
10D
330
1F
100
AcDbEntity
  8
Geometries
  6
Continuous
370
    13
100
AcDbLine
 10
89.95202496199775
 20
124.5414603810097
 30
0.0
 11
90.01759958020526
 21
124.5833363889039
 31
0.0
  0
LINE
  5
10E
330
1F
100
AcDbEntity
  8
Geometries
  6
Continuous
370
    13
100
AcDbLine
 10
105.3676214985473
 20
127.5173325316343
 30
0.0
 11
105.6544769817777
 21
127.5423249460763
 31
0.0
  0
LINE
  5
10F
330
1F
100
AcDbEntity
  8
Geometries
  6
Continuous
370
    13
100
AcDbLine
 10
127.2999980672359
 20
128.3937075478129
 30
0.0
 11
127.422458693108
 21
128.3943328563955
 31
0.0
  0
LINE
  5
110
330
1F
100
AcDbEntity
  8
Geometries
  6
Continuous
370
    13
100
AcDbLine
 10
119.2922182952763
 20
128.2680654012082
 30
0.0
 11
119.4132755723419
 21
128.2712736964609
 31
0.0
  0
LINE
  5
111
330
1F
100
AcDbEntity
  8
Geometries
  6
Continuous
370
    13
100
AcDbLine
 10
126.568000102851
 20
117.6129710988733
 30
0.0
 11
126.35786155628
 21
117.6145516348112
 31
0.0
  0
LINE
  5
112
330
1F
100
AcDbEntity
  8
Geometries
  6
Continuous
370
    13
100
AcDbLine
 10
110.2237887057193
 20
118.1203177650702
 30
0.0
 11
110.1048845081835
 21
118.1276088116107
 31
0.0
  0
LINE
  5
113
330
1F
100
AcDbEntity
  8
Geometries
  6
Continuous
370
    13
100
AcDbLine
 10
149.9786084069441
 20
117.9691009216288
 30
0.0
 11
149.4193380513279
 21
117.9506126392542
 31
0.0
  0
LINE
  5
114
330
1F
100
AcDbEntity
  8
Geometries
  6
Continuous
370
    13
100
AcDbLine
 10
93.23245618654205
 20
125.7124679604204
 30
0.0
 11
93.38918601352067
 21
125.7510946744677
 31
0.0
  0
LINE
  5
115
330
1F
100
AcDbEntity
  8
Geometries
  6
Continuous
370
    13
100
AcDbLine
 10
148.3246043434574
 20
117.9154164349369
 30
0.0
 11
147.8195251198733
 21
117.8996472644808
 31
0.0
  0
LINE
  5
116
330
1F
100
AcDbEntity
  8
Geometries
  6
Continuous
370
    13
100
AcDbLine
 10
134.7504293480519
 20
128.3721551917185
 30
0.0
 11
135.0045432316846
 21
128.3694762164946
 31
0.0
  0
LINE
  5
117
330
1F
100
AcDbEntity
  8
Geometries
  6
Continuous
370
    13
100
AcDbLine
 10
99.80238531624983
 20
119.0909576561198
 30
0.0
 11
99.73053076055754
 21
119.1004713328514
 31
0.0
  0
LINE
  5
118
330
1F
100
AcDbEntity
  8
Geometries
  6
Continuous
370
    13
100
AcDbLine
 10
119.5349226623176
 20
128.2744564874083
 30
0.0
 11
120.3389383261668
 21
128.2944976114558
 31
0.0
  0
LINE
  5
119
330
1F
100
AcDbEntity
  8
Geometries
  6
Continuous
370
    13
100
AcDbLine
 10
137.5150355736468
 20
117.6638296775434
 30
0.0
 11
137.1282083177984
 21
117.6581267539131
 31
0.0
  0
LINE
  5
11A
330
1F
100
AcDbEntity
  8
Geometries
  6
Continuous
370
    13
100
AcDbLine
 10
94.50493144765116
 20
126.005154265725
 30
0.0
 11
94.57973944037637
 21
126.0213977449555
 31
0.0
  0
LINE
  5
11B
330
1F
100
AcDbEntity
  8
Geometries
  6
Continuous
370
    13
100
AcDbLine
 10
131.6931257547846
 20
117.6048176628984
 30
0.0
 11
131.2171959765836
 21
117.6029227893122
 31
0.0
  0
LINE
  5
11C
330
1F
100
AcDbEntity
  8
Geometries
  6
Continuous
370
    13
100
AcDbLine
 10
212.2962767511199
 20
124.2825257709637
 30
0.0
 11
214.9282801702317
 21
124.0603853887211
 31
0.0
  0
LINE
  5
11D
330
1F
100
AcDbEntity
  8
Geometries
  6
Continuous
370
    13
100
AcDbLine
 10
120.3389383261668
 20
128.2944976114558
 30
0.0
 11
121.1363242135874
 21
128.3126457946499
 31
0.0
  0
LINE
  5
11E
330
1F
100
AcDbEntity
  8
Geometries
  6
Continuous
370
    13
100
AcDbLine
 10
121.1363242135874
 20
128.3126457946499
 30
0.0
 11
121.9270803245799
 21
128.3289010369912
 31
0.0
  0
LINE
  5
11F
330
1F
100
AcDbEntity
  8
Geometries
  6
Continuous
370
    13
100
AcDbLine
 10
121.9270803245799
 20
128.3289010369912
 30
0.0
 11
122.711206659144
 21
128.3432633384793
 31
0.0
  0
LINE
  5
120
330
1F
100
AcDbEntity
  8
Geometries
  6
Continuous
370
    13
100
AcDbLine
 10
122.711206659144
 20
128.3432633384793
 30
0.0
 11
123.3226549308989
 21
128.3532200479788
 31
0.0
  0
LINE
  5
121
330
1F
100
AcDbEntity
  8
Geometries
  6
Continuous
370
    13
100
AcDbLine
 10
197.4226762186744
 20
125.4392332822951
 30
0.0
 11
198.6727290001565
 21
125.3483083416147
 31
0.0
  0
LINE
  5
122
330
1F
100
AcDbEntity
  8
Geometries
  6
Continuous
370
    13
100
AcDbLine
 10
123.9319079955036
 20
128.3620592358389
 30
0.0
 11
124.5447310291369
 21
128.3699543412777
 31
0.0
  0
LINE
  5
123
330
1F
100
AcDbEntity
  8
Geometries
  6
Continuous
370
    13
100
AcDbLine
 10
124.5447310291369
 20
128.3699543412777
 30
0.0
 11
125.1614857855558
 21
128.3769193817767
 31
0.0
  0
LINE
  5
124
330
1F
100
AcDbEntity
  8
Geometries
  6
Continuous
370
    13
100
AcDbLine
 10
125.1614857855558
 20
128.3769193817767
 30
0.0
 11
125.8569188540357
 21
128.3836160540399
 31
0.0
  0
LINE
  5
125
330
1F
100
AcDbEntity
  8
Geometries
  6
Continuous
370
    13
100
AcDbLine
 10
93.53048053491855
 20
125.7851201745567
 30
0.0
 11
93.56629744997835
 21
125.7936315217731
 31
0.0
  0
LINE
  5
126
330
1F
100
AcDbEntity
  8
Geometries
  6
Continuous
370
    13
100
AcDbLine
 10
93.38918601352067
 20
125.7510946744677
 30
0.0
 11
93.42421367304385
 21
125.7595980661734
 31
0.0
  0
LINE
  5
127
330
1F
100
AcDbEntity
  8
Geometries
  6
Continuous
370
    13
100
AcDbLine
 10
88.68806773640495
 20
122.5324764348632
 30
0.0
 11
88.64398972579588
 21
122.5966615925002
 31
0.0
  0
LINE
  5
128
330
1F
100
AcDbEntity
  8
Geometries
  6
Continuous
370
    13
100
AcDbLine
 10
184.1888947620081
 20
119.6643428253191
 30
0.0
 11
182.7959958201299
 21
119.5769777131915
 31
0.0
  0
LINE
  5
129
330
1F
100
AcDbEntity
  8
Geometries
  6
Continuous
370
    13
100
AcDbLine
 10
218.0613774329557
 20
123.6582742096816
 30
0.0
 11
218.1165163178807
 21
123.6192438438402
 31
0.0
  0
LINE
  5
12A
330
1F
100
AcDbEntity
  8
Geometries
  6
Continuous
370
    13
100
AcDbLine
 10
125.8569188540357
 20
128.3836160540399
 30
0.0
 11
126.5572838755778
 21
128.389146052843
 31
0.0
  0
LINE
  5
12B
330
1F
100
AcDbEntity
  8
Geometries
  6
Continuous
370
    13
100
AcDbLine
 10
113.4827833554927
 20
117.9464074931735
 30
0.0
 11
113.1899649988428
 21
117.9603875561239
 31
0.0
  0
LINE
  5
12C
330
1F
100
AcDbEntity
  8
Geometries
  6
Continuous
370
    13
100
AcDbLine
 10
91.20382852966395
 20
120.8958176598275
 30
0.0
 11
91.19967109129676
 21
120.8971558617395
 31
0.0
  0
LINE
  5
12D
330
1F
100
AcDbEntity
  8
Geometries
  6
Continuous
370
    13
100
AcDbLine
 10
126.5572838755778
 20
128.389146052843
 30
0.0
 11
127.1776848061081
 21
128.3930473795036
 31
0.0
  0
LINE
  5
12E
330
1F
100
AcDbEntity
  8
Geometries
  6
Continuous
370
    13
100
AcDbLine
 10
202.9739364557753
 20
125.0268533726367
 30
0.0
 11
203.2111882934513
 21
125.0087254357615
 31
0.0
  0
LINE
  5
12F
330
1F
100
AcDbEntity
  8
Geometries
  6
Continuous
370
    13
100
AcDbLine
 10
125.74373973184
 20
117.6196465548327
 30
0.0
 11
125.3364527344924
 21
117.6234428734655
 31
0.0
  0
LINE
  5
130
330
1F
100
AcDbEntity
  8
Geometries
  6
Continuous
370
    13
100
AcDbLine
 10
99.58975745413626
 20
119.1192819468926
 30
0.0
 11
99.51714434237886
 21
119.1290789060699
 31
0.0
  0
LINE
  5
131
330
1F
100
AcDbEntity
  8
Geometries
  6
Continuous
370
    13
100
AcDbLine
 10
127.5450666837247
 20
128.394923305251
 30
0.0
 11
127.6612954073651
 21
128.3954501652275
 31
0.0
  0
LINE
  5
132
330
1F
100
AcDbEntity
  8
Geometries
  6
Continuous
370
    13
100
AcDbLine
 10
218.5000000005813
 20
123.0003942712529
 30
0.0
 11
218.4862308682243
 21
122.9345162701744
 31
0.0
  0
LINE
  5
133
330
1F
100
AcDbEntity
  8
Geometries
  6
Continuous
370
    13
100
AcDbLine
 10
127.6612954073651
 20
128.3954501652275
 30
0.0
 11
128.2829073260089
 21
128.3977273805581
 31
0.0
  0
LINE
  5
134
330
1F
100
AcDbEntity
  8
Geometries
  6
Continuous
370
    13
100
AcDbLine
 10
92.41080944715114
 20
125.4912486555009
 30
0.0
 11
92.59146206829847
 21
125.5430505668999
 31
0.0
  0
LINE
  5
135
330
1F
100
AcDbEntity
  8
Geometries
  6
Continuous
370
    13
100
AcDbLine
 10
103.5614189156335
 20
118.6526727062828
 30
0.0
 11
103.5276353183502
 21
118.6560709764883
 31
0.0
  0
LINE
  5
136
330
1F
100
AcDbEntity
  8
Geometries
  6
Continuous
370
    13
100
AcDbLine
 10
126.9831117283939
 20
117.6100640436554
 30
0.0
 11
126.7773421930095
 21
117.6114685959028
 31
0.0
  0
LINE
  5
137
330
1F
100
AcDbEntity
  8
Geometries
  6
Continuous
370
    13
100
AcDbLine
 10
128.2829073260089
 20
128.3977273805581
 30
0.0
 11
128.9097893774002
 21
128.3991183734032
 31
0.0
  0
LINE
  5
138
330
1F
100
AcDbEntity
  8
Geometries
  6
Continuous
370
    13
100
AcDbLine
 10
99.04183082718166
 20
119.1949351078558
 30
0.0
 11
98.88612973313766
 21
119.217218237908
 31
0.0
  0
LINE
  5
139
330
1F
100
AcDbEntity
  8
Geometries
  6
Continuous
370
    13
100
AcDbLine
 10
116.7393368408245
 20
117.8109774679747
 30
0.0
 11
115.9966870200669
 21
117.8381906479948
 31
0.0
  0
LINE
  5
13A
330
1F
100
AcDbEntity
  8
Geometries
  6
Continuous
370
    13
100
AcDbLine
 10
129.5419415615387
 20
128.3996231437631
 30
0.0
 11
130.2666934298556
 21
128.3991210115067
 31
0.0
  0
LINE
  5
13B
330
1F
100
AcDbEntity
  8
Geometries
  6
Continuous
370
    13
100
AcDbLine
 10
137.9071344597581
 20
117.6698227596666
 30
0.0
 11
137.5150355736468
 21
117.6638296775434
 31
0.0
  0
LINE
  5
13C
330
1F
100
AcDbEntity
  8
Geometries
  6
Continuous
370
    13
100
AcDbLine
 10
130.2666934298556
 20
128.3991210115067
 30
0.0
 11
130.9982507381868
 21
128.3974744803799
 31
0.0
  0
LINE
  5
13D
330
1F
100
AcDbEntity
  8
Geometries
  6
Continuous
370
    13
100
AcDbLine
 10
91.50482223939358
 20
120.7994662346396
 30
0.0
 11
91.46385642127137
 21
120.8126055728499
 31
0.0
  0
LINE
  5
13E
330
1F
100
AcDbEntity
  8
Geometries
  6
Continuous
370
    13
100
AcDbLine
 10
130.9982507381868
 20
128.3974744803799
 30
0.0
 11
131.7366134865331
 21
128.3946835503826
 31
0.0
  0
LINE
  5
13F
330
1F
100
AcDbEntity
  8
Geometries
  6
Continuous
370
    13
100
AcDbLine
 10
97.88365885558756
 20
126.6325331719684
 30
0.0
 11
98.15328486171495
 21
126.6743567557886
 31
0.0
  0
LINE
  5
140
330
1F
100
AcDbEntity
  8
Geometries
  6
Continuous
370
    13
100
AcDbLine
 10
88.88285925152054
 20
122.3013813464508
 30
0.0
 11
88.81779801166654
 21
122.3719594106373
 31
0.0
  0
LINE
  5
141
330
1F
100
AcDbEntity
  8
Geometries
  6
Continuous
370
    13
100
AcDbLine
 10
123.0680267779544
 20
117.6517609624985
 30
0.0
 11
122.8294229320252
 21
117.6555721347751
 31
0.0
  0
LINE
  5
142
330
1F
100
AcDbEntity
  8
Geometries
  6
Continuous
370
    13
100
AcDbLine
 10
131.7366134865331
 20
128.3946835503826
 30
0.0
 11
132.4817816748937
 21
128.3907482215149
 31
0.0
  0
LINE
  5
143
330
1F
100
AcDbEntity
  8
Geometries
  6
Continuous
370
    13
100
AcDbLine
 10
121.9708456273929
 20
117.6708897538212
 30
0.0
 11
121.5938813786507
 21
117.6783640934369
 31
0.0
  0
LINE
  5
144
330
1F
100
AcDbEntity
  8
Geometries
  6
Continuous
370
    13
100
AcDbLine
 10
134.2444249180392
 20
128.3771392670554
 30
0.0
 11
134.4970565768367
 21
128.3747095419054
 31
0.0
  0
LINE
  5
145
330
1F
100
AcDbEntity
  8
Geometries
  6
Continuous
370
    13
100
AcDbLine
 10
89.04003106632514
 20
122.1473378739348
 30
0.0
 11
89.03089723939605
 21
122.1557929979395
 31
0.0
  0
LINE
  5
146
330
1F
100
AcDbEntity
  8
Geometries
  6
Continuous
370
    13
100
AcDbLine
 10
92.60214346359678
 20
120.4547357141083
 30
0.0
 11
92.40866819447623
 21
120.5101956284913
 31
0.0
  0
LINE
  5
147
330
1F
100
AcDbEntity
  8
Geometries
  6
Continuous
370
    13
100
AcDbLine
 10
140.5970741315362
 20
117.7162916318188
 30
0.0
 11
140.2320804940633
 21
117.7093996915403
 31
0.0
  0
LINE
  5
148
330
1F
100
AcDbEntity
  8
Geometries
  6
Continuous
370
    13
100
AcDbLine
 10
134.4970565768367
 20
128.3747095419054
 30
0.0
 11
134.7504293480519
 21
128.3721551917185
 31
0.0
  0
LINE
  5
149
330
1F
100
AcDbEntity
  8
Geometries
  6
Continuous
370
    13
100
AcDbLine
 10
89.27902387977186
 20
124.0588087601086
 30
0.0
 11
89.33888980987936
 21
124.1068054585487
 31
0.0
  0
LINE
  5
14A
330
1F
100
AcDbEntity
  8
Geometries
  6
Continuous
370
    13
100
AcDbLine
 10
163.0076436983944
 20
127.5089420157081
 30
0.0
 11
162.9604388109264
 21
126.4537536270696
 31
0.0
  0
LINE
  5
14B
330
1F
100
AcDbEntity
  8
Geometries
  6
Continuous
370
    13
100
AcDbLine
 10
135.0045432316846
 20
128.3694762164946
 30
0.0
 11
135.2593982277349
 21
128.3666726162339
 31
0.0
  0
LINE
  5
14C
330
1F
100
AcDbEntity
  8
Geometries
  6
Continuous
370
    13
100
AcDbLine
 10
94.04267624745478
 20
120.0976240294435
 30
0.0
 11
93.92498019560247
 21
120.1241578047549
 31
0.0
  0
LINE
  5
14D
330
1F
100
AcDbEntity
  8
Geometries
  6
Continuous
370
    13
100
AcDbLine
 10
171.2915619486905
 20
127.0930245475724
 30
0.0
 11
171.8938695725711
 21
127.0603996376043
 31
0.0
  0
LINE
  5
14E
330
1F
100
AcDbEntity
  8
Geometries
  6
Continuous
370
    13
100
AcDbLine
 10
104.8100034221223
 20
127.4673510847679
 30
0.0
 11
105.0861303119955
 21
127.4923412445314
 31
0.0
  0
LINE
  5
14F
330
1F
100
AcDbEntity
  8
Geometries
  6
Continuous
370
    13
100
AcDbLine
 10
138.3045049761319
 20
117.6761060002828
 30
0.0
 11
137.9071344597581
 21
117.6698227596666
 31
0.0
  0
LINE
  5
150
330
1F
100
AcDbEntity
  8
Geometries
  6
Continuous
370
    13
100
AcDbLine
 10
109.9865675862266
 20
118.1349429167128
 30
0.0
 11
109.8688379398485
 21
118.1423200803766
 31
0.0
  0
LINE
  5
151
330
1F
100
AcDbEntity
  8
Geometries
  6
Continuous
370
    13
100
AcDbLine
 10
130.7524760954838
 20
117.6015691015827
 30
0.0
 11
130.5941537732537
 21
117.601221810933
 31
0.0
  0
LINE
  5
152
330
1F
100
AcDbEntity
  8
Geometries
  6
Continuous
370
    13
100
AcDbLine
 10
135.5149943362028
 20
128.3637443909357
 30
0.0
 11
135.7593543389611
 21
128.3608369684452
 31
0.0
  0
LINE
  5
153
330
1F
100
AcDbEntity
  8
Geometries
  6
Continuous
370
    13
100
AcDbLine
 10
99.23453780886705
 20
119.1678584081501
 30
0.0
 11
99.04183082718166
 21
119.1949351078558
 31
0.0
  0
LINE
  5
154
330
1F
100
AcDbEntity
  8
Geometries
  6
Continuous
370
    13
100
AcDbLine
 10
94.73344948158947
 20
119.9461007565748
 30
0.0
 11
94.68130569569075
 21
119.9573802549864
 31
0.0
  0
LINE
  5
155
330
1F
100
AcDbEntity
  8
Geometries
  6
Continuous
370
    13
100
AcDbLine
 10
171.8938695725711
 20
127.0603996376043
 30
0.0
 11
172.5026027463254
 21
127.0271205830889
 31
0.0
  0
LINE
  5
156
330
1F
100
AcDbEntity
  8
Geometries
  6
Continuous
370
    13
100
AcDbLine
 10
91.02048503724734
 20
125.0444986976367
 30
0.0
 11
91.08097674977824
 21
125.0647823664474
 31
0.0
  0
LINE
  5
157
330
1F
100
AcDbEntity
  8
Geometries
  6
Continuous
370
    13
100
AcDbLine
 10
109.0530809810226
 20
118.1957159829372
 30
0.0
 11
108.7876879448021
 21
118.213993094405
 31
0.0
  0
LINE
  5
158
330
1F
100
AcDbEntity
  8
Geometries
  6
Continuous
370
    13
100
AcDbLine
 10
91.41784276181264
 20
120.8273205469805
 30
0.0
 11
91.37103960445206
 21
120.8422806832814
 31
0.0
  0
LINE
  5
159
330
1F
100
AcDbEntity
  8
Geometries
  6
Continuous
370
    13
100
AcDbLine
 10
140.2320804940633
 20
117.7093996915403
 30
0.0
 11
139.8642397678029
 21
117.7026669650587
 31
0.0
  0
LINE
  5
15A
330
1F
100
AcDbEntity
  8
Geometries
  6
Continuous
370
    13
100
AcDbLine
 10
135.9968673073656
 20
128.3579114519
 30
0.0
 11
136.7460892024934
 21
128.3480464737214
 31
0.0
  0
LINE
  5
15B
330
1F
100
AcDbEntity
  8
Geometries
  6
Continuous
370
    13
100
AcDbLine
 10
119.5698860032014
 20
117.7254247682169
 30
0.0
 11
119.1517768281712
 21
117.7364938195306
 31
0.0
  0
LINE
  5
15C
330
1F
100
AcDbEntity
  8
Geometries
  6
Continuous
370
    13
100
AcDbLine
 10
94.29656110148905
 20
120.0412244098525
 30
0.0
 11
94.16653654941695
 21
120.0699795644759
 31
0.0
  0
LINE
  5
15D
330
1F
100
AcDbEntity
  8
Geometries
  6
Continuous
370
    13
100
AcDbLine
 10
94.91641549076647
 20
119.9066244636155
 30
0.0
 11
94.87451535863484
 21
119.9156472817521
 31
0.0
  0
LINE
  5
15E
330
1F
100
AcDbEntity
  8
Geometries
  6
Continuous
370
    13
100
AcDbLine
 10
136.7460892024934
 20
128.3480464737214
 30
0.0
 11
137.4994874044382
 21
128.3371641888288
 31
0.0
  0
LINE
  5
15F
330
1F
100
AcDbEntity
  8
Geometries
  6
Continuous
370
    13
100
AcDbLine
 10
91.22956580761935
 20
125.1132376236634
 30
0.0
 11
91.26786334617904
 21
125.1255285279779
 31
0.0
  0
LINE
  5
160
330
1F
100
AcDbEntity
  8
Geometries
  6
Continuous
370
    13
100
AcDbLine
 10
196.7972979297087
 20
120.516479977229
 30
0.0
 11
195.5384584562974
 21
120.426569776363
 31
0.0
  0
LINE
  5
161
330
1F
100
AcDbEntity
  8
Geometries
  6
Continuous
370
    13
100
AcDbLine
 10
91.26401442466477
 20
120.8765168865535
 30
0.0
 11
91.23942722740767
 21
120.8843927921685
 31
0.0
  0
LINE
  5
162
330
1F
100
AcDbEntity
  8
Geometries
  6
Continuous
370
    13
100
AcDbLine
 10
91.71585422737863
 20
120.7297984668516
 30
0.0
 11
91.70688570727695
 21
120.7328559922458
 31
0.0
  0
LINE
  5
163
330
1F
100
AcDbEntity
  8
Geometries
  6
Continuous
370
    13
100
AcDbLine
 10
138.3763992729234
 20
128.3233036533631
 30
0.0
 11
139.258901989958
 21
128.3080812429162
 31
0.0
  0
LINE
  5
164
330
1F
100
AcDbEntity
  8
Geometries
  6
Continuous
370
    13
100
AcDbLine
 10
95.34758784226224
 20
126.1841021628262
 30
0.0
 11
95.38465523235776
 21
126.1916119871131
 31
0.0
  0
LINE
  5
165
330
1F
100
AcDbEntity
  8
Geometries
  6
Continuous
370
    13
100
AcDbLine
 10
218.3115868636903
 20
122.5733400252994
 30
0.0
 11
218.2686980090331
 21
122.5212956199609
 31
0.0
  0
LINE
  5
166
330
1F
100
AcDbEntity
  8
Geometries
  6
Continuous
370
    13
100
AcDbLine
 10
130.9112425665436
 20
117.601975752827
 30
0.0
 11
130.7524760954838
 21
117.6015691015827
 31
0.0
  0
LINE
  5
167
330
1F
100
AcDbEntity
  8
Geometries
  6
Continuous
370
    13
100
AcDbLine
 10
91.08097674977824
 20
125.0647823664474
 30
0.0
 11
91.10048887666616
 21
125.071250368184
 31
0.0
  0
LINE
  5
168
330
1F
100
AcDbEntity
  8
Geometries
  6
Continuous
370
    13
100
AcDbLine
 10
193.636330575462
 20
125.7080165011304
 30
0.0
 11
194.9044770063269
 21
125.6190873620529
 31
0.0
  0
LINE
  5
169
330
1F
100
AcDbEntity
  8
Geometries
  6
Continuous
370
    13
100
AcDbLine
 10
140.1469955555422
 20
128.2914969574882
 30
0.0
 11
141.0406799696759
 21
128.2735507970789
 31
0.0
  0
LINE
  5
16A
330
1F
100
AcDbEntity
  8
Geometries
  6
Continuous
370
    13
100
AcDbLine
 10
100.9351938514203
 20
127.0536766536942
 30
0.0
 11
101.1780563267698
 21
127.083191963857
 31
0.0
  0
LINE
  5
16B
330
1F
100
AcDbEntity
  8
Geometries
  6
Continuous
370
    13
100
AcDbLine
 10
142.160445759344
 20
117.7483158765102
 30
0.0
 11
141.6749725112288
 21
117.7379227354367
 31
0.0
  0
LINE
  5
16C
330
1F
100
AcDbEntity
  8
Geometries
  6
Continuous
370
    13
100
AcDbLine
 10
94.83005431306135
 20
119.9252342699577
 30
0.0
 11
94.78303235404634
 21
119.9353854282319
 31
0.0
  0
LINE
  5
16D
330
1F
100
AcDbEntity
  8
Geometries
  6
Continuous
370
    13
100
AcDbLine
 10
218.0361185214121
 20
122.3254648587363
 30
0.0
 11
217.9624632631822
 21
122.283911248889
 31
0.0
  0
LINE
  5
16E
330
1F
100
AcDbEntity
  8
Geometries
  6
Continuous
370
    13
100
AcDbLine
 10
88.71756316929256
 20
122.4928903532391
 30
0.0
 11
88.70999266728913
 21
122.5028355224761
 31
0.0
  0
LINE
  5
16F
330
1F
100
AcDbEntity
  8
Geometries
  6
Continuous
370
    13
100
AcDbLine
 10
173.0896603125287
 20
126.9947439933175
 30
0.0
 11
173.6825725636375
 21
126.9617713751464
 31
0.0
  0
LINE
  5
170
330
1F
100
AcDbEntity
  8
Geometries
  6
Continuous
370
    13
100
AcDbLine
 10
130.2788415752825
 20
117.6007053114176
 30
0.0
 11
130.1218516995415
 21
117.6005361025518
 31
0.0
  0
LINE
  5
171
330
1F
100
AcDbEntity
  8
Geometries
  6
Continuous
370
    13
100
AcDbLine
 10
141.0406799696759
 20
128.2735507970789
 30
0.0
 11
141.939955232359
 21
128.2542427616883
 31
0.0
  0
LINE
  5
172
330
1F
100
AcDbEntity
  8
Geometries
  6
Continuous
370
    13
100
AcDbLine
 10
95.06443087093555
 20
119.8748893645918
 30
0.0
 11
95.02011180122497
 21
119.8843619575982
 31
0.0
  0
LINE
  5
173
330
1F
100
AcDbEntity
  8
Geometries
  6
Continuous
370
    13
100
AcDbLine
 10
119.8249267714774
 20
117.7188985581076
 30
0.0
 11
119.5698860032014
 21
117.7254247682169
 31
0.0
  0
LINE
  5
174
330
1F
100
AcDbEntity
  8
Geometries
  6
Continuous
370
    13
100
AcDbLine
 10
169.3497066247886
 20
127.1960298800544
 30
0.0
 11
169.797926380374
 21
127.1725650962227
 31
0.0
  0
LINE
  5
175
330
1F
100
AcDbEntity
  8
Geometries
  6
Continuous
370
    13
100
AcDbLine
 10
141.939955232359
 20
128.2542427616883
 30
0.0
 11
142.4966915160388
 21
128.2416711685771
 31
0.0
  0
LINE
  5
176
330
1F
100
AcDbEntity
  8
Geometries
  6
Continuous
370
    13
100
AcDbLine
 10
93.84143116136465
 20
125.8576002328409
 30
0.0
 11
93.96276110930114
 21
125.8851680447339
 31
0.0
  0
LINE
  5
177
330
1F
100
AcDbEntity
  8
Geometries
  6
Continuous
370
    13
100
AcDbLine
 10
106.3287860995904
 20
127.5993223523017
 30
0.0
 11
107.0579796936911
 21
127.6582560406787
 31
0.0
  0
LINE
  5
178
330
1F
100
AcDbEntity
  8
Geometries
  6
Continuous
370
    13
100
AcDbLine
 10
88.81779801166654
 20
122.3719594106373
 30
0.0
 11
88.77812896515425
 21
122.4177316096031
 31
0.0
  0
LINE
  5
179
330
1F
100
AcDbEntity
  8
Geometries
  6
Continuous
370
    13
100
AcDbLine
 10
126.7773421930095
 20
117.6114685959028
 30
0.0
 11
126.568000102851
 21
117.6129710988733
 31
0.0
  0
LINE
  5
17A
330
1F
100
AcDbEntity
  8
Geometries
  6
Continuous
370
    13
100
AcDbLine
 10
95.42182256463994
 20
126.1991073534778
 30
0.0
 11
95.45908983910905
 21
126.2065882619203
 31
0.0
  0
LINE
  5
17B
330
1F
100
AcDbEntity
  8
Geometries
  6
Continuous
370
    13
100
AcDbLine
 10
101.1780563267698
 20
127.083191963857
 30
0.0
 11
101.2555826267171
 21
127.0925299577025
 31
0.0
  0
LINE
  5
17C
330
1F
100
AcDbEntity
  8
Geometries
  6
Continuous
370
    13
100
AcDbLine
 10
142.4966915160388
 20
128.2416711685771
 30
0.0
 11
143.0555492807455
 21
128.2285828038331
 31
0.0
  0
LINE
  5
17D
330
1F
100
AcDbEntity
  8
Geometries
  6
Continuous
370
    13
100
AcDbLine
 10
143.0555492807455
 20
128.2285828038331
 30
0.0
 11
143.1812987284407
 21
128.2255735729975
 31
0.0
  0
LINE
  5
17E
330
1F
100
AcDbEntity
  8
Geometries
  6
Continuous
370
    13
100
AcDbLine
 10
173.6825725636375
 20
126.9617713751464
 30
0.0
 11
174.2813394996516
 21
126.9282027285754
 31
0.0
  0
LINE
  5
17F
330
1F
100
AcDbEntity
  8
Geometries
  6
Continuous
370
    13
100
AcDbLine
 10
95.07586769152266
 20
126.1279692141978
 30
0.0
 11
95.09804791956964
 21
126.1326242412396
 31
0.0
  0
LINE
  5
180
330
1F
100
AcDbEntity
  8
Geometries
  6
Continuous
370
    13
100
AcDbLine
 10
143.1812987284407
 20
128.2255735729975
 30
0.0
 11
143.3071550895903
 21
128.2225382991102
 31
0.0
  0
LINE
  5
181
330
1F
100
AcDbEntity
  8
Geometries
  6
Continuous
370
    13
100
AcDbLine
 10
88.77812896515425
 20
122.4177316096031
 30
0.0
 11
88.74106125042798
 21
122.4628602502044
 31
0.0
  0
LINE
  5
182
330
1F
100
AcDbEntity
  8
Geometries
  6
Continuous
370
    13
100
AcDbLine
 10
175.9643150320879
 20
126.8324605918796
 30
0.0
 11
176.1354194942567
 21
126.8226162748844
 31
0.0
  0
LINE
  5
183
330
1F
100
AcDbEntity
  8
Geometries
  6
Continuous
370
    13
100
AcDbLine
 10
96.97744708988007
 20
126.485314208448
 30
0.0
 11
97.15790282857665
 21
126.5155767168566
 31
0.0
  0
LINE
  5
184
330
1F
100
AcDbEntity
  8
Geometries
  6
Continuous
370
    13
100
AcDbLine
 10
89.79251091428296
 20
124.43613187334
 30
0.0
 11
89.81070787253614
 21
124.4483677987067
 31
0.0
  0
LINE
  5
185
330
1F
100
AcDbEntity
  8
Geometries
  6
Continuous
370
    13
100
AcDbLine
 10
128.9647226981552
 20
117.6011469754643
 30
0.0
 11
128.8645605813619
 21
117.6013578012928
 31
0.0
  0
LINE
  5
186
330
1F
100
AcDbEntity
  8
Geometries
  6
Continuous
370
    13
100
AcDbLine
 10
143.3071550895903
 20
128.2225382991102
 30
0.0
 11
143.4331183641945
 21
128.2194769821712
 31
0.0
  0
LINE
  5
187
330
1F
100
AcDbEntity
  8
Geometries
  6
Continuous
370
    13
100
AcDbLine
 10
89.81070787253614
 20
124.4483677987067
 30
0.0
 11
89.88306105944136
 21
124.4964708509439
 31
0.0
  0
LINE
  5
188
330
1F
100
AcDbEntity
  8
Geometries
  6
Continuous
370
    13
100
AcDbLine
 10
114.5293197078991
 20
117.8984773209774
 30
0.0
 11
114.3925003201198
 21
117.9045512299339
 31
0.0
  0
LINE
  5
189
330
1F
100
AcDbEntity
  8
Geometries
  6
Continuous
370
    13
100
AcDbLine
 10
90.75167833026623
 20
121.0519336728173
 30
0.0
 11
90.67899750831265
 21
121.0800481801754
 31
0.0
  0
LINE
  5
18A
330
1F
100
AcDbEntity
  8
Geometries
  6
Continuous
370
    13
100
AcDbLine
 10
114.2454359649945
 20
117.9111626272901
 30
0.0
 11
114.0892009169609
 21
117.9182523352391
 31
0.0
  0
LINE
  5
18B
330
1F
100
AcDbEntity
  8
Geometries
  6
Continuous
370
    13
100
AcDbLine
 10
143.6826893457929
 20
128.2133425085123
 30
0.0
 11
143.7994287261166
 21
128.2104418117995
 31
0.0
  0
LINE
  5
18C
330
1F
100
AcDbEntity
  8
Geometries
  6
Continuous
370
    13
100
AcDbLine
 10
91.21940995313477
 20
120.8908120065745
 30
0.0
 11
91.21369796058296
 21
120.8926457322452
 31
0.0
  0
LINE
  5
18D
330
1F
100
AcDbEntity
  8
Geometries
  6
Continuous
370
    13
100
AcDbLine
 10
127.1853087090039
 20
117.6087574421311
 30
0.0
 11
126.9831117283939
 21
117.6100640436554
 31
0.0
  0
LINE
  5
18E
330
1F
100
AcDbEntity
  8
Geometries
  6
Continuous
370
    13
100
AcDbLine
 10
164.8865383422536
 20
127.4196643780288
 30
0.0
 11
165.5009473720041
 21
127.3898827957536
 31
0.0
  0
LINE
  5
18F
330
1F
100
AcDbEntity
  8
Geometries
  6
Continuous
370
    13
100
AcDbLine
 10
167.2873030098741
 20
127.3015359586929
 30
0.0
 11
167.8676473384128
 21
127.2722427402815
 31
0.0
  0
LINE
  5
190
330
1F
100
AcDbEntity
  8
Geometries
  6
Continuous
370
    13
100
AcDbLine
 10
143.7994287261166
 20
128.2104418117995
 30
0.0
 11
143.9163535139581
 21
128.2075167850436
 31
0.0
  0
LINE
  5
191
330
1F
100
AcDbEntity
  8
Geometries
  6
Continuous
370
    13
100
AcDbLine
 10
143.9163535139581
 20
128.2075167850436
 30
0.0
 11
144.651334077041
 21
128.1886841402788
 31
0.0
  0
LINE
  5
192
330
1F
100
AcDbEntity
  8
Geometries
  6
Continuous
370
    13
100
AcDbLine
 10
129.0650743974089
 20
117.6009614873756
 30
0.0
 11
128.9647226981552
 21
117.6011469754643
 31
0.0
  0
LINE
  5
193
330
1F
100
AcDbEntity
  8
Geometries
  6
Continuous
370
    13
100
AcDbLine
 10
88.72526476715004
 20
122.4829127514481
 30
0.0
 11
88.71756316929256
 21
122.4928903532391
 31
0.0
  0
LINE
  5
194
330
1F
100
AcDbEntity
  8
Geometries
  6
Continuous
370
    13
100
AcDbLine
 10
109.8688379398485
 20
118.1423200803766
 30
0.0
 11
109.5936559785458
 21
118.1598794759228
 31
0.0
  0
LINE
  5
195
330
1F
100
AcDbEntity
  8
Geometries
  6
Continuous
370
    13
100
AcDbLine
 10
89.05849699979326
 20
122.13039739417
 30
0.0
 11
89.04923098645746
 21
122.1388726726784
 31
0.0
  0
LINE
  5
196
330
1F
100
AcDbEntity
  8
Geometries
  6
Continuous
370
    13
100
AcDbLine
 10
166.7012245001766
 20
127.3308183881392
 30
0.0
 11
167.2873030098741
 21
127.3015359586929
 31
0.0
  0
LINE
  5
197
330
1F
100
AcDbEntity
  8
Geometries
  6
Continuous
370
    13
100
AcDbLine
 10
144.651334077041
 20
128.1886841402788
 30
0.0
 11
145.3935571212859
 21
128.1689011032033
 31
0.0
  0
LINE
  5
198
330
1F
100
AcDbEntity
  8
Geometries
  6
Continuous
370
    13
100
AcDbLine
 10
146.0745901410293
 20
128.1500918034434
 30
0.0
 11
146.761608682394
 21
128.130497055493
 31
0.0
  0
LINE
  5
199
330
1F
100
AcDbEntity
  8
Geometries
  6
Continuous
370
    13
100
AcDbLine
 10
88.50293892305605
 20
122.9475972124927
 30
0.0
 11
88.49999999941866
 21
123.0003905948531
 31
0.0
  0
LINE
  5
19A
330
1F
100
AcDbEntity
  8
Geometries
  6
Continuous
370
    13
100
AcDbLine
 10
146.761608682394
 20
128.130497055493
 30
0.0
 11
147.45461274538
 21
128.1101168593521
 31
0.0
  0
LINE
  5
19B
330
1F
100
AcDbEntity
  8
Geometries
  6
Continuous
370
    13
100
AcDbLine
 10
147.45461274538
 20
128.1101168593521
 30
0.0
 11
148.1536023299876
 21
128.0889512150204
 31
0.0
  0
LINE
  5
19C
330
1F
100
AcDbEntity
  8
Geometries
  6
Continuous
370
    13
100
AcDbLine
 10
91.19603183765784
 20
120.898328889065
 30
0.0
 11
91.19291076874703
 21
120.8993367418043
 31
0.0
  0
LINE
  5
19D
330
1F
100
AcDbEntity
  8
Geometries
  6
Continuous
370
    13
100
AcDbLine
 10
185.1492139769169
 20
126.2752143024175
 30
0.0
 11
187.6584828057567
 21
126.112702798388
 31
0.0
  0
LINE
  5
19E
330
1F
100
AcDbEntity
  8
Geometries
  6
Continuous
370
    13
100
AcDbLine
 10
130.1218516995415
 20
117.6005361025518
 30
0.0
 11
129.6924196836573
 21
117.6003768562368
 31
0.0
  0
LINE
  5
19F
330
1F
100
AcDbEntity
  8
Geometries
  6
Continuous
370
    13
100
AcDbLine
 10
148.1536023299876
 20
128.0889512150204
 30
0.0
 11
148.8585774362164
 21
128.0670001224981
 31
0.0
  0
LINE
  5
1A0
330
1F
100
AcDbEntity
  8
Geometries
  6
Continuous
370
    13
100
AcDbLine
 10
93.07980309270755
 20
125.6738823388867
 30
0.0
 11
93.23245618654205
 21
125.7124679604204
 31
0.0
  0
LINE
  5
1A1
330
1F
100
AcDbEntity
  8
Geometries
  6
Continuous
370
    13
100
AcDbLine
 10
93.81344839386006
 20
120.1495808904104
 30
0.0
 11
93.70808084222753
 21
120.17389328641
 31
0.0
  0
LINE
  5
1A2
330
1F
100
AcDbEntity
  8
Geometries
  6
Continuous
370
    13
100
AcDbLine
 10
90.81893238752484
 20
121.0269558286725
 30
0.0
 11
90.75167833026623
 21
121.0519336728173
 31
0.0
  0
LINE
  5
1A3
330
1F
100
AcDbEntity
  8
Geometries
  6
Continuous
370
    13
100
AcDbLine
 10
165.5009473720041
 20
127.3898827957536
 30
0.0
 11
166.1094118093201
 21
127.3600900286203
 31
0.0
  0
LINE
  5
1A4
330
1F
100
AcDbEntity
  8
Geometries
  6
Continuous
370
    13
100
AcDbLine
 10
148.8585774362164
 20
128.0670001224981
 30
0.0
 11
149.5567898507365
 21
128.04467647914
 31
0.0
  0
LINE
  5
1A5
330
1F
100
AcDbEntity
  8
Geometries
  6
Continuous
370
    13
100
AcDbLine
 10
120.3286058437559
 20
117.7064930630875
 30
0.0
 11
120.0778333849954
 21
117.7125879897311
 31
0.0
  0
LINE
  5
1A6
330
1F
100
AcDbEntity
  8
Geometries
  6
Continuous
370
    13
100
AcDbLine
 10
149.5567898507365
 20
128.04467647914
 30
0.0
 11
150.2607759268967
 21
128.0215951888509
 31
0.0
  0
LINE
  5
1A7
330
1F
100
AcDbEntity
  8
Geometries
  6
Continuous
370
    13
100
AcDbLine
 10
150.2607759268967
 20
128.0215951888509
 30
0.0
 11
150.9705356646978
 21
127.9977562516302
 31
0.0
  0
LINE
  5
1A8
330
1F
100
AcDbEntity
  8
Geometries
  6
Continuous
370
    13
100
AcDbLine
 10
90.42615344276356
 20
121.188860320101
 30
0.0
 11
90.37265376545307
 21
121.2145585530926
 31
0.0
  0
LINE
  5
1A9
330
1F
100
AcDbEntity
  8
Geometries
  6
Continuous
370
    13
100
AcDbLine
 10
190.9866021766229
 20
125.8903597570819
 30
0.0
 11
192.3147101611928
 21
125.7995459315298
 31
0.0
  0
LINE
  5
1AA
330
1F
100
AcDbEntity
  8
Geometries
  6
Continuous
370
    13
100
AcDbLine
 10
88.83308112418146
 20
123.6452710495926
 30
0.0
 11
88.88416282225046
 21
123.7007517430421
 31
0.0
  0
LINE
  5
1AB
330
1F
100
AcDbEntity
  8
Geometries
  6
Continuous
370
    13
100
AcDbLine
 10
151.6400582984149
 20
126.9446639258507
 30
0.0
 11
151.6860690641394
 21
127.9731596674782
 31
0.0
  0
LINE
  5
1AC
330
1F
100
AcDbEntity
  8
Geometries
  6
Continuous
370
    13
100
AcDbLine
 10
91.19967109129676
 20
120.8971558617395
 30
0.0
 11
91.19603183765784
 21
120.898328889065
 31
0.0
  0
LINE
  5
1AD
330
1F
100
AcDbEntity
  8
Geometries
  6
Continuous
370
    13
100
AcDbLine
 10
188.9831882878775
 20
126.0251284822787
 30
0.0
 11
189.6454921873378
 21
125.9808830625584
 31
0.0
  0
LINE
  5
1AE
330
1F
100
AcDbEntity
  8
Geometries
  6
Continuous
370
    13
100
AcDbLine
 10
162.9604388109264
 20
126.4537536270696
 30
0.0
 11
151.6400582984149
 21
126.9446639258507
 31
0.0
  0
LINE
  5
1AF
330
1F
100
AcDbEntity
  8
Geometries
  6
Continuous
370
    13
100
AcDbLine
 10
108.3995257583685
 20
118.2415977087931
 30
0.0
 11
108.2193229789132
 21
118.2547604977381
 31
0.0
  0
LINE
  5
1B0
330
1F
100
AcDbEntity
  8
Geometries
  6
Continuous
370
    13
100
AcDbLine
 10
192.3147101611928
 20
125.7995459315298
 30
0.0
 11
193.636330575462
 21
125.7080165011304
 31
0.0
  0
LINE
  5
1B1
330
1F
100
AcDbEntity
  8
Geometries
  6
Continuous
370
    13
100
AcDbLine
 10
168.2649781422689
 20
118.7487782139938
 30
0.0
 11
167.7570499683791
 21
118.7229422228231
 31
0.0
  0
LINE
  5
1B2
330
1F
100
AcDbEntity
  8
Geometries
  6
Continuous
370
    13
100
AcDbLine
 10
95.53392421460765
 20
126.2215067050387
 30
0.0
 11
95.77420203502186
 21
126.2684785447589
 31
0.0
  0
LINE
  5
1B3
330
1F
100
AcDbEntity
  8
Geometries
  6
Continuous
370
    13
100
AcDbLine
 10
114.0892009169609
 20
117.9182523352391
 30
0.0
 11
113.9342812051252
 21
117.9253470767631
 31
0.0
  0
LINE
  5
1B4
330
1F
100
AcDbEntity
  8
Geometries
  6
Continuous
370
    13
100
AcDbLine
 10
163.0076436983944
 20
127.5089420157081
 30
0.0
 11
163.6398865054488
 21
127.4791939880063
 31
0.0
  0
LINE
  5
1B5
330
1F
100
AcDbEntity
  8
Geometries
  6
Continuous
370
    13
100
AcDbLine
 10
166.1094118093201
 20
127.3600900286203
 30
0.0
 11
166.7012245001766
 21
127.3308183881392
 31
0.0
  0
LINE
  5
1B6
330
1F
100
AcDbEntity
  8
Geometries
  6
Continuous
370
    13
100
AcDbLine
 10
167.1026976565718
 20
118.6899994423328
 30
0.0
 11
166.4410754534306
 21
118.6570693186591
 31
0.0
  0
LINE
  5
1B7
330
1F
100
AcDbEntity
  8
Geometries
  6
Continuous
370
    13
100
AcDbLine
 10
163.6398865054488
 20
127.4791939880063
 30
0.0
 11
164.2661847200685
 21
127.4494347754465
 31
0.0
  0
LINE
  5
1B8
330
1F
100
AcDbEntity
  8
Geometries
  6
Continuous
370
    13
100
AcDbLine
 10
93.15488580378903
 20
120.3077726181951
 30
0.0
 11
92.96436877067788
 21
120.3567090399808
 31
0.0
  0
LINE
  5
1B9
330
1F
100
AcDbEntity
  8
Geometries
  6
Continuous
370
    13
100
AcDbLine
 10
96.79975400838906
 20
126.4549928347713
 30
0.0
 11
96.97744708988007
 21
126.485314208448
 31
0.0
  0
LINE
  5
1BA
330
1F
100
AcDbEntity
  8
Geometries
  6
Continuous
370
    13
100
AcDbLine
 10
91.55033708753425
 20
125.2160200445706
 30
0.0
 11
91.70395683922956
 21
125.266663431008
 31
0.0
  0
LINE
  5
1BB
330
1F
100
AcDbEntity
  8
Geometries
  6
Continuous
370
    13
100
AcDbLine
 10
164.2661847200685
 20
127.4494347754465
 30
0.0
 11
164.8865383422536
 21
127.4196643780288
 31
0.0
  0
LINE
  5
1BC
330
1F
100
AcDbEntity
  8
Geometries
  6
Continuous
370
    13
100
AcDbLine
 10
167.8676473384128
 20
127.2722427402815
 30
0.0
 11
168.4422574857921
 21
127.2429387329046
 31
0.0
  0
LINE
  5
1BD
330
1F
100
AcDbEntity
  8
Geometries
  6
Continuous
370
    13
100
AcDbLine
 10
100.7333306777469
 20
118.9721049898069
 30
0.0
 11
100.5078843437874
 21
119.0002277312844
 31
0.0
  0
LINE
  5
1BE
330
1F
100
AcDbEntity
  8
Geometries
  6
Continuous
370
    13
100
AcDbLine
 10
168.4422574857921
 20
127.2429387329046
 30
0.0
 11
168.8978169932612
 21
127.2194877589483
 31
0.0
  0
LINE
  5
1BF
330
1F
100
AcDbEntity
  8
Geometries
  6
Continuous
370
    13
100
AcDbLine
 10
104.1283889951214
 20
127.4034609160062
 30
0.0
 11
104.3516973463716
 21
127.4247568200629
 31
0.0
  0
LINE
  5
1C0
330
1F
100
AcDbEntity
  8
Geometries
  6
Continuous
370
    13
100
AcDbLine
 10
168.7684378338311
 20
118.7746219847528
 30
0.0
 11
168.2649781422689
 21
118.7487782139938
 31
0.0
  0
LINE
  5
1C1
330
1F
100
AcDbEntity
  8
Geometries
  6
Continuous
370
    13
100
AcDbLine
 10
168.8978169932612
 20
127.2194877589483
 30
0.0
 11
169.3497066247886
 21
127.1960298800544
 31
0.0
  0
LINE
  5
1C2
330
1F
100
AcDbEntity
  8
Geometries
  6
Continuous
370
    13
100
AcDbLine
 10
141.6749725112288
 20
117.7379227354367
 30
0.0
 11
141.318520140119
 21
117.7305531537671
 31
0.0
  0
LINE
  5
1C3
330
1F
100
AcDbEntity
  8
Geometries
  6
Continuous
370
    13
100
AcDbLine
 10
88.49999999941866
 20
123.0003905948531
 30
0.0
 11
88.50152610043446
 21
123.0453228551701
 31
0.0
  0
LINE
  5
1C4
330
1F
100
AcDbEntity
  8
Geometries
  6
Continuous
370
    13
100
AcDbLine
 10
169.797926380374
 20
127.1725650962227
 30
0.0
 11
170.2449695454719
 21
127.1489688586716
 31
0.0
  0
LINE
  5
1C5
330
1F
100
AcDbEntity
  8
Geometries
  6
Continuous
370
    13
100
AcDbLine
 10
89.73837392317455
 20
124.3993417971081
 30
0.0
 11
89.75634393960227
 21
124.4116188725408
 31
0.0
  0
LINE
  5
1C6
330
1F
100
AcDbEntity
  8
Geometries
  6
Continuous
370
    13
100
AcDbLine
 10
170.6956798746832
 20
127.124995312993
 30
0.0
 11
171.2915619486905
 21
127.0930245475724
 31
0.0
  0
LINE
  5
1C7
330
1F
100
AcDbEntity
  8
Geometries
  6
Continuous
370
    13
100
AcDbLine
 10
89.56908507688127
 20
124.280332481897
 30
0.0
 11
89.70266083214466
 21
124.3747464961771
 31
0.0
  0
LINE
  5
1C8
330
1F
100
AcDbEntity
  8
Geometries
  6
Continuous
370
    13
100
AcDbLine
 10
172.5026027463254
 20
127.0271205830889
 30
0.0
 11
173.0896603125287
 21
126.9947439933175
 31
0.0
  0
LINE
  5
1C9
330
1F
100
AcDbEntity
  8
Geometries
  6
Continuous
370
    13
100
AcDbLine
 10
142.6405362302199
 20
117.7590100311689
 30
0.0
 11
142.160445759344
 21
117.7483158765102
 31
0.0
  0
LINE
  5
1CA
330
1F
100
AcDbEntity
  8
Geometries
  6
Continuous
370
    13
100
AcDbLine
 10
171.5359445845957
 20
118.920962274814
 30
0.0
 11
170.8931192088055
 21
118.8863505220908
 31
0.0
  0
LINE
  5
1CB
330
1F
100
AcDbEntity
  8
Geometries
  6
Continuous
370
    13
100
AcDbLine
 10
88.50152610043446
 20
123.0453228551701
 30
0.0
 11
88.50610440389345
 21
123.0874378117992
 31
0.0
  0
LINE
  5
1CC
330
1F
100
AcDbEntity
  8
Geometries
  6
Continuous
370
    13
100
AcDbLine
 10
167.7570499683791
 20
118.7229422228231
 30
0.0
 11
167.1026976565718
 21
118.6899994423328
 31
0.0
  0
LINE
  5
1CD
330
1F
100
AcDbEntity
  8
Geometries
  6
Continuous
370
    13
100
AcDbLine
 10
218.3863422468602
 20
122.6856410011215
 30
0.0
 11
218.3508016096326
 21
122.6281218190196
 31
0.0
  0
LINE
  5
1CE
330
1F
100
AcDbEntity
  8
Geometries
  6
Continuous
370
    13
100
AcDbLine
 10
89.06782910633216
 20
122.12191203841
 30
0.0
 11
89.05849699979326
 21
122.13039739417
 31
0.0
  0
LINE
  5
1CF
330
1F
100
AcDbEntity
  8
Geometries
  6
Continuous
370
    13
100
AcDbLine
 10
174.2813394996516
 20
126.9282027285754
 30
0.0
 11
174.8859611205712
 21
126.8940380536048
 31
0.0
  0
LINE
  5
1D0
330
1F
100
AcDbEntity
  8
Geometries
  6
Continuous
370
    13
100
AcDbLine
 10
93.56629744997835
 20
125.7936315217731
 30
0.0
 11
93.59476461101826
 21
125.8003637723756
 31
0.0
  0
LINE
  5
1D1
330
1F
100
AcDbEntity
  8
Geometries
  6
Continuous
370
    13
100
AcDbLine
 10
165.0960213731462
 20
118.5912470417612
 30
0.0
 11
164.4125894960029
 21
118.558354888537
 31
0.0
  0
LINE
  5
1D2
330
1F
100
AcDbEntity
  8
Geometries
  6
Continuous
370
    13
100
AcDbLine
 10
91.14023116138196
 20
125.0843199992677
 30
0.0
 11
91.16046131920986
 21
125.0909216286153
 31
0.0
  0
LINE
  5
1D3
330
1F
100
AcDbEntity
  8
Geometries
  6
Continuous
370
    13
100
AcDbLine
 10
175.4228711423341
 20
126.8634801049387
 30
0.0
 11
175.9643150320879
 21
126.8324605918796
 31
0.0
  0
LINE
  5
1D4
330
1F
100
AcDbEntity
  8
Geometries
  6
Continuous
370
    13
100
AcDbLine
 10
102.0405139531261
 20
127.184524617917
 30
0.0
 11
102.5234306271818
 21
127.238447816764
 31
0.0
  0
LINE
  5
1D5
330
1F
100
AcDbEntity
  8
Geometries
  6
Continuous
370
    13
100
AcDbLine
 10
176.1354194942567
 20
126.8226162748844
 30
0.0
 11
176.3069717915496
 21
126.8127263666309
 31
0.0
  0
LINE
  5
1D6
330
1F
100
AcDbEntity
  8
Geometries
  6
Continuous
370
    13
100
AcDbLine
 10
176.3069717915496
 20
126.8127263666309
 30
0.0
 11
176.4789719239663
 21
126.8027908671188
 31
0.0
  0
LINE
  5
1D7
330
1F
100
AcDbEntity
  8
Geometries
  6
Continuous
370
    13
100
AcDbLine
 10
180.8427759767918
 20
119.4568750416636
 30
0.0
 11
180.1942440404507
 21
119.417613622425
 31
0.0
  0
LINE
  5
1D8
330
1F
100
AcDbEntity
  8
Geometries
  6
Continuous
370
    13
100
AcDbLine
 10
176.4789719239663
 20
126.8027908671188
 30
0.0
 11
176.6514198915071
 21
126.7928097763484
 31
0.0
  0
LINE
  5
1D9
330
1F
100
AcDbEntity
  8
Geometries
  6
Continuous
370
    13
100
AcDbLine
 10
135.7403220538276
 20
117.6395185934813
 30
0.0
 11
135.7008190525489
 21
117.6390343458393
 31
0.0
  0
LINE
  5
1DA
330
1F
100
AcDbEntity
  8
Geometries
  6
Continuous
370
    13
100
AcDbLine
 10
151.6543057757229
 20
119.0565489472988
 30
0.0
 11
162.9729130219903
 21
119.5474064333229
 31
0.0
  0
LINE
  5
1DB
330
1F
100
AcDbEntity
  8
Geometries
  6
Continuous
370
    13
100
AcDbLine
 10
94.78303235404634
 20
119.9353854282319
 30
0.0
 11
94.73344948158947
 21
119.9461007565748
 31
0.0
  0
LINE
  5
1DC
330
1F
100
AcDbEntity
  8
Geometries
  6
Continuous
370
    13
100
AcDbLine
 10
176.6514198915071
 20
126.7928097763484
 30
0.0
 11
176.815091173608
 21
126.783318017919
 31
0.0
  0
LINE
  5
1DD
330
1F
100
AcDbEntity
  8
Geometries
  6
Continuous
370
    13
100
AcDbLine
 10
93.65950963424028
 20
125.8155675500536
 30
0.0
 11
93.72679444393884
 21
125.8312231613041
 31
0.0
  0
LINE
  5
1DE
330
1F
100
AcDbEntity
  8
Geometries
  6
Continuous
370
    13
100
AcDbLine
 10
94.22550069670646
 20
125.9438758895885
 30
0.0
 11
94.36691033617504
 21
125.9750159225503
 31
0.0
  0
LINE
  5
1DF
330
1F
100
AcDbEntity
  8
Geometries
  6
Continuous
370
    13
100
AcDbLine
 10
199.2968752598641
 20
120.698294176723
 30
0.0
 11
198.0501035308977
 21
120.6070547773491
 31
0.0
  0
LINE
  5
1E0
330
1F
100
AcDbEntity
  8
Geometries
  6
Continuous
370
    13
100
AcDbLine
 10
95.14252027390955
 20
126.1419181078027
 30
0.0
 11
95.16481240020246
 21
126.1465569473245
 31
0.0
  0
LINE
  5
1E1
330
1F
100
AcDbEntity
  8
Geometries
  6
Continuous
370
    13
100
AcDbLine
 10
108.495987726026
 20
118.2346376890048
 30
0.0
 11
108.3995257583685
 21
118.2415977087931
 31
0.0
  0
LINE
  5
1E2
330
1F
100
AcDbEntity
  8
Geometries
  6
Continuous
370
    13
100
AcDbLine
 10
176.815091173608
 20
126.783318017919
 30
0.0
 11
180.1292747581763
 21
126.5870870101601
 31
0.0
  0
LINE
  5
1E3
330
1F
100
AcDbEntity
  8
Geometries
  6
Continuous
370
    13
100
AcDbLine
 10
186.997557827058
 20
119.8447523165212
 30
0.0
 11
185.5894154309842
 21
119.7536010264289
 31
0.0
  0
LINE
  5
1E4
330
1F
100
AcDbEntity
  8
Geometries
  6
Continuous
370
    13
100
AcDbLine
 10
88.67855572713465
 20
123.4551525093474
 30
0.0
 11
88.72765023010476
 21
123.5208991103047
 31
0.0
  0
LINE
  5
1E5
330
1F
100
AcDbEntity
  8
Geometries
  6
Continuous
370
    13
100
AcDbLine
 10
144.9984899365896
 20
117.8177611903021
 30
0.0
 11
144.572075630265
 21
117.8064080095344
 31
0.0
  0
LINE
  5
1E6
330
1F
100
AcDbEntity
  8
Geometries
  6
Continuous
370
    13
100
AcDbLine
 10
180.1292747581763
 20
126.5870870101601
 30
0.0
 11
182.6394779610569
 21
126.4333423730082
 31
0.0
  0
LINE
  5
1E7
330
1F
100
AcDbEntity
  8
Geometries
  6
Continuous
370
    13
100
AcDbLine
 10
128.2299167382191
 20
117.6033364004582
 30
0.0
 11
127.9558891596861
 21
117.6045220962829
 31
0.0
  0
LINE
  5
1E8
330
1F
100
AcDbEntity
  8
Geometries
  6
Continuous
370
    13
100
AcDbLine
 10
91.90483467074637
 20
120.6665159650715
 30
0.0
 11
91.81378935843995
 21
120.6967314465508
 31
0.0
  0
LINE
  5
1E9
330
1F
100
AcDbEntity
  8
Geometries
  6
Continuous
370
    13
100
AcDbLine
 10
187.6584828057567
 20
126.112702798388
 30
0.0
 11
188.3208518273503
 21
126.0690683942218
 31
0.0
  0
LINE
  5
1EA
330
1F
100
AcDbEntity
  8
Geometries
  6
Continuous
370
    13
100
AcDbLine
 10
188.3208518273503
 20
126.0690683942218
 30
0.0
 11
188.9831882878775
 21
126.0251284822787
 31
0.0
  0
LINE
  5
1EB
330
1F
100
AcDbEntity
  8
Geometries
  6
Continuous
370
    13
100
AcDbLine
 10
217.6419421817263
 20
122.1782396292984
 30
0.0
 11
217.557490561167
 21
122.1676215998294
 31
0.0
  0
LINE
  5
1EC
330
1F
100
AcDbEntity
  8
Geometries
  6
Continuous
370
    13
100
AcDbLine
 10
130.4362755998533
 20
117.6009338808781
 30
0.0
 11
130.2788415752825
 21
117.6007053114176
 31
0.0
  0
LINE
  5
1ED
330
1F
100
AcDbEntity
  8
Geometries
  6
Continuous
370
    13
100
AcDbLine
 10
90.18609219846446
 20
121.314259936996
 30
0.0
 11
90.14965541034718
 21
121.335742921651
 31
0.0
  0
LINE
  5
1EE
330
1F
100
AcDbEntity
  8
Geometries
  6
Continuous
370
    13
100
AcDbLine
 10
190.3079823905312
 20
125.9363173632033
 30
0.0
 11
190.9866021766229
 21
125.8903597570819
 31
0.0
  0
LINE
  5
1EF
330
1F
100
AcDbEntity
  8
Geometries
  6
Continuous
370
    13
100
AcDbLine
 10
91.40535396424235
 20
125.1694830448515
 30
0.0
 11
91.44621977330506
 21
125.1825432829667
 31
0.0
  0
LINE
  5
1F0
330
1F
100
AcDbEntity
  8
Geometries
  6
Continuous
370
    13
100
AcDbLine
 10
144.572075630265
 20
117.8064080095344
 30
0.0
 11
144.2940086278761
 21
117.7991666628777
 31
0.0
  0
LINE
  5
1F1
330
1F
100
AcDbEntity
  8
Geometries
  6
Continuous
370
    13
100
AcDbLine
 10
194.9044770063269
 20
125.6190873620529
 30
0.0
 11
196.166592220731
 21
125.5294929557747
 31
0.0
  0
LINE
  5
1F2
330
1F
100
AcDbEntity
  8
Geometries
  6
Continuous
370
    13
100
AcDbLine
 10
103.010989092098
 20
127.2908542738211
 30
0.0
 11
103.245323825489
 21
127.31533174802
 31
0.0
  0
LINE
  5
1F3
330
1F
100
AcDbEntity
  8
Geometries
  6
Continuous
370
    13
100
AcDbLine
 10
196.166592220731
 20
125.5294929557747
 30
0.0
 11
197.4226762186744
 21
125.4392332822951
 31
0.0
  0
LINE
  5
1F4
330
1F
100
AcDbEntity
  8
Geometries
  6
Continuous
370
    13
100
AcDbLine
 10
217.5553375799157
 20
123.8333530656567
 30
0.0
 11
217.6226841948787
 21
123.825418738974
 31
0.0
  0
LINE
  5
1F5
330
1F
100
AcDbEntity
  8
Geometries
  6
Continuous
370
    13
100
AcDbLine
 10
92.20233337464795
 20
120.5720052122116
 30
0.0
 11
92.09933736363324
 21
120.6039719392479
 31
0.0
  0
LINE
  5
1F6
330
1F
100
AcDbEntity
  8
Geometries
  6
Continuous
370
    13
100
AcDbLine
 10
95.11965679272275
 20
119.8631490899204
 30
0.0
 11
95.06443087093555
 21
119.8748893645918
 31
0.0
  0
LINE
  5
1F7
330
1F
100
AcDbEntity
  8
Geometries
  6
Continuous
370
    13
100
AcDbLine
 10
172.185383113453
 20
118.9562871481487
 30
0.0
 11
171.5359445845957
 21
118.920962274814
 31
0.0
  0
LINE
  5
1F8
330
1F
100
AcDbEntity
  8
Geometries
  6
Continuous
370
    13
100
AcDbLine
 10
198.6727290001565
 20
125.3483083416147
 30
0.0
 11
199.916750565178
 21
125.2567181337332
 31
0.0
  0
LINE
  5
1F9
330
1F
100
AcDbEntity
  8
Geometries
  6
Continuous
370
    13
100
AcDbLine
 10
90.14965541034718
 20
121.335742921651
 30
0.0
 11
90.11112113786574
 21
121.3589931692411
 31
0.0
  0
LINE
  5
1FA
330
1F
100
AcDbEntity
  8
Geometries
  6
Continuous
370
    13
100
AcDbLine
 10
203.2111882934513
 20
125.0087254357615
 30
0.0
 11
203.4482140753443
 21
124.990572564033
 31
0.0
  0
LINE
  5
1FB
330
1F
100
AcDbEntity
  8
Geometries
  6
Continuous
370
    13
100
AcDbLine
 10
217.9624632631822
 20
122.283911248889
 30
0.0
 11
217.8849643168532
 21
122.2479732710416
 31
0.0
  0
LINE
  5
1FC
330
1F
100
AcDbEntity
  8
Geometries
  6
Continuous
370
    13
100
AcDbLine
 10
89.75634393960227
 20
124.4116188725408
 30
0.0
 11
89.77438960330505
 21
124.4238822312847
 31
0.0
  0
LINE
  5
1FD
330
1F
100
AcDbEntity
  8
Geometries
  6
Continuous
370
    13
100
AcDbLine
 10
218.1692085610658
 20
123.5766083623592
 30
0.0
 11
218.2196886292231
 21
123.53006504795
 31
0.0
  0
LINE
  5
1FE
330
1F
100
AcDbEntity
  8
Geometries
  6
Continuous
370
    13
100
AcDbLine
 10
203.4482140753443
 20
124.990572564033
 30
0.0
 11
203.6850138014545
 21
124.9723947574513
 31
0.0
  0
LINE
  5
1FF
330
1F
100
AcDbEntity
  8
Geometries
  6
Continuous
370
    13
100
AcDbLine
 10
99.45327918345606
 20
126.8630385902271
 30
0.0
 11
99.69369281187215
 21
126.8954273973215
 31
0.0
  0
LINE
  5
200
330
1F
100
AcDbEntity
  8
Geometries
  6
Continuous
370
    13
100
AcDbLine
 10
203.9215874717816
 20
124.954192016016
 30
0.0
 11
204.1650109095606
 21
124.9354181361491
 31
0.0
  0
LINE
  5
201
330
1F
100
AcDbEntity
  8
Geometries
  6
Continuous
370
    13
100
AcDbLine
 10
98.68290973219044
 20
126.7539167064966
 30
0.0
 11
98.94290859653864
 21
126.7916530733841
 31
0.0
  0
LINE
  5
202
330
1F
100
AcDbEntity
  8
Geometries
  6
Continuous
370
    13
100
AcDbLine
 10
94.90840852997155
 20
126.092366278437
 30
0.0
 11
94.95597017518386
 21
126.1025487289717
 31
0.0
  0
LINE
  5
203
330
1F
100
AcDbEntity
  8
Geometries
  6
Continuous
370
    13
100
AcDbLine
 10
204.1650109095606
 20
124.9354181361491
 30
0.0
 11
204.4087342704609
 21
124.916576437651
 31
0.0
  0
LINE
  5
204
330
1F
100
AcDbEntity
  8
Geometries
  6
Continuous
370
    13
100
AcDbLine
 10
201.6244712114406
 20
120.8716234506467
 30
0.0
 11
200.5376131166082
 21
120.790198175351
 31
0.0
  0
LINE
  5
205
330
1F
100
AcDbEntity
  8
Geometries
  6
Continuous
370
    13
100
AcDbLine
 10
151.7040334805165
 20
118.0281264896157
 30
0.0
 11
151.6543057757229
 21
119.0565489472988
 31
0.0
  0
LINE
  5
206
330
1F
100
AcDbEntity
  8
Geometries
  6
Continuous
370
    13
100
AcDbLine
 10
204.4087342704609
 20
124.916576437651
 30
0.0
 11
207.0174289691409
 21
124.7120974036475
 31
0.0
  0
LINE
  5
207
330
1F
100
AcDbEntity
  8
Geometries
  6
Continuous
370
    13
100
AcDbLine
 10
203.7841695091583
 20
121.0360179982249
 30
0.0
 11
202.7066566756239
 21
120.9535633916046
 31
0.0
  0
LINE
  5
208
330
1F
100
AcDbEntity
  8
Geometries
  6
Continuous
370
    13
100
AcDbLine
 10
91.72482423658016
 20
120.7267453719998
 30
0.0
 11
91.71585422737863
 21
120.7297984668516
 31
0.0
  0
LINE
  5
209
330
1F
100
AcDbEntity
  8
Geometries
  6
Continuous
370
    13
100
AcDbLine
 10
104.3145509013303
 20
118.5793394094751
 30
0.0
 11
104.0754609007476
 21
118.602137024707
 31
0.0
  0
LINE
  5
20A
330
1F
100
AcDbEntity
  8
Geometries
  6
Continuous
370
    13
100
AcDbLine
 10
209.6593263507563
 20
124.4997631092726
 30
0.0
 11
212.2962767511199
 21
124.2825257709637
 31
0.0
  0
LINE
  5
20B
330
1F
100
AcDbEntity
  8
Geometries
  6
Continuous
370
    13
100
AcDbLine
 10
217.6226841948787
 20
123.825418738974
 30
0.0
 11
217.6889518371427
 21
123.8134897304037
 31
0.0
  0
LINE
  5
20C
330
1F
100
AcDbEntity
  8
Geometries
  6
Continuous
370
    13
100
AcDbLine
 10
218.2686980090331
 20
122.5212956199609
 30
0.0
 11
218.2221350456616
 21
122.4719886030045
 31
0.0
  0
LINE
  5
20D
330
1F
100
AcDbEntity
  8
Geometries
  6
Continuous
370
    13
100
AcDbLine
 10
217.6889518371427
 20
123.8134897304037
 30
0.0
 11
217.7541405067079
 21
123.7975660399461
 31
0.0
  0
LINE
  5
20E
330
1F
100
AcDbEntity
  8
Geometries
  6
Continuous
370
    13
100
AcDbLine
 10
108.7876879448021
 20
118.213993094405
 30
0.0
 11
108.6843191348372
 21
118.2212388431556
 31
0.0
  0
LINE
  5
20F
330
1F
100
AcDbEntity
  8
Geometries
  6
Continuous
370
    13
100
AcDbLine
 10
97.68743100270873
 20
119.4004908034325
 30
0.0
 11
97.52750065657165
 21
119.4260309005463
 31
0.0
  0
LINE
  5
210
330
1F
100
AcDbEntity
  8
Geometries
  6
Continuous
370
    13
100
AcDbLine
 10
217.5574894052421
 20
122.167634824836
 30
0.0
 11
215.1751516045492
 21
121.9615122756093
 31
0.0
  0
LINE
  5
211
330
1F
100
AcDbEntity
  8
Geometries
  6
Continuous
370
    13
100
AcDbLine
 10
217.7541405067079
 20
123.7975660399461
 30
0.0
 11
217.8182502035742
 21
123.7776476676011
 31
0.0
  0
LINE
  5
212
330
1F
100
AcDbEntity
  8
Geometries
  6
Continuous
370
    13
100
AcDbLine
 10
217.8182502035742
 20
123.7776476676011
 30
0.0
 11
217.8812809277413
 21
123.7537346133687
 31
0.0
  0
LINE
  5
213
330
1F
100
AcDbEntity
  8
Geometries
  6
Continuous
370
    13
100
AcDbLine
 10
205.6396824899696
 20
121.1800579567804
 30
0.0
 11
205.3740839410045
 21
121.1592808416849
 31
0.0
  0
LINE
  5
214
330
1F
100
AcDbEntity
  8
Geometries
  6
Continuous
370
    13
100
AcDbLine
 10
150.5458144303476
 20
117.9881826574804
 30
0.0
 11
149.9786084069441
 21
117.9691009216288
 31
0.0
  0
LINE
  5
215
330
1F
100
AcDbEntity
  8
Geometries
  6
Continuous
370
    13
100
AcDbLine
 10
217.8812809277413
 20
123.7537346133687
 30
0.0
 11
217.943759737886
 21
123.7255195944461
 31
0.0
  0
LINE
  5
216
330
1F
100
AcDbEntity
  8
Geometries
  6
Continuous
370
    13
100
AcDbLine
 10
217.943759737886
 20
123.7255195944461
 30
0.0
 11
218.0037919062909
 21
123.6936994598833
 31
0.0
  0
LINE
  5
217
330
1F
100
AcDbEntity
  8
Geometries
  6
Continuous
370
    13
100
AcDbLine
 10
218.0037919062909
 20
123.6936994598833
 30
0.0
 11
218.0613774329557
 21
123.6582742096816
 31
0.0
  0
LINE
  5
218
330
1F
100
AcDbEntity
  8
Geometries
  6
Continuous
370
    13
100
AcDbLine
 10
218.1165163178807
 20
123.6192438438402
 30
0.0
 11
218.1692085610658
 21
123.5766083623592
 31
0.0
  0
LINE
  5
219
330
1F
100
AcDbEntity
  8
Geometries
  6
Continuous
370
    13
100
AcDbLine
 10
218.2196886292231
 20
123.53006504795
 30
0.0
 11
218.2664988195837
 21
123.4807721949502
 31
0.0
  0
LINE
  5
21A
330
1F
100
AcDbEntity
  8
Geometries
  6
Continuous
370
    13
100
AcDbLine
 10
218.2664988195837
 20
123.4807721949502
 30
0.0
 11
218.3096391321475
 21
123.4287298033596
 31
0.0
  0
LINE
  5
21B
330
1F
100
AcDbEntity
  8
Geometries
  6
Continuous
370
    13
100
AcDbLine
 10
178.435726888713
 20
119.3126105919556
 30
0.0
 11
177.8775102823263
 21
119.2797058926259
 31
0.0
  0
LINE
  5
21C
330
1F
100
AcDbEntity
  8
Geometries
  6
Continuous
370
    13
100
AcDbLine
 10
94.95597017518386
 20
126.1025487289717
 30
0.0
 11
94.99839879238135
 21
126.1115945458295
 31
0.0
  0
LINE
  5
21D
330
1F
100
AcDbEntity
  8
Geometries
  6
Continuous
370
    13
100
AcDbLine
 10
134.1703780266456
 20
117.6223660007964
 30
0.0
 11
133.6521526844212
 21
117.6176870562628
 31
0.0
  0
LINE
  5
21E
330
1F
100
AcDbEntity
  8
Geometries
  6
Continuous
370
    13
100
AcDbLine
 10
218.3096391321475
 20
123.4287298033596
 30
0.0
 11
218.3491095669146
 21
123.3739378731781
 31
0.0
  0
LINE
  5
21F
330
1F
100
AcDbEntity
  8
Geometries
  6
Continuous
370
    13
100
AcDbLine
 10
135.2243943466426
 20
117.6334039496378
 30
0.0
 11
134.6944585807194
 21
117.6276049652546
 31
0.0
  0
LINE
  5
220
330
1F
100
AcDbEntity
  8
Geometries
  6
Continuous
370
    13
100
AcDbLine
 10
218.3491095669146
 20
123.3739378731781
 30
0.0
 11
218.3849101238851
 21
123.3163964044061
 31
0.0
  0
LINE
  5
221
330
1F
100
AcDbEntity
  8
Geometries
  6
Continuous
370
    13
100
AcDbLine
 10
218.3849101238851
 20
123.3163964044061
 30
0.0
 11
218.4169567589818
 21
123.2561540444447
 31
0.0
  0
LINE
  5
222
330
1F
100
AcDbEntity
  8
Geometries
  6
Continuous
370
    13
100
AcDbLine
 10
170.2569069860825
 20
118.8524518899792
 30
0.0
 11
169.7619517699719
 21
118.8263328650355
 31
0.0
  0
LINE
  5
223
330
1F
100
AcDbEntity
  8
Geometries
  6
Continuous
370
    13
100
AcDbLine
 10
145.4310496240487
 20
117.8295739414427
 30
0.0
 11
144.9984899365896
 21
117.8177611903021
 31
0.0
  0
LINE
  5
224
330
1F
100
AcDbEntity
  8
Geometries
  6
Continuous
370
    13
100
AcDbLine
 10
218.4169567589818
 20
123.2561540444447
 30
0.0
 11
218.4444890641996
 21
123.1944326511489
 31
0.0
  0
LINE
  5
225
330
1F
100
AcDbEntity
  8
Geometries
  6
Continuous
370
    13
100
AcDbLine
 10
218.4444890641996
 20
123.1944326511489
 30
0.0
 11
218.4675070395388
 21
123.1312322245181
 31
0.0
  0
LINE
  5
226
330
1F
100
AcDbEntity
  8
Geometries
  6
Continuous
370
    13
100
AcDbLine
 10
89.15879844503847
 20
123.9588909924984
 30
0.0
 11
89.21761228613926
 21
124.0084726840084
 31
0.0
  0
LINE
  5
227
330
1F
100
AcDbEntity
  8
Geometries
  6
Continuous
370
    13
100
AcDbLine
 10
103.765954846699
 20
118.6323060050205
 30
0.0
 11
103.7316471501683
 21
118.6356977266629
 31
0.0
  0
LINE
  5
228
330
1F
100
AcDbEntity
  8
Geometries
  6
Continuous
370
    13
100
AcDbLine
 10
94.79788615550194
 20
126.0685914763366
 30
0.0
 11
94.85571385674416
 21
126.0810471942252
 31
0.0
  0
LINE
  5
229
330
1F
100
AcDbEntity
  8
Geometries
  6
Continuous
370
    13
100
AcDbLine
 10
218.4860106849994
 20
123.066552764553
 30
0.0
 11
218.5000000005813
 21
123.0003942712529
 31
0.0
  0
LINE
  5
22A
330
1F
100
AcDbEntity
  8
Geometries
  6
Continuous
370
    13
100
AcDbLine
 10
123.7847056661345
 20
117.6413610181792
 30
0.0
 11
123.542494424126
 21
117.6447105045466
 31
0.0
  0
LINE
  5
22B
330
1F
100
AcDbEntity
  8
Geometries
  6
Continuous
370
    13
100
AcDbLine
 10
218.4862308682243
 20
122.9345162701744
 30
0.0
 11
218.4679805266737
 21
122.8701019426218
 31
0.0
  0
LINE
  5
22C
330
1F
100
AcDbEntity
  8
Geometries
  6
Continuous
370
    13
100
AcDbLine
 10
218.4679805266737
 20
122.8701019426218
 30
0.0
 11
218.4452489759295
 21
122.8071512885956
 31
0.0
  0
LINE
  5
22D
330
1F
100
AcDbEntity
  8
Geometries
  6
Continuous
370
    13
100
AcDbLine
 10
218.4452489759295
 20
122.8071512885956
 30
0.0
 11
218.4180362159917
 21
122.7456643080954
 31
0.0
  0
LINE
  5
22E
330
1F
100
AcDbEntity
  8
Geometries
  6
Continuous
370
    13
100
AcDbLine
 10
90.37265376545307
 20
121.2145585530926
 30
0.0
 11
90.32097244559296
 21
121.2404771882704
 31
0.0
  0
LINE
  5
22F
330
1F
100
AcDbEntity
  8
Geometries
  6
Continuous
370
    13
100
AcDbLine
 10
182.1419869567553
 20
119.5364478959898
 30
0.0
 11
181.4896719833417
 21
119.4963388081557
 31
0.0
  0
LINE
  5
230
330
1F
100
AcDbEntity
  8
Geometries
  6
Continuous
370
    13
100
AcDbLine
 10
218.4180362159917
 20
122.7456643080954
 30
0.0
 11
218.3863422468602
 21
122.6856410011215
 31
0.0
  0
LINE
  5
231
330
1F
100
AcDbEntity
  8
Geometries
  6
Continuous
370
    13
100
AcDbLine
 10
92.96436877067788
 20
120.3567090399808
 30
0.0
 11
92.78128806670665
 21
120.4053694735503
 31
0.0
  0
LINE
  5
232
330
1F
100
AcDbEntity
  8
Geometries
  6
Continuous
370
    13
100
AcDbLine
 10
218.3508016096326
 20
122.6281218190196
 30
0.0
 11
218.3115868636903
 21
122.5733400252994
 31
0.0
  0
LINE
  5
233
330
1F
100
AcDbEntity
  8
Geometries
  6
Continuous
370
    13
100
AcDbLine
 10
218.2221350456616
 20
122.4719886030045
 30
0.0
 11
218.1718979735751
 21
122.4254189744295
 31
0.0
  0
LINE
  5
234
330
1F
100
AcDbEntity
  8
Geometries
  6
Continuous
370
    13
100
AcDbLine
 10
195.5384584562974
 20
120.426569776363
 30
0.0
 11
194.2735851106639
 21
120.337324174751
 31
0.0
  0
LINE
  5
235
330
1F
100
AcDbEntity
  8
Geometries
  6
Continuous
370
    13
100
AcDbLine
 10
117.1469379794105
 20
117.7969572649886
 30
0.0
 11
116.7393368408245
 21
117.8109774679747
 31
0.0
  0
LINE
  5
236
330
1F
100
AcDbEntity
  8
Geometries
  6
Continuous
370
    13
100
AcDbLine
 10
218.1718979735751
 20
122.4254189744295
 30
0.0
 11
218.1059300915431
 21
122.372634100583
 31
0.0
  0
LINE
  5
237
330
1F
100
AcDbEntity
  8
Geometries
  6
Continuous
370
    13
100
AcDbLine
 10
138.7071471227686
 20
117.6826793993919
 30
0.0
 11
138.3045049761319
 21
117.6761060002828
 31
0.0
  0
LINE
  5
238
330
1F
100
AcDbEntity
  8
Geometries
  6
Continuous
370
    13
100
AcDbLine
 10
187.8479601166916
 20
119.9004740931671
 30
0.0
 11
186.997557827058
 21
119.8447523165212
 31
0.0
  0
LINE
  5
239
330
1F
100
AcDbEntity
  8
Geometries
  6
Continuous
370
    13
100
AcDbLine
 10
93.60887754070494
 20
120.1970949927535
 30
0.0
 11
93.48033627833925
 21
120.2276623016755
 31
0.0
  0
LINE
  5
23A
330
1F
100
AcDbEntity
  8
Geometries
  6
Continuous
370
    13
100
AcDbLine
 10
217.8849643168532
 20
122.2479732710416
 30
0.0
 11
217.8056790595695
 21
122.2184154649045
 31
0.0
  0
LINE
  5
23B
330
1F
100
AcDbEntity
  8
Geometries
  6
Continuous
370
    13
100
AcDbLine
 10
91.19291076874703
 20
120.8993367418043
 30
0.0
 11
91.18519490542727
 21
120.9018353881192
 31
0.0
  0
LINE
  5
23C
330
1F
100
AcDbEntity
  8
Geometries
  6
Continuous
370
    13
100
AcDbLine
 10
114.3925003201198
 20
117.9045512299339
 30
0.0
 11
114.2454359649945
 21
117.9111626272901
 31
0.0
  0
LINE
  5
23D
330
1F
100
AcDbEntity
  8
Geometries
  6
Continuous
370
    13
100
AcDbLine
 10
118.7408492843191
 20
117.7478541550502
 30
0.0
 11
118.3371033716455
 21
117.7595057747762
 31
0.0
  0
LINE
  5
23E
330
1F
100
AcDbEntity
  8
Geometries
  6
Continuous
370
    13
100
AcDbLine
 10
217.8056790595695
 20
122.2184154649045
 30
0.0
 11
217.7246716811939
 21
122.1951709176566
 31
0.0
  0
LINE
  5
23F
330
1F
100
AcDbEntity
  8
Geometries
  6
Continuous
370
    13
100
AcDbLine
 10
93.35283916604054
 20
120.2585602081931
 30
0.0
 11
93.15488580378903
 21
120.3077726181951
 31
0.0
  0
LINE
  5
240
330
1F
100
AcDbEntity
  8
Geometries
  6
Continuous
370
    13
100
AcDbLine
 10
97.15790282857665
 20
126.5155767168566
 30
0.0
 11
97.34112122447856
 21
126.5457803599968
 31
0.0
  0
LINE
  5
241
330
1F
100
AcDbEntity
  8
Geometries
  6
Continuous
370
    13
100
AcDbLine
 10
175.4950426752089
 20
119.1415068274631
 30
0.0
 11
174.8250159157805
 21
119.1033420911099
 31
0.0
  0
LINE
  5
242
330
1F
100
AcDbEntity
  8
Geometries
  6
Continuous
370
    13
100
AcDbLine
 10
217.7246716811939
 20
122.1951709176566
 30
0.0
 11
217.6419421817263
 21
122.1782396292984
 31
0.0
  0
LINE
  5
243
330
1F
100
AcDbEntity
  8
Geometries
  6
Continuous
370
    13
100
AcDbLine
 10
91.05252175931724
 20
120.9455368909151
 30
0.0
 11
90.96935410205037
 21
120.9737574377212
 31
0.0
  0
LINE
  5
244
330
1F
100
AcDbEntity
  8
Geometries
  6
Continuous
370
    13
100
AcDbLine
 10
215.1751516045492
 20
121.9615122756093
 30
0.0
 11
212.7887451233769
 21
121.7594225888555
 31
0.0
  0
LINE
  5
245
330
1F
100
AcDbEntity
  8
Geometries
  6
Continuous
370
    13
100
AcDbLine
 10
177.8775102823263
 20
119.2797058926259
 30
0.0
 11
177.3151603442878
 21
119.2467577398158
 31
0.0
  0
LINE
  5
246
330
1F
100
AcDbEntity
  8
Geometries
  6
Continuous
370
    13
100
AcDbLine
 10
212.7887451233769
 20
121.7594225888555
 30
0.0
 11
210.3982699617256
 21
121.561365764575
 31
0.0
  0
LINE
  5
247
330
1F
100
AcDbEntity
  8
Geometries
  6
Continuous
370
    13
100
AcDbLine
 10
98.58439507706086
 20
119.2615284589506
 30
0.0
 11
98.44278220037333
 21
119.2828601009663
 31
0.0
  0
LINE
  5
248
330
1F
100
AcDbEntity
  8
Geometries
  6
Continuous
370
    13
100
AcDbLine
 10
210.3982699617256
 20
121.561365764575
 30
0.0
 11
208.003726119595
 21
121.3673418027673
 31
0.0
  0
LINE
  5
249
330
1F
100
AcDbEntity
  8
Geometries
  6
Continuous
370
    13
100
AcDbLine
 10
208.003726119595
 20
121.3673418027673
 30
0.0
 11
205.6396824899696
 21
121.1800579567804
 31
0.0
  0
LINE
  5
24A
330
1F
100
AcDbEntity
  8
Geometries
  6
Continuous
370
    13
100
AcDbLine
 10
90.11112113786574
 20
121.3589931692411
 30
0.0
 11
90.07048938101994
 21
121.3840106797663
 31
0.0
  0
LINE
  5
24B
330
1F
100
AcDbEntity
  8
Geometries
  6
Continuous
370
    13
100
AcDbLine
 10
170.8931192088055
 20
118.8863505220908
 30
0.0
 11
170.2569069860825
 21
118.8524518899792
 31
0.0
  0
LINE
  5
24C
330
1F
100
AcDbEntity
  8
Geometries
  6
Continuous
370
    13
100
AcDbLine
 10
205.3740839410045
 20
121.1592808416849
 30
0.0
 11
205.1084355967575
 21
121.1385530835061
 31
0.0
  0
LINE
  5
24D
330
1F
100
AcDbEntity
  8
Geometries
  6
Continuous
370
    13
100
AcDbLine
 10
90.07978491406416
 20
124.6220988746264
 30
0.0
 11
90.13858096357404
 21
124.6577478381778
 31
0.0
  0
LINE
  5
24E
330
1F
100
AcDbEntity
  8
Geometries
  6
Continuous
370
    13
100
AcDbLine
 10
205.1084355967575
 20
121.1385530835061
 30
0.0
 11
204.842737457229
 21
121.1178746822437
 31
0.0
  0
LINE
  5
24F
330
1F
100
AcDbEntity
  8
Geometries
  6
Continuous
370
    13
100
AcDbLine
 10
204.842737457229
 20
121.1178746822437
 30
0.0
 11
204.5769895224187
 21
121.0972456378981
 31
0.0
  0
LINE
  5
250
330
1F
100
AcDbEntity
  8
Geometries
  6
Continuous
370
    13
100
AcDbLine
 10
90.80124771283806
 20
124.9673205373344
 30
0.0
 11
90.87905072804605
 21
124.995475640536
 31
0.0
  0
LINE
  5
251
330
1F
100
AcDbEntity
  8
Geometries
  6
Continuous
370
    13
100
AcDbLine
 10
204.5769895224187
 20
121.0972456378981
 30
0.0
 11
204.3111917923267
 21
121.0766659504688
 31
0.0
  0
LINE
  5
252
330
1F
100
AcDbEntity
  8
Geometries
  6
Continuous
370
    13
100
AcDbLine
 10
89.57742396659155
 20
121.7142987254196
 30
0.0
 11
89.45784208476404
 21
121.8021746402191
 31
0.0
  0
LINE
  5
253
330
1F
100
AcDbEntity
  8
Geometries
  6
Continuous
370
    13
100
AcDbLine
 10
166.4410754534306
 20
118.6570693186591
 30
0.0
 11
165.7721833589555
 21
118.6241518518017
 31
0.0
  0
LINE
  5
254
330
1F
100
AcDbEntity
  8
Geometries
  6
Continuous
370
    13
100
AcDbLine
 10
204.0453442669528
 20
121.0561356199563
 30
0.0
 11
203.7841695091583
 21
121.0360179982249
 31
0.0
  0
LINE
  5
255
330
1F
100
AcDbEntity
  8
Geometries
  6
Continuous
370
    13
100
AcDbLine
 10
202.7066566756239
 20
120.9535633916046
 30
0.0
 11
201.6244712114406
 21
120.8716234506467
 31
0.0
  0
LINE
  5
256
330
1F
100
AcDbEntity
  8
Geometries
  6
Continuous
370
    13
100
AcDbLine
 10
91.36213680216025
 20
125.1556864010256
 30
0.0
 11
91.40535396424235
 21
125.1694830448515
 31
0.0
  0
LINE
  5
257
330
1F
100
AcDbEntity
  8
Geometries
  6
Continuous
370
    13
100
AcDbLine
 10
200.5376131166082
 20
120.790198175351
 30
0.0
 11
199.2968752598641
 21
120.698294176723
 31
0.0
  0
LINE
  5
258
330
1F
100
AcDbEntity
  8
Geometries
  6
Continuous
370
    13
100
AcDbLine
 10
91.16046131920986
 20
125.0909216286153
 30
0.0
 11
91.17064910936074
 21
125.094231879453
 31
0.0
  0
LINE
  5
259
330
1F
100
AcDbEntity
  8
Geometries
  6
Continuous
370
    13
100
AcDbLine
 10
194.2735851106639
 20
120.337324174751
 30
0.0
 11
193.0026778928078
 21
120.2487431723929
 31
0.0
  0
LINE
  5
25A
330
1F
100
AcDbEntity
  8
Geometries
  6
Continuous
370
    13
100
AcDbLine
 10
193.0026778928078
 20
120.2487431723929
 30
0.0
 11
192.1433606081806
 21
120.1894610907511
 31
0.0
  0
LINE
  5
25B
330
1F
100
AcDbEntity
  8
Geometries
  6
Continuous
370
    13
100
AcDbLine
 10
96.59415885622383
 20
119.5816422707989
 30
0.0
 11
96.37930000824136
 21
119.6194409298982
 31
0.0
  0
LINE
  5
25C
330
1F
100
AcDbEntity
  8
Geometries
  6
Continuous
370
    13
100
AcDbLine
 10
192.1433606081806
 20
120.1894610907511
 30
0.0
 11
191.281306594336
 21
120.1304804454222
 31
0.0
  0
LINE
  5
25D
330
1F
100
AcDbEntity
  8
Geometries
  6
Continuous
370
    13
100
AcDbLine
 10
105.8506882311694
 20
127.5591572074019
 30
0.0
 11
105.9497062443102
 21
127.5675735298087
 31
0.0
  0
LINE
  5
25E
330
1F
100
AcDbEntity
  8
Geometries
  6
Continuous
370
    13
100
AcDbLine
 10
143.5845688402546
 20
117.7813013812412
 30
0.0
 11
143.115243923857
 21
117.7700051994126
 31
0.0
  0
LINE
  5
25F
330
1F
100
AcDbEntity
  8
Geometries
  6
Continuous
370
    13
100
AcDbLine
 10
139.4904661611269
 20
117.6960343452413
 30
0.0
 11
139.1150608996679
 21
117.6895429569937
 31
0.0
  0
LINE
  5
260
330
1F
100
AcDbEntity
  8
Geometries
  6
Continuous
370
    13
100
AcDbLine
 10
191.281306594336
 20
120.1304804454222
 30
0.0
 11
190.4165158512747
 21
120.0718012364064
 31
0.0
  0
LINE
  5
261
330
1F
100
AcDbEntity
  8
Geometries
  6
Continuous
370
    13
100
AcDbLine
 10
120.8237482970035
 20
117.6949501349979
 30
0.0
 11
120.5772441477585
 21
117.7006137781764
 31
0.0
  0
LINE
  5
262
330
1F
100
AcDbEntity
  8
Geometries
  6
Continuous
370
    13
100
AcDbLine
 10
139.1150608996679
 20
117.6895429569937
 30
0.0
 11
138.7071471227686
 21
117.6826793993919
 31
0.0
  0
LINE
  5
263
330
1F
100
AcDbEntity
  8
Geometries
  6
Continuous
370
    13
100
AcDbLine
 10
190.4165158512747
 20
120.0718012364064
 30
0.0
 11
189.5570321982424
 21
120.013971133455
 31
0.0
  0
LINE
  5
264
330
1F
100
AcDbEntity
  8
Geometries
  6
Continuous
370
    13
100
AcDbLine
 10
141.318520140119
 20
117.7305531537671
 30
0.0
 11
140.9592206802214
 21
117.7233427858943
 31
0.0
  0
LINE
  5
265
330
1F
100
AcDbEntity
  8
Geometries
  6
Continuous
370
    13
100
AcDbLine
 10
189.5570321982424
 20
120.013971133455
 30
0.0
 11
188.7011182404199
 21
119.9568803654783
 31
0.0
  0
LINE
  5
266
330
1F
100
AcDbEntity
  8
Geometries
  6
Continuous
370
    13
100
AcDbLine
 10
143.8041185848903
 20
117.786733605412
 30
0.0
 11
143.6974883230755
 21
117.7840840003214
 31
0.0
  0
LINE
  5
267
330
1F
100
AcDbEntity
  8
Geometries
  6
Continuous
370
    13
100
AcDbLine
 10
188.7011182404199
 20
119.9568803654783
 30
0.0
 11
187.8479601166916
 21
119.9004740931671
 31
0.0
  0
LINE
  5
268
330
1F
100
AcDbEntity
  8
Geometries
  6
Continuous
370
    13
100
AcDbLine
 10
185.5894154309842
 20
119.7536010264289
 30
0.0
 11
184.1888947620081
 21
119.6643428253191
 31
0.0
  0
LINE
  5
269
330
1F
100
AcDbEntity
  8
Geometries
  6
Continuous
370
    13
100
AcDbLine
 10
182.7959958201299
 20
119.5769777131915
 30
0.0
 11
182.1419869567553
 21
119.5364478959898
 31
0.0
  0
LINE
  5
26A
330
1F
100
AcDbEntity
  8
Geometries
  6
Continuous
370
    13
100
AcDbLine
 10
136.7719257276437
 20
117.6530658126318
 30
0.0
 11
136.4202353131844
 21
117.6482576316377
 31
0.0
  0
LINE
  5
26B
330
1F
100
AcDbEntity
  8
Geometries
  6
Continuous
370
    13
100
AcDbLine
 10
122.3424083480811
 20
117.6639612016487
 30
0.0
 11
121.9708456273929
 21
117.6708897538212
 31
0.0
  0
LINE
  5
26C
330
1F
100
AcDbEntity
  8
Geometries
  6
Continuous
370
    13
100
AcDbLine
 10
181.4896719833417
 20
119.4963388081557
 30
0.0
 11
180.8427759767918
 21
119.4568750416636
 31
0.0
  0
LINE
  5
26D
330
1F
100
AcDbEntity
  8
Geometries
  6
Continuous
370
    13
100
AcDbLine
 10
180.1942440404507
 20
119.417613622425
 30
0.0
 11
179.5397601065312
 21
119.3782896301752
 31
0.0
  0
LINE
  5
26E
330
1F
100
AcDbEntity
  8
Geometries
  6
Continuous
370
    13
100
AcDbLine
 10
136.0731370744207
 20
117.6437022109306
 30
0.0
 11
135.8195139450704
 21
117.6404973203598
 31
0.0
  0
LINE
  5
26F
330
1F
100
AcDbEntity
  8
Geometries
  6
Continuous
370
    13
100
AcDbLine
 10
179.5397601065312
 20
119.3782896301752
 30
0.0
 11
178.9898101634479
 21
119.3454718378056
 31
0.0
  0
LINE
  5
270
330
1F
100
AcDbEntity
  8
Geometries
  6
Continuous
370
    13
100
AcDbLine
 10
137.1282083177984
 20
117.6581267539131
 30
0.0
 11
136.7719257276437
 21
117.6530658126318
 31
0.0
  0
LINE
  5
271
330
1F
100
AcDbEntity
  8
Geometries
  6
Continuous
370
    13
100
AcDbLine
 10
178.9898101634479
 20
119.3454718378056
 30
0.0
 11
178.435726888713
 21
119.3126105919556
 31
0.0
  0
LINE
  5
272
330
1F
100
AcDbEntity
  8
Geometries
  6
Continuous
370
    13
100
AcDbLine
 10
176.1714485124525
 20
119.1803594432329
 30
0.0
 11
175.4950426752089
 21
119.1415068274631
 31
0.0
  0
LINE
  5
273
330
1F
100
AcDbEntity
  8
Geometries
  6
Continuous
370
    13
100
AcDbLine
 10
174.1613682341671
 20
119.065865234173
 30
0.0
 11
173.504099630369
 21
119.0290762566524
 31
0.0
  0
LINE
  5
274
330
1F
100
AcDbEntity
  8
Geometries
  6
Continuous
370
    13
100
AcDbLine
 10
172.8414347953774
 20
118.9923251420949
 30
0.0
 11
172.185383113453
 21
118.9562871481487
 31
0.0
  0
LINE
  5
275
330
1F
100
AcDbEntity
  8
Geometries
  6
Continuous
370
    13
100
AcDbLine
 10
101.4123542301982
 20
127.1112945482542
 30
0.0
 11
101.4915995337319
 21
127.1207211449603
 31
0.0
  0
LINE
  5
276
330
1F
100
AcDbEntity
  8
Geometries
  6
Continuous
370
    13
100
AcDbLine
 10
88.88416282225046
 20
123.7007517430421
 30
0.0
 11
88.93774972198737
 21
123.755470276653
 31
0.0
  0
LINE
  5
277
330
1F
100
AcDbEntity
  8
Geometries
  6
Continuous
370
    13
100
AcDbLine
 10
134.6944585807194
 20
117.6276049652546
 30
0.0
 11
134.1703780266456
 21
117.6223660007964
 31
0.0
  0
LINE
  5
278
330
1F
100
AcDbEntity
  8
Geometries
  6
Continuous
370
    13
100
AcDbLine
 10
169.7619517699719
 20
118.8263328650355
 30
0.0
 11
169.2674290430654
 21
118.8004735350999
 31
0.0
  0
LINE
  5
279
330
1F
100
AcDbEntity
  8
Geometries
  6
Continuous
370
    13
100
AcDbLine
 10
110.8108846448746
 20
118.0854682325558
 30
0.0
 11
110.5531403909676
 21
118.1005327280746
 31
0.0
  0
LINE
  5
27A
330
1F
100
AcDbEntity
  8
Geometries
  6
Continuous
370
    13
100
AcDbLine
 10
169.2674290430654
 20
118.8004735350999
 30
0.0
 11
168.7684378338311
 21
118.7746219847528
 31
0.0
  0
LINE
  5
27B
330
1F
100
AcDbEntity
  8
Geometries
  6
Continuous
370
    13
100
AcDbLine
 10
132.6615776562362
 20
117.6101943797764
 30
0.0
 11
132.1745863146687
 21
117.6072415263864
 31
0.0
  0
LINE
  5
27C
330
1F
100
AcDbEntity
  8
Geometries
  6
Continuous
370
    13
100
AcDbLine
 10
97.84172427238924
 20
119.3760329297555
 30
0.0
 11
97.68743100270873
 21
119.4004908034325
 31
0.0
  0
LINE
  5
27D
330
1F
100
AcDbEntity
  8
Geometries
  6
Continuous
370
    13
100
AcDbLine
 10
102.5825007939213
 20
118.755239604761
 30
0.0
 11
102.1163262526028
 21
118.8071497980136
 31
0.0
  0
LINE
  5
27E
330
1F
100
AcDbEntity
  8
Geometries
  6
Continuous
370
    13
100
AcDbLine
 10
129.6924196836573
 20
117.6003768562368
 30
0.0
 11
129.2663465432976
 21
117.6006665244184
 31
0.0
  0
LINE
  5
27F
330
1F
100
AcDbEntity
  8
Geometries
  6
Continuous
370
    13
100
AcDbLine
 10
105.9497062443102
 20
127.5675735298087
 30
0.0
 11
106.0493325164142
 21
127.5759899800446
 31
0.0
  0
LINE
  5
280
330
1F
100
AcDbEntity
  8
Geometries
  6
Continuous
370
    13
100
AcDbLine
 10
164.4125894960029
 20
118.558354888537
 30
0.0
 11
163.7218877275255
 21
118.5254753921295
 31
0.0
  0
LINE
  5
281
330
1F
100
AcDbEntity
  8
Geometries
  6
Continuous
370
    13
100
AcDbLine
 10
129.1656156791231
 20
117.6008013370271
 30
0.0
 11
129.0650743974089
 21
117.6009614873756
 31
0.0
  0
LINE
  5
282
330
1F
100
AcDbEntity
  8
Geometries
  6
Continuous
370
    13
100
AcDbLine
 10
163.7218877275255
 20
118.5254753921295
 30
0.0
 11
163.0239160677141
 21
118.4926085525385
 31
0.0
  0
LINE
  5
283
330
1F
100
AcDbEntity
  8
Geometries
  6
Continuous
370
    13
100
AcDbLine
 10
128.6723478589725
 20
117.6018361711428
 30
0.0
 11
128.4539430406467
 21
117.6025092221209
 31
0.0
  0
LINE
  5
284
330
1F
100
AcDbEntity
  8
Geometries
  6
Continuous
370
    13
100
AcDbLine
 10
92.30465116863054
 20
120.540995176817
 30
0.0
 11
92.20233337464795
 21
120.5720052122116
 31
0.0
  0
LINE
  5
285
330
1F
100
AcDbEntity
  8
Geometries
  6
Continuous
370
    13
100
AcDbLine
 10
100.6981324212321
 20
127.0244603476744
 30
0.0
 11
100.9351938514203
 21
127.0536766536942
 31
0.0
  0
LINE
  5
286
330
1F
100
AcDbEntity
  8
Geometries
  6
Continuous
370
    13
100
AcDbLine
 10
162.9729130219903
 20
119.5474064333229
 30
0.0
 11
163.0239160677141
 21
118.4926085525385
 31
0.0
  0
LINE
  5
287
330
1F
100
AcDbEntity
  8
Geometries
  6
Continuous
370
    13
100
AcDbLine
 10
94.68130569569075
 20
119.9573802549864
 30
0.0
 11
94.62660099635045
 21
119.9692239234668
 31
0.0
  0
LINE
  5
288
330
1F
100
AcDbEntity
  8
Geometries
  6
Continuous
370
    13
100
AcDbLine
 10
103.9089771016214
 20
127.3821658308136
 30
0.0
 11
104.1283889951214
 21
127.4034609160062
 31
0.0
  0
LINE
  5
289
330
1F
100
AcDbEntity
  8
Geometries
  6
Continuous
370
    13
100
AcDbLine
 10
151.7040334805165
 20
118.0281264896157
 30
0.0
 11
151.1209561215384
 21
118.0078578468095
 31
0.0
  0
LINE
  5
28A
330
1F
100
AcDbEntity
  8
Geometries
  6
Continuous
370
    13
100
AcDbLine
 10
126.35786155628
 20
117.6145516348112
 30
0.0
 11
126.1512877493707
 21
117.6161840380067
 31
0.0
  0
LINE
  5
28B
330
1F
100
AcDbEntity
  8
Geometries
  6
Continuous
370
    13
100
AcDbLine
 10
148.868003363499
 20
117.9327178103568
 30
0.0
 11
148.3246043434574
 21
117.9154164349369
 31
0.0
  0
LINE
  5
28C
330
1F
100
AcDbEntity
  8
Geometries
  6
Continuous
370
    13
100
AcDbLine
 10
91.44621977330506
 20
125.1825432829667
 30
0.0
 11
91.48400556354136
 21
125.1946528622915
 31
0.0
  0
LINE
  5
28D
330
1F
100
AcDbEntity
  8
Geometries
  6
Continuous
370
    13
100
AcDbLine
 10
147.8195251198733
 20
117.8996472644808
 30
0.0
 11
147.3215005429998
 21
117.8844056620547
 31
0.0
  0
LINE
  5
28E
330
1F
100
AcDbEntity
  8
Geometries
  6
Continuous
370
    13
100
AcDbLine
 10
147.3215005429998
 20
117.8844056620547
 30
0.0
 11
146.8305306128368
 21
117.8696916276587
 31
0.0
  0
LINE
  5
28F
330
1F
100
AcDbEntity
  8
Geometries
  6
Continuous
370
    13
100
AcDbLine
 10
99.69369281187215
 20
126.8954273973215
 30
0.0
 11
99.93356618561964
 21
126.9271064688268
 31
0.0
  0
LINE
  5
290
330
1F
100
AcDbEntity
  8
Geometries
  6
Continuous
370
    13
100
AcDbLine
 10
146.8305306128368
 20
117.8696916276587
 30
0.0
 11
146.3466153293843
 21
117.8555051612923
 31
0.0
  0
LINE
  5
291
330
1F
100
AcDbEntity
  8
Geometries
  6
Continuous
370
    13
100
AcDbLine
 10
93.96276110930114
 20
125.8851680447339
 30
0.0
 11
94.09078428774845
 21
125.913926596983
 31
0.0
  0
LINE
  5
292
330
1F
100
AcDbEntity
  8
Geometries
  6
Continuous
370
    13
100
AcDbLine
 10
146.3466153293843
 20
117.8555051612923
 30
0.0
 11
145.8697546926423
 21
117.8418462629562
 31
0.0
  0
LINE
  5
293
330
1F
100
AcDbEntity
  8
Geometries
  6
Continuous
370
    13
100
AcDbLine
 10
125.9465804745573
 20
117.6178823446807
 30
0.0
 11
125.74373973184
 21
117.6196465548327
 31
0.0
  0
LINE
  5
294
330
1F
100
AcDbEntity
  8
Geometries
  6
Continuous
370
    13
100
AcDbLine
 10
139.8642397678029
 20
117.7026669650587
 30
0.0
 11
139.4904661611269
 21
117.6960343452413
 31
0.0
  0
LINE
  5
295
330
1F
100
AcDbEntity
  8
Geometries
  6
Continuous
370
    13
100
AcDbLine
 10
105.7522784769918
 20
127.5507410128244
 30
0.0
 11
105.8506882311694
 21
127.5591572074019
 31
0.0
  0
LINE
  5
296
330
1F
100
AcDbEntity
  8
Geometries
  6
Continuous
370
    13
100
AcDbLine
 10
91.29317154490616
 20
120.8671842897297
 30
0.0
 11
91.26401442466477
 21
120.8765168865535
 31
0.0
  0
LINE
  5
297
330
1F
100
AcDbEntity
  8
Geometries
  6
Continuous
370
    13
100
AcDbLine
 10
89.07722730607438
 20
122.113416605398
 30
0.0
 11
89.06782910633216
 21
122.12191203841
 31
0.0
  0
LINE
  5
298
330
1F
100
AcDbEntity
  8
Geometries
  6
Continuous
370
    13
100
AcDbLine
 10
144.2940086278761
 20
117.7991666628777
 30
0.0
 11
144.0186185535095
 21
117.7921255050755
 31
0.0
  0
LINE
  5
299
330
1F
100
AcDbEntity
  8
Geometries
  6
Continuous
370
    13
100
AcDbLine
 10
89.21761228613926
 20
124.0084726840084
 30
0.0
 11
89.27902387977186
 21
124.0588087601086
 31
0.0
  0
LINE
  5
29A
330
1F
100
AcDbEntity
  8
Geometries
  6
Continuous
370
    13
100
AcDbLine
 10
144.0186185535095
 20
117.7921255050755
 30
0.0
 11
143.9111619950348
 21
117.7894141069968
 31
0.0
  0
LINE
  5
29B
330
1F
100
AcDbEntity
  8
Geometries
  6
Continuous
370
    13
100
AcDbLine
 10
121.2115156018541
 20
117.6863842204958
 30
0.0
 11
120.8237482970035
 21
117.6949501349979
 31
0.0
  0
LINE
  5
29C
330
1F
100
AcDbEntity
  8
Geometries
  6
Continuous
370
    13
100
AcDbLine
 10
143.9111619950348
 20
117.7894141069968
 30
0.0
 11
143.8041185848903
 21
117.786733605412
 31
0.0
  0
LINE
  5
29D
330
1F
100
AcDbEntity
  8
Geometries
  6
Continuous
370
    13
100
AcDbLine
 10
123.3036014613993
 20
117.6481771526531
 30
0.0
 11
123.0680267779544
 21
117.6517609624985
 31
0.0
  0
LINE
  5
29E
330
1F
100
AcDbEntity
  8
Geometries
  6
Continuous
370
    13
100
AcDbLine
 10
93.49486093374284
 20
125.7766108162181
 30
0.0
 11
93.53048053491855
 21
125.7851201745567
 31
0.0
  0
LINE
  5
29F
330
1F
100
AcDbEntity
  8
Geometries
  6
Continuous
370
    13
100
AcDbLine
 10
143.6974883230755
 20
117.7840840003214
 30
0.0
 11
143.5845688402546
 21
117.7813013812412
 31
0.0
  0
LINE
  5
2A0
330
1F
100
AcDbEntity
  8
Geometries
  6
Continuous
370
    13
100
AcDbLine
 10
106.2371379096834
 20
127.5917159266328
 30
0.0
 11
106.3287860995904
 21
127.5993223523017
 31
0.0
  0
LINE
  5
2A1
330
1F
100
AcDbEntity
  8
Geometries
  6
Continuous
370
    13
100
AcDbLine
 10
136.4202353131844
 20
117.6482576316377
 30
0.0
 11
136.0731370744207
 21
117.6437022109306
 31
0.0
  0
LINE
  5
2A2
330
1F
100
AcDbEntity
  8
Geometries
  6
Continuous
370
    13
100
AcDbLine
 10
89.16114381854865
 20
122.0396276263875
 30
0.0
 11
89.08669159902006
 21
122.1049110951344
 31
0.0
  0
LINE
  5
2A3
330
1F
100
AcDbEntity
  8
Geometries
  6
Continuous
370
    13
100
AcDbLine
 10
135.7798870180015
 20
117.6400062516549
 30
0.0
 11
135.7403220538276
 21
117.6395185934813
 31
0.0
  0
LINE
  5
2A4
330
1F
100
AcDbEntity
  8
Geometries
  6
Continuous
370
    13
100
AcDbLine
 10
99.19969841362726
 20
126.8280270346278
 30
0.0
 11
99.45327918345606
 21
126.8630385902271
 31
0.0
  0
LINE
  5
2A5
330
1F
100
AcDbEntity
  8
Geometries
  6
Continuous
370
    13
100
AcDbLine
 10
135.7008190525489
 20
117.6390343458393
 30
0.0
 11
135.6613780141657
 21
117.6385535087285
 31
0.0
  0
LINE
  5
2A6
330
1F
100
AcDbEntity
  8
Geometries
  6
Continuous
370
    13
100
AcDbLine
 10
135.6613780141657
 20
117.6385535087285
 30
0.0
 11
135.6198866437051
 21
117.6380505443608
 31
0.0
  0
LINE
  5
2A7
330
1F
100
AcDbEntity
  8
Geometries
  6
Continuous
370
    13
100
AcDbLine
 10
91.10048887666616
 20
125.071250368184
 30
0.0
 11
91.12024034720065
 21
125.0777629124572
 31
0.0
  0
LINE
  5
2A8
330
1F
100
AcDbEntity
  8
Geometries
  6
Continuous
370
    13
100
AcDbLine
 10
101.5836314257232
 20
118.8689844321901
 30
0.0
 11
101.5455518169248
 21
118.8735096340323
 31
0.0
  0
LINE
  5
2A9
330
1F
100
AcDbEntity
  8
Geometries
  6
Continuous
370
    13
100
AcDbLine
 10
133.6521526844212
 20
117.6176870562628
 30
0.0
 11
133.1540997794871
 21
117.6136762230687
 31
0.0
  0
LINE
  5
2AA
330
1F
100
AcDbEntity
  8
Geometries
  6
Continuous
370
    13
100
AcDbLine
 10
91.99523468428126
 20
120.6370827118892
 30
0.0
 11
91.90483467074637
 21
120.6665159650715
 31
0.0
  0
LINE
  5
2AB
330
1F
100
AcDbEntity
  8
Geometries
  6
Continuous
370
    13
100
AcDbLine
 10
91.81378935843995
 20
120.6967314465508
 30
0.0
 11
91.73379573488126
 21
120.7236967076905
 31
0.0
  0
LINE
  5
2AC
330
1F
100
AcDbEntity
  8
Geometries
  6
Continuous
370
    13
100
AcDbLine
 10
101.1413471226769
 20
118.9220859336508
 30
0.0
 11
100.966055866988
 21
118.9434448778625
 31
0.0
  0
LINE
  5
2AD
330
1F
100
AcDbEntity
  8
Geometries
  6
Continuous
370
    13
100
AcDbLine
 10
132.1745863146687
 20
117.6072415263864
 30
0.0
 11
131.6931257547846
 21
117.6048176628984
 31
0.0
  0
LINE
  5
2AE
330
1F
100
AcDbEntity
  8
Geometries
  6
Continuous
370
    13
100
AcDbLine
 10
131.2171959765836
 20
117.6029227893122
 30
0.0
 11
131.0687603220191
 21
117.6024365102219
 31
0.0
  0
LINE
  5
2AF
330
1F
100
AcDbEntity
  8
Geometries
  6
Continuous
370
    13
100
AcDbLine
 10
90.59756261939683
 20
121.1130880342421
 30
0.0
 11
90.53860786973533
 21
121.1381250606755
 31
0.0
  0
LINE
  5
2B0
330
1F
100
AcDbEntity
  8
Geometries
  6
Continuous
370
    13
100
AcDbLine
 10
131.0687603220191
 20
117.6024365102219
 30
0.0
 11
130.9112425665436
 21
117.601975752827
 31
0.0
  0
LINE
  5
2B1
330
1F
100
AcDbEntity
  8
Geometries
  6
Continuous
370
    13
100
AcDbLine
 10
130.5941537732537
 20
117.601221810933
 30
0.0
 11
130.4362755998533
 21
117.6009338808781
 31
0.0
  0
LINE
  5
2B2
330
1F
100
AcDbEntity
  8
Geometries
  6
Continuous
370
    13
100
AcDbLine
 10
129.2663465432976
 20
117.6006665244184
 30
0.0
 11
129.1656156791231
 21
117.6008013370271
 31
0.0
  0
LINE
  5
2B3
330
1F
100
AcDbEntity
  8
Geometries
  6
Continuous
370
    13
100
AcDbLine
 10
128.8645605813619
 20
117.6013578012928
 30
0.0
 11
128.7645880470293
 21
117.6015939648615
 31
0.0
  0
LINE
  5
2B4
330
1F
100
AcDbEntity
  8
Geometries
  6
Continuous
370
    13
100
AcDbLine
 10
128.4539430406467
 20
117.6025092221209
 30
0.0
 11
128.2299167382191
 21
117.6033364004582
 31
0.0
  0
LINE
  5
2B5
330
1F
100
AcDbEntity
  8
Geometries
  6
Continuous
370
    13
100
AcDbLine
 10
92.09933736363324
 20
120.6039719392479
 30
0.0
 11
91.99523468428126
 21
120.6370827118892
 31
0.0
  0
LINE
  5
2B6
330
1F
100
AcDbEntity
  8
Geometries
  6
Continuous
370
    13
100
AcDbLine
 10
88.60578872761113
 20
122.6592193536692
 30
0.0
 11
88.57346474185113
 21
122.7201497183703
 31
0.0
  0
LINE
  5
2B7
330
1F
100
AcDbEntity
  8
Geometries
  6
Continuous
370
    13
100
AcDbLine
 10
127.6738946252263
 20
117.6059262265736
 30
0.0
 11
127.3839331348397
 21
117.6075487913301
 31
0.0
  0
LINE
  5
2B8
330
1F
100
AcDbEntity
  8
Geometries
  6
Continuous
370
    13
100
AcDbLine
 10
90.69688057706136
 20
124.9277746409564
 30
0.0
 11
90.72900738625955
 21
124.9402006663939
 31
0.0
  0
LINE
  5
2B9
330
1F
100
AcDbEntity
  8
Geometries
  6
Continuous
370
    13
100
AcDbLine
 10
94.97077334116855
 20
119.8949403239395
 30
0.0
 11
94.91641549076647
 21
119.9066244636155
 31
0.0
  0
LINE
  5
2BA
330
1F
100
AcDbEntity
  8
Geometries
  6
Continuous
370
    13
100
AcDbLine
 10
125.3364527344924
 20
117.6234428734655
 30
0.0
 11
124.9369058292481
 21
117.6275124791163
 31
0.0
  0
LINE
  5
2BB
330
1F
100
AcDbEntity
  8
Geometries
  6
Continuous
370
    13
100
AcDbLine
 10
124.9369058292481
 20
117.6275124791163
 30
0.0
 11
124.545099016107
 21
117.6318553717858
 31
0.0
  0
LINE
  5
2BC
330
1F
100
AcDbEntity
  8
Geometries
  6
Continuous
370
    13
100
AcDbLine
 10
124.545099016107
 20
117.6318553717858
 30
0.0
 11
124.1610322950691
 21
117.6364715514734
 31
0.0
  0
LINE
  5
2BD
330
1F
100
AcDbEntity
  8
Geometries
  6
Continuous
370
    13
100
AcDbLine
 10
91.68895313437295
 20
120.7389843346619
 30
0.0
 11
91.67998908157054
 21
120.7420551516835
 31
0.0
  0
LINE
  5
2BE
330
1F
100
AcDbEntity
  8
Geometries
  6
Continuous
370
    13
100
AcDbLine
 10
123.542494424126
 20
117.6447105045466
 30
0.0
 11
123.3036014613993
 21
117.6481771526531
 31
0.0
  0
LINE
  5
2BF
330
1F
100
AcDbEntity
  8
Geometries
  6
Continuous
370
    13
100
AcDbLine
 10
91.70688570727695
 20
120.7328559922458
 30
0.0
 11
91.69791867627517
 21
120.7359179481826
 31
0.0
  0
LINE
  5
2C0
330
1F
100
AcDbEntity
  8
Geometries
  6
Continuous
370
    13
100
AcDbLine
 10
122.8294229320252
 20
117.6555721347751
 30
0.0
 11
122.5871159796207
 21
117.6596453821134
 31
0.0
  0
LINE
  5
2C1
330
1F
100
AcDbEntity
  8
Geometries
  6
Continuous
370
    13
100
AcDbLine
 10
121.5938813786507
 20
117.6783640934369
 30
0.0
 11
121.2115156018541
 21
117.6863842204958
 31
0.0
  0
LINE
  5
2C2
330
1F
100
AcDbEntity
  8
Geometries
  6
Continuous
370
    13
100
AcDbLine
 10
120.5772441477585
 20
117.7006137781764
 30
0.0
 11
120.3286058437559
 21
117.7064930630875
 31
0.0
  0
LINE
  5
2C3
330
1F
100
AcDbEntity
  8
Geometries
  6
Continuous
370
    13
100
AcDbLine
 10
92.23331586354044
 20
125.4382590606217
 30
0.0
 11
92.41080944715114
 21
125.4912486555009
 31
0.0
  0
LINE
  5
2C4
330
1F
100
AcDbEntity
  8
Geometries
  6
Continuous
370
    13
100
AcDbLine
 10
120.0778333849954
 20
117.7125879897311
 30
0.0
 11
119.8249267714774
 21
117.7188985581076
 31
0.0
  0
LINE
  5
2C5
330
1F
100
AcDbEntity
  8
Geometries
  6
Continuous
370
    13
100
AcDbLine
 10
119.1517768281712
 20
117.7364938195306
 30
0.0
 11
118.7408492843191
 21
117.7478541550502
 31
0.0
  0
LINE
  5
2C6
330
1F
100
AcDbEntity
  8
Geometries
  6
Continuous
370
    13
100
AcDbLine
 10
117.9405390901502
 20
117.771448678708
 30
0.0
 11
117.5511564398331
 21
117.7836828668461
 31
0.0
  0
LINE
  5
2C7
330
1F
100
AcDbEntity
  8
Geometries
  6
Continuous
370
    13
100
AcDbLine
 10
117.5511564398331
 20
117.7836828668461
 30
0.0
 11
117.1469379794105
 21
117.7969572649886
 31
0.0
  0
LINE
  5
2C8
330
1F
100
AcDbEntity
  8
Geometries
  6
Continuous
370
    13
100
AcDbLine
 10
88.59437748837043
 20
123.3210413109369
 30
0.0
 11
88.61963339047946
 21
123.3652045249151
 31
0.0
  0
LINE
  5
2C9
330
1F
100
AcDbEntity
  8
Geometries
  6
Continuous
370
    13
100
AcDbLine
 10
89.39653971667136
 20
124.1519269414228
 30
0.0
 11
89.45197360014765
 21
124.1941732087308
 31
0.0
  0
LINE
  5
2CA
330
1F
100
AcDbEntity
  8
Geometries
  6
Continuous
370
    13
100
AcDbLine
 10
115.9966870200669
 20
117.8381906479948
 30
0.0
 11
115.2600146424252
 21
117.8673572656625
 31
0.0
  0
LINE
  5
2CB
330
1F
100
AcDbEntity
  8
Geometries
  6
Continuous
370
    13
100
AcDbLine
 10
90.02776013980986
 20
121.4107954532266
 30
0.0
 11
89.98293341423536
 21
121.439347489622
 31
0.0
  0
LINE
  5
2CC
330
1F
100
AcDbEntity
  8
Geometries
  6
Continuous
370
    13
100
AcDbLine
 10
108.2193229789132
 20
118.2547604977381
 30
0.0
 11
108.0329042204712
 21
118.2685790383122
 31
0.0
  0
LINE
  5
2CD
330
1F
100
AcDbEntity
  8
Geometries
  6
Continuous
370
    13
100
AcDbLine
 10
101.6980462886777
 20
118.855472874471
 30
0.0
 11
101.6598786615998
 21
118.8599660524094
 31
0.0
  0
LINE
  5
2CE
330
1F
100
AcDbEntity
  8
Geometries
  6
Continuous
370
    13
100
AcDbLine
 10
113.7806768294871
 20
117.9324468518623
 30
0.0
 11
113.4827833554927
 21
117.9464074931735
 31
0.0
  0
LINE
  5
2CF
330
1F
100
AcDbEntity
  8
Geometries
  6
Continuous
370
    13
100
AcDbLine
 10
113.1899649988428
 20
117.9603875561239
 30
0.0
 11
112.8479889336088
 21
117.9770558112058
 31
0.0
  0
LINE
  5
2D0
330
1F
100
AcDbEntity
  8
Geometries
  6
Continuous
370
    13
100
AcDbLine
 10
101.6598786615998
 20
118.8599660524094
 30
0.0
 11
101.6217403739483
 21
118.8644699049825
 31
0.0
  0
LINE
  5
2D1
330
1F
100
AcDbEntity
  8
Geometries
  6
Continuous
370
    13
100
AcDbLine
 10
112.5132054949966
 20
117.9937515912865
 30
0.0
 11
112.1856146830062
 21
118.0104748963655
 31
0.0
  0
LINE
  5
2D2
330
1F
100
AcDbEntity
  8
Geometries
  6
Continuous
370
    13
100
AcDbLine
 10
111.8992008395671
 20
118.0254296780831
 30
0.0
 11
111.6185209140342
 21
118.040406402561
 31
0.0
  0
LINE
  5
2D3
330
1F
100
AcDbEntity
  8
Geometries
  6
Continuous
370
    13
100
AcDbLine
 10
111.6185209140342
 20
118.040406402561
 30
0.0
 11
111.343574906408
 21
118.055405069799
 31
0.0
  0
LINE
  5
2D4
330
1F
100
AcDbEntity
  8
Geometries
  6
Continuous
370
    13
100
AcDbLine
 10
88.51175485911806
 20
122.8931764336642
 30
0.0
 11
88.50293892305605
 21
122.9475972124927
 31
0.0
  0
LINE
  5
2D5
330
1F
100
AcDbEntity
  8
Geometries
  6
Continuous
370
    13
100
AcDbLine
 10
110.5531403909676
 20
118.1005327280746
 30
0.0
 11
110.4518686253102
 21
118.1065515058321
 31
0.0
  0
LINE
  5
2D6
330
1F
100
AcDbEntity
  8
Geometries
  6
Continuous
370
    13
100
AcDbLine
 10
95.59922237944335
 20
119.7651442998219
 30
0.0
 11
95.56790344454663
 21
119.7713302011218
 31
0.0
  0
LINE
  5
2D7
330
1F
100
AcDbEntity
  8
Geometries
  6
Continuous
370
    13
100
AcDbLine
 10
110.1048845081835
 20
118.1276088116107
 30
0.0
 11
109.9865675862266
 21
118.1349429167128
 31
0.0
  0
LINE
  5
2D8
330
1F
100
AcDbEntity
  8
Geometries
  6
Continuous
370
    13
100
AcDbLine
 10
97.52750065657165
 20
119.4260309005463
 30
0.0
 11
97.36373186668945
 21
119.4524568771278
 31
0.0
  0
LINE
  5
2D9
330
1F
100
AcDbEntity
  8
Geometries
  6
Continuous
370
    13
100
AcDbLine
 10
109.5936559785458
 20
118.1598794759228
 30
0.0
 11
109.3217369922706
 21
118.1776781101099
 31
0.0
  0
LINE
  5
2DA
330
1F
100
AcDbEntity
  8
Geometries
  6
Continuous
370
    13
100
AcDbLine
 10
98.41970182058245
 20
126.7148179339647
 30
0.0
 11
98.68290973219044
 21
126.7539167064966
 31
0.0
  0
LINE
  5
2DB
330
1F
100
AcDbEntity
  8
Geometries
  6
Continuous
370
    13
100
AcDbLine
 10
103.245323825489
 20
127.31533174802
 30
0.0
 11
103.4807159089675
 21
127.3394637247344
 31
0.0
  0
LINE
  5
2DC
330
1F
100
AcDbEntity
  8
Geometries
  6
Continuous
370
    13
100
AcDbLine
 10
109.3217369922706
 20
118.1776781101099
 30
0.0
 11
109.0530809810226
 21
118.1957159829372
 31
0.0
  0
LINE
  5
2DD
330
1F
100
AcDbEntity
  8
Geometries
  6
Continuous
370
    13
100
AcDbLine
 10
90.38102123343154
 20
124.7899320518217
 30
0.0
 11
90.45805735775974
 21
124.8265493423814
 31
0.0
  0
LINE
  5
2DE
330
1F
100
AcDbEntity
  8
Geometries
  6
Continuous
370
    13
100
AcDbLine
 10
108.6843191348372
 20
118.2212388431556
 30
0.0
 11
108.59056936004
 21
118.2278760340844
 31
0.0
  0
LINE
  5
2DF
330
1F
100
AcDbEntity
  8
Geometries
  6
Continuous
370
    13
100
AcDbLine
 10
95.45908983910905
 20
126.2065882619203
 30
0.0
 11
95.49645705576495
 21
126.2140547124406
 31
0.0
  0
LINE
  5
2E0
330
1F
100
AcDbEntity
  8
Geometries
  6
Continuous
370
    13
100
AcDbLine
 10
108.59056936004
 20
118.2278760340844
 30
0.0
 11
108.495987726026
 21
118.2346376890048
 31
0.0
  0
LINE
  5
2E1
330
1F
100
AcDbEntity
  8
Geometries
  6
Continuous
370
    13
100
AcDbLine
 10
92.59146206829847
 20
125.5430505668999
 30
0.0
 11
92.75891263672275
 21
125.5893005644854
 31
0.0
  0
LINE
  5
2E2
330
1F
100
AcDbEntity
  8
Geometries
  6
Continuous
370
    13
100
AcDbLine
 10
108.0329042204712
 20
118.2685790383122
 30
0.0
 11
107.8402694830427
 21
118.2830533305147
 31
0.0
  0
LINE
  5
2E3
330
1F
100
AcDbEntity
  8
Geometries
  6
Continuous
370
    13
100
AcDbLine
 10
97.34112122447856
 20
126.5457803599968
 30
0.0
 11
97.52651143538205
 21
126.5758305135287
 31
0.0
  0
LINE
  5
2E4
330
1F
100
AcDbEntity
  8
Geometries
  6
Continuous
370
    13
100
AcDbLine
 10
91.12024034720065
 20
125.0777629124572
 30
0.0
 11
91.14023116138196
 21
125.0843199992677
 31
0.0
  0
LINE
  5
2E5
330
1F
100
AcDbEntity
  8
Geometries
  6
Continuous
370
    13
100
AcDbLine
 10
107.8402694830427
 20
118.2830533305147
 30
0.0
 11
107.6414187666278
 21
118.2981833743459
 31
0.0
  0
LINE
  5
2E6
330
1F
100
AcDbEntity
  8
Geometries
  6
Continuous
370
    13
100
AcDbLine
 10
107.6414187666278
 20
118.2981833743459
 30
0.0
 11
107.4363520712262
 21
118.3139691698058
 31
0.0
  0
LINE
  5
2E7
330
1F
100
AcDbEntity
  8
Geometries
  6
Continuous
370
    13
100
AcDbLine
 10
92.40866819447623
 20
120.5101956284913
 30
0.0
 11
92.30465116863054
 21
120.540995176817
 31
0.0
  0
LINE
  5
2E8
330
1F
100
AcDbEntity
  8
Geometries
  6
Continuous
370
    13
100
AcDbLine
 10
107.4363520712262
 20
118.3139691698058
 30
0.0
 11
107.2987147820493
 21
118.324660352576
 31
0.0
  0
LINE
  5
2E9
330
1F
100
AcDbEntity
  8
Geometries
  6
Continuous
370
    13
100
AcDbLine
 10
103.6632938067309
 20
118.6424844442293
 30
0.0
 11
103.6292481598239
 21
118.6458794401532
 31
0.0
  0
LINE
  5
2EA
330
1F
100
AcDbEntity
  8
Geometries
  6
Continuous
370
    13
100
AcDbLine
 10
94.85571385674416
 20
126.0810471942252
 30
0.0
 11
94.90840852997155
 21
126.092366278437
 31
0.0
  0
LINE
  5
2EB
330
1F
100
AcDbEntity
  8
Geometries
  6
Continuous
370
    13
100
AcDbLine
 10
90.65863508484816
 20
124.9126444948616
 30
0.0
 11
90.69688057706136
 21
124.9277746409564
 31
0.0
  0
LINE
  5
2EC
330
1F
100
AcDbEntity
  8
Geometries
  6
Continuous
370
    13
100
AcDbLine
 10
107.1584126209289
 20
118.3356326646935
 30
0.0
 11
107.0154455878649
 21
118.3468861061589
 31
0.0
  0
LINE
  5
2ED
330
1F
100
AcDbEntity
  8
Geometries
  6
Continuous
370
    13
100
AcDbLine
 10
88.52644780760455
 20
122.8371282583675
 30
0.0
 11
88.51175485911806
 21
122.8931764336642
 31
0.0
  0
LINE
  5
2EE
330
1F
100
AcDbEntity
  8
Geometries
  6
Continuous
370
    13
100
AcDbLine
 10
107.0154455878649
 20
118.3468861061589
 30
0.0
 11
106.8732980288026
 21
118.3581486739256
 31
0.0
  0
LINE
  5
2EF
330
1F
100
AcDbEntity
  8
Geometries
  6
Continuous
370
    13
100
AcDbLine
 10
106.8732980288026
 20
118.3581486739256
 30
0.0
 11
106.7337220457013
 21
118.3692971965895
 31
0.0
  0
LINE
  5
2F0
330
1F
100
AcDbEntity
  8
Geometries
  6
Continuous
370
    13
100
AcDbLine
 10
106.7337220457013
 20
118.3692971965895
 30
0.0
 11
106.5951408292406
 21
118.3804581487541
 31
0.0
  0
LINE
  5
2F1
330
1F
100
AcDbEntity
  8
Geometries
  6
Continuous
370
    13
100
AcDbLine
 10
95.03569438156416
 20
126.1195037290103
 30
0.0
 11
95.05372476289085
 21
126.1233087913162
 31
0.0
  0
LINE
  5
2F2
330
1F
100
AcDbEntity
  8
Geometries
  6
Continuous
370
    13
100
AcDbLine
 10
103.5276353183502
 20
118.6560709764883
 30
0.0
 11
103.0529371491705
 21
118.7048799975858
 31
0.0
  0
LINE
  5
2F3
330
1F
100
AcDbEntity
  8
Geometries
  6
Continuous
370
    13
100
AcDbLine
 10
94.65822907941116
 20
126.0384075711682
 30
0.0
 11
94.73094465111964
 21
126.0541388149618
 31
0.0
  0
LINE
  5
2F4
330
1F
100
AcDbEntity
  8
Geometries
  6
Continuous
370
    13
100
AcDbLine
 10
106.5951408292406
 20
118.3804581487541
 30
0.0
 11
106.2222481023978
 21
118.4109602839406
 31
0.0
  0
LINE
  5
2F5
330
1F
100
AcDbEntity
  8
Geometries
  6
Continuous
370
    13
100
AcDbLine
 10
106.2222481023978
 20
118.4109602839406
 30
0.0
 11
105.8567544662707
 21
118.4415548699604
 31
0.0
  0
LINE
  5
2F6
330
1F
100
AcDbEntity
  8
Geometries
  6
Continuous
370
    13
100
AcDbLine
 10
105.8567544662707
 20
118.4415548699604
 30
0.0
 11
105.4986599208594
 21
118.4722419068142
 31
0.0
  0
LINE
  5
2F7
330
1F
100
AcDbEntity
  8
Geometries
  6
Continuous
370
    13
100
AcDbLine
 10
89.34468706996336
 20
121.8890706485511
 30
0.0
 11
89.25042696134325
 21
121.9647285572533
 31
0.0
  0
LINE
  5
2F8
330
1F
100
AcDbEntity
  8
Geometries
  6
Continuous
370
    13
100
AcDbLine
 10
104.5576199684757
 20
118.5565915122475
 30
0.0
 11
104.3145509013303
 21
118.5793394094751
 31
0.0
  0
LINE
  5
2F9
330
1F
100
AcDbEntity
  8
Geometries
  6
Continuous
370
    13
100
AcDbLine
 10
95.31062039435368
 20
126.1765778806171
 30
0.0
 11
95.34758784226224
 21
126.1841021628262
 31
0.0
  0
LINE
  5
2FA
330
1F
100
AcDbEntity
  8
Geometries
  6
Continuous
370
    13
100
AcDbLine
 10
104.0754609007476
 20
118.602137024707
 30
0.0
 11
103.765954846699
 21
118.6323060050205
 31
0.0
  0
LINE
  5
2FB
330
1F
100
AcDbEntity
  8
Geometries
  6
Continuous
370
    13
100
AcDbLine
 10
90.45805735775974
 20
124.8265493423814
 30
0.0
 11
90.53863355348658
 21
124.8626062952338
 31
0.0
  0
LINE
  5
2FC
330
1F
100
AcDbEntity
  8
Geometries
  6
Continuous
370
    13
100
AcDbLine
 10
103.6292481598239
 20
118.6458794401532
 30
0.0
 11
103.5952898627913
 21
118.6492755275043
 31
0.0
  0
LINE
  5
2FD
330
1F
100
AcDbEntity
  8
Geometries
  6
Continuous
370
    13
100
AcDbLine
 10
103.5952898627913
 20
118.6492755275043
 30
0.0
 11
103.5614189156335
 21
118.6526727062828
 31
0.0
  0
LINE
  5
2FE
330
1F
100
AcDbEntity
  8
Geometries
  6
Continuous
370
    13
100
AcDbLine
 10
89.72047955402208
 20
124.3870510049869
 30
0.0
 11
89.73837392317455
 21
124.3993417971081
 31
0.0
  0
LINE
  5
2FF
330
1F
100
AcDbEntity
  8
Geometries
  6
Continuous
370
    13
100
AcDbLine
 10
92.78128806670665
 20
120.4053694735503
 30
0.0
 11
92.60214346359678
 21
120.4547357141083
 31
0.0
  0
LINE
  5
300
330
1F
100
AcDbEntity
  8
Geometries
  6
Continuous
370
    13
100
AcDbLine
 10
96.17183180110054
 20
119.6567979156122
 30
0.0
 11
95.99537331692116
 21
119.689306710816
 31
0.0
  0
LINE
  5
301
330
1F
100
AcDbEntity
  8
Geometries
  6
Continuous
370
    13
100
AcDbLine
 10
103.0529371491705
 20
118.7048799975858
 30
0.0
 11
102.5825007939213
 21
118.755239604761
 31
0.0
  0
LINE
  5
302
330
1F
100
AcDbEntity
  8
Geometries
  6
Continuous
370
    13
100
AcDbLine
 10
102.1163262526028
 20
118.8071497980136
 30
0.0
 11
101.7744695611129
 21
118.8465185424976
 31
0.0
  0
LINE
  5
303
330
1F
100
AcDbEntity
  8
Geometries
  6
Continuous
370
    13
100
AcDbLine
 10
101.7744695611129
 20
118.8465185424976
 30
0.0
 11
101.736243255182
 21
118.8509903711669
 31
0.0
  0
LINE
  5
304
330
1F
100
AcDbEntity
  8
Geometries
  6
Continuous
370
    13
100
AcDbLine
 10
101.736243255182
 20
118.8509903711669
 30
0.0
 11
101.6980462886777
 21
118.855472874471
 31
0.0
  0
LINE
  5
305
330
1F
100
AcDbEntity
  8
Geometries
  6
Continuous
370
    13
100
AcDbLine
 10
91.73379573488126
 20
120.7236967076905
 30
0.0
 11
91.72482423658016
 21
120.7267453719998
 31
0.0
  0
LINE
  5
306
330
1F
100
AcDbEntity
  8
Geometries
  6
Continuous
370
    13
100
AcDbLine
 10
101.5455518169248
 20
118.8735096340323
 30
0.0
 11
101.5036728539087
 21
118.8785010875406
 31
0.0
  0
LINE
  5
307
330
1F
100
AcDbEntity
  8
Geometries
  6
Continuous
370
    13
100
AcDbLine
 10
91.23942722740767
 20
120.8843927921685
 30
0.0
 11
91.21940995313477
 21
120.8908120065745
 31
0.0
  0
LINE
  5
308
330
1F
100
AcDbEntity
  8
Geometries
  6
Continuous
370
    13
100
AcDbLine
 10
101.5036728539087
 20
118.8785010875406
 30
0.0
 11
101.3205527849839
 21
118.9004380035434
 31
0.0
  0
LINE
  5
309
330
1F
100
AcDbEntity
  8
Geometries
  6
Continuous
370
    13
100
AcDbLine
 10
88.99494283851314
 20
123.8111846107392
 30
0.0
 11
89.04855698732264
 21
123.8612855904381
 31
0.0
  0
LINE
  5
30A
330
1F
100
AcDbEntity
  8
Geometries
  6
Continuous
370
    13
100
AcDbLine
 10
101.3205527849839
 20
118.9004380035434
 30
0.0
 11
101.1413471226769
 21
118.9220859336508
 31
0.0
  0
LINE
  5
30B
330
1F
100
AcDbEntity
  8
Geometries
  6
Continuous
370
    13
100
AcDbLine
 10
91.31205367769286
 20
125.1396781204321
 30
0.0
 11
91.36213680216025
 21
125.1556864010256
 31
0.0
  0
LINE
  5
30C
330
1F
100
AcDbEntity
  8
Geometries
  6
Continuous
370
    13
100
AcDbLine
 10
100.2897168651092
 20
119.0278131022948
 30
0.0
 11
100.0788282417123
 21
119.0548611028381
 31
0.0
  0
LINE
  5
30D
330
1F
100
AcDbEntity
  8
Geometries
  6
Continuous
370
    13
100
AcDbLine
 10
100.0788282417123
 20
119.0548611028381
 30
0.0
 11
99.87521847359673
 21
119.0813717329144
 31
0.0
  0
LINE
  5
30E
330
1F
100
AcDbEntity
  8
Geometries
  6
Continuous
370
    13
100
AcDbLine
 10
106.1454946026425
 20
127.5840653626813
 30
0.0
 11
106.2371379096834
 21
127.5917159266328
 31
0.0
  0
LINE
  5
30F
330
1F
100
AcDbEntity
  8
Geometries
  6
Continuous
370
    13
100
AcDbLine
 10
99.87521847359673
 20
119.0813717329144
 30
0.0
 11
99.80238531624983
 21
119.0909576561198
 31
0.0
  0
LINE
  5
310
330
1F
100
AcDbEntity
  8
Geometries
  6
Continuous
370
    13
100
AcDbLine
 10
91.48400556354136
 20
125.1946528622915
 30
0.0
 11
91.51871133495106
 21
125.2058117828263
 31
0.0
  0
LINE
  5
311
330
1F
100
AcDbEntity
  8
Geometries
  6
Continuous
370
    13
100
AcDbLine
 10
99.73053076055754
 20
119.1004713328514
 30
0.0
 11
99.65965480651965
 21
119.109912763109
 31
0.0
  0
LINE
  5
312
330
1F
100
AcDbEntity
  8
Geometries
  6
Continuous
370
    13
100
AcDbLine
 10
99.65965480651965
 20
119.109912763109
 30
0.0
 11
99.58975745413626
 21
119.1192819468926
 31
0.0
  0
LINE
  5
313
330
1F
100
AcDbEntity
  8
Geometries
  6
Continuous
370
    13
100
AcDbLine
 10
99.51714434237886
 20
119.1290789060699
 30
0.0
 11
99.43196286842496
 21
119.1406567528479
 31
0.0
  0
LINE
  5
314
330
1F
100
AcDbEntity
  8
Geometries
  6
Continuous
370
    13
100
AcDbLine
 10
98.88612973313766
 20
119.217218237908
 30
0.0
 11
98.73365114976396
 21
119.2394160216063
 31
0.0
  0
LINE
  5
315
330
1F
100
AcDbEntity
  8
Geometries
  6
Continuous
370
    13
100
AcDbLine
 10
90.07048938101994
 20
121.3840106797663
 30
0.0
 11
90.02776013980986
 21
121.4107954532266
 31
0.0
  0
LINE
  5
316
330
1F
100
AcDbEntity
  8
Geometries
  6
Continuous
370
    13
100
AcDbLine
 10
98.29828683652215
 20
119.3049034285136
 30
0.0
 11
98.14764319739118
 21
119.3281436564974
 31
0.0
  0
LINE
  5
317
330
1F
100
AcDbEntity
  8
Geometries
  6
Continuous
370
    13
100
AcDbLine
 10
98.14764319739118
 20
119.3281436564974
 30
0.0
 11
97.99085128298036
 21
119.3525807849176
 31
0.0
  0
LINE
  5
318
330
1F
100
AcDbEntity
  8
Geometries
  6
Continuous
370
    13
100
AcDbLine
 10
93.45943864645126
 20
125.768103446757
 30
0.0
 11
93.49486093374284
 21
125.7766108162181
 31
0.0
  0
LINE
  5
319
330
1F
100
AcDbEntity
  8
Geometries
  6
Continuous
370
    13
100
AcDbLine
 10
97.36373186668945
 20
119.4524568771278
 30
0.0
 11
97.20324780607027
 21
119.4786865544268
 31
0.0
  0
LINE
  5
31A
330
1F
100
AcDbEntity
  8
Geometries
  6
Continuous
370
    13
100
AcDbLine
 10
97.20324780607027
 20
119.4786865544268
 30
0.0
 11
97.04604847471427
 21
119.5047199324434
 31
0.0
  0
LINE
  5
31B
330
1F
100
AcDbEntity
  8
Geometries
  6
Continuous
370
    13
100
AcDbLine
 10
97.04604847471427
 20
119.5047199324434
 30
0.0
 11
96.81640834504816
 21
119.5434019383139
 31
0.0
  0
LINE
  5
31C
330
1F
100
AcDbEntity
  8
Geometries
  6
Continuous
370
    13
100
AcDbLine
 10
96.81640834504816
 20
119.5434019383139
 30
0.0
 11
96.59415885622383
 21
119.5816422707989
 31
0.0
  0
LINE
  5
31D
330
1F
100
AcDbEntity
  8
Geometries
  6
Continuous
370
    13
100
AcDbLine
 10
96.37930000824136
 20
119.6194409298982
 30
0.0
 11
96.17183180110054
 21
119.6567979156122
 31
0.0
  0
LINE
  5
31E
330
1F
100
AcDbEntity
  8
Geometries
  6
Continuous
370
    13
100
AcDbLine
 10
95.99537331692116
 20
119.689306710816
 30
0.0
 11
95.82463814500944
 21
119.72147347415
 31
0.0
  0
LINE
  5
31F
330
1F
100
AcDbEntity
  8
Geometries
  6
Continuous
370
    13
100
AcDbLine
 10
95.79177340479046
 20
119.7277517545931
 30
0.0
 11
95.75912949390317
 21
119.7340168380158
 31
0.0
  0
LINE
  5
320
330
1F
100
AcDbEntity
  8
Geometries
  6
Continuous
370
    13
100
AcDbLine
 10
95.75912949390317
 20
119.7340168380158
 30
0.0
 11
95.72670641234765
 21
119.740268724418
 31
0.0
  0
LINE
  5
321
330
1F
100
AcDbEntity
  8
Geometries
  6
Continuous
370
    13
100
AcDbLine
 10
95.72670641234765
 20
119.740268724418
 30
0.0
 11
95.69450416012393
 21
119.7465074137997
 31
0.0
  0
LINE
  5
322
330
1F
100
AcDbEntity
  8
Geometries
  6
Continuous
370
    13
100
AcDbLine
 10
89.03089723939605
 20
122.1557929979395
 30
0.0
 11
88.95389232743034
 21
122.2293258755515
 31
0.0
  0
LINE
  5
323
330
1F
100
AcDbEntity
  8
Geometries
  6
Continuous
370
    13
100
AcDbLine
 10
95.63076214367175
 20
119.7589452015017
 30
0.0
 11
95.59922237944335
 21
119.7651442998219
 31
0.0
  0
LINE
  5
324
330
1F
100
AcDbEntity
  8
Geometries
  6
Continuous
370
    13
100
AcDbLine
 10
95.56790344454663
 20
119.7713302011218
 30
0.0
 11
95.18030162016636
 21
119.8503652310935
 31
0.0
  0
LINE
  5
325
330
1F
100
AcDbEntity
  8
Geometries
  6
Continuous
370
    13
100
AcDbLine
 10
95.18030162016636
 20
119.8503652310935
 30
0.0
 11
95.11965679272275
 21
119.8631490899204
 31
0.0
  0
LINE
  5
326
330
1F
100
AcDbEntity
  8
Geometries
  6
Continuous
370
    13
100
AcDbLine
 10
95.02011180122497
 20
119.8843619575982
 30
0.0
 11
94.97077334116855
 21
119.8949403239395
 31
0.0
  0
LINE
  5
327
330
1F
100
AcDbEntity
  8
Geometries
  6
Continuous
370
    13
100
AcDbLine
 10
88.72765023010476
 20
123.5208991103047
 30
0.0
 11
88.77548551012735
 21
123.5791843522743
 31
0.0
  0
LINE
  5
328
330
1F
100
AcDbEntity
  8
Geometries
  6
Continuous
370
    13
100
AcDbLine
 10
94.57091697929323
 20
119.9812896891205
 30
0.0
 11
94.43074504142834
 21
120.0117965155398
 31
0.0
  0
LINE
  5
329
330
1F
100
AcDbEntity
  8
Geometries
  6
Continuous
370
    13
100
AcDbLine
 10
98.15328486171495
 20
126.6743567557886
 30
0.0
 11
98.41970182058245
 21
126.7148179339647
 31
0.0
  0
LINE
  5
32A
330
1F
100
AcDbEntity
  8
Geometries
  6
Continuous
370
    13
100
AcDbLine
 10
94.43074504142834
 20
120.0117965155398
 30
0.0
 11
94.29656110148905
 21
120.0412244098525
 31
0.0
  0
LINE
  5
32B
330
1F
100
AcDbEntity
  8
Geometries
  6
Continuous
370
    13
100
AcDbLine
 10
94.16653654941695
 20
120.0699795644759
 30
0.0
 11
94.04267624745478
 21
120.0976240294435
 31
0.0
  0
LINE
  5
32C
330
1F
100
AcDbEntity
  8
Geometries
  6
Continuous
370
    13
100
AcDbLine
 10
93.92498019560247
 20
120.1241578047549
 30
0.0
 11
93.81344839386006
 21
120.1495808904104
 31
0.0
  0
LINE
  5
32D
330
1F
100
AcDbEntity
  8
Geometries
  6
Continuous
370
    13
100
AcDbLine
 10
93.70808084222753
 20
120.17389328641
 30
0.0
 11
93.60887754070494
 21
120.1970949927535
 31
0.0
  0
LINE
  5
32E
330
1F
100
AcDbEntity
  8
Geometries
  6
Continuous
370
    13
100
AcDbLine
 10
93.48033627833925
 20
120.2276623016755
 30
0.0
 11
93.35283916604054
 21
120.2585602081931
 31
0.0
  0
LINE
  5
32F
330
1F
100
AcDbEntity
  8
Geometries
  6
Continuous
370
    13
100
AcDbLine
 10
91.69791867627517
 20
120.7359179481826
 30
0.0
 11
91.68895313437295
 21
120.7389843346619
 31
0.0
  0
LINE
  5
330
330
1F
100
AcDbEntity
  8
Geometries
  6
Continuous
370
    13
100
AcDbLine
 10
91.67998908157054
 20
120.7420551516835
 30
0.0
 11
91.67102651786797
 21
120.7451303992479
 31
0.0
  0
LINE
  5
331
330
1F
100
AcDbEntity
  8
Geometries
  6
Continuous
370
    13
100
AcDbLine
 10
89.45197360014765
 20
124.1941732087308
 30
0.0
 11
89.50982710513455
 21
124.2371525991546
 31
0.0
  0
LINE
  5
332
330
1F
100
AcDbEntity
  8
Geometries
  6
Continuous
370
    13
100
AcDbLine
 10
91.67102651786797
 20
120.7451303992479
 30
0.0
 11
91.65085057160056
 21
120.7519492316051
 31
0.0
  0
LINE
  5
333
330
1F
100
AcDbEntity
  8
Geometries
  6
Continuous
370
    13
100
AcDbLine
 10
91.65085057160056
 20
120.7519492316051
 30
0.0
 11
91.62414217061924
 21
120.7607922313227
 31
0.0
  0
LINE
  5
334
330
1F
100
AcDbEntity
  8
Geometries
  6
Continuous
370
    13
100
AcDbLine
 10
91.62414217061924
 20
120.7607922313227
 30
0.0
 11
91.59090131492442
 21
120.7716593984012
 31
0.0
  0
LINE
  5
335
330
1F
100
AcDbEntity
  8
Geometries
  6
Continuous
370
    13
100
AcDbLine
 10
91.59090131492442
 20
120.7716593984012
 30
0.0
 11
91.55112800451587
 21
120.7845507328402
 31
0.0
  0
LINE
  5
336
330
1F
100
AcDbEntity
  8
Geometries
  6
Continuous
370
    13
100
AcDbLine
 10
91.55112800451587
 20
120.7845507328402
 30
0.0
 11
91.50482223939358
 21
120.7994662346396
 31
0.0
  0
LINE
  5
337
330
1F
100
AcDbEntity
  8
Geometries
  6
Continuous
370
    13
100
AcDbLine
 10
91.46385642127137
 20
120.8126055728499
 30
0.0
 11
91.41784276181264
 21
120.8273205469805
 31
0.0
  0
LINE
  5
338
330
1F
100
AcDbEntity
  8
Geometries
  6
Continuous
370
    13
100
AcDbLine
 10
91.32948253214985
 20
120.8555685975309
 30
0.0
 11
91.29317154490616
 21
120.8671842897297
 31
0.0
  0
LINE
  5
339
330
1F
100
AcDbEntity
  8
Geometries
  6
Continuous
370
    13
100
AcDbLine
 10
90.01759958020526
 20
124.5833363889039
 30
0.0
 11
90.07978491406416
 21
124.6220988746264
 31
0.0
  0
LINE
  5
33A
330
1F
100
AcDbEntity
  8
Geometries
  6
Continuous
370
    13
100
AcDbLine
 10
89.88698750999367
 20
121.5017533512179
 30
0.0
 11
89.83586833132634
 21
121.5356071764187
 31
0.0
  0
LINE
  5
33B
330
1F
100
AcDbEntity
  8
Geometries
  6
Continuous
370
    13
100
AcDbLine
 10
96.53369991129074
 20
126.4085702225986
 30
0.0
 11
96.79975400838906
 21
126.4549928347713
 31
0.0
  0
LINE
  5
33C
330
1F
100
AcDbEntity
  8
Geometries
  6
Continuous
370
    13
100
AcDbLine
 10
91.21369796058296
 20
120.8926457322452
 30
0.0
 11
91.20850415275936
 21
120.8943142833296
 31
0.0
  0
LINE
  5
33D
330
1F
100
AcDbEntity
  8
Geometries
  6
Continuous
370
    13
100
AcDbLine
 10
88.54712665557197
 20
123.2220175155083
 30
0.0
 11
88.57007943080667
 21
123.2735359655128
 31
0.0
  0
LINE
  5
33E
330
1F
100
AcDbEntity
  8
Geometries
  6
Continuous
370
    13
100
AcDbLine
 10
91.11740908973115
 20
120.9239814506326
 30
0.0
 11
91.05252175931724
 21
120.9455368909151
 31
0.0
  0
LINE
  5
33F
330
1F
100
AcDbEntity
  8
Geometries
  6
Continuous
370
    13
100
AcDbLine
 10
101.3336819278599
 20
127.1018974858351
 30
0.0
 11
101.4123542301982
 21
127.1112945482542
 31
0.0
  0
LINE
  5
340
330
1F
100
AcDbEntity
  8
Geometries
  6
Continuous
370
    13
100
AcDbLine
 10
90.96935410205037
 20
120.9737574377212
 30
0.0
 11
90.89149097811955
 21
121.0008970836404
 31
0.0
  0
LINE
  5
341
330
1F
100
AcDbEntity
  8
Geometries
  6
Continuous
370
    13
100
AcDbLine
 10
90.89149097811955
 20
121.0008970836404
 30
0.0
 11
90.81893238752484
 21
121.0269558286725
 31
0.0
  0
LINE
  5
342
330
1F
100
AcDbEntity
  8
Geometries
  6
Continuous
370
    13
100
AcDbLine
 10
90.67899750831265
 20
121.0800481801754
 30
0.0
 11
90.59756261939683
 21
121.1130880342421
 31
0.0
  0
LINE
  5
343
330
1F
100
AcDbEntity
  8
Geometries
  6
Continuous
370
    13
100
AcDbLine
 10
90.53860786973533
 20
121.1381250606755
 30
0.0
 11
90.48147147752437
 21
121.1633824892952
 31
0.0
  0
LINE
  5
344
330
1F
100
AcDbEntity
  8
Geometries
  6
Continuous
370
    13
100
AcDbLine
 10
90.48147147752437
 20
121.1633824892952
 30
0.0
 11
90.42615344276356
 21
121.188860320101
 31
0.0
  0
LINE
  5
345
330
1F
100
AcDbEntity
  8
Geometries
  6
Continuous
370
    13
100
AcDbLine
 10
90.32097244559296
 20
121.2404771882704
 30
0.0
 11
90.27110948318327
 21
121.2666162256341
 31
0.0
  0
LINE
  5
346
330
1F
100
AcDbEntity
  8
Geometries
  6
Continuous
370
    13
100
AcDbLine
 10
90.22943274066517
 20
121.2894739153165
 30
0.0
 11
90.18609219846446
 21
121.314259936996
 31
0.0
  0
LINE
  5
347
330
1F
100
AcDbEntity
  8
Geometries
  6
Continuous
370
    13
100
AcDbLine
 10
97.52651143538205
 20
126.5758305135287
 30
0.0
 11
97.70577002748226
 21
126.6044726103887
 31
0.0
  0
LINE
  5
348
330
1F
100
AcDbEntity
  8
Geometries
  6
Continuous
370
    13
100
AcDbLine
 10
89.98293341423536
 20
121.439347489622
 30
0.0
 11
89.93600920429677
 21
121.4696667889523
 31
0.0
  0
LINE
  5
349
330
1F
100
AcDbEntity
  8
Geometries
  6
Continuous
370
    13
100
AcDbLine
 10
89.93600920429677
 20
121.4696667889523
 30
0.0
 11
89.88698750999367
 21
121.5017533512179
 31
0.0
  0
LINE
  5
34A
330
1F
100
AcDbEntity
  8
Geometries
  6
Continuous
370
    13
100
AcDbLine
 10
89.70343271544553
 20
121.6254429041527
 30
0.0
 11
89.57742396659155
 21
121.7142987254196
 31
0.0
  0
LINE
  5
34B
330
1F
100
AcDbEntity
  8
Geometries
  6
Continuous
370
    13
100
AcDbLine
 10
89.08669159902006
 20
122.1049110951344
 30
0.0
 11
89.07722730607438
 21
122.113416605398
 31
0.0
  0
LINE
  5
34C
330
1F
100
AcDbEntity
  8
Geometries
  6
Continuous
370
    13
100
AcDbLine
 10
89.04923098645746
 20
122.1388726726784
 30
0.0
 11
89.04003106632514
 21
122.1473378739348
 31
0.0
  0
LINE
  5
34D
330
1F
100
AcDbEntity
  8
Geometries
  6
Continuous
370
    13
100
AcDbLine
 10
88.95389232743034
 20
122.2293258755515
 30
0.0
 11
88.88285925152054
 21
122.3013813464508
 31
0.0
  0
LINE
  5
34E
330
1F
100
AcDbEntity
  8
Geometries
  6
Continuous
370
    13
100
AcDbLine
 10
88.74106125042798
 20
122.4628602502044
 30
0.0
 11
88.73309746086176
 21
122.4729027171034
 31
0.0
  0
LINE
  5
34F
330
1F
100
AcDbEntity
  8
Geometries
  6
Continuous
370
    13
100
AcDbLine
 10
88.70255326114024
 20
122.512748259159
 30
0.0
 11
88.69524495084536
 21
122.5226285632881
 31
0.0
  0
LINE
  5
350
330
1F
100
AcDbEntity
  8
Geometries
  6
Continuous
370
    13
100
AcDbLine
 10
88.64398972579588
 20
122.5966615925002
 30
0.0
 11
88.60578872761113
 21
122.6592193536692
 31
0.0
  0
LINE
  5
351
330
1F
100
AcDbEntity
  8
Geometries
  6
Continuous
370
    13
100
AcDbLine
 10
88.57346474185113
 20
122.7201497183703
 30
0.0
 11
88.54701776851554
 21
122.779452686603
 31
0.0
  0
LINE
  5
352
330
1F
100
AcDbEntity
  8
Geometries
  6
Continuous
370
    13
100
AcDbLine
 10
88.54701776851554
 20
122.779452686603
 30
0.0
 11
88.52644780760455
 21
122.8371282583675
 31
0.0
  0
LINE
  5
353
330
1F
100
AcDbEntity
  8
Geometries
  6
Continuous
370
    13
100
AcDbLine
 10
88.50610440389345
 20
123.0874378117992
 30
0.0
 11
88.51373490979533
 21
123.1267354647404
 31
0.0
  0
LINE
  5
354
330
1F
100
AcDbEntity
  8
Geometries
  6
Continuous
370
    13
100
AcDbLine
 10
88.51373490979533
 20
123.1267354647404
 30
0.0
 11
88.52778011280705
 21
123.1727720718043
 31
0.0
  0
LINE
  5
355
330
1F
100
AcDbEntity
  8
Geometries
  6
Continuous
370
    13
100
AcDbLine
 10
88.52778011280705
 20
123.1727720718043
 30
0.0
 11
88.54712665557197
 21
123.2220175155083
 31
0.0
  0
LINE
  5
356
330
1F
100
AcDbEntity
  8
Geometries
  6
Continuous
370
    13
100
AcDbLine
 10
88.57007943080667
 20
123.2735359655128
 30
0.0
 11
88.59437748837043
 21
123.3210413109369
 31
0.0
  0
LINE
  5
357
330
1F
100
AcDbEntity
  8
Geometries
  6
Continuous
370
    13
100
AcDbLine
 10
88.61963339047946
 20
123.3652045249151
 30
0.0
 11
88.64769280340084
 21
123.4099082577186
 31
0.0
  0
LINE
  5
358
330
1F
100
AcDbEntity
  8
Geometries
  6
Continuous
370
    13
100
AcDbLine
 10
88.64769280340084
 20
123.4099082577186
 30
0.0
 11
88.67855572713465
 21
123.4551525093474
 31
0.0
  0
LINE
  5
359
330
1F
100
AcDbEntity
  8
Geometries
  6
Continuous
370
    13
100
AcDbLine
 10
88.77548551012735
 20
123.5791843522743
 30
0.0
 11
88.83308112418146
 21
123.6452710495926
 31
0.0
  0
LINE
  5
35A
330
1F
100
AcDbEntity
  8
Geometries
  6
Continuous
370
    13
100
AcDbLine
 10
89.04855698732264
 20
123.8612855904381
 30
0.0
 11
89.10244667876627
 21
123.9098286279749
 31
0.0
  0
LINE
  5
35B
330
1F
100
AcDbEntity
  8
Geometries
  6
Continuous
370
    13
100
AcDbLine
 10
89.10244667876627
 20
123.9098286279749
 30
0.0
 11
89.15879844503847
 21
123.9588909924984
 31
0.0
  0
LINE
  5
35C
330
1F
100
AcDbEntity
  8
Geometries
  6
Continuous
370
    13
100
AcDbLine
 10
89.50982710513455
 20
124.2371525991546
 30
0.0
 11
89.56908507688127
 21
124.280332481897
 31
0.0
  0
LINE
  5
35D
330
1F
100
AcDbEntity
  8
Geometries
  6
Continuous
370
    13
100
AcDbLine
 10
89.70266083214466
 20
124.3747464961771
 30
0.0
 11
89.72047955402208
 21
124.3870510049869
 31
0.0
  0
LINE
  5
35E
330
1F
100
AcDbEntity
  8
Geometries
  6
Continuous
370
    13
100
AcDbLine
 10
89.77438960330505
 20
124.4238822312847
 30
0.0
 11
89.79251091428296
 21
124.43613187334
 31
0.0
  0
LINE
  5
35F
330
1F
100
AcDbEntity
  8
Geometries
  6
Continuous
370
    13
100
AcDbLine
 10
89.88306105944136
 20
124.4964708509439
 30
0.0
 11
89.95202496199775
 21
124.5414603810097
 31
0.0
  0
LINE
  5
360
330
1F
100
AcDbEntity
  8
Geometries
  6
Continuous
370
    13
100
AcDbLine
 10
90.13858096357404
 20
124.6577478381778
 30
0.0
 11
90.19398772873535
 21
124.6902832795575
 31
0.0
  0
LINE
  5
361
330
1F
100
AcDbEntity
  8
Geometries
  6
Continuous
370
    13
100
AcDbLine
 10
90.24768075089015
 20
124.7206266587302
 30
0.0
 11
90.30752518050176
 21
124.7527544235544
 31
0.0
  0
LINE
  5
362
330
1F
100
AcDbEntity
  8
Geometries
  6
Continuous
370
    13
100
AcDbLine
 10
90.30752518050176
 20
124.7527544235544
 30
0.0
 11
90.38102123343154
 21
124.7899320518217
 31
0.0
  0
LINE
  5
363
330
1F
100
AcDbEntity
  8
Geometries
  6
Continuous
370
    13
100
AcDbLine
 10
90.53863355348658
 20
124.8626062952338
 30
0.0
 11
90.57784730113374
 21
124.8794102273063
 31
0.0
  0
LINE
  5
364
330
1F
100
AcDbEntity
  8
Geometries
  6
Continuous
370
    13
100
AcDbLine
 10
90.57784730113374
 20
124.8794102273063
 30
0.0
 11
90.61784781158755
 21
124.8960896271822
 31
0.0
  0
LINE
  5
365
330
1F
100
AcDbEntity
  8
Geometries
  6
Continuous
370
    13
100
AcDbLine
 10
90.72900738625955
 20
124.9402006663939
 30
0.0
 11
90.80124771283806
 21
124.9673205373344
 31
0.0
  0
LINE
  5
366
330
1F
100
AcDbEntity
  8
Geometries
  6
Continuous
370
    13
100
AcDbLine
 10
90.96241643188344
 20
125.0246659759985
 30
0.0
 11
91.02048503724734
 21
125.0444986976367
 31
0.0
  0
LINE
  5
367
330
1F
100
AcDbEntity
  8
Geometries
  6
Continuous
370
    13
100
AcDbLine
 10
91.26786334617904
 20
125.1255285279779
 30
0.0
 11
91.31205367769286
 21
125.1396781204321
 31
0.0
  0
LINE
  5
368
330
1F
100
AcDbEntity
  8
Geometries
  6
Continuous
370
    13
100
AcDbLine
 10
95.05372476289085
 20
126.1233087913162
 30
0.0
 11
95.07586769152266
 21
126.1279692141978
 31
0.0
  0
LINE
  5
369
330
1F
100
AcDbEntity
  8
Geometries
  6
Continuous
370
    13
100
AcDbLine
 10
91.51871133495106
 20
125.2058117828263
 30
0.0
 11
91.55033708753425
 21
125.2160200445706
 31
0.0
  0
LINE
  5
36A
330
1F
100
AcDbEntity
  8
Geometries
  6
Continuous
370
    13
100
AcDbLine
 10
91.70395683922956
 20
125.266663431008
 30
0.0
 11
91.88016700275844
 21
125.3260671657645
 31
0.0
  0
LINE
  5
36B
330
1F
100
AcDbEntity
  8
Geometries
  6
Continuous
370
    13
100
AcDbLine
 10
91.88016700275844
 20
125.3260671657645
 30
0.0
 11
92.04372173799877
 21
125.3792930792609
 31
0.0
  0
LINE
  5
36C
330
1F
100
AcDbEntity
  8
Geometries
  6
Continuous
370
    13
100
AcDbLine
 10
92.04372173799877
 20
125.3792930792609
 30
0.0
 11
92.23331586354044
 21
125.4382590606217
 31
0.0
  0
LINE
  5
36D
330
1F
100
AcDbEntity
  8
Geometries
  6
Continuous
370
    13
100
AcDbLine
 10
92.75891263672275
 20
125.5893005644854
 30
0.0
 11
92.93122673201707
 21
125.6353378098669
 31
0.0
  0
LINE
  5
36E
330
1F
100
AcDbEntity
  8
Geometries
  6
Continuous
370
    13
100
AcDbLine
 10
92.93122673201707
 20
125.6353378098669
 30
0.0
 11
93.07980309270755
 21
125.6738823388867
 31
0.0
  0
LINE
  5
36F
330
1F
100
AcDbEntity
  8
Geometries
  6
Continuous
370
    13
100
AcDbLine
 10
93.42421367304385
 20
125.7595980661734
 30
0.0
 11
93.45943864645126
 21
125.768103446757
 31
0.0
  0
LINE
  5
370
330
1F
100
AcDbEntity
  8
Geometries
  6
Continuous
370
    13
100
AcDbLine
 10
93.59476461101826
 20
125.8003637723756
 30
0.0
 11
93.65950963424028
 21
125.8155675500536
 31
0.0
  0
LINE
  5
371
330
1F
100
AcDbEntity
  8
Geometries
  6
Continuous
370
    13
100
AcDbLine
 10
94.09078428774845
 20
125.913926596983
 30
0.0
 11
94.22550069670646
 21
125.9438758895885
 31
0.0
  0
LINE
  5
372
330
1F
100
AcDbEntity
  8
Geometries
  6
Continuous
370
    13
100
AcDbLine
 10
94.36691033617504
 20
125.9750159225503
 30
0.0
 11
94.43519207347975
 21
125.9899554357433
 31
0.0
  0
LINE
  5
373
330
1F
100
AcDbEntity
  8
Geometries
  6
Continuous
370
    13
100
AcDbLine
 10
94.73094465111964
 20
126.0541388149618
 30
0.0
 11
94.79788615550194
 21
126.0685914763366
 31
0.0
  0
LINE
  5
374
330
1F
100
AcDbEntity
  8
Geometries
  6
Continuous
370
    13
100
AcDbLine
 10
94.99839879238135
 20
126.1115945458295
 30
0.0
 11
95.03569438156416
 21
126.1195037290103
 31
0.0
  0
LINE
  5
375
330
1F
100
AcDbEntity
  8
Geometries
  6
Continuous
370
    13
100
AcDbLine
 10
95.09804791956964
 20
126.1326242412396
 30
0.0
 11
95.12026544703204
 21
126.1372738724411
 31
0.0
  0
LINE
  5
376
330
1F
100
AcDbEntity
  8
Geometries
  6
Continuous
370
    13
100
AcDbLine
 10
95.16481240020246
 20
126.1465569473245
 30
0.0
 11
95.18714182591054
 21
126.1511903910064
 31
0.0
  0
LINE
  5
377
330
1F
100
AcDbEntity
  8
Geometries
  6
Continuous
370
    13
100
AcDbLine
 10
95.18714182591054
 20
126.1511903910064
 30
0.0
 11
95.31062039435368
 21
126.1765778806171
 31
0.0
  0
LINE
  5
378
330
1F
100
AcDbEntity
  8
Geometries
  6
Continuous
370
    13
100
AcDbLine
 10
95.38465523235776
 20
126.1916119871131
 30
0.0
 11
95.42182256463994
 21
126.1991073534778
 31
0.0
  0
LINE
  5
379
330
1F
100
AcDbEntity
  8
Geometries
  6
Continuous
370
    13
100
AcDbLine
 10
95.49645705576495
 20
126.2140547124406
 30
0.0
 11
95.53392421460765
 21
126.2215067050387
 31
0.0
  0
LINE
  5
37A
330
1F
100
AcDbEntity
  8
Geometries
  6
Continuous
370
    13
100
AcDbLine
 10
95.77420203502186
 20
126.2684785447589
 30
0.0
 11
96.02092392460716
 21
126.3153130775924
 31
0.0
  0
LINE
  5
37B
330
1F
100
AcDbEntity
  8
Geometries
  6
Continuous
370
    13
100
AcDbLine
 10
96.02092392460716
 20
126.3153130775924
 30
0.0
 11
96.27408988336344
 21
126.3620103035389
 31
0.0
  0
LINE
  5
37C
330
1F
100
AcDbEntity
  8
Geometries
  6
Continuous
370
    13
100
AcDbLine
 10
214.9282801702317
 20
124.0603853887211
 30
0.0
 11
217.5553366080914
 21
123.8333419625446
 31
0.0
  0
LINE
  5
37D
330
1F
100
AcDbEntity
  8
Geometries
  6
Continuous
370
    13
100
AcDbLine
 10
96.27408988336344
 20
126.3620103035389
 30
0.0
 11
96.53369991129074
 21
126.4085702225986
 31
0.0
  0
LINE
  5
37E
330
1F
100
AcDbEntity
  8
Geometries
  6
Continuous
370
    13
100
AcDbLine
 10
97.70577002748226
 20
126.6044726103887
 30
0.0
 11
97.88365885558756
 21
126.6325331719684
 31
0.0
  0
LINE
  5
37F
330
1F
100
AcDbEntity
  8
Geometries
  6
Continuous
370
    13
100
AcDbLine
 10
98.94290859653864
 20
126.7916530733841
 30
0.0
 11
99.19969841362726
 21
126.8280270346278
 31
0.0
  0
LINE
  5
380
330
1F
100
AcDbEntity
  8
Geometries
  6
Continuous
370
    13
100
AcDbLine
 10
100.180930578429
 20
126.9591716510542
 30
0.0
 11
100.4357859902996
 21
126.9916229440033
 31
0.0
  0
LINE
  5
381
330
1F
100
AcDbEntity
  8
Geometries
  6
Continuous
370
    13
100
AcDbLine
 10
100.4357859902996
 20
126.9916229440033
 30
0.0
 11
100.6981324212321
 21
127.0244603476744
 31
0.0
  0
LINE
  5
382
330
1F
100
AcDbEntity
  8
Geometries
  6
Continuous
370
    13
100
AcDbLine
 10
101.2555826267171
 20
127.0925299577025
 30
0.0
 11
101.3336819278599
 21
127.1018974858351
 31
0.0
  0
LINE
  5
383
330
1F
100
AcDbEntity
  8
Geometries
  6
Continuous
370
    13
100
AcDbLine
 10
101.5622390699311
 20
127.1290846772801
 30
0.0
 11
102.0405139531261
 21
127.184524617917
 31
0.0
  0
LINE
  5
384
330
1F
100
AcDbEntity
  8
Geometries
  6
Continuous
370
    13
100
AcDbLine
 10
102.5234306271818
 20
127.238447816764
 30
0.0
 11
103.010989092098
 21
127.2908542738211
 31
0.0
  0
LINE
  5
385
330
1F
100
AcDbEntity
  8
Geometries
  6
Continuous
370
    13
100
AcDbLine
 10
103.4807159089675
 20
127.3394637247344
 30
0.0
 11
103.6934616658714
 21
127.3608715644851
 31
0.0
  0
LINE
  5
386
330
1F
100
AcDbEntity
  8
Geometries
  6
Continuous
370
    13
100
AcDbLine
 10
103.6934616658714
 20
127.3608715644851
 30
0.0
 11
103.9089771016214
 21
127.3821658308136
 31
0.0
  0
LINE
  5
387
330
1F
100
AcDbEntity
  8
Geometries
  6
Continuous
370
    13
100
AcDbLine
 10
104.3516973463716
 20
127.4247568200629
 30
0.0
 11
104.5789021553718
 21
127.4460535429833
 31
0.0
  0
LINE
  5
388
330
1F
100
AcDbEntity
  8
Geometries
  6
Continuous
370
    13
100
AcDbLine
 10
104.5789021553718
 20
127.4460535429833
 30
0.0
 11
104.8100034221223
 21
127.4673510847679
 31
0.0
  0
LINE
  5
389
330
1F
100
AcDbEntity
  8
Geometries
  6
Continuous
370
    13
100
AcDbLine
 10
105.0861303119955
 20
127.4923412445314
 30
0.0
 11
105.3676214985473
 21
127.5173325316343
 31
0.0
  0
LINE
  5
38A
330
1F
100
AcDbEntity
  8
Geometries
  6
Continuous
370
    13
100
AcDbLine
 10
106.0493325164142
 20
127.5759899800446
 30
0.0
 11
106.1454946026425
 21
127.5840653626813
 31
0.0
  0
VIEWPORT
  5
7D
330
79
100
AcDbEntity
 67
     1
  8
0
100
AcDbViewport
 10
148.5
 20
105.0
 30
0.0
 40
297.0
 41
210.0
 68
     1
 69
     1
 12
148.5
 22
105.0
 13
0.0
 23
0.0
 14
10.0
 24
10.0
 15
10.0
 25
10.0
 16
0.0
 26
0.0
 36
1.0
 17
0.0
 27
0.0
 37
0.0
 42
50.0
 43
0.0
 44
0.0
 45
210.0
 50
0.0
 51
0.0
 72
   100
 90
   557152
  1

281
     0
 71
     1
 74
     0
110
0.0
120
0.0
130
0.0
111
1.0
121
0.0
131
0.0
112
0.0
122
1.0
132
0.0
 79
     0
146
0.0
170
     0
 61
     5
348
2F
292
     1
282
     1
141
0.0
142
0.0
 63
   256
361
7E
  0
VIEWPORT
  5
7F
330
79
100
AcDbEntity
 67
     1
  8
0
100
AcDbViewport
 10
148.5
 20
105.0
 30
0.0
 40
297.0
 41
210.0
 68
     2
 69
     2
 12
148.5
 22
105.0
 13
0.0
 23
0.0
 14
10.0
 24
10.0
 15
10.0
 25
10.0
 16
0.0
 26
0.0
 36
1.0
 17
0.0
 27
0.0
 37
0.0
 42
50.0
 43
0.0
 44
0.0
 45
210.0
 50
0.0
 51
0.0
 72
   100
 90
   557152
  1

281
     0
 71
     1
 74
     0
110
0.0
120
0.0
130
0.0
111
1.0
121
0.0
131
0.0
112
0.0
122
1.0
132
0.0
 79
     0
146
0.0
170
     0
 61
     5
348
2F
292
     1
282
     1
141
0.0
142
0.0
 63
   256
361
80
  0
ENDSEC
  0
SECTION
  2
OBJECTS
  0
DICTIONARY
  5
C
330
0
100
AcDbDictionary
281
     1
  3
ACAD_DETAILVIEWSTYLE
350
3C2
  3
ACAD_GROUP
350
D
  3
ACAD_LAYOUT
350
1A
  3
ACAD_MATERIAL
350
43
  3
ACAD_MLEADERSTYLE
350
5B
  3
ACAD_MLINESTYLE
350
17
  3
ACAD_PLOTSETTINGS
350
19
  3
ACAD_PLOTSTYLENAME
350
E
  3
ACAD_SCALELIST
350
47
  3
ACAD_SECTIONVIEWSTYLE
350
3C3
  3
ACAD_TABLESTYLE
350
59
  3
ACAD_VISUALSTYLE
350
2A
  3
ACDB_RECOMPOSE_DATA
350
3BF
  3
AcDbVariableDictionary
350
38B
  0
SUN
  5
5D
330
29
100
AcDbSun
 90
        1
290
     0
 63
     7
421
 16777215
 40
1.0
291
     1
 91
  2455826
 92
 54000000
292
     0
 70
     2
 71
   256
280
     1
  0
SUN
  5
7E
330
7D
100
AcDbSun
 90
        1
290
     0
 63
     7
421
 16777215
 40
1.0
291
     1
 91
  2455826
 92
 54000000
292
     0
 70
     2
 71
   256
280
     1
  0
SUN
  5
80
330
7F
100
AcDbSun
 90
        1
290
     0
 63
     7
421
 16777215
 40
1.0
291
     1
 91
  2455826
 92
 54000000
292
     0
 70
     2
 71
   256
280
     1
  0
DICTIONARY
  5
3C2
102
{ACAD_REACTORS
330
C
102
}
330
C
100
AcDbDictionary
281
     1
  0
DICTIONARY
  5
D
102
{ACAD_REACTORS
330
C
102
}
330
C
100
AcDbDictionary
281
     1
  0
DICTIONARY
  5
1A
102
{ACAD_REACTORS
330
C
102
}
330
C
100
AcDbDictionary
281
     1
  3
Layout1
350
1E
  3
Layout2
350
26
  3
Model
350
22
  3
Sheet
350
7A
  0
DICTIONARY
  5
43
102
{ACAD_REACTORS
330
C
102
}
330
C
100
AcDbDictionary
281
     1
  3
ByBlock
350
45
  3
ByLayer
350
44
  3
Global
350
46
  0
DICTIONARY
  5
5B
102
{ACAD_REACTORS
330
C
102
}
330
C
100
AcDbDictionary
281
     1
  3
Standard
350
5C
  0
DICTIONARY
  5
17
102
{ACAD_REACTORS
330
C
102
}
330
C
100
AcDbDictionary
281
     1
  3
Standard
350
18
  0
DICTIONARY
  5
19
102
{ACAD_REACTORS
330
C
102
}
330
C
100
AcDbDictionary
281
     1
  0
ACDBDICTIONARYWDFLT
  5
E
102
{ACAD_REACTORS
330
C
102
}
330
C
100
AcDbDictionary
281
     1
  3
Normal
350
F
100
AcDbDictionaryWithDefault
340
F
  0
DICTIONARY
  5
47
102
{ACAD_REACTORS
330
C
102
}
330
C
100
AcDbDictionary
281
     1
  3
A0
350
48
  3
A1
350
49
  3
A2
350
4A
  3
A3
350
4B
  3
A4
350
4C
  3
A5
350
4D
  3
A6
350
4E
  3
A7
350
4F
  3
A8
350
50
  3
A9
350
51
  3
B0
350
52
  3
B1
350
53
  3
B2
350
54
  3
B3
350
55
  3
B4
350
56
  3
B5
350
57
  3
B6
350
58
  0
DICTIONARY
  5
3C3
102
{ACAD_REACTORS
330
C
102
}
330
C
100
AcDbDictionary
281
     1
  0
DICTIONARY
  5
59
102
{ACAD_REACTORS
330
C
102
}
330
C
100
AcDbDictionary
281
     1
  3
Standard
350
5A
  0
DICTIONARY
  5
2A
102
{ACAD_REACTORS
330
C
102
}
330
C
100
AcDbDictionary
281
     1
  3
2dWireframe
350
2F
  3
Basic
350
32
  3
Brighten
350
36
  3
ColorChange
350
3A
  3
Conceptual
350
34
  3
Dim
350
35
  3
EdgeColorOff
350
3D
  3
Facepattern
350
39
  3
Flat
350
2B
  3
FlatWithEdges
350
2C
  3
Gouraud
350
2D
  3
GouraudWithEdges
350
2E
  3
Hidden
350
31
  3
JitterOff
350
3B
  3
Linepattern
350
38
  3
OverhangOff
350
3C
  3
Realistic
350
33
  3
Shaded
350
42
  3
Shaded with edges
350
41
  3
Shades of Gray
350
3E
  3
Sketchy
350
3F
  3
Thicken
350
37
  3
Wireframe
350
30
  3
X-Ray
350
40
  0
XRECORD
  5
3BF
102
{ACAD_REACTORS
330
C
102
}
330
C
100
AcDbXrecord
280
     1
 90
        1
330
5A
  0
DICTIONARY
  5
38B
102
{ACAD_REACTORS
330
C
102
}
330
C
100
AcDbDictionary
281
     1
  3
CANNOSCALE
350
38C
  3
CENTEREXE
350
3C4
  3
CENTERLTYPEFILE
350
3C5
  3
CMLEADERSTYLE
350
3C1
  3
CTABLESTYLE
350
3C0
  0
LAYOUT
  5
1E
102
{ACAD_REACTORS
330
1A
102
}
330
1A
100
AcDbPlotSettings
  1

  2
none_device
  4

  6

 40
0.0
 41
0.0
 42
0.0
 43
0.0
 44
0.0
 45
0.0
 46
0.0
 47
0.0
 48
0.0
 49
0.0
140
0.0
141
0.0
142
1.0
143
1.0
 70
   688
 72
     1
 73
     0
 74
     5
  7

 75
    16
 76
     0
 77
     2
 78
   300
147
1.0
148
0.0
149
0.0
100
AcDbLayout
  1
Layout1
 70
     1
 71
     1
 10
0.0
 20
0.0
 11
420.0
 21
297.0
 12
0.0
 22
0.0
 32
0.0
 14
1.000000000000000E+20
 24
1.000000000000000E+20
 34
1.000000000000000E+20
 15
-1.000000000000000E+20
 25
-1.000000000000000E+20
 35
-1.000000000000000E+20
146
0.0
 13
0.0
 23
0.0
 33
0.0
 16
1.0
 26
0.0
 36
0.0
 17
0.0
 27
1.0
 37
0.0
 76
     0
330
1B
  0
LAYOUT
  5
26
102
{ACAD_REACTORS
330
1A
102
}
330
1A
100
AcDbPlotSettings
  1

  2
none_device
  4

  6

 40
0.0
 41
0.0
 42
0.0
 43
0.0
 44
0.0
 45
0.0
 46
0.0
 47
0.0
 48
0.0
 49
0.0
140
0.0
141
0.0
142
1.0
143
1.0
 70
   688
 72
     1
 73
     0
 74
     5
  7

 75
    16
 76
     0
 77
     2
 78
   300
147
1.0
148
0.0
149
0.0
100
AcDbLayout
  1
Layout2
 70
     1
 71
     2
 10
0.0
 20
0.0
 11
0.0
 21
0.0
 12
0.0
 22
0.0
 32
0.0
 14
0.0
 24
0.0
 34
0.0
 15
0.0
 25
0.0
 35
0.0
146
0.0
 13
0.0
 23
0.0
 33
0.0
 16
1.0
 26
0.0
 36
0.0
 17
0.0
 27
1.0
 37
0.0
 76
     0
330
23
  0
LAYOUT
  5
22
102
{ACAD_REACTORS
330
1A
102
}
330
1A
100
AcDbPlotSettings
  1

  2
none_device
  4
Letter_(8.50_x_11.00_Inches)
  6

 40
6.35
 41
6.35
 42
6.35000508
 43
6.35000508
 44
215.9
 45
279.4
 46
0.0
 47
0.0
 48
0.0
 49
0.0
140
0.0
141
0.0
142
1.0
143
1.0
 70
  1712
 72
     1
 73
     0
 74
     0
  7

 75
     0
 76
     0
 77
     2
 78
   300
147
1.0
148
0.0
149
0.0
100
AcDbLayout
  1
Model
 70
     1
 71
     0
 10
0.0
 20
0.0
 11
420.0
 21
297.0
 12
0.0
 22
0.0
 32
0.0
 14
1.000000000000000E+20
 24
1.000000000000000E+20
 34
1.000000000000000E+20
 15
-1.000000000000000E+20
 25
-1.000000000000000E+20
 35
-1.000000000000000E+20
146
0.0
 13
0.0
 23
0.0
 33
0.0
 16
1.0
 26
0.0
 36
0.0
 17
0.0
 27
1.0
 37
0.0
 76
     0
330
1F
331
29
  0
LAYOUT
  5
7A
102
{ACAD_REACTORS
330
1A
102
}
330
1A
100
AcDbPlotSettings
  1

  2
Custom Device
  4
CustomPaper_297.000000x210.000000mm
  6

 40
0.0
 41
0.0
 42
0.0
 43
0.0
 44
210.0
 45
297.0
 46
0.0
 47
0.0
 48
0.0
 49
0.0
140
0.0
141
0.0
142
1.0
143
1.0
 70
   672
 72
     1
 73
     1
 74
     5
  7

 75
    16
 76
     0
 77
     2
 78
   300
147
1.0
148
0.0
149
0.0
100
AcDbLayout
  1
Sheet
 70
     1
 71
     3
 10
-20.0
 20
-7.5
 11
277.0
 21
202.5
 12
0.0
 22
0.0
 32
0.0
 14
0.0
 24
0.0
 34
0.0
 15
0.0
 25
0.0
 35
0.0
146
0.0
 13
0.0
 23
0.0
 33
0.0
 16
1.0
 26
0.0
 36
0.0
 17
0.0
 27
1.0
 37
0.0
 76
     0
330
79
331
7D
  0
MATERIAL
  5
45
102
{ACAD_REACTORS
330
43
102
}
330
43
100
AcDbMaterial
  1
ByBlock
 72
     1
 94
      127
  0
MATERIAL
  5
44
102
{ACAD_REACTORS
330
43
102
}
330
43
100
AcDbMaterial
  1
ByLayer
 72
     1
 94
      127
  0
MATERIAL
  5
46
102
{ACAD_REACTORS
330
43
102
}
330
43
100
AcDbMaterial
  1
Global
 72
     1
 94
      127
  0
MLEADERSTYLE
  5
5C
102
{ACAD_REACTORS
330
5B
102
}
330
5B
100
AcDbMLeaderStyle
179
     2
170
     2
171
     1
172
     0
 90
        2
 40
0.0
 41
0.0
173
     1
 91
-1056964608
340
14
 92
       -2
290
     1
 42
2.0
291
     1
 43
8.0
  3
Standard
341
0
 44
4.0
300

342
11
174
     1
178
     6
175
     1
176
     0
 93
-1056964608
 45
4.0
292
     0
297
     0
 46
4.0
343
0
 94
-1056964608
 47
1.0
 49
1.0
140
1.0
293
     1
141
0.0
294
     1
177
     0
142
1.0
295
     0
296
     0
143
3.75
271
     0
272
     9
273
     9
  0
MLINESTYLE
  5
18
102
{ACAD_REACTORS
330
17
102
}
330
17
100
AcDbMlineStyle
  2
Standard
 70
     0
  3

 62
   256
 51
90.0
 52
90.0
 71
     2
 49
0.5
 62
   256
  6
BYLAYER
 49
-0.5
 62
   256
  6
BYLAYER
  0
ACDBPLACEHOLDER
  5
F
102
{ACAD_REACTORS
330
E
102
}
330
E
  0
SCALE
  5
48
102
{ACAD_REACTORS
330
47
102
}
330
47
100
AcDbScale
 70
     0
300
1:1
140
1.0
141
1.0
290
     1
  0
SCALE
  5
49
102
{ACAD_REACTORS
330
47
102
}
330
47
100
AcDbScale
 70
     0
300
1:2
140
1.0
141
2.0
290
     0
  0
SCALE
  5
4A
102
{ACAD_REACTORS
330
47
102
}
330
47
100
AcDbScale
 70
     0
300
1:4
140
1.0
141
4.0
290
     0
  0
SCALE
  5
4B
102
{ACAD_REACTORS
330
47
102
}
330
47
100
AcDbScale
 70
     0
300
1:5
140
1.0
141
5.0
290
     0
  0
SCALE
  5
4C
102
{ACAD_REACTORS
330
47
102
}
330
47
100
AcDbScale
 70
     0
300
1:8
140
1.0
141
8.0
290
     0
  0
SCALE
  5
4D
102
{ACAD_REACTORS
330
47
102
}
330
47
100
AcDbScale
 70
     0
300
1:10
140
1.0
141
10.0
290
     0
  0
SCALE
  5
4E
102
{ACAD_REACTORS
330
47
102
}
330
47
100
AcDbScale
 70
     0
300
1:16
140
1.0
141
16.0
290
     0
  0
SCALE
  5
4F
102
{ACAD_REACTORS
330
47
102
}
330
47
100
AcDbScale
 70
     0
300
1:20
140
1.0
141
20.0
290
     0
  0
SCALE
  5
50
102
{ACAD_REACTORS
330
47
102
}
330
47
100
AcDbScale
 70
     0
300
1:30
140
1.0
141
30.0
290
     0
  0
SCALE
  5
51
102
{ACAD_REACTORS
330
47
102
}
330
47
100
AcDbScale
 70
     0
300
1:40
140
1.0
141
40.0
290
     0
  0
SCALE
  5
52
102
{ACAD_REACTORS
330
47
102
}
330
47
100
AcDbScale
 70
     0
300
1:50
140
1.0
141
50.0
290
     0
  0
SCALE
  5
53
102
{ACAD_REACTORS
330
47
102
}
330
47
100
AcDbScale
 70
     0
300
1:100
140
1.0
141
100.0
290
     0
  0
SCALE
  5
54
102
{ACAD_REACTORS
330
47
102
}
330
47
100
AcDbScale
 70
     0
300
2:1
140
2.0
141
1.0
290
     0
  0
SCALE
  5
55
102
{ACAD_REACTORS
330
47
102
}
330
47
100
AcDbScale
 70
     0
300
4:1
140
4.0
141
1.0
290
     0
  0
SCALE
  5
56
102
{ACAD_REACTORS
330
47
102
}
330
47
100
AcDbScale
 70
     0
300
8:1
140
8.0
141
1.0
290
     0
  0
SCALE
  5
57
102
{ACAD_REACTORS
330
47
102
}
330
47
100
AcDbScale
 70
     0
300
10:1
140
10.0
141
1.0
290
     0
  0
SCALE
  5
58
102
{ACAD_REACTORS
330
47
102
}
330
47
100
AcDbScale
 70
     0
300
100:1
140
100.0
141
1.0
290
     0
  0
TABLESTYLE
  5
5A
102
{ACAD_REACTORS
330
59
102
}
102
{ACAD_XDICTIONARY
360
3BD
102
}
330
59
100
AcDbTableStyle
  3
Standard
 70
     0
 71
     0
 40
0.06
 41
0.06
280
     0
281
     0
  7
Standard
140
4.5
170
     2
 62
     0
 63
   257
283
     0
 90
        4
 91
        0
  1

274
    -2
284
     1
 64
     0
275
    -2
285
     1
 65
     0
276
    -2
286
     1
 66
     0
277
    -2
287
     1
 67
     0
278
    -2
288
     1
 68
     0
279
    -2
289
     1
 69
     0
  7
Standard
140
6.0
170
     5
 62
     0
 63
   257
283
     0
 90
        4
 91
        0
  1

274
    -2
284
     1
 64
     0
275
    -2
285
     1
 65
     0
276
    -2
286
     1
 66
     0
277
    -2
287
     1
 67
     0
278
    -2
288
     1
 68
     0
279
    -2
289
     1
 69
     0
  7
Standard
140
4.5
170
     5
 62
     0
 63
   257
283
     0
 90
        4
 91
        0
  1

274
    -2
284
     1
 64
     0
275
    -2
285
     1
 65
     0
276
    -2
286
     1
 66
     0
277
    -2
287
     1
 67
     0
278
    -2
288
     1
 68
     0
279
    -2
289
     1
 69
     0
  0
VISUALSTYLE
  5
2F
102
{ACAD_REACTORS
330
2A
102
}
102
{ACAD_XDICTIONARY
360
395
102
}
330
2A
100
AcDbVisualStyle
  2
2dWireframe
 70
     4
177
     2
291
     0
 71
     0
176
     1
 72
     2
176
     1
 73
     0
176
     1
 90
        0
176
     1
 40
0.6
176
     1
 41
30.0
176
     1
 62
     5
 63
     7
421
 16777215
176
     1
 74
     1
176
     1
 91
        4
176
     1
 64
     7
176
     1
 65
   257
176
     1
 75
     1
176
     1
175
     1
176
     1
 42
1.0
176
     1
 92
        0
176
     1
 66
   257
176
     1
 43
1.0
176
     1
 76
     1
176
     1
 77
     6
176
     1
 78
     2
176
     1
 67
     7
176
     1
 79
     5
176
     1
170
     0
176
     1
171
     0
176
     1
290
     0
176
     1
 93
        1
176
     1
 44
0.0
176
     1
173
     0
176
     1
  0
VISUALSTYLE
  5
32
102
{ACAD_REACTORS
330
2A
102
}
102
{ACAD_XDICTIONARY
360
39B
102
}
330
2A
100
AcDbVisualStyle
  2
Basic
 70
     7
177
     2
291
     1
 71
     1
176
     1
 72
     0
176
     1
 73
     1
176
     1
 90
        0
176
     1
 40
0.6
176
     1
 41
30.0
176
     1
 62
     5
 63
     7
421
 16777215
176
     1
 74
     0
176
     1
 91
        4
176
     1
 64
     7
176
     1
 65
   257
176
     1
 75
     1
176
     1
175
     1
176
     1
 42
1.0
176
     1
 92
        8
176
     1
 66
     7
176
     1
 43
1.0
176
     1
 76
     1
176
     1
 77
     6
176
     1
 78
     2
176
     1
 67
     7
176
     1
 79
     5
176
     1
170
     0
176
     1
171
     0
176
     1
290
     0
176
     1
 93
        1
176
     1
 44
0.0
176
     1
173
     0
176
     1
  0
VISUALSTYLE
  5
36
102
{ACAD_REACTORS
330
2A
102
}
102
{ACAD_XDICTIONARY
360
3A3
102
}
330
2A
100
AcDbVisualStyle
  2
Brighten
 70
    12
177
     2
291
     1
 71
     2
176
     1
 72
     2
176
     1
 73
     0
176
     1
 90
        0
176
     1
 40
0.6
176
     1
 41
30.0
176
     1
 62
     5
 63
     7
421
 16777215
176
     1
 74
     1
176
     1
 91
        4
176
     1
 64
     7
176
     1
 65
   257
176
     1
 75
     1
176
     1
175
     1
176
     1
 42
1.0
176
     1
 92
        8
176
     1
 66
     7
176
     1
 43
1.0
176
     1
 76
     1
176
     1
 77
     6
176
     1
 78
     2
176
     1
 67
     7
176
     1
 79
     5
176
     1
170
     0
176
     1
171
     0
176
     1
290
     0
176
     1
 93
        1
176
     1
 44
50.0
176
     1
173
     0
176
     1
  0
VISUALSTYLE
  5
3A
102
{ACAD_REACTORS
330
2A
102
}
102
{ACAD_XDICTIONARY
360
3AB
102
}
330
2A
100
AcDbVisualStyle
  2
ColorChange
 70
    16
177
     2
291
     1
 71
     2
176
     1
 72
     2
176
     1
 73
     3
176
     1
 90
        0
176
     1
 40
0.6
176
     1
 41
30.0
176
     1
 62
     5
 63
     8
421
  8421504
176
     1
 74
     1
176
     1
 91
        4
176
     1
 64
     7
176
     1
 65
   257
176
     1
 75
     1
176
     1
175
     1
176
     1
 42
1.0
176
     1
 92
        8
176
     1
 66
     8
424
  8421504
176
     1
 43
1.0
176
     1
 76
     1
176
     1
 77
     6
176
     1
 78
     2
176
     1
 67
     7
176
     1
 79
     5
176
     1
170
     0
176
     1
171
     0
176
     1
290
     0
176
     1
 93
        1
176
     1
 44
0.0
176
     1
173
     0
176
     1
  0
VISUALSTYLE
  5
34
102
{ACAD_REACTORS
330
2A
102
}
102
{ACAD_XDICTIONARY
360
39F
102
}
330
2A
100
AcDbVisualStyle
  2
Conceptual
 70
     9
177
     2
291
     0
 71
     3
176
     1
 72
     2
176
     1
 73
     0
176
     1
 90
        0
176
     1
 40
0.6
176
     1
 41
30.0
176
     1
 62
     5
 63
     7
421
 16777215
176
     1
 74
     2
176
     1
 91
        2
176
     1
 64
     7
176
     1
 65
   257
176
     1
 75
     1
176
     1
175
     1
176
     1
 42
179.0
176
     1
 92
        8
176
     1
 66
     7
176
     1
 43
1.0
176
     1
 76
     1
176
     1
 77
     6
176
     1
 78
     2
176
     1
 67
     7
176
     1
 79
     3
176
     1
170
     0
176
     1
171
     0
176
     1
290
     0
176
     1
 93
        1
176
     1
 44
0.0
176
     1
173
     0
176
     1
  0
VISUALSTYLE
  5
35
102
{ACAD_REACTORS
330
2A
102
}
102
{ACAD_XDICTIONARY
360
3A1
102
}
330
2A
100
AcDbVisualStyle
  2
Dim
 70
    11
177
     2
291
     1
 71
     2
176
     1
 72
     2
176
     1
 73
     0
176
     1
 90
        0
176
     1
 40
0.6
176
     1
 41
30.0
176
     1
 62
     5
 63
     7
421
 16777215
176
     1
 74
     1
176
     1
 91
        4
176
     1
 64
     7
176
     1
 65
   257
176
     1
 75
     1
176
     1
175
     1
176
     1
 42
1.0
176
     1
 92
        8
176
     1
 66
     7
176
     1
 43
1.0
176
     1
 76
     1
176
     1
 77
     6
176
     1
 78
     2
176
     1
 67
     7
176
     1
 79
     5
176
     1
170
     0
176
     1
171
     0
176
     1
290
     0
176
     1
 93
        1
176
     1
 44
-50.0
176
     1
173
     0
176
     1
  0
VISUALSTYLE
  5
3D
102
{ACAD_REACTORS
330
2A
102
}
102
{ACAD_XDICTIONARY
360
3B1
102
}
330
2A
100
AcDbVisualStyle
  2
EdgeColorOff
 70
    22
177
     2
291
     1
 71
     2
176
     0
 72
     2
176
     0
 73
     0
176
     0
 90
        0
176
     0
 40
0.6
176
     0
 41
30.0
176
     0
 62
     5
 63
     7
421
 16777215
176
     0
 74
     1
176
     0
 91
        4
176
     0
 64
     7
176
     0
 65
   257
176
     0
 75
     1
176
     0
175
     1
176
     0
 42
1.0
176
     0
 92
        8
176
     2
 66
     7
176
     0
 43
1.0
176
     0
 76
     1
176
     0
 77
     6
176
     0
 78
     2
176
     0
 67
     7
176
     0
 79
     5
176
     0
170
     0
176
     0
171
     0
176
     0
290
     0
176
     0
 93
        1
176
     0
 44
0.0
176
     0
173
     0
176
     0
  0
VISUALSTYLE
  5
39
102
{ACAD_REACTORS
330
2A
102
}
102
{ACAD_XDICTIONARY
360
3A9
102
}
330
2A
100
AcDbVisualStyle
  2
Facepattern
 70
    15
177
     2
291
     1
 71
     2
176
     1
 72
     2
176
     1
 73
     0
176
     1
 90
        0
176
     1
 40
0.6
176
     1
 41
30.0
176
     1
 62
     5
 63
     7
421
 16777215
176
     1
 74
     1
176
     1
 91
        4
176
     1
 64
     7
176
     1
 65
   257
176
     1
 75
     1
176
     1
175
     1
176
     1
 42
1.0
176
     1
 92
        8
176
     1
 66
     7
176
     1
 43
1.0
176
     1
 76
     1
176
     1
 77
     6
176
     1
 78
     2
176
     1
 67
     7
176
     1
 79
     5
176
     1
170
     0
176
     1
171
     0
176
     1
290
     0
176
     1
 93
        1
176
     1
 44
0.0
176
     1
173
     0
176
     1
  0
VISUALSTYLE
  5
2B
102
{ACAD_REACTORS
330
2A
102
}
102
{ACAD_XDICTIONARY
360
38D
102
}
330
2A
100
AcDbVisualStyle
  2
Flat
 70
     0
177
     2
291
     1
 71
     2
176
     1
 72
     1
176
     1
 73
     1
176
     1
 90
        2
176
     1
 40
0.6
176
     1
 41
30.0
176
     1
 62
     5
 63
     7
421
 16777215
176
     1
 74
     0
176
     1
 91
        0
176
     1
 64
     7
176
     1
 65
   257
176
     1
 75
     1
176
     1
175
     1
176
     1
 42
1.0
176
     1
 92
        8
176
     1
 66
     7
176
     1
 43
1.0
176
     1
 76
     1
176
     1
 77
     6
176
     1
 78
     2
176
     1
 67
     7
176
     1
 79
     5
176
     1
170
     0
176
     1
171
     0
176
     1
290
     0
176
     1
 93
       13
176
     1
 44
0.0
176
     1
173
     0
176
     1
  0
VISUALSTYLE
  5
2C
102
{ACAD_REACTORS
330
2A
102
}
102
{ACAD_XDICTIONARY
360
38F
102
}
330
2A
100
AcDbVisualStyle
  2
FlatWithEdges
 70
     1
177
     2
291
     1
 71
     2
176
     1
 72
     1
176
     1
 73
     1
176
     1
 90
        2
176
     1
 40
0.6
176
     1
 41
30.0
176
     1
 62
     5
 63
     7
421
 16777215
176
     1
 74
     1
176
     1
 91
        0
176
     1
 64
     7
176
     1
 65
   257
176
     1
 75
     1
176
     1
175
     1
176
     1
 42
1.0
176
     1
 92
        0
176
     1
 66
   257
176
     1
 43
1.0
176
     1
 76
     1
176
     1
 77
     6
176
     1
 78
     2
176
     1
 67
     7
176
     1
 79
     5
176
     1
170
     0
176
     1
171
     0
176
     1
290
     0
176
     1
 93
       13
176
     1
 44
0.0
176
     1
173
     0
176
     1
  0
VISUALSTYLE
  5
2D
102
{ACAD_REACTORS
330
2A
102
}
102
{ACAD_XDICTIONARY
360
391
102
}
330
2A
100
AcDbVisualStyle
  2
Gouraud
 70
     2
177
     2
291
     1
 71
     2
176
     1
 72
     2
176
     1
 73
     1
176
     1
 90
        2
176
     1
 40
0.6
176
     1
 41
30.0
176
     1
 62
     5
 63
     7
421
 16777215
176
     1
 74
     0
176
     1
 91
        0
176
     1
 64
     7
176
     1
 65
   257
176
     1
 75
     1
176
     1
175
     1
176
     1
 42
1.0
176
     1
 92
        0
176
     1
 66
     7
176
     1
 43
1.0
176
     1
 76
     1
176
     1
 77
     6
176
     1
 78
     2
176
     1
 67
     7
176
     1
 79
     5
176
     1
170
     0
176
     1
171
     0
176
     1
290
     0
176
     1
 93
       13
176
     1
 44
0.0
176
     1
173
     0
176
     1
  0
VISUALSTYLE
  5
2E
102
{ACAD_REACTORS
330
2A
102
}
102
{ACAD_XDICTIONARY
360
393
102
}
330
2A
100
AcDbVisualStyle
  2
GouraudWithEdges
 70
     3
177
     2
291
     1
 71
     2
176
     1
 72
     2
176
     1
 73
     1
176
     1
 90
        2
176
     1
 40
0.6
176
     1
 41
30.0
176
     1
 62
     5
 63
     7
421
 16777215
176
     1
 74
     1
176
     1
 91
        0
176
     1
 64
     7
176
     1
 65
   257
176
     1
 75
     1
176
     1
175
     1
176
     1
 42
1.0
176
     1
 92
        0
176
     1
 66
   257
176
     1
 43
1.0
176
     1
 76
     1
176
     1
 77
     6
176
     1
 78
     2
176
     1
 67
     7
176
     1
 79
     5
176
     1
170
     0
176
     1
171
     0
176
     1
290
     0
176
     1
 93
       13
176
     1
 44
0.0
176
     1
173
     0
176
     1
  0
VISUALSTYLE
  5
31
102
{ACAD_REACTORS
330
2A
102
}
102
{ACAD_XDICTIONARY
360
399
102
}
330
2A
100
AcDbVisualStyle
  2
Hidden
 70
     6
177
     2
291
     0
 71
     1
176
     1
 72
     2
176
     1
 73
     2
176
     1
 90
        0
176
     1
 40
0.6
176
     1
 41
30.0
176
     1
 62
     5
 63
     7
421
 16777215
176
     1
 74
     2
176
     1
 91
        2
176
     1
 64
     7
176
     1
 65
   257
176
     1
 75
     2
176
     1
175
     1
176
     1
 42
40.0
176
     1
 92
        0
176
     1
 66
   257
176
     1
 43
1.0
176
     1
 76
     1
176
     1
 77
     6
176
     1
 78
     2
176
     1
 67
     7
176
     1
 79
     3
176
     1
170
     0
176
     1
171
     0
176
     1
290
     0
176
     1
 93
        1
176
     1
 44
0.0
176
     1
173
     0
176
     1
  0
VISUALSTYLE
  5
3B
102
{ACAD_REACTORS
330
2A
102
}
102
{ACAD_XDICTIONARY
360
3AD
102
}
330
2A
100
AcDbVisualStyle
  2
JitterOff
 70
    20
177
     2
291
     1
 71
     2
176
     0
 72
     2
176
     0
 73
     0
176
     0
 90
        0
176
     0
 40
0.6
176
     0
 41
30.0
176
     0
 62
     5
 63
     7
421
 16777215
176
     0
 74
     1
176
     0
 91
        4
176
     0
 64
     7
176
     0
 65
   257
176
     0
 75
     1
176
     0
175
     1
176
     0
 42
1.0
176
     0
 92
       10
176
     2
 66
     7
176
     0
 43
1.0
176
     0
 76
     1
176
     0
 77
     6
176
     0
 78
     2
176
     0
 67
     7
176
     0
 79
     5
176
     0
170
     0
176
     0
171
     0
176
     0
290
     0
176
     0
 93
        1
176
     0
 44
0.0
176
     0
173
     0
176
     0
  0
VISUALSTYLE
  5
38
102
{ACAD_REACTORS
330
2A
102
}
102
{ACAD_XDICTIONARY
360
3A7
102
}
330
2A
100
AcDbVisualStyle
  2
Linepattern
 70
    14
177
     2
291
     1
 71
     2
176
     1
 72
     2
176
     1
 73
     0
176
     1
 90
        0
176
     1
 40
0.6
176
     1
 41
30.0
176
     1
 62
     5
 63
     7
421
 16777215
176
     1
 74
     1
176
     1
 91
        4
176
     1
 64
     7
176
     1
 65
   257
176
     1
 75
     7
176
     1
175
     7
176
     1
 42
1.0
176
     1
 92
        8
176
     1
 66
     7
176
     1
 43
1.0
176
     1
 76
     1
176
     1
 77
     6
176
     1
 78
     2
176
     1
 67
     7
176
     1
 79
     5
176
     1
170
     0
176
     1
171
     0
176
     1
290
     0
176
     1
 93
        1
176
     1
 44
0.0
176
     1
173
     0
176
     1
  0
VISUALSTYLE
  5
3C
102
{ACAD_REACTORS
330
2A
102
}
102
{ACAD_XDICTIONARY
360
3AF
102
}
330
2A
100
AcDbVisualStyle
  2
OverhangOff
 70
    21
177
     2
291
     1
 71
     2
176
     0
 72
     2
176
     0
 73
     0
176
     0
 90
        0
176
     0
 40
0.6
176
     0
 41
30.0
176
     0
 62
     5
 63
     7
421
 16777215
176
     0
 74
     1
176
     0
 91
        4
176
     0
 64
     7
176
     0
 65
   257
176
     0
 75
     1
176
     0
175
     1
176
     0
 42
1.0
176
     0
 92
        9
176
     2
 66
     7
176
     0
 43
1.0
176
     0
 76
     1
176
     0
 77
     6
176
     0
 78
     2
176
     0
 67
     7
176
     0
 79
     5
176
     0
170
     0
176
     0
171
     0
176
     0
290
     0
176
     0
 93
        1
176
     0
 44
0.0
176
     0
173
     0
176
     0
  0
VISUALSTYLE
  5
33
102
{ACAD_REACTORS
330
2A
102
}
102
{ACAD_XDICTIONARY
360
39D
102
}
330
2A
100
AcDbVisualStyle
  2
Realistic
 70
     8
177
     2
291
     0
 71
     2
176
     1
 72
     3
176
     1
 73
     0
176
     1
 90
        2
176
     1
 40
0.6
176
     1
 41
30.0
176
     1
 62
     5
 63
     7
421
 16777215
176
     1
 74
     0
176
     1
 91
        0
176
     1
 64
     7
176
     1
 65
   257
176
     1
 75
     1
176
     1
175
     1
176
     1
 42
1.0
176
     1
 92
        8
176
     1
 66
   257
176
     1
 43
1.0
176
     1
 76
     1
176
     1
 77
     6
176
     1
 78
     2
176
     1
 67
     7
176
     1
 79
     3
176
     1
170
     0
176
     1
171
     0
176
     1
290
     0
176
     1
 93
       13
176
     1
 44
0.0
176
     1
173
     0
176
     1
  0
VISUALSTYLE
  5
42
102
{ACAD_REACTORS
330
2A
102
}
102
{ACAD_XDICTIONARY
360
3BB
102
}
330
2A
100
AcDbVisualStyle
  2
Shaded
 70
    27
177
     2
291
     0
 71
     2
176
     1
 72
     2
176
     1
 73
     1
176
     1
 90
        2
176
     1
 40
0.6
176
     1
 41
30.0
176
     1
 62
     5
 63
     7
421
 16777215
176
     1
 74
     0
176
     1
 91
        4
176
     1
 64
     7
176
     1
 65
   257
176
     1
 75
     1
176
     1
175
     1
176
     1
 42
1.0
176
     1
 92
        8
176
     1
 66
   257
176
     1
 43
1.0
176
     1
 76
     1
176
     1
 77
     6
176
     1
 78
     2
176
     1
 67
     8
425
  7895160
176
     1
 79
     3
176
     1
170
     0
176
     1
171
     0
176
     1
290
     0
176
     1
 93
        5
176
     1
 44
0.0
176
     1
173
     0
176
     1
  0
VISUALSTYLE
  5
41
102
{ACAD_REACTORS
330
2A
102
}
102
{ACAD_XDICTIONARY
360
3B9
102
}
330
2A
100
AcDbVisualStyle
  2
Shaded with edges
 70
    26
177
     2
291
     0
 71
     2
176
     1
 72
     2
176
     1
 73
     1
176
     1
 90
        2
176
     1
 40
0.6
176
     1
 41
30.0
176
     1
 62
     5
 63
     7
421
 16777215
176
     1
 74
     1
176
     1
 91
       10
176
     1
 64
     7
176
     1
 65
   257
176
     1
 75
     2
176
     1
175
     1
176
     1
 42
1.0
176
     1
 92
        8
176
     1
 66
   257
176
     1
 43
1.0
176
     1
 76
     1
176
     1
 77
     6
176
     1
 78
     2
176
     1
 67
     7
176
     1
 79
     3
176
     1
170
     0
176
     1
171
     0
176
     1
290
     0
176
     1
 93
        5
176
     1
 44
0.0
176
     1
173
     0
176
     1
  0
VISUALSTYLE
  5
3E
102
{ACAD_REACTORS
330
2A
102
}
102
{ACAD_XDICTIONARY
360
3B3
102
}
330
2A
100
AcDbVisualStyle
  2
Shades of Gray
 70
    23
177
     2
291
     0
 71
     2
176
     1
 72
     2
176
     1
 73
     3
176
     1
 90
        0
176
     1
 40
0.6
176
     1
 41
30.0
176
     1
 62
     5
 63
     7
421
 16777215
176
     1
 74
     2
176
     1
 91
        2
176
     1
 64
     7
176
     1
 65
     7
176
     1
 75
     1
176
     1
175
     1
176
     1
 42
40.0
176
     1
 92
        8
176
     1
 66
     7
176
     1
 43
1.0
176
     1
 76
     1
176
     1
 77
     6
176
     1
 78
     2
176
     1
 67
     7
176
     1
 79
     3
176
     1
170
     0
176
     1
171
     0
176
     1
290
     0
176
     1
 93
        1
176
     1
 44
0.0
176
     1
173
     0
176
     1
  0
VISUALSTYLE
  5
3F
102
{ACAD_REACTORS
330
2A
102
}
102
{ACAD_XDICTIONARY
360
3B5
102
}
330
2A
100
AcDbVisualStyle
  2
Sketchy
 70
    24
177
     2
291
     0
 71
     1
176
     1
 72
     2
176
     1
 73
     2
176
     1
 90
        0
176
     1
 40
0.6
176
     1
 41
30.0
176
     1
 62
     5
 63
     7
421
 16777215
176
     1
 74
     2
176
     1
 91
        2
176
     1
 64
     7
176
     1
 65
     7
176
     1
 75
     1
176
     1
175
     1
176
     1
 42
40.0
176
     1
 92
       11
176
     1
 66
     7
176
     1
 43
1.0
176
     1
 76
     1
176
     1
 77
     6
176
     1
 78
     2
176
     1
 67
     7
176
     1
 79
     6
176
     1
170
     0
176
     1
171
     0
176
     1
290
     0
176
     1
 93
        1
176
     1
 44
0.0
176
     1
173
     0
176
     1
  0
VISUALSTYLE
  5
37
102
{ACAD_REACTORS
330
2A
102
}
102
{ACAD_XDICTIONARY
360
3A5
102
}
330
2A
100
AcDbVisualStyle
  2
Thicken
 70
    13
177
     2
291
     1
 71
     2
176
     1
 72
     2
176
     1
 73
     0
176
     1
 90
        0
176
     1
 40
0.6
176
     1
 41
30.0
176
     1
 62
     5
 63
     7
421
 16777215
176
     1
 74
     1
176
     1
 91
        4
176
     1
 64
     7
176
     1
 65
   257
176
     1
 75
     1
176
     1
175
     1
176
     1
 42
1.0
176
     1
 92
       12
176
     1
 66
     7
176
     1
 43
1.0
176
     1
 76
     1
176
     1
 77
     6
176
     1
 78
     2
176
     1
 67
     7
176
     1
 79
     5
176
     1
170
     0
176
     1
171
     0
176
     1
290
     0
176
     1
 93
        1
176
     1
 44
0.0
176
     1
173
     0
176
     1
  0
VISUALSTYLE
  5
30
102
{ACAD_REACTORS
330
2A
102
}
102
{ACAD_XDICTIONARY
360
397
102
}
330
2A
100
AcDbVisualStyle
  2
Wireframe
 70
     5
177
     2
291
     0
 71
     0
176
     1
 72
     2
176
     1
 73
     0
176
     1
 90
        0
176
     1
 40
0.6
176
     1
 41
30.0
176
     1
 62
     5
 63
     7
421
 16777215
176
     1
 74
     1
176
     1
 91
        4
176
     1
 64
     7
176
     1
 65
   257
176
     1
 75
     1
176
     1
175
     1
176
     1
 42
1.0
176
     1
 92
        0
176
     1
 66
   257
176
     1
 43
1.0
176
     1
 76
     1
176
     1
 77
     6
176
     1
 78
     2
176
     1
 67
     7
176
     1
 79
     3
176
     1
170
     0
176
     1
171
     0
176
     1
290
     0
176
     1
 93
        1
176
     1
 44
0.0
176
     1
173
     0
176
     1
  0
VISUALSTYLE
  5
40
102
{ACAD_REACTORS
330
2A
102
}
102
{ACAD_XDICTIONARY
360
3B7
102
}
330
2A
100
AcDbVisualStyle
  2
X-Ray
 70
    25
177
     2
291
     0
 71
     2
176
     1
 72
     2
176
     1
 73
     1
176
     1
 90
        1
176
     1
 40
0.5
176
     1
 41
30.0
176
     1
 62
     5
 63
     7
421
 16777215
176
     1
 74
     1
176
     1
 91
        0
176
     1
 64
     7
176
     1
 65
   257
176
     1
 75
     1
176
     1
175
     1
176
     1
 42
1.0
176
     1
 92
        8
176
     1
 66
     7
176
     1
 43
1.0
176
     1
 76
     1
176
     1
 77
     6
176
     1
 78
     2
176
     1
 67
     7
176
     1
 79
     3
176
     1
170
     0
176
     1
171
     0
176
     1
290
     0
176
     1
 93
       13
176
     1
 44
0.0
176
     1
173
     0
176
     1
  0
DICTIONARYVAR
  5
38C
102
{ACAD_REACTORS
330
38B
102
}
330
38B
100
DictionaryVariables
280
     0
  1
1:1
  0
DICTIONARYVAR
  5
3C4
102
{ACAD_REACTORS
330
38B
102
}
330
38B
100
DictionaryVariables
280
     0
  1
3.500000
  0
DICTIONARYVAR
  5
3C5
102
{ACAD_REACTORS
330
38B
102
}
330
38B
100
DictionaryVariables
280
     0
  1
acadiso.lin
  0
DICTIONARYVAR
  5
3C1
102
{ACAD_REACTORS
330
38B
102
}
330
38B
100
DictionaryVariables
280
     0
  1
Standard
  0
DICTIONARYVAR
  5
3C0
102
{ACAD_REACTORS
330
38B
102
}
330
38B
100
DictionaryVariables
280
     0
  1
Standard
  0
DICTIONARY
  5
3BD
330
5A
100
AcDbDictionary
280
     1
281
     1
  3
ACAD_ROUNDTRIP_2008_TABLESTYLE_CELLSTYLEMAP
360
3BE
  0
DICTIONARY
  5
395
330
2F
100
AcDbDictionary
280
     1
281
     1
  3
ACAD_XREC_ROUNDTRIP
360
396
  0
DICTIONARY
  5
39B
330
32
100
AcDbDictionary
280
     1
281
     1
  3
ACAD_XREC_ROUNDTRIP
360
39C
  0
DICTIONARY
  5
3A3
330
36
100
AcDbDictionary
280
     1
281
     1
  3
ACAD_XREC_ROUNDTRIP
360
3A4
  0
DICTIONARY
  5
3AB
330
3A
100
AcDbDictionary
280
     1
281
     1
  3
ACAD_XREC_ROUNDTRIP
360
3AC
  0
DICTIONARY
  5
39F
330
34
100
AcDbDictionary
280
     1
281
     1
  3
ACAD_XREC_ROUNDTRIP
360
3A0
  0
DICTIONARY
  5
3A1
330
35
100
AcDbDictionary
280
     1
281
     1
  3
ACAD_XREC_ROUNDTRIP
360
3A2
  0
DICTIONARY
  5
3B1
330
3D
100
AcDbDictionary
280
     1
281
     1
  3
ACAD_XREC_ROUNDTRIP
360
3B2
  0
DICTIONARY
  5
3A9
330
39
100
AcDbDictionary
280
     1
281
     1
  3
ACAD_XREC_ROUNDTRIP
360
3AA
  0
DICTIONARY
  5
38D
330
2B
100
AcDbDictionary
280
     1
281
     1
  3
ACAD_XREC_ROUNDTRIP
360
38E
  0
DICTIONARY
  5
38F
330
2C
100
AcDbDictionary
280
     1
281
     1
  3
ACAD_XREC_ROUNDTRIP
360
390
  0
DICTIONARY
  5
391
330
2D
100
AcDbDictionary
280
     1
281
     1
  3
ACAD_XREC_ROUNDTRIP
360
392
  0
DICTIONARY
  5
393
330
2E
100
AcDbDictionary
280
     1
281
     1
  3
ACAD_XREC_ROUNDTRIP
360
394
  0
DICTIONARY
  5
399
330
31
100
AcDbDictionary
280
     1
281
     1
  3
ACAD_XREC_ROUNDTRIP
360
39A
  0
DICTIONARY
  5
3AD
330
3B
100
AcDbDictionary
280
     1
281
     1
  3
ACAD_XREC_ROUNDTRIP
360
3AE
  0
DICTIONARY
  5
3A7
330
38
100
AcDbDictionary
280
     1
281
     1
  3
ACAD_XREC_ROUNDTRIP
360
3A8
  0
DICTIONARY
  5
3AF
330
3C
100
AcDbDictionary
280
     1
281
     1
  3
ACAD_XREC_ROUNDTRIP
360
3B0
  0
DICTIONARY
  5
39D
330
33
100
AcDbDictionary
280
     1
281
     1
  3
ACAD_XREC_ROUNDTRIP
360
39E
  0
DICTIONARY
  5
3BB
330
42
100
AcDbDictionary
280
     1
281
     1
  3
ACAD_XREC_ROUNDTRIP
360
3BC
  0
DICTIONARY
  5
3B9
330
41
100
AcDbDictionary
280
     1
281
     1
  3
ACAD_XREC_ROUNDTRIP
360
3BA
  0
DICTIONARY
  5
3B3
330
3E
100
AcDbDictionary
280
     1
281
     1
  3
ACAD_XREC_ROUNDTRIP
360
3B4
  0
DICTIONARY
  5
3B5
330
3F
100
AcDbDictionary
280
     1
281
     1
  3
ACAD_XREC_ROUNDTRIP
360
3B6
  0
DICTIONARY
  5
3A5
330
37
100
AcDbDictionary
280
     1
281
     1
  3
ACAD_XREC_ROUNDTRIP
360
3A6
  0
DICTIONARY
  5
397
330
30
100
AcDbDictionary
280
     1
281
     1
  3
ACAD_XREC_ROUNDTRIP
360
398
  0
DICTIONARY
  5
3B7
330
40
100
AcDbDictionary
280
     1
281
     1
  3
ACAD_XREC_ROUNDTRIP
360
3B8
  0
CELLSTYLEMAP
  5
3BE
102
{ACAD_REACTORS
330
3BD
102
}
330
3BD
100
AcDbCellStyleMap
 90
        3
300
CELLSTYLE
  1
TABLEFORMAT_BEGIN
 90
        5
170
     1
 91
        0
 92
    32768
 62
   257
 93
        1
300
CONTENTFORMAT
  1
CONTENTFORMAT_BEGIN
 90
        0
 91
        0
 92
        4
 93
        0
300

 40
0.0
140
1.0
 94
        5
 62
     0
340
11
144
6.0
309
CONTENTFORMAT_END
171
     1
301
MARGIN
  1
CELLMARGIN_BEGIN
 40
1.5
 40
1.5
 40
1.5
 40
1.5
 40
1.5
 40
1.5
309
CELLMARGIN_END
 94
        6
 95
        1
302
GRIDFORMAT
  1
GRIDFORMAT_BEGIN
 90
        0
 91
        1
 62
     0
 92
       -2
340
14
 93
        0
 40
0.045
309
GRIDFORMAT_END
 95
        2
302
GRIDFORMAT
  1
GRIDFORMAT_BEGIN
 90
        0
 91
        1
 62
     0
 92
       -2
340
14
 93
        0
 40
0.045
309
GRIDFORMAT_END
 95
        4
302
GRIDFORMAT
  1
GRIDFORMAT_BEGIN
 90
        0
 91
        1
 62
     0
 92
       -2
340
14
 93
        0
 40
0.045
309
GRIDFORMAT_END
 95
        8
302
GRIDFORMAT
  1
GRIDFORMAT_BEGIN
 90
        0
 91
        1
 62
     0
 92
       -2
340
14
 93
        0
 40
0.045
309
GRIDFORMAT_END
 95
       16
302
GRIDFORMAT
  1
GRIDFORMAT_BEGIN
 90
        0
 91
        1
 62
     0
 92
       -2
340
14
 93
        0
 40
0.045
309
GRIDFORMAT_END
 95
       32
302
GRIDFORMAT
  1
GRIDFORMAT_BEGIN
 90
        0
 91
        1
 62
     0
 92
       -2
340
14
 93
        0
 40
0.045
309
GRIDFORMAT_END
309
TABLEFORMAT_END
  1
CELLSTYLE_BEGIN
 90
        1
 91
        1
300
_TITLE
309
CELLSTYLE_END
300
CELLSTYLE
  1
TABLEFORMAT_BEGIN
 90
        5
170
     1
 91
        0
 92
        0
 62
   257
 93
        1
300
CONTENTFORMAT
  1
CONTENTFORMAT_BEGIN
 90
        0
 91
        0
 92
        4
 93
        0
300

 40
0.0
140
1.0
 94
        5
 62
     0
340
11
144
4.5
309
CONTENTFORMAT_END
171
     1
301
MARGIN
  1
CELLMARGIN_BEGIN
 40
1.5
 40
1.5
 40
1.5
 40
1.5
 40
1.5
 40
1.5
309
CELLMARGIN_END
 94
        6
 95
        1
302
GRIDFORMAT
  1
GRIDFORMAT_BEGIN
 90
        0
 91
        1
 62
     0
 92
       -2
340
14
 93
        0
 40
0.045
309
GRIDFORMAT_END
 95
        2
302
GRIDFORMAT
  1
GRIDFORMAT_BEGIN
 90
        0
 91
        1
 62
     0
 92
       -2
340
14
 93
        0
 40
0.045
309
GRIDFORMAT_END
 95
        4
302
GRIDFORMAT
  1
GRIDFORMAT_BEGIN
 90
        0
 91
        1
 62
     0
 92
       -2
340
14
 93
        0
 40
0.045
309
GRIDFORMAT_END
 95
        8
302
GRIDFORMAT
  1
GRIDFORMAT_BEGIN
 90
        0
 91
        1
 62
     0
 92
       -2
340
14
 93
        0
 40
0.045
309
GRIDFORMAT_END
 95
       16
302
GRIDFORMAT
  1
GRIDFORMAT_BEGIN
 90
        0
 91
        1
 62
     0
 92
       -2
340
14
 93
        0
 40
0.045
309
GRIDFORMAT_END
 95
       32
302
GRIDFORMAT
  1
GRIDFORMAT_BEGIN
 90
        0
 91
        1
 62
     0
 92
       -2
340
14
 93
        0
 40
0.045
309
GRIDFORMAT_END
309
TABLEFORMAT_END
  1
CELLSTYLE_BEGIN
 90
        2
 91
        1
300
_HEADER
309
CELLSTYLE_END
300
CELLSTYLE
  1
TABLEFORMAT_BEGIN
 90
        5
170
     1
 91
        0
 92
        0
 62
   257
 93
        1
300
CONTENTFORMAT
  1
CONTENTFORMAT_BEGIN
 90
        0
 91
        0
 92
        4
 93
        0
300

 40
0.0
140
1.0
 94
        2
 62
     0
340
11
144
4.5
309
CONTENTFORMAT_END
171
     1
301
MARGIN
  1
CELLMARGIN_BEGIN
 40
1.5
 40
1.5
 40
1.5
 40
1.5
 40
1.5
 40
1.5
309
CELLMARGIN_END
 94
        6
 95
        1
302
GRIDFORMAT
  1
GRIDFORMAT_BEGIN
 90
        0
 91
        1
 62
     0
 92
       -2
340
14
 93
        0
 40
0.045
309
GRIDFORMAT_END
 95
        2
302
GRIDFORMAT
  1
GRIDFORMAT_BEGIN
 90
        0
 91
        1
 62
     0
 92
       -2
340
14
 93
        0
 40
0.045
309
GRIDFORMAT_END
 95
        4
302
GRIDFORMAT
  1
GRIDFORMAT_BEGIN
 90
        0
 91
        1
 62
     0
 92
       -2
340
14
 93
        0
 40
0.045
309
GRIDFORMAT_END
 95
        8
302
GRIDFORMAT
  1
GRIDFORMAT_BEGIN
 90
        0
 91
        1
 62
     0
 92
       -2
340
14
 93
        0
 40
0.045
309
GRIDFORMAT_END
 95
       16
302
GRIDFORMAT
  1
GRIDFORMAT_BEGIN
 90
        0
 91
        1
 62
     0
 92
       -2
340
14
 93
        0
 40
0.045
309
GRIDFORMAT_END
 95
       32
302
GRIDFORMAT
  1
GRIDFORMAT_BEGIN
 90
        0
 91
        1
 62
     0
 92
       -2
340
14
 93
        0
 40
0.045
309
GRIDFORMAT_END
309
TABLEFORMAT_END
  1
CELLSTYLE_BEGIN
 90
        3
 91
        2
300
_DATA
309
CELLSTYLE_END
  0
XRECORD
  5
396
102
{ACAD_REACTORS
330
395
102
}
330
395
100
AcDbXrecord
280
     1
102
RTVSPost2010Prop28
280
     1
102
RTVSPost2010PropOp28
 70
     1
102
RTVSPost2010Prop29
280
     1
102
RTVSPost2010PropOp29
 70
     1
102
RTVSPost2010Prop30
280
     0
102
RTVSPost2010PropOp30
 70
     1
102
RTVSPost2010Prop31
280
     0
102
RTVSPost2010PropOp31
 70
     1
102
RTVSPost2010Prop32
280
     0
102
RTVSPost2010PropOp32
 70
     1
102
RTVSPost2010Prop33
280
     0
102
RTVSPost2010PropOp33
 70
     1
102
RTVSPost2010Prop34
280
     0
102
RTVSPost2010PropOp34
 70
     1
102
RTVSPost2010Prop35
280
     0
102
RTVSPost2010PropOp35
 70
     1
102
RTVSPost2010Prop36
280
     0
102
RTVSPost2010PropOp36
 70
     1
102
RTVSPost2010Prop37
 90
       50
102
RTVSPost2010PropOp37
 70
     1
102
RTVSPost2010Prop38
140
0.0
102
RTVSPost2010PropOp38
 70
     1
102
RTVSPost2010Prop39
140
1.0
102
RTVSPost2010PropOp39
 70
     1
102
RTVSPost2010Prop40
 90
        0
102
RTVSPost2010PropOp40
 70
     1
102
RTVSPost2010Prop41ColorIndex
 90
       18
102
RTVSPost2010Prop41ColorRGB
 90
        0
102
RTVSPost2010PropOp41
 70
     1
102
RTVSPost2010Prop42
 90
       50
102
RTVSPost2010PropOp42
 70
     1
102
RTVSPost2010Prop43
 90
        3
102
RTVSPost2010PropOp43
 70
     1
102
RTVSPost2010Prop44ColorIndex
 90
        5
102
RTVSPost2010Prop44ColorRGB
 90
      255
102
RTVSPost2010PropOp44
 70
     1
102
RTVSPost2010Prop45
280
     0
102
RTVSPost2010PropOp45
 70
     1
102
RTVSPost2010Prop46
 90
       50
102
RTVSPost2010PropOp46
 70
     1
102
RTVSPost2010Prop47
 90
       50
102
RTVSPost2010PropOp47
 70
     1
102
RTVSPost2010Prop48
 90
       50
102
RTVSPost2010PropOp48
 70
     1
102
RTVSPost2010Prop49
280
     0
102
RTVSPost2010PropOp49
 70
     1
102
RTVSPost2010Prop50
 90
       50
102
RTVSPost2010PropOp50
 70
     1
102
RTVSPost2010Prop51ColorIndex
 90
      256
102
RTVSPost2010Prop51ColorRGB
 90
-16777216
102
RTVSPost2010PropOp51
 70
     0
102
RTVSPost2010Prop52
140
1.0
102
RTVSPost2010PropOp52
 70
     0
102
RTVSPost2010Prop53
 90
        2
102
RTVSPost2010PropOp53
 70
     1
102
RTVSPost2010Prop54
  1
strokes_ogs.tif
102
RTVSPost2010PropOp54
 70
     1
102
RTVSPost2010Prop55
280
     0
102
RTVSPost2010PropOp55
 70
     1
102
RTVSPost2010Prop56
140
1.0
102
RTVSPost2010PropOp56
 70
     1
102
RTVSPost2010Prop57
140
1.0
102
RTVSPost2010PropOp57
 70
     1
  0
XRECORD
  5
39C
102
{ACAD_REACTORS
330
39B
102
}
330
39B
100
AcDbXrecord
280
     1
102
RTVSPost2010Prop28
280
     0
102
RTVSPost2010PropOp28
 70
     1
102
RTVSPost2010Prop29
280
     1
102
RTVSPost2010PropOp29
 70
     1
102
RTVSPost2010Prop30
280
     1
102
RTVSPost2010PropOp30
 70
     1
102
RTVSPost2010Prop31
280
     0
102
RTVSPost2010PropOp31
 70
     1
102
RTVSPost2010Prop32
280
     0
102
RTVSPost2010PropOp32
 70
     1
102
RTVSPost2010Prop33
280
     0
102
RTVSPost2010PropOp33
 70
     1
102
RTVSPost2010Prop34
280
     0
102
RTVSPost2010PropOp34
 70
     1
102
RTVSPost2010Prop35
280
     0
102
RTVSPost2010PropOp35
 70
     1
102
RTVSPost2010Prop36
280
     0
102
RTVSPost2010PropOp36
 70
     1
102
RTVSPost2010Prop37
 90
       50
102
RTVSPost2010PropOp37
 70
     1
102
RTVSPost2010Prop38
140
0.0
102
RTVSPost2010PropOp38
 70
     1
102
RTVSPost2010Prop39
140
1.0
102
RTVSPost2010PropOp39
 70
     1
102
RTVSPost2010Prop40
 90
        0
102
RTVSPost2010PropOp40
 70
     1
102
RTVSPost2010Prop41ColorIndex
 90
       18
102
RTVSPost2010Prop41ColorRGB
 90
        0
102
RTVSPost2010PropOp41
 70
     1
102
RTVSPost2010Prop42
 90
       50
102
RTVSPost2010PropOp42
 70
     1
102
RTVSPost2010Prop43
 90
        3
102
RTVSPost2010PropOp43
 70
     1
102
RTVSPost2010Prop44ColorIndex
 90
        5
102
RTVSPost2010Prop44ColorRGB
 90
      255
102
RTVSPost2010PropOp44
 70
     1
102
RTVSPost2010Prop45
280
     0
102
RTVSPost2010PropOp45
 70
     1
102
RTVSPost2010Prop46
 90
       50
102
RTVSPost2010PropOp46
 70
     1
102
RTVSPost2010Prop47
 90
       50
102
RTVSPost2010PropOp47
 70
     1
102
RTVSPost2010Prop48
 90
       50
102
RTVSPost2010PropOp48
 70
     1
102
RTVSPost2010Prop49
280
     0
102
RTVSPost2010PropOp49
 70
     1
102
RTVSPost2010Prop50
 90
       50
102
RTVSPost2010PropOp50
 70
     1
102
RTVSPost2010Prop51ColorIndex
 90
      256
102
RTVSPost2010Prop51ColorRGB
 90
-16777216
102
RTVSPost2010PropOp51
 70
     0
102
RTVSPost2010Prop52
140
1.0
102
RTVSPost2010PropOp52
 70
     0
102
RTVSPost2010Prop53
 90
        2
102
RTVSPost2010PropOp53
 70
     1
102
RTVSPost2010Prop54
  1
strokes_ogs.tif
102
RTVSPost2010PropOp54
 70
     1
102
RTVSPost2010Prop55
280
     0
102
RTVSPost2010PropOp55
 70
     1
102
RTVSPost2010Prop56
140
1.0
102
RTVSPost2010PropOp56
 70
     1
102
RTVSPost2010Prop57
140
1.0
102
RTVSPost2010PropOp57
 70
     1
  0
XRECORD
  5
3A4
102
{ACAD_REACTORS
330
3A3
102
}
330
3A3
100
AcDbXrecord
280
     1
102
RTVSPost2010Prop28
280
     0
102
RTVSPost2010PropOp28
 70
     1
102
RTVSPost2010Prop29
280
     1
102
RTVSPost2010PropOp29
 70
     1
102
RTVSPost2010Prop30
280
     1
102
RTVSPost2010PropOp30
 70
     1
102
RTVSPost2010Prop31
280
     0
102
RTVSPost2010PropOp31
 70
     1
102
RTVSPost2010Prop32
280
     0
102
RTVSPost2010PropOp32
 70
     1
102
RTVSPost2010Prop33
280
     0
102
RTVSPost2010PropOp33
 70
     1
102
RTVSPost2010Prop34
280
     0
102
RTVSPost2010PropOp34
 70
     1
102
RTVSPost2010Prop35
280
     0
102
RTVSPost2010PropOp35
 70
     1
102
RTVSPost2010Prop36
280
     0
102
RTVSPost2010PropOp36
 70
     1
102
RTVSPost2010Prop37
 90
       50
102
RTVSPost2010PropOp37
 70
     1
102
RTVSPost2010Prop38
140
0.0
102
RTVSPost2010PropOp38
 70
     1
102
RTVSPost2010Prop39
140
1.0
102
RTVSPost2010PropOp39
 70
     1
102
RTVSPost2010Prop40
 90
        0
102
RTVSPost2010PropOp40
 70
     1
102
RTVSPost2010Prop41ColorIndex
 90
       18
102
RTVSPost2010Prop41ColorRGB
 90
        0
102
RTVSPost2010PropOp41
 70
     1
102
RTVSPost2010Prop42
 90
       50
102
RTVSPost2010PropOp42
 70
     1
102
RTVSPost2010Prop43
 90
        3
102
RTVSPost2010PropOp43
 70
     1
102
RTVSPost2010Prop44ColorIndex
 90
        5
102
RTVSPost2010Prop44ColorRGB
 90
      255
102
RTVSPost2010PropOp44
 70
     1
102
RTVSPost2010Prop45
280
     0
102
RTVSPost2010PropOp45
 70
     1
102
RTVSPost2010Prop46
 90
       50
102
RTVSPost2010PropOp46
 70
     1
102
RTVSPost2010Prop47
 90
       50
102
RTVSPost2010PropOp47
 70
     1
102
RTVSPost2010Prop48
 90
       50
102
RTVSPost2010PropOp48
 70
     1
102
RTVSPost2010Prop49
280
     0
102
RTVSPost2010PropOp49
 70
     1
102
RTVSPost2010Prop50
 90
       50
102
RTVSPost2010PropOp50
 70
     1
102
RTVSPost2010Prop51ColorIndex
 90
      256
102
RTVSPost2010Prop51ColorRGB
 90
-16777216
102
RTVSPost2010PropOp51
 70
     0
102
RTVSPost2010Prop52
140
1.0
102
RTVSPost2010PropOp52
 70
     0
102
RTVSPost2010Prop53
 90
        2
102
RTVSPost2010PropOp53
 70
     1
102
RTVSPost2010Prop54
  1
strokes_ogs.tif
102
RTVSPost2010PropOp54
 70
     1
102
RTVSPost2010Prop55
280
     0
102
RTVSPost2010PropOp55
 70
     1
102
RTVSPost2010Prop56
140
1.0
102
RTVSPost2010PropOp56
 70
     1
102
RTVSPost2010Prop57
140
1.0
102
RTVSPost2010PropOp57
 70
     1
  0
XRECORD
  5
3AC
102
{ACAD_REACTORS
330
3AB
102
}
330
3AB
100
AcDbXrecord
280
     1
102
RTVSPost2010Prop28
280
     0
102
RTVSPost2010PropOp28
 70
     1
102
RTVSPost2010Prop29
280
     1
102
RTVSPost2010PropOp29
 70
     1
102
RTVSPost2010Prop30
280
     1
102
RTVSPost2010PropOp30
 70
     1
102
RTVSPost2010Prop31
280
     0
102
RTVSPost2010PropOp31
 70
     1
102
RTVSPost2010Prop32
280
     0
102
RTVSPost2010PropOp32
 70
     1
102
RTVSPost2010Prop33
280
     0
102
RTVSPost2010PropOp33
 70
     1
102
RTVSPost2010Prop34
280
     0
102
RTVSPost2010PropOp34
 70
     1
102
RTVSPost2010Prop35
280
     0
102
RTVSPost2010PropOp35
 70
     1
102
RTVSPost2010Prop36
280
     0
102
RTVSPost2010PropOp36
 70
     1
102
RTVSPost2010Prop37
 90
       50
102
RTVSPost2010PropOp37
 70
     1
102
RTVSPost2010Prop38
140
0.0
102
RTVSPost2010PropOp38
 70
     1
102
RTVSPost2010Prop39
140
1.0
102
RTVSPost2010PropOp39
 70
     1
102
RTVSPost2010Prop40
 90
        0
102
RTVSPost2010PropOp40
 70
     1
102
RTVSPost2010Prop41ColorIndex
 90
       18
102
RTVSPost2010Prop41ColorRGB
 90
        0
102
RTVSPost2010PropOp41
 70
     1
102
RTVSPost2010Prop42
 90
       50
102
RTVSPost2010PropOp42
 70
     1
102
RTVSPost2010Prop43
 90
        3
102
RTVSPost2010PropOp43
 70
     1
102
RTVSPost2010Prop44ColorIndex
 90
        5
102
RTVSPost2010Prop44ColorRGB
 90
      255
102
RTVSPost2010PropOp44
 70
     1
102
RTVSPost2010Prop45
280
     0
102
RTVSPost2010PropOp45
 70
     1
102
RTVSPost2010Prop46
 90
       50
102
RTVSPost2010PropOp46
 70
     1
102
RTVSPost2010Prop47
 90
       50
102
RTVSPost2010PropOp47
 70
     1
102
RTVSPost2010Prop48
 90
       50
102
RTVSPost2010PropOp48
 70
     1
102
RTVSPost2010Prop49
280
     0
102
RTVSPost2010PropOp49
 70
     1
102
RTVSPost2010Prop50
 90
       50
102
RTVSPost2010PropOp50
 70
     1
102
RTVSPost2010Prop51ColorIndex
 90
      256
102
RTVSPost2010Prop51ColorRGB
 90
-16777216
102
RTVSPost2010PropOp51
 70
     0
102
RTVSPost2010Prop52
140
1.0
102
RTVSPost2010PropOp52
 70
     0
102
RTVSPost2010Prop53
 90
        2
102
RTVSPost2010PropOp53
 70
     1
102
RTVSPost2010Prop54
  1
strokes_ogs.tif
102
RTVSPost2010PropOp54
 70
     1
102
RTVSPost2010Prop55
280
     0
102
RTVSPost2010PropOp55
 70
     1
102
RTVSPost2010Prop56
140
1.0
102
RTVSPost2010PropOp56
 70
     1
102
RTVSPost2010Prop57
140
1.0
102
RTVSPost2010PropOp57
 70
     1
  0
XRECORD
  5
3A0
102
{ACAD_REACTORS
330
39F
102
}
330
39F
100
AcDbXrecord
280
     1
102
RTVSPost2010Prop28
280
     0
102
RTVSPost2010PropOp28
 70
     1
102
RTVSPost2010Prop29
280
     1
102
RTVSPost2010PropOp29
 70
     1
102
RTVSPost2010Prop30
280
     1
102
RTVSPost2010PropOp30
 70
     1
102
RTVSPost2010Prop31
280
     0
102
RTVSPost2010PropOp31
 70
     1
102
RTVSPost2010Prop32
280
     0
102
RTVSPost2010PropOp32
 70
     1
102
RTVSPost2010Prop33
280
     0
102
RTVSPost2010PropOp33
 70
     1
102
RTVSPost2010Prop34
280
     0
102
RTVSPost2010PropOp34
 70
     1
102
RTVSPost2010Prop35
280
     0
102
RTVSPost2010PropOp35
 70
     1
102
RTVSPost2010Prop36
280
     0
102
RTVSPost2010PropOp36
 70
     1
102
RTVSPost2010Prop37
 90
       50
102
RTVSPost2010PropOp37
 70
     1
102
RTVSPost2010Prop38
140
0.0
102
RTVSPost2010PropOp38
 70
     1
102
RTVSPost2010Prop39
140
1.0
102
RTVSPost2010PropOp39
 70
     1
102
RTVSPost2010Prop40
 90
        0
102
RTVSPost2010PropOp40
 70
     1
102
RTVSPost2010Prop41ColorIndex
 90
       18
102
RTVSPost2010Prop41ColorRGB
 90
        0
102
RTVSPost2010PropOp41
 70
     1
102
RTVSPost2010Prop42
 90
       50
102
RTVSPost2010PropOp42
 70
     1
102
RTVSPost2010Prop43
 90
        3
102
RTVSPost2010PropOp43
 70
     1
102
RTVSPost2010Prop44ColorIndex
 90
        5
102
RTVSPost2010Prop44ColorRGB
 90
      255
102
RTVSPost2010PropOp44
 70
     1
102
RTVSPost2010Prop45
280
     0
102
RTVSPost2010PropOp45
 70
     1
102
RTVSPost2010Prop46
 90
       50
102
RTVSPost2010PropOp46
 70
     1
102
RTVSPost2010Prop47
 90
       50
102
RTVSPost2010PropOp47
 70
     1
102
RTVSPost2010Prop48
 90
       50
102
RTVSPost2010PropOp48
 70
     1
102
RTVSPost2010Prop49
280
     0
102
RTVSPost2010PropOp49
 70
     1
102
RTVSPost2010Prop50
 90
       50
102
RTVSPost2010PropOp50
 70
     1
102
RTVSPost2010Prop51ColorIndex
 90
      256
102
RTVSPost2010Prop51ColorRGB
 90
-16777216
102
RTVSPost2010PropOp51
 70
     0
102
RTVSPost2010Prop52
140
1.0
102
RTVSPost2010PropOp52
 70
     0
102
RTVSPost2010Prop53
 90
        2
102
RTVSPost2010PropOp53
 70
     1
102
RTVSPost2010Prop54
  1
strokes_ogs.tif
102
RTVSPost2010PropOp54
 70
     1
102
RTVSPost2010Prop55
280
     0
102
RTVSPost2010PropOp55
 70
     1
102
RTVSPost2010Prop56
140
1.0
102
RTVSPost2010PropOp56
 70
     1
102
RTVSPost2010Prop57
140
1.0
102
RTVSPost2010PropOp57
 70
     1
  0
XRECORD
  5
3A2
102
{ACAD_REACTORS
330
3A1
102
}
330
3A1
100
AcDbXrecord
280
     1
102
RTVSPost2010Prop28
280
     0
102
RTVSPost2010PropOp28
 70
     1
102
RTVSPost2010Prop29
280
     1
102
RTVSPost2010PropOp29
 70
     1
102
RTVSPost2010Prop30
280
     1
102
RTVSPost2010PropOp30
 70
     1
102
RTVSPost2010Prop31
280
     0
102
RTVSPost2010PropOp31
 70
     1
102
RTVSPost2010Prop32
280
     0
102
RTVSPost2010PropOp32
 70
     1
102
RTVSPost2010Prop33
280
     0
102
RTVSPost2010PropOp33
 70
     1
102
RTVSPost2010Prop34
280
     0
102
RTVSPost2010PropOp34
 70
     1
102
RTVSPost2010Prop35
280
     0
102
RTVSPost2010PropOp35
 70
     1
102
RTVSPost2010Prop36
280
     0
102
RTVSPost2010PropOp36
 70
     1
102
RTVSPost2010Prop37
 90
       50
102
RTVSPost2010PropOp37
 70
     1
102
RTVSPost2010Prop38
140
0.0
102
RTVSPost2010PropOp38
 70
     1
102
RTVSPost2010Prop39
140
1.0
102
RTVSPost2010PropOp39
 70
     1
102
RTVSPost2010Prop40
 90
        0
102
RTVSPost2010PropOp40
 70
     1
102
RTVSPost2010Prop41ColorIndex
 90
       18
102
RTVSPost2010Prop41ColorRGB
 90
        0
102
RTVSPost2010PropOp41
 70
     1
102
RTVSPost2010Prop42
 90
       50
102
RTVSPost2010PropOp42
 70
     1
102
RTVSPost2010Prop43
 90
        3
102
RTVSPost2010PropOp43
 70
     1
102
RTVSPost2010Prop44ColorIndex
 90
        5
102
RTVSPost2010Prop44ColorRGB
 90
      255
102
RTVSPost2010PropOp44
 70
     1
102
RTVSPost2010Prop45
280
     0
102
RTVSPost2010PropOp45
 70
     1
102
RTVSPost2010Prop46
 90
       50
102
RTVSPost2010PropOp46
 70
     1
102
RTVSPost2010Prop47
 90
       50
102
RTVSPost2010PropOp47
 70
     1
102
RTVSPost2010Prop48
 90
       50
102
RTVSPost2010PropOp48
 70
     1
102
RTVSPost2010Prop49
280
     0
102
RTVSPost2010PropOp49
 70
     1
102
RTVSPost2010Prop50
 90
       50
102
RTVSPost2010PropOp50
 70
     1
102
RTVSPost2010Prop51ColorIndex
 90
      256
102
RTVSPost2010Prop51ColorRGB
 90
-16777216
102
RTVSPost2010PropOp51
 70
     0
102
RTVSPost2010Prop52
140
1.0
102
RTVSPost2010PropOp52
 70
     0
102
RTVSPost2010Prop53
 90
        2
102
RTVSPost2010PropOp53
 70
     1
102
RTVSPost2010Prop54
  1
strokes_ogs.tif
102
RTVSPost2010PropOp54
 70
     1
102
RTVSPost2010Prop55
280
     0
102
RTVSPost2010PropOp55
 70
     1
102
RTVSPost2010Prop56
140
1.0
102
RTVSPost2010PropOp56
 70
     1
102
RTVSPost2010Prop57
140
1.0
102
RTVSPost2010PropOp57
 70
     1
  0
XRECORD
  5
3B2
102
{ACAD_REACTORS
330
3B1
102
}
330
3B1
100
AcDbXrecord
280
     1
102
RTVSPost2010Prop28
280
     0
102
RTVSPost2010PropOp28
 70
     0
102
RTVSPost2010Prop29
280
     1
102
RTVSPost2010PropOp29
 70
     0
102
RTVSPost2010Prop30
280
     1
102
RTVSPost2010PropOp30
 70
     0
102
RTVSPost2010Prop31
280
     0
102
RTVSPost2010PropOp31
 70
     0
102
RTVSPost2010Prop32
280
     0
102
RTVSPost2010PropOp32
 70
     0
102
RTVSPost2010Prop33
280
     0
102
RTVSPost2010PropOp33
 70
     0
102
RTVSPost2010Prop34
280
     0
102
RTVSPost2010PropOp34
 70
     0
102
RTVSPost2010Prop35
280
     0
102
RTVSPost2010PropOp35
 70
     0
102
RTVSPost2010Prop36
280
     0
102
RTVSPost2010PropOp36
 70
     0
102
RTVSPost2010Prop37
 90
       50
102
RTVSPost2010PropOp37
 70
     0
102
RTVSPost2010Prop38
140
0.0
102
RTVSPost2010PropOp38
 70
     0
102
RTVSPost2010Prop39
140
1.0
102
RTVSPost2010PropOp39
 70
     0
102
RTVSPost2010Prop40
 90
        0
102
RTVSPost2010PropOp40
 70
     0
102
RTVSPost2010Prop41ColorIndex
 90
       18
102
RTVSPost2010Prop41ColorRGB
 90
        0
102
RTVSPost2010PropOp41
 70
     0
102
RTVSPost2010Prop42
 90
       50
102
RTVSPost2010PropOp42
 70
     0
102
RTVSPost2010Prop43
 90
        3
102
RTVSPost2010PropOp43
 70
     0
102
RTVSPost2010Prop44ColorIndex
 90
        5
102
RTVSPost2010Prop44ColorRGB
 90
      255
102
RTVSPost2010PropOp44
 70
     0
102
RTVSPost2010Prop45
280
     0
102
RTVSPost2010PropOp45
 70
     0
102
RTVSPost2010Prop46
 90
       50
102
RTVSPost2010PropOp46
 70
     0
102
RTVSPost2010Prop47
 90
       50
102
RTVSPost2010PropOp47
 70
     0
102
RTVSPost2010Prop48
 90
       50
102
RTVSPost2010PropOp48
 70
     0
102
RTVSPost2010Prop49
280
     0
102
RTVSPost2010PropOp49
 70
     0
102
RTVSPost2010Prop50
 90
       50
102
RTVSPost2010PropOp50
 70
     0
102
RTVSPost2010Prop51ColorIndex
 90
      256
102
RTVSPost2010Prop51ColorRGB
 90
-16777216
102
RTVSPost2010PropOp51
 70
     0
102
RTVSPost2010Prop52
140
1.0
102
RTVSPost2010PropOp52
 70
     0
102
RTVSPost2010Prop53
 90
        2
102
RTVSPost2010PropOp53
 70
     0
102
RTVSPost2010Prop54
  1
strokes_ogs.tif
102
RTVSPost2010PropOp54
 70
     0
102
RTVSPost2010Prop55
280
     0
102
RTVSPost2010PropOp55
 70
     0
102
RTVSPost2010Prop56
140
1.0
102
RTVSPost2010PropOp56
 70
     0
102
RTVSPost2010Prop57
140
1.0
102
RTVSPost2010PropOp57
 70
     0
  0
XRECORD
  5
3AA
102
{ACAD_REACTORS
330
3A9
102
}
330
3A9
100
AcDbXrecord
280
     1
102
RTVSPost2010Prop28
280
     0
102
RTVSPost2010PropOp28
 70
     1
102
RTVSPost2010Prop29
280
     1
102
RTVSPost2010PropOp29
 70
     1
102
RTVSPost2010Prop30
280
     1
102
RTVSPost2010PropOp30
 70
     1
102
RTVSPost2010Prop31
280
     0
102
RTVSPost2010PropOp31
 70
     1
102
RTVSPost2010Prop32
280
     0
102
RTVSPost2010PropOp32
 70
     1
102
RTVSPost2010Prop33
280
     0
102
RTVSPost2010PropOp33
 70
     1
102
RTVSPost2010Prop34
280
     0
102
RTVSPost2010PropOp34
 70
     1
102
RTVSPost2010Prop35
280
     0
102
RTVSPost2010PropOp35
 70
     1
102
RTVSPost2010Prop36
280
     0
102
RTVSPost2010PropOp36
 70
     1
102
RTVSPost2010Prop37
 90
       50
102
RTVSPost2010PropOp37
 70
     1
102
RTVSPost2010Prop38
140
0.0
102
RTVSPost2010PropOp38
 70
     1
102
RTVSPost2010Prop39
140
1.0
102
RTVSPost2010PropOp39
 70
     1
102
RTVSPost2010Prop40
 90
        0
102
RTVSPost2010PropOp40
 70
     1
102
RTVSPost2010Prop41ColorIndex
 90
       18
102
RTVSPost2010Prop41ColorRGB
 90
        0
102
RTVSPost2010PropOp41
 70
     1
102
RTVSPost2010Prop42
 90
       50
102
RTVSPost2010PropOp42
 70
     1
102
RTVSPost2010Prop43
 90
        3
102
RTVSPost2010PropOp43
 70
     1
102
RTVSPost2010Prop44ColorIndex
 90
        5
102
RTVSPost2010Prop44ColorRGB
 90
      255
102
RTVSPost2010PropOp44
 70
     1
102
RTVSPost2010Prop45
280
     0
102
RTVSPost2010PropOp45
 70
     1
102
RTVSPost2010Prop46
 90
       50
102
RTVSPost2010PropOp46
 70
     1
102
RTVSPost2010Prop47
 90
       50
102
RTVSPost2010PropOp47
 70
     1
102
RTVSPost2010Prop48
 90
       50
102
RTVSPost2010PropOp48
 70
     1
102
RTVSPost2010Prop49
280
     0
102
RTVSPost2010PropOp49
 70
     1
102
RTVSPost2010Prop50
 90
       50
102
RTVSPost2010PropOp50
 70
     1
102
RTVSPost2010Prop51ColorIndex
 90
      256
102
RTVSPost2010Prop51ColorRGB
 90
-16777216
102
RTVSPost2010PropOp51
 70
     0
102
RTVSPost2010Prop52
140
1.0
102
RTVSPost2010PropOp52
 70
     0
102
RTVSPost2010Prop53
 90
        2
102
RTVSPost2010PropOp53
 70
     1
102
RTVSPost2010Prop54
  1
strokes_ogs.tif
102
RTVSPost2010PropOp54
 70
     1
102
RTVSPost2010Prop55
280
     0
102
RTVSPost2010PropOp55
 70
     1
102
RTVSPost2010Prop56
140
1.0
102
RTVSPost2010PropOp56
 70
     1
102
RTVSPost2010Prop57
140
1.0
102
RTVSPost2010PropOp57
 70
     1
  0
XRECORD
  5
38E
102
{ACAD_REACTORS
330
38D
102
}
330
38D
100
AcDbXrecord
280
     1
102
RTVSPost2010Prop28
280
     0
102
RTVSPost2010PropOp28
 70
     1
102
RTVSPost2010Prop29
280
     1
102
RTVSPost2010PropOp29
 70
     1
102
RTVSPost2010Prop30
280
     1
102
RTVSPost2010PropOp30
 70
     1
102
RTVSPost2010Prop31
280
     0
102
RTVSPost2010PropOp31
 70
     1
102
RTVSPost2010Prop32
280
     0
102
RTVSPost2010PropOp32
 70
     1
102
RTVSPost2010Prop33
280
     0
102
RTVSPost2010PropOp33
 70
     1
102
RTVSPost2010Prop34
280
     0
102
RTVSPost2010PropOp34
 70
     1
102
RTVSPost2010Prop35
280
     0
102
RTVSPost2010PropOp35
 70
     1
102
RTVSPost2010Prop36
280
     0
102
RTVSPost2010PropOp36
 70
     1
102
RTVSPost2010Prop37
 90
       50
102
RTVSPost2010PropOp37
 70
     1
102
RTVSPost2010Prop38
140
0.0
102
RTVSPost2010PropOp38
 70
     1
102
RTVSPost2010Prop39
140
1.0
102
RTVSPost2010PropOp39
 70
     1
102
RTVSPost2010Prop40
 90
        0
102
RTVSPost2010PropOp40
 70
     1
102
RTVSPost2010Prop41ColorIndex
 90
       18
102
RTVSPost2010Prop41ColorRGB
 90
        0
102
RTVSPost2010PropOp41
 70
     1
102
RTVSPost2010Prop42
 90
       50
102
RTVSPost2010PropOp42
 70
     1
102
RTVSPost2010Prop43
 90
        3
102
RTVSPost2010PropOp43
 70
     1
102
RTVSPost2010Prop44ColorIndex
 90
        5
102
RTVSPost2010Prop44ColorRGB
 90
      255
102
RTVSPost2010PropOp44
 70
     1
102
RTVSPost2010Prop45
280
     0
102
RTVSPost2010PropOp45
 70
     1
102
RTVSPost2010Prop46
 90
       50
102
RTVSPost2010PropOp46
 70
     1
102
RTVSPost2010Prop47
 90
       50
102
RTVSPost2010PropOp47
 70
     1
102
RTVSPost2010Prop48
 90
       50
102
RTVSPost2010PropOp48
 70
     1
102
RTVSPost2010Prop49
280
     0
102
RTVSPost2010PropOp49
 70
     1
102
RTVSPost2010Prop50
 90
       50
102
RTVSPost2010PropOp50
 70
     1
102
RTVSPost2010Prop51ColorIndex
 90
      256
102
RTVSPost2010Prop51ColorRGB
 90
-16777216
102
RTVSPost2010PropOp51
 70
     0
102
RTVSPost2010Prop52
140
1.0
102
RTVSPost2010PropOp52
 70
     0
102
RTVSPost2010Prop53
 90
        2
102
RTVSPost2010PropOp53
 70
     1
102
RTVSPost2010Prop54
  1
strokes_ogs.tif
102
RTVSPost2010PropOp54
 70
     1
102
RTVSPost2010Prop55
280
     0
102
RTVSPost2010PropOp55
 70
     1
102
RTVSPost2010Prop56
140
1.0
102
RTVSPost2010PropOp56
 70
     1
102
RTVSPost2010Prop57
140
1.0
102
RTVSPost2010PropOp57
 70
     1
  0
XRECORD
  5
390
102
{ACAD_REACTORS
330
38F
102
}
330
38F
100
AcDbXrecord
280
     1
102
RTVSPost2010Prop28
280
     0
102
RTVSPost2010PropOp28
 70
     1
102
RTVSPost2010Prop29
280
     1
102
RTVSPost2010PropOp29
 70
     1
102
RTVSPost2010Prop30
280
     1
102
RTVSPost2010PropOp30
 70
     1
102
RTVSPost2010Prop31
280
     0
102
RTVSPost2010PropOp31
 70
     1
102
RTVSPost2010Prop32
280
     0
102
RTVSPost2010PropOp32
 70
     1
102
RTVSPost2010Prop33
280
     0
102
RTVSPost2010PropOp33
 70
     1
102
RTVSPost2010Prop34
280
     0
102
RTVSPost2010PropOp34
 70
     1
102
RTVSPost2010Prop35
280
     0
102
RTVSPost2010PropOp35
 70
     1
102
RTVSPost2010Prop36
280
     0
102
RTVSPost2010PropOp36
 70
     1
102
RTVSPost2010Prop37
 90
       50
102
RTVSPost2010PropOp37
 70
     1
102
RTVSPost2010Prop38
140
0.0
102
RTVSPost2010PropOp38
 70
     1
102
RTVSPost2010Prop39
140
1.0
102
RTVSPost2010PropOp39
 70
     1
102
RTVSPost2010Prop40
 90
        0
102
RTVSPost2010PropOp40
 70
     1
102
RTVSPost2010Prop41ColorIndex
 90
       18
102
RTVSPost2010Prop41ColorRGB
 90
        0
102
RTVSPost2010PropOp41
 70
     1
102
RTVSPost2010Prop42
 90
       50
102
RTVSPost2010PropOp42
 70
     1
102
RTVSPost2010Prop43
 90
        3
102
RTVSPost2010PropOp43
 70
     1
102
RTVSPost2010Prop44ColorIndex
 90
        5
102
RTVSPost2010Prop44ColorRGB
 90
      255
102
RTVSPost2010PropOp44
 70
     1
102
RTVSPost2010Prop45
280
     0
102
RTVSPost2010PropOp45
 70
     1
102
RTVSPost2010Prop46
 90
       50
102
RTVSPost2010PropOp46
 70
     1
102
RTVSPost2010Prop47
 90
       50
102
RTVSPost2010PropOp47
 70
     1
102
RTVSPost2010Prop48
 90
       50
102
RTVSPost2010PropOp48
 70
     1
102
RTVSPost2010Prop49
280
     0
102
RTVSPost2010PropOp49
 70
     1
102
RTVSPost2010Prop50
 90
       50
102
RTVSPost2010PropOp50
 70
     1
102
RTVSPost2010Prop51ColorIndex
 90
      256
102
RTVSPost2010Prop51ColorRGB
 90
-16777216
102
RTVSPost2010PropOp51
 70
     0
102
RTVSPost2010Prop52
140
1.0
102
RTVSPost2010PropOp52
 70
     0
102
RTVSPost2010Prop53
 90
        2
102
RTVSPost2010PropOp53
 70
     1
102
RTVSPost2010Prop54
  1
strokes_ogs.tif
102
RTVSPost2010PropOp54
 70
     1
102
RTVSPost2010Prop55
280
     0
102
RTVSPost2010PropOp55
 70
     1
102
RTVSPost2010Prop56
140
1.0
102
RTVSPost2010PropOp56
 70
     1
102
RTVSPost2010Prop57
140
1.0
102
RTVSPost2010PropOp57
 70
     1
  0
XRECORD
  5
392
102
{ACAD_REACTORS
330
391
102
}
330
391
100
AcDbXrecord
280
     1
102
RTVSPost2010Prop28
280
     0
102
RTVSPost2010PropOp28
 70
     1
102
RTVSPost2010Prop29
280
     1
102
RTVSPost2010PropOp29
 70
     1
102
RTVSPost2010Prop30
280
     1
102
RTVSPost2010PropOp30
 70
     1
102
RTVSPost2010Prop31
280
     0
102
RTVSPost2010PropOp31
 70
     1
102
RTVSPost2010Prop32
280
     0
102
RTVSPost2010PropOp32
 70
     1
102
RTVSPost2010Prop33
280
     0
102
RTVSPost2010PropOp33
 70
     1
102
RTVSPost2010Prop34
280
     0
102
RTVSPost2010PropOp34
 70
     1
102
RTVSPost2010Prop35
280
     0
102
RTVSPost2010PropOp35
 70
     1
102
RTVSPost2010Prop36
280
     0
102
RTVSPost2010PropOp36
 70
     1
102
RTVSPost2010Prop37
 90
       50
102
RTVSPost2010PropOp37
 70
     1
102
RTVSPost2010Prop38
140
0.0
102
RTVSPost2010PropOp38
 70
     1
102
RTVSPost2010Prop39
140
1.0
102
RTVSPost2010PropOp39
 70
     1
102
RTVSPost2010Prop40
 90
        0
102
RTVSPost2010PropOp40
 70
     1
102
RTVSPost2010Prop41ColorIndex
 90
       18
102
RTVSPost2010Prop41ColorRGB
 90
        0
102
RTVSPost2010PropOp41
 70
     1
102
RTVSPost2010Prop42
 90
       50
102
RTVSPost2010PropOp42
 70
     1
102
RTVSPost2010Prop43
 90
        3
102
RTVSPost2010PropOp43
 70
     1
102
RTVSPost2010Prop44ColorIndex
 90
        5
102
RTVSPost2010Prop44ColorRGB
 90
      255
102
RTVSPost2010PropOp44
 70
     1
102
RTVSPost2010Prop45
280
     0
102
RTVSPost2010PropOp45
 70
     1
102
RTVSPost2010Prop46
 90
       50
102
RTVSPost2010PropOp46
 70
     1
102
RTVSPost2010Prop47
 90
       50
102
RTVSPost2010PropOp47
 70
     1
102
RTVSPost2010Prop48
 90
       50
102
RTVSPost2010PropOp48
 70
     1
102
RTVSPost2010Prop49
280
     0
102
RTVSPost2010PropOp49
 70
     1
102
RTVSPost2010Prop50
 90
       50
102
RTVSPost2010PropOp50
 70
     1
102
RTVSPost2010Prop51ColorIndex
 90
      256
102
RTVSPost2010Prop51ColorRGB
 90
-16777216
102
RTVSPost2010PropOp51
 70
     0
102
RTVSPost2010Prop52
140
1.0
102
RTVSPost2010PropOp52
 70
     0
102
RTVSPost2010Prop53
 90
        2
102
RTVSPost2010PropOp53
 70
     1
102
RTVSPost2010Prop54
  1
strokes_ogs.tif
102
RTVSPost2010PropOp54
 70
     1
102
RTVSPost2010Prop55
280
     0
102
RTVSPost2010PropOp55
 70
     1
102
RTVSPost2010Prop56
140
1.0
102
RTVSPost2010PropOp56
 70
     1
102
RTVSPost2010Prop57
140
1.0
102
RTVSPost2010PropOp57
 70
     1
  0
XRECORD
  5
394
102
{ACAD_REACTORS
330
393
102
}
330
393
100
AcDbXrecord
280
     1
102
RTVSPost2010Prop28
280
     0
102
RTVSPost2010PropOp28
 70
     1
102
RTVSPost2010Prop29
280
     1
102
RTVSPost2010PropOp29
 70
     1
102
RTVSPost2010Prop30
280
     1
102
RTVSPost2010PropOp30
 70
     1
102
RTVSPost2010Prop31
280
     0
102
RTVSPost2010PropOp31
 70
     1
102
RTVSPost2010Prop32
280
     0
102
RTVSPost2010PropOp32
 70
     1
102
RTVSPost2010Prop33
280
     0
102
RTVSPost2010PropOp33
 70
     1
102
RTVSPost2010Prop34
280
     0
102
RTVSPost2010PropOp34
 70
     1
102
RTVSPost2010Prop35
280
     0
102
RTVSPost2010PropOp35
 70
     1
102
RTVSPost2010Prop36
280
     0
102
RTVSPost2010PropOp36
 70
     1
102
RTVSPost2010Prop37
 90
       50
102
RTVSPost2010PropOp37
 70
     1
102
RTVSPost2010Prop38
140
0.0
102
RTVSPost2010PropOp38
 70
     1
102
RTVSPost2010Prop39
140
1.0
102
RTVSPost2010PropOp39
 70
     1
102
RTVSPost2010Prop40
 90
        0
102
RTVSPost2010PropOp40
 70
     1
102
RTVSPost2010Prop41ColorIndex
 90
       18
102
RTVSPost2010Prop41ColorRGB
 90
        0
102
RTVSPost2010PropOp41
 70
     1
102
RTVSPost2010Prop42
 90
       50
102
RTVSPost2010PropOp42
 70
     1
102
RTVSPost2010Prop43
 90
        3
102
RTVSPost2010PropOp43
 70
     1
102
RTVSPost2010Prop44ColorIndex
 90
        5
102
RTVSPost2010Prop44ColorRGB
 90
      255
102
RTVSPost2010PropOp44
 70
     1
102
RTVSPost2010Prop45
280
     0
102
RTVSPost2010PropOp45
 70
     1
102
RTVSPost2010Prop46
 90
       50
102
RTVSPost2010PropOp46
 70
     1
102
RTVSPost2010Prop47
 90
       50
102
RTVSPost2010PropOp47
 70
     1
102
RTVSPost2010Prop48
 90
       50
102
RTVSPost2010PropOp48
 70
     1
102
RTVSPost2010Prop49
280
     0
102
RTVSPost2010PropOp49
 70
     1
102
RTVSPost2010Prop50
 90
       50
102
RTVSPost2010PropOp50
 70
     1
102
RTVSPost2010Prop51ColorIndex
 90
      256
102
RTVSPost2010Prop51ColorRGB
 90
-16777216
102
RTVSPost2010PropOp51
 70
     0
102
RTVSPost2010Prop52
140
1.0
102
RTVSPost2010PropOp52
 70
     0
102
RTVSPost2010Prop53
 90
        2
102
RTVSPost2010PropOp53
 70
     1
102
RTVSPost2010Prop54
  1
strokes_ogs.tif
102
RTVSPost2010PropOp54
 70
     1
102
RTVSPost2010Prop55
280
     0
102
RTVSPost2010PropOp55
 70
     1
102
RTVSPost2010Prop56
140
1.0
102
RTVSPost2010PropOp56
 70
     1
102
RTVSPost2010Prop57
140
1.0
102
RTVSPost2010PropOp57
 70
     1
  0
XRECORD
  5
39A
102
{ACAD_REACTORS
330
399
102
}
330
399
100
AcDbXrecord
280
     1
102
RTVSPost2010Prop28
280
     0
102
RTVSPost2010PropOp28
 70
     1
102
RTVSPost2010Prop29
280
     1
102
RTVSPost2010PropOp29
 70
     1
102
RTVSPost2010Prop30
280
     1
102
RTVSPost2010PropOp30
 70
     1
102
RTVSPost2010Prop31
280
     0
102
RTVSPost2010PropOp31
 70
     1
102
RTVSPost2010Prop32
280
     0
102
RTVSPost2010PropOp32
 70
     1
102
RTVSPost2010Prop33
280
     0
102
RTVSPost2010PropOp33
 70
     1
102
RTVSPost2010Prop34
280
     0
102
RTVSPost2010PropOp34
 70
     1
102
RTVSPost2010Prop35
280
     0
102
RTVSPost2010PropOp35
 70
     1
102
RTVSPost2010Prop36
280
     0
102
RTVSPost2010PropOp36
 70
     1
102
RTVSPost2010Prop37
 90
       50
102
RTVSPost2010PropOp37
 70
     1
102
RTVSPost2010Prop38
140
0.0
102
RTVSPost2010PropOp38
 70
     1
102
RTVSPost2010Prop39
140
1.0
102
RTVSPost2010PropOp39
 70
     1
102
RTVSPost2010Prop40
 90
        0
102
RTVSPost2010PropOp40
 70
     1
102
RTVSPost2010Prop41ColorIndex
 90
       18
102
RTVSPost2010Prop41ColorRGB
 90
        0
102
RTVSPost2010PropOp41
 70
     1
102
RTVSPost2010Prop42
 90
       50
102
RTVSPost2010PropOp42
 70
     1
102
RTVSPost2010Prop43
 90
        3
102
RTVSPost2010PropOp43
 70
     1
102
RTVSPost2010Prop44ColorIndex
 90
        5
102
RTVSPost2010Prop44ColorRGB
 90
      255
102
RTVSPost2010PropOp44
 70
     1
102
RTVSPost2010Prop45
280
     0
102
RTVSPost2010PropOp45
 70
     1
102
RTVSPost2010Prop46
 90
       50
102
RTVSPost2010PropOp46
 70
     1
102
RTVSPost2010Prop47
 90
       50
102
RTVSPost2010PropOp47
 70
     1
102
RTVSPost2010Prop48
 90
       50
102
RTVSPost2010PropOp48
 70
     1
102
RTVSPost2010Prop49
280
     0
102
RTVSPost2010PropOp49
 70
     1
102
RTVSPost2010Prop50
 90
       50
102
RTVSPost2010PropOp50
 70
     1
102
RTVSPost2010Prop51ColorIndex
 90
      256
102
RTVSPost2010Prop51ColorRGB
 90
-16777216
102
RTVSPost2010PropOp51
 70
     0
102
RTVSPost2010Prop52
140
1.0
102
RTVSPost2010PropOp52
 70
     0
102
RTVSPost2010Prop53
 90
        2
102
RTVSPost2010PropOp53
 70
     1
102
RTVSPost2010Prop54
  1
strokes_ogs.tif
102
RTVSPost2010PropOp54
 70
     1
102
RTVSPost2010Prop55
280
     0
102
RTVSPost2010PropOp55
 70
     1
102
RTVSPost2010Prop56
140
1.0
102
RTVSPost2010PropOp56
 70
     1
102
RTVSPost2010Prop57
140
1.0
102
RTVSPost2010PropOp57
 70
     1
  0
XRECORD
  5
3AE
102
{ACAD_REACTORS
330
3AD
102
}
330
3AD
100
AcDbXrecord
280
     1
102
RTVSPost2010Prop28
280
     0
102
RTVSPost2010PropOp28
 70
     0
102
RTVSPost2010Prop29
280
     1
102
RTVSPost2010PropOp29
 70
     0
102
RTVSPost2010Prop30
280
     1
102
RTVSPost2010PropOp30
 70
     0
102
RTVSPost2010Prop31
280
     0
102
RTVSPost2010PropOp31
 70
     0
102
RTVSPost2010Prop32
280
     0
102
RTVSPost2010PropOp32
 70
     0
102
RTVSPost2010Prop33
280
     0
102
RTVSPost2010PropOp33
 70
     0
102
RTVSPost2010Prop34
280
     0
102
RTVSPost2010PropOp34
 70
     0
102
RTVSPost2010Prop35
280
     0
102
RTVSPost2010PropOp35
 70
     0
102
RTVSPost2010Prop36
280
     0
102
RTVSPost2010PropOp36
 70
     0
102
RTVSPost2010Prop37
 90
       50
102
RTVSPost2010PropOp37
 70
     0
102
RTVSPost2010Prop38
140
0.0
102
RTVSPost2010PropOp38
 70
     0
102
RTVSPost2010Prop39
140
1.0
102
RTVSPost2010PropOp39
 70
     0
102
RTVSPost2010Prop40
 90
        0
102
RTVSPost2010PropOp40
 70
     0
102
RTVSPost2010Prop41ColorIndex
 90
       18
102
RTVSPost2010Prop41ColorRGB
 90
        0
102
RTVSPost2010PropOp41
 70
     0
102
RTVSPost2010Prop42
 90
       50
102
RTVSPost2010PropOp42
 70
     0
102
RTVSPost2010Prop43
 90
        3
102
RTVSPost2010PropOp43
 70
     0
102
RTVSPost2010Prop44ColorIndex
 90
        5
102
RTVSPost2010Prop44ColorRGB
 90
      255
102
RTVSPost2010PropOp44
 70
     0
102
RTVSPost2010Prop45
280
     0
102
RTVSPost2010PropOp45
 70
     0
102
RTVSPost2010Prop46
 90
       50
102
RTVSPost2010PropOp46
 70
     0
102
RTVSPost2010Prop47
 90
       50
102
RTVSPost2010PropOp47
 70
     0
102
RTVSPost2010Prop48
 90
       50
102
RTVSPost2010PropOp48
 70
     0
102
RTVSPost2010Prop49
280
     0
102
RTVSPost2010PropOp49
 70
     0
102
RTVSPost2010Prop50
 90
       50
102
RTVSPost2010PropOp50
 70
     0
102
RTVSPost2010Prop51ColorIndex
 90
      256
102
RTVSPost2010Prop51ColorRGB
 90
-16777216
102
RTVSPost2010PropOp51
 70
     0
102
RTVSPost2010Prop52
140
1.0
102
RTVSPost2010PropOp52
 70
     0
102
RTVSPost2010Prop53
 90
        2
102
RTVSPost2010PropOp53
 70
     0
102
RTVSPost2010Prop54
  1
strokes_ogs.tif
102
RTVSPost2010PropOp54
 70
     0
102
RTVSPost2010Prop55
280
     0
102
RTVSPost2010PropOp55
 70
     0
102
RTVSPost2010Prop56
140
1.0
102
RTVSPost2010PropOp56
 70
     0
102
RTVSPost2010Prop57
140
1.0
102
RTVSPost2010PropOp57
 70
     0
  0
XRECORD
  5
3A8
102
{ACAD_REACTORS
330
3A7
102
}
330
3A7
100
AcDbXrecord
280
     1
102
RTVSPost2010Prop28
280
     0
102
RTVSPost2010PropOp28
 70
     1
102
RTVSPost2010Prop29
280
     1
102
RTVSPost2010PropOp29
 70
     1
102
RTVSPost2010Prop30
280
     1
102
RTVSPost2010PropOp30
 70
     1
102
RTVSPost2010Prop31
280
     0
102
RTVSPost2010PropOp31
 70
     1
102
RTVSPost2010Prop32
280
     0
102
RTVSPost2010PropOp32
 70
     1
102
RTVSPost2010Prop33
280
     0
102
RTVSPost2010PropOp33
 70
     1
102
RTVSPost2010Prop34
280
     0
102
RTVSPost2010PropOp34
 70
     1
102
RTVSPost2010Prop35
280
     0
102
RTVSPost2010PropOp35
 70
     1
102
RTVSPost2010Prop36
280
     0
102
RTVSPost2010PropOp36
 70
     1
102
RTVSPost2010Prop37
 90
       50
102
RTVSPost2010PropOp37
 70
     1
102
RTVSPost2010Prop38
140
0.0
102
RTVSPost2010PropOp38
 70
     1
102
RTVSPost2010Prop39
140
1.0
102
RTVSPost2010PropOp39
 70
     1
102
RTVSPost2010Prop40
 90
        0
102
RTVSPost2010PropOp40
 70
     1
102
RTVSPost2010Prop41ColorIndex
 90
       18
102
RTVSPost2010Prop41ColorRGB
 90
        0
102
RTVSPost2010PropOp41
 70
     1
102
RTVSPost2010Prop42
 90
       50
102
RTVSPost2010PropOp42
 70
     1
102
RTVSPost2010Prop43
 90
        3
102
RTVSPost2010PropOp43
 70
     1
102
RTVSPost2010Prop44ColorIndex
 90
        5
102
RTVSPost2010Prop44ColorRGB
 90
      255
102
RTVSPost2010PropOp44
 70
     1
102
RTVSPost2010Prop45
280
     0
102
RTVSPost2010PropOp45
 70
     1
102
RTVSPost2010Prop46
 90
       50
102
RTVSPost2010PropOp46
 70
     1
102
RTVSPost2010Prop47
 90
       50
102
RTVSPost2010PropOp47
 70
     1
102
RTVSPost2010Prop48
 90
       50
102
RTVSPost2010PropOp48
 70
     1
102
RTVSPost2010Prop49
280
     0
102
RTVSPost2010PropOp49
 70
     1
102
RTVSPost2010Prop50
 90
       50
102
RTVSPost2010PropOp50
 70
     1
102
RTVSPost2010Prop51ColorIndex
 90
      256
102
RTVSPost2010Prop51ColorRGB
 90
-16777216
102
RTVSPost2010PropOp51
 70
     0
102
RTVSPost2010Prop52
140
1.0
102
RTVSPost2010PropOp52
 70
     0
102
RTVSPost2010Prop53
 90
        2
102
RTVSPost2010PropOp53
 70
     1
102
RTVSPost2010Prop54
  1
strokes_ogs.tif
102
RTVSPost2010PropOp54
 70
     1
102
RTVSPost2010Prop55
280
     0
102
RTVSPost2010PropOp55
 70
     1
102
RTVSPost2010Prop56
140
1.0
102
RTVSPost2010PropOp56
 70
     1
102
RTVSPost2010Prop57
140
1.0
102
RTVSPost2010PropOp57
 70
     1
  0
XRECORD
  5
3B0
102
{ACAD_REACTORS
330
3AF
102
}
330
3AF
100
AcDbXrecord
280
     1
102
RTVSPost2010Prop28
280
     0
102
RTVSPost2010PropOp28
 70
     0
102
RTVSPost2010Prop29
280
     1
102
RTVSPost2010PropOp29
 70
     0
102
RTVSPost2010Prop30
280
     1
102
RTVSPost2010PropOp30
 70
     0
102
RTVSPost2010Prop31
280
     0
102
RTVSPost2010PropOp31
 70
     0
102
RTVSPost2010Prop32
280
     0
102
RTVSPost2010PropOp32
 70
     0
102
RTVSPost2010Prop33
280
     0
102
RTVSPost2010PropOp33
 70
     0
102
RTVSPost2010Prop34
280
     0
102
RTVSPost2010PropOp34
 70
     0
102
RTVSPost2010Prop35
280
     0
102
RTVSPost2010PropOp35
 70
     0
102
RTVSPost2010Prop36
280
     0
102
RTVSPost2010PropOp36
 70
     0
102
RTVSPost2010Prop37
 90
       50
102
RTVSPost2010PropOp37
 70
     0
102
RTVSPost2010Prop38
140
0.0
102
RTVSPost2010PropOp38
 70
     0
102
RTVSPost2010Prop39
140
1.0
102
RTVSPost2010PropOp39
 70
     0
102
RTVSPost2010Prop40
 90
        0
102
RTVSPost2010PropOp40
 70
     0
102
RTVSPost2010Prop41ColorIndex
 90
       18
102
RTVSPost2010Prop41ColorRGB
 90
        0
102
RTVSPost2010PropOp41
 70
     0
102
RTVSPost2010Prop42
 90
       50
102
RTVSPost2010PropOp42
 70
     0
102
RTVSPost2010Prop43
 90
        3
102
RTVSPost2010PropOp43
 70
     0
102
RTVSPost2010Prop44ColorIndex
 90
        5
102
RTVSPost2010Prop44ColorRGB
 90
      255
102
RTVSPost2010PropOp44
 70
     0
102
RTVSPost2010Prop45
280
     0
102
RTVSPost2010PropOp45
 70
     0
102
RTVSPost2010Prop46
 90
       50
102
RTVSPost2010PropOp46
 70
     0
102
RTVSPost2010Prop47
 90
       50
102
RTVSPost2010PropOp47
 70
     0
102
RTVSPost2010Prop48
 90
       50
102
RTVSPost2010PropOp48
 70
     0
102
RTVSPost2010Prop49
280
     0
102
RTVSPost2010PropOp49
 70
     0
102
RTVSPost2010Prop50
 90
       50
102
RTVSPost2010PropOp50
 70
     0
102
RTVSPost2010Prop51ColorIndex
 90
      256
102
RTVSPost2010Prop51ColorRGB
 90
-16777216
102
RTVSPost2010PropOp51
 70
     0
102
RTVSPost2010Prop52
140
1.0
102
RTVSPost2010PropOp52
 70
     0
102
RTVSPost2010Prop53
 90
        2
102
RTVSPost2010PropOp53
 70
     0
102
RTVSPost2010Prop54
  1
strokes_ogs.tif
102
RTVSPost2010PropOp54
 70
     0
102
RTVSPost2010Prop55
280
     0
102
RTVSPost2010PropOp55
 70
     0
102
RTVSPost2010Prop56
140
1.0
102
RTVSPost2010PropOp56
 70
     0
102
RTVSPost2010Prop57
140
1.0
102
RTVSPost2010PropOp57
 70
     0
  0
XRECORD
  5
39E
102
{ACAD_REACTORS
330
39D
102
}
330
39D
100
AcDbXrecord
280
     1
102
RTVSPost2010Prop28
280
     0
102
RTVSPost2010PropOp28
 70
     1
102
RTVSPost2010Prop29
280
     1
102
RTVSPost2010PropOp29
 70
     1
102
RTVSPost2010Prop30
280
     1
102
RTVSPost2010PropOp30
 70
     1
102
RTVSPost2010Prop31
280
     0
102
RTVSPost2010PropOp31
 70
     1
102
RTVSPost2010Prop32
280
     0
102
RTVSPost2010PropOp32
 70
     1
102
RTVSPost2010Prop33
280
     0
102
RTVSPost2010PropOp33
 70
     1
102
RTVSPost2010Prop34
280
     0
102
RTVSPost2010PropOp34
 70
     1
102
RTVSPost2010Prop35
280
     0
102
RTVSPost2010PropOp35
 70
     1
102
RTVSPost2010Prop36
280
     0
102
RTVSPost2010PropOp36
 70
     1
102
RTVSPost2010Prop37
 90
       50
102
RTVSPost2010PropOp37
 70
     1
102
RTVSPost2010Prop38
140
0.0
102
RTVSPost2010PropOp38
 70
     1
102
RTVSPost2010Prop39
140
1.0
102
RTVSPost2010PropOp39
 70
     1
102
RTVSPost2010Prop40
 90
        0
102
RTVSPost2010PropOp40
 70
     1
102
RTVSPost2010Prop41ColorIndex
 90
       18
102
RTVSPost2010Prop41ColorRGB
 90
        0
102
RTVSPost2010PropOp41
 70
     1
102
RTVSPost2010Prop42
 90
       50
102
RTVSPost2010PropOp42
 70
     1
102
RTVSPost2010Prop43
 90
        3
102
RTVSPost2010PropOp43
 70
     1
102
RTVSPost2010Prop44ColorIndex
 90
        5
102
RTVSPost2010Prop44ColorRGB
 90
      255
102
RTVSPost2010PropOp44
 70
     1
102
RTVSPost2010Prop45
280
     0
102
RTVSPost2010PropOp45
 70
     1
102
RTVSPost2010Prop46
 90
       50
102
RTVSPost2010PropOp46
 70
     1
102
RTVSPost2010Prop47
 90
       50
102
RTVSPost2010PropOp47
 70
     1
102
RTVSPost2010Prop48
 90
       50
102
RTVSPost2010PropOp48
 70
     1
102
RTVSPost2010Prop49
280
     0
102
RTVSPost2010PropOp49
 70
     1
102
RTVSPost2010Prop50
 90
       50
102
RTVSPost2010PropOp50
 70
     1
102
RTVSPost2010Prop51ColorIndex
 90
      256
102
RTVSPost2010Prop51ColorRGB
 90
-16777216
102
RTVSPost2010PropOp51
 70
     0
102
RTVSPost2010Prop52
140
1.0
102
RTVSPost2010PropOp52
 70
     0
102
RTVSPost2010Prop53
 90
        2
102
RTVSPost2010PropOp53
 70
     1
102
RTVSPost2010Prop54
  1
strokes_ogs.tif
102
RTVSPost2010PropOp54
 70
     1
102
RTVSPost2010Prop55
280
     0
102
RTVSPost2010PropOp55
 70
     1
102
RTVSPost2010Prop56
140
1.0
102
RTVSPost2010PropOp56
 70
     1
102
RTVSPost2010Prop57
140
1.0
102
RTVSPost2010PropOp57
 70
     1
  0
XRECORD
  5
3BC
102
{ACAD_REACTORS
330
3BB
102
}
330
3BB
100
AcDbXrecord
280
     1
102
RTVSPost2010Prop28
280
     0
102
RTVSPost2010PropOp28
 70
     1
102
RTVSPost2010Prop29
280
     1
102
RTVSPost2010PropOp29
 70
     1
102
RTVSPost2010Prop30
280
     1
102
RTVSPost2010PropOp30
 70
     1
102
RTVSPost2010Prop31
280
     0
102
RTVSPost2010PropOp31
 70
     1
102
RTVSPost2010Prop32
280
     0
102
RTVSPost2010PropOp32
 70
     1
102
RTVSPost2010Prop33
280
     0
102
RTVSPost2010PropOp33
 70
     1
102
RTVSPost2010Prop34
280
     0
102
RTVSPost2010PropOp34
 70
     1
102
RTVSPost2010Prop35
280
     0
102
RTVSPost2010PropOp35
 70
     1
102
RTVSPost2010Prop36
280
     0
102
RTVSPost2010PropOp36
 70
     1
102
RTVSPost2010Prop37
 90
       50
102
RTVSPost2010PropOp37
 70
     1
102
RTVSPost2010Prop38
140
0.0
102
RTVSPost2010PropOp38
 70
     1
102
RTVSPost2010Prop39
140
1.0
102
RTVSPost2010PropOp39
 70
     1
102
RTVSPost2010Prop40
 90
        0
102
RTVSPost2010PropOp40
 70
     1
102
RTVSPost2010Prop41ColorIndex
 90
       18
102
RTVSPost2010Prop41ColorRGB
 90
        0
102
RTVSPost2010PropOp41
 70
     1
102
RTVSPost2010Prop42
 90
       50
102
RTVSPost2010PropOp42
 70
     1
102
RTVSPost2010Prop43
 90
        3
102
RTVSPost2010PropOp43
 70
     1
102
RTVSPost2010Prop44ColorIndex
 90
        5
102
RTVSPost2010Prop44ColorRGB
 90
      255
102
RTVSPost2010PropOp44
 70
     1
102
RTVSPost2010Prop45
280
     0
102
RTVSPost2010PropOp45
 70
     1
102
RTVSPost2010Prop46
 90
       50
102
RTVSPost2010PropOp46
 70
     1
102
RTVSPost2010Prop47
 90
       50
102
RTVSPost2010PropOp47
 70
     1
102
RTVSPost2010Prop48
 90
       50
102
RTVSPost2010PropOp48
 70
     1
102
RTVSPost2010Prop49
280
     0
102
RTVSPost2010PropOp49
 70
     1
102
RTVSPost2010Prop50
 90
       50
102
RTVSPost2010PropOp50
 70
     1
102
RTVSPost2010Prop51ColorIndex
 90
      256
102
RTVSPost2010Prop51ColorRGB
 90
-16777216
102
RTVSPost2010PropOp51
 70
     0
102
RTVSPost2010Prop52
140
1.0
102
RTVSPost2010PropOp52
 70
     0
102
RTVSPost2010Prop53
 90
        2
102
RTVSPost2010PropOp53
 70
     1
102
RTVSPost2010Prop54
  1
strokes_ogs.tif
102
RTVSPost2010PropOp54
 70
     1
102
RTVSPost2010Prop55
280
     0
102
RTVSPost2010PropOp55
 70
     1
102
RTVSPost2010Prop56
140
1.0
102
RTVSPost2010PropOp56
 70
     1
102
RTVSPost2010Prop57
140
1.0
102
RTVSPost2010PropOp57
 70
     1
  0
XRECORD
  5
3BA
102
{ACAD_REACTORS
330
3B9
102
}
330
3B9
100
AcDbXrecord
280
     1
102
RTVSPost2010Prop28
280
     0
102
RTVSPost2010PropOp28
 70
     1
102
RTVSPost2010Prop29
280
     1
102
RTVSPost2010PropOp29
 70
     1
102
RTVSPost2010Prop30
280
     1
102
RTVSPost2010PropOp30
 70
     1
102
RTVSPost2010Prop31
280
     0
102
RTVSPost2010PropOp31
 70
     1
102
RTVSPost2010Prop32
280
     0
102
RTVSPost2010PropOp32
 70
     1
102
RTVSPost2010Prop33
280
     0
102
RTVSPost2010PropOp33
 70
     1
102
RTVSPost2010Prop34
280
     0
102
RTVSPost2010PropOp34
 70
     1
102
RTVSPost2010Prop35
280
     0
102
RTVSPost2010PropOp35
 70
     1
102
RTVSPost2010Prop36
280
     0
102
RTVSPost2010PropOp36
 70
     1
102
RTVSPost2010Prop37
 90
       50
102
RTVSPost2010PropOp37
 70
     1
102
RTVSPost2010Prop38
140
0.0
102
RTVSPost2010PropOp38
 70
     1
102
RTVSPost2010Prop39
140
1.0
102
RTVSPost2010PropOp39
 70
     1
102
RTVSPost2010Prop40
 90
        0
102
RTVSPost2010PropOp40
 70
     1
102
RTVSPost2010Prop41ColorIndex
 90
       18
102
RTVSPost2010Prop41ColorRGB
 90
        0
102
RTVSPost2010PropOp41
 70
     1
102
RTVSPost2010Prop42
 90
       50
102
RTVSPost2010PropOp42
 70
     1
102
RTVSPost2010Prop43
 90
        3
102
RTVSPost2010PropOp43
 70
     1
102
RTVSPost2010Prop44ColorIndex
 90
        5
102
RTVSPost2010Prop44ColorRGB
 90
      255
102
RTVSPost2010PropOp44
 70
     1
102
RTVSPost2010Prop45
280
     0
102
RTVSPost2010PropOp45
 70
     1
102
RTVSPost2010Prop46
 90
       50
102
RTVSPost2010PropOp46
 70
     1
102
RTVSPost2010Prop47
 90
       50
102
RTVSPost2010PropOp47
 70
     1
102
RTVSPost2010Prop48
 90
       50
102
RTVSPost2010PropOp48
 70
     1
102
RTVSPost2010Prop49
280
     0
102
RTVSPost2010PropOp49
 70
     1
102
RTVSPost2010Prop50
 90
       50
102
RTVSPost2010PropOp50
 70
     1
102
RTVSPost2010Prop51ColorIndex
 90
      256
102
RTVSPost2010Prop51ColorRGB
 90
-16777216
102
RTVSPost2010PropOp51
 70
     0
102
RTVSPost2010Prop52
140
1.0
102
RTVSPost2010PropOp52
 70
     0
102
RTVSPost2010Prop53
 90
        2
102
RTVSPost2010PropOp53
 70
     1
102
RTVSPost2010Prop54
  1
strokes_ogs.tif
102
RTVSPost2010PropOp54
 70
     1
102
RTVSPost2010Prop55
280
     0
102
RTVSPost2010PropOp55
 70
     1
102
RTVSPost2010Prop56
140
1.0
102
RTVSPost2010PropOp56
 70
     1
102
RTVSPost2010Prop57
140
1.0
102
RTVSPost2010PropOp57
 70
     1
  0
XRECORD
  5
3B4
102
{ACAD_REACTORS
330
3B3
102
}
330
3B3
100
AcDbXrecord
280
     1
102
RTVSPost2010Prop28
280
     0
102
RTVSPost2010PropOp28
 70
     1
102
RTVSPost2010Prop29
280
     1
102
RTVSPost2010PropOp29
 70
     1
102
RTVSPost2010Prop30
280
     1
102
RTVSPost2010PropOp30
 70
     1
102
RTVSPost2010Prop31
280
     0
102
RTVSPost2010PropOp31
 70
     1
102
RTVSPost2010Prop32
280
     0
102
RTVSPost2010PropOp32
 70
     1
102
RTVSPost2010Prop33
280
     0
102
RTVSPost2010PropOp33
 70
     1
102
RTVSPost2010Prop34
280
     0
102
RTVSPost2010PropOp34
 70
     1
102
RTVSPost2010Prop35
280
     0
102
RTVSPost2010PropOp35
 70
     1
102
RTVSPost2010Prop36
280
     0
102
RTVSPost2010PropOp36
 70
     1
102
RTVSPost2010Prop37
 90
       50
102
RTVSPost2010PropOp37
 70
     1
102
RTVSPost2010Prop38
140
0.0
102
RTVSPost2010PropOp38
 70
     1
102
RTVSPost2010Prop39
140
1.0
102
RTVSPost2010PropOp39
 70
     1
102
RTVSPost2010Prop40
 90
        0
102
RTVSPost2010PropOp40
 70
     1
102
RTVSPost2010Prop41ColorIndex
 90
       18
102
RTVSPost2010Prop41ColorRGB
 90
        0
102
RTVSPost2010PropOp41
 70
     1
102
RTVSPost2010Prop42
 90
       50
102
RTVSPost2010PropOp42
 70
     1
102
RTVSPost2010Prop43
 90
        3
102
RTVSPost2010PropOp43
 70
     1
102
RTVSPost2010Prop44ColorIndex
 90
        5
102
RTVSPost2010Prop44ColorRGB
 90
      255
102
RTVSPost2010PropOp44
 70
     1
102
RTVSPost2010Prop45
280
     0
102
RTVSPost2010PropOp45
 70
     1
102
RTVSPost2010Prop46
 90
       50
102
RTVSPost2010PropOp46
 70
     1
102
RTVSPost2010Prop47
 90
       50
102
RTVSPost2010PropOp47
 70
     1
102
RTVSPost2010Prop48
 90
       50
102
RTVSPost2010PropOp48
 70
     1
102
RTVSPost2010Prop49
280
     0
102
RTVSPost2010PropOp49
 70
     1
102
RTVSPost2010Prop50
 90
       50
102
RTVSPost2010PropOp50
 70
     1
102
RTVSPost2010Prop51ColorIndex
 90
      256
102
RTVSPost2010Prop51ColorRGB
 90
-16777216
102
RTVSPost2010PropOp51
 70
     0
102
RTVSPost2010Prop52
140
1.0
102
RTVSPost2010PropOp52
 70
     0
102
RTVSPost2010Prop53
 90
        2
102
RTVSPost2010PropOp53
 70
     1
102
RTVSPost2010Prop54
  1
strokes_ogs.tif
102
RTVSPost2010PropOp54
 70
     1
102
RTVSPost2010Prop55
280
     0
102
RTVSPost2010PropOp55
 70
     1
102
RTVSPost2010Prop56
140
1.0
102
RTVSPost2010PropOp56
 70
     1
102
RTVSPost2010Prop57
140
1.0
102
RTVSPost2010PropOp57
 70
     1
  0
XRECORD
  5
3B6
102
{ACAD_REACTORS
330
3B5
102
}
330
3B5
100
AcDbXrecord
280
     1
102
RTVSPost2010Prop28
280
     0
102
RTVSPost2010PropOp28
 70
     1
102
RTVSPost2010Prop29
280
     1
102
RTVSPost2010PropOp29
 70
     1
102
RTVSPost2010Prop30
280
     1
102
RTVSPost2010PropOp30
 70
     1
102
RTVSPost2010Prop31
280
     0
102
RTVSPost2010PropOp31
 70
     1
102
RTVSPost2010Prop32
280
     0
102
RTVSPost2010PropOp32
 70
     1
102
RTVSPost2010Prop33
280
     0
102
RTVSPost2010PropOp33
 70
     1
102
RTVSPost2010Prop34
280
     0
102
RTVSPost2010PropOp34
 70
     1
102
RTVSPost2010Prop35
280
     0
102
RTVSPost2010PropOp35
 70
     1
102
RTVSPost2010Prop36
280
     0
102
RTVSPost2010PropOp36
 70
     1
102
RTVSPost2010Prop37
 90
       50
102
RTVSPost2010PropOp37
 70
     1
102
RTVSPost2010Prop38
140
0.0
102
RTVSPost2010PropOp38
 70
     1
102
RTVSPost2010Prop39
140
1.0
102
RTVSPost2010PropOp39
 70
     1
102
RTVSPost2010Prop40
 90
        0
102
RTVSPost2010PropOp40
 70
     1
102
RTVSPost2010Prop41ColorIndex
 90
       18
102
RTVSPost2010Prop41ColorRGB
 90
        0
102
RTVSPost2010PropOp41
 70
     1
102
RTVSPost2010Prop42
 90
       50
102
RTVSPost2010PropOp42
 70
     1
102
RTVSPost2010Prop43
 90
        3
102
RTVSPost2010PropOp43
 70
     1
102
RTVSPost2010Prop44ColorIndex
 90
        5
102
RTVSPost2010Prop44ColorRGB
 90
      255
102
RTVSPost2010PropOp44
 70
     1
102
RTVSPost2010Prop45
280
     0
102
RTVSPost2010PropOp45
 70
     1
102
RTVSPost2010Prop46
 90
       50
102
RTVSPost2010PropOp46
 70
     1
102
RTVSPost2010Prop47
 90
       50
102
RTVSPost2010PropOp47
 70
     1
102
RTVSPost2010Prop48
 90
       50
102
RTVSPost2010PropOp48
 70
     1
102
RTVSPost2010Prop49
280
     0
102
RTVSPost2010PropOp49
 70
     1
102
RTVSPost2010Prop50
 90
       50
102
RTVSPost2010PropOp50
 70
     1
102
RTVSPost2010Prop51ColorIndex
 90
      256
102
RTVSPost2010Prop51ColorRGB
 90
-16777216
102
RTVSPost2010PropOp51
 70
     0
102
RTVSPost2010Prop52
140
1.0
102
RTVSPost2010PropOp52
 70
     0
102
RTVSPost2010Prop53
 90
        2
102
RTVSPost2010PropOp53
 70
     1
102
RTVSPost2010Prop54
  1
strokes_ogs.tif
102
RTVSPost2010PropOp54
 70
     1
102
RTVSPost2010Prop55
280
     0
102
RTVSPost2010PropOp55
 70
     1
102
RTVSPost2010Prop56
140
1.0
102
RTVSPost2010PropOp56
 70
     1
102
RTVSPost2010Prop57
140
1.0
102
RTVSPost2010PropOp57
 70
     1
  0
XRECORD
  5
3A6
102
{ACAD_REACTORS
330
3A5
102
}
330
3A5
100
AcDbXrecord
280
     1
102
RTVSPost2010Prop28
280
     0
102
RTVSPost2010PropOp28
 70
     1
102
RTVSPost2010Prop29
280
     1
102
RTVSPost2010PropOp29
 70
     1
102
RTVSPost2010Prop30
280
     1
102
RTVSPost2010PropOp30
 70
     1
102
RTVSPost2010Prop31
280
     0
102
RTVSPost2010PropOp31
 70
     1
102
RTVSPost2010Prop32
280
     0
102
RTVSPost2010PropOp32
 70
     1
102
RTVSPost2010Prop33
280
     0
102
RTVSPost2010PropOp33
 70
     1
102
RTVSPost2010Prop34
280
     0
102
RTVSPost2010PropOp34
 70
     1
102
RTVSPost2010Prop35
280
     0
102
RTVSPost2010PropOp35
 70
     1
102
RTVSPost2010Prop36
280
     0
102
RTVSPost2010PropOp36
 70
     1
102
RTVSPost2010Prop37
 90
       50
102
RTVSPost2010PropOp37
 70
     1
102
RTVSPost2010Prop38
140
0.0
102
RTVSPost2010PropOp38
 70
     1
102
RTVSPost2010Prop39
140
1.0
102
RTVSPost2010PropOp39
 70
     1
102
RTVSPost2010Prop40
 90
        0
102
RTVSPost2010PropOp40
 70
     1
102
RTVSPost2010Prop41ColorIndex
 90
       18
102
RTVSPost2010Prop41ColorRGB
 90
        0
102
RTVSPost2010PropOp41
 70
     1
102
RTVSPost2010Prop42
 90
       50
102
RTVSPost2010PropOp42
 70
     1
102
RTVSPost2010Prop43
 90
        3
102
RTVSPost2010PropOp43
 70
     1
102
RTVSPost2010Prop44ColorIndex
 90
        5
102
RTVSPost2010Prop44ColorRGB
 90
      255
102
RTVSPost2010PropOp44
 70
     1
102
RTVSPost2010Prop45
280
     0
102
RTVSPost2010PropOp45
 70
     1
102
RTVSPost2010Prop46
 90
       50
102
RTVSPost2010PropOp46
 70
     1
102
RTVSPost2010Prop47
 90
       50
102
RTVSPost2010PropOp47
 70
     1
102
RTVSPost2010Prop48
 90
       50
102
RTVSPost2010PropOp48
 70
     1
102
RTVSPost2010Prop49
280
     0
102
RTVSPost2010PropOp49
 70
     1
102
RTVSPost2010Prop50
 90
       50
102
RTVSPost2010PropOp50
 70
     1
102
RTVSPost2010Prop51ColorIndex
 90
      256
102
RTVSPost2010Prop51ColorRGB
 90
-16777216
102
RTVSPost2010PropOp51
 70
     0
102
RTVSPost2010Prop52
140
1.0
102
RTVSPost2010PropOp52
 70
     0
102
RTVSPost2010Prop53
 90
        2
102
RTVSPost2010PropOp53
 70
     1
102
RTVSPost2010Prop54
  1
strokes_ogs.tif
102
RTVSPost2010PropOp54
 70
     1
102
RTVSPost2010Prop55
280
     0
102
RTVSPost2010PropOp55
 70
     1
102
RTVSPost2010Prop56
140
1.0
102
RTVSPost2010PropOp56
 70
     1
102
RTVSPost2010Prop57
140
1.0
102
RTVSPost2010PropOp57
 70
     1
  0
XRECORD
  5
398
102
{ACAD_REACTORS
330
397
102
}
330
397
100
AcDbXrecord
280
     1
102
RTVSPost2010Prop28
280
     0
102
RTVSPost2010PropOp28
 70
     1
102
RTVSPost2010Prop29
280
     1
102
RTVSPost2010PropOp29
 70
     1
102
RTVSPost2010Prop30
280
     1
102
RTVSPost2010PropOp30
 70
     1
102
RTVSPost2010Prop31
280
     0
102
RTVSPost2010PropOp31
 70
     1
102
RTVSPost2010Prop32
280
     0
102
RTVSPost2010PropOp32
 70
     1
102
RTVSPost2010Prop33
280
     0
102
RTVSPost2010PropOp33
 70
     1
102
RTVSPost2010Prop34
280
     0
102
RTVSPost2010PropOp34
 70
     1
102
RTVSPost2010Prop35
280
     0
102
RTVSPost2010PropOp35
 70
     1
102
RTVSPost2010Prop36
280
     0
102
RTVSPost2010PropOp36
 70
     1
102
RTVSPost2010Prop37
 90
       50
102
RTVSPost2010PropOp37
 70
     1
102
RTVSPost2010Prop38
140
0.0
102
RTVSPost2010PropOp38
 70
     1
102
RTVSPost2010Prop39
140
1.0
102
RTVSPost2010PropOp39
 70
     1
102
RTVSPost2010Prop40
 90
        0
102
RTVSPost2010PropOp40
 70
     1
102
RTVSPost2010Prop41ColorIndex
 90
       18
102
RTVSPost2010Prop41ColorRGB
 90
        0
102
RTVSPost2010PropOp41
 70
     1
102
RTVSPost2010Prop42
 90
       50
102
RTVSPost2010PropOp42
 70
     1
102
RTVSPost2010Prop43
 90
        3
102
RTVSPost2010PropOp43
 70
     1
102
RTVSPost2010Prop44ColorIndex
 90
        5
102
RTVSPost2010Prop44ColorRGB
 90
      255
102
RTVSPost2010PropOp44
 70
     1
102
RTVSPost2010Prop45
280
     0
102
RTVSPost2010PropOp45
 70
     1
102
RTVSPost2010Prop46
 90
       50
102
RTVSPost2010PropOp46
 70
     1
102
RTVSPost2010Prop47
 90
       50
102
RTVSPost2010PropOp47
 70
     1
102
RTVSPost2010Prop48
 90
       50
102
RTVSPost2010PropOp48
 70
     1
102
RTVSPost2010Prop49
280
     0
102
RTVSPost2010PropOp49
 70
     1
102
RTVSPost2010Prop50
 90
       50
102
RTVSPost2010PropOp50
 70
     1
102
RTVSPost2010Prop51ColorIndex
 90
      256
102
RTVSPost2010Prop51ColorRGB
 90
-16777216
102
RTVSPost2010PropOp51
 70
     0
102
RTVSPost2010Prop52
140
1.0
102
RTVSPost2010PropOp52
 70
     0
102
RTVSPost2010Prop53
 90
        2
102
RTVSPost2010PropOp53
 70
     1
102
RTVSPost2010Prop54
  1
strokes_ogs.tif
102
RTVSPost2010PropOp54
 70
     1
102
RTVSPost2010Prop55
280
     0
102
RTVSPost2010PropOp55
 70
     1
102
RTVSPost2010Prop56
140
1.0
102
RTVSPost2010PropOp56
 70
     1
102
RTVSPost2010Prop57
140
1.0
102
RTVSPost2010PropOp57
 70
     1
  0
XRECORD
  5
3B8
102
{ACAD_REACTORS
330
3B7
102
}
330
3B7
100
AcDbXrecord
280
     1
102
RTVSPost2010Prop28
280
     0
102
RTVSPost2010PropOp28
 70
     1
102
RTVSPost2010Prop29
280
     1
102
RTVSPost2010PropOp29
 70
     1
102
RTVSPost2010Prop30
280
     1
102
RTVSPost2010PropOp30
 70
     1
102
RTVSPost2010Prop31
280
     0
102
RTVSPost2010PropOp31
 70
     1
102
RTVSPost2010Prop32
280
     0
102
RTVSPost2010PropOp32
 70
     1
102
RTVSPost2010Prop33
280
     0
102
RTVSPost2010PropOp33
 70
     1
102
RTVSPost2010Prop34
280
     0
102
RTVSPost2010PropOp34
 70
     1
102
RTVSPost2010Prop35
280
     0
102
RTVSPost2010PropOp35
 70
     1
102
RTVSPost2010Prop36
280
     0
102
RTVSPost2010PropOp36
 70
     1
102
RTVSPost2010Prop37
 90
       50
102
RTVSPost2010PropOp37
 70
     1
102
RTVSPost2010Prop38
140
0.0
102
RTVSPost2010PropOp38
 70
     1
102
RTVSPost2010Prop39
140
1.0
102
RTVSPost2010PropOp39
 70
     1
102
RTVSPost2010Prop40
 90
        0
102
RTVSPost2010PropOp40
 70
     1
102
RTVSPost2010Prop41ColorIndex
 90
       18
102
RTVSPost2010Prop41ColorRGB
 90
        0
102
RTVSPost2010PropOp41
 70
     1
102
RTVSPost2010Prop42
 90
       50
102
RTVSPost2010PropOp42
 70
     1
102
RTVSPost2010Prop43
 90
        3
102
RTVSPost2010PropOp43
 70
     1
102
RTVSPost2010Prop44ColorIndex
 90
        5
102
RTVSPost2010Prop44ColorRGB
 90
      255
102
RTVSPost2010PropOp44
 70
     1
102
RTVSPost2010Prop45
280
     0
102
RTVSPost2010PropOp45
 70
     1
102
RTVSPost2010Prop46
 90
       50
102
RTVSPost2010PropOp46
 70
     1
102
RTVSPost2010Prop47
 90
       50
102
RTVSPost2010PropOp47
 70
     1
102
RTVSPost2010Prop48
 90
       50
102
RTVSPost2010PropOp48
 70
     1
102
RTVSPost2010Prop49
280
     0
102
RTVSPost2010PropOp49
 70
     1
102
RTVSPost2010Prop50
 90
       50
102
RTVSPost2010PropOp50
 70
     1
102
RTVSPost2010Prop51ColorIndex
 90
      256
102
RTVSPost2010Prop51ColorRGB
 90
-16777216
102
RTVSPost2010PropOp51
 70
     0
102
RTVSPost2010Prop52
140
1.0
102
RTVSPost2010PropOp52
 70
     0
102
RTVSPost2010Prop53
 90
        2
102
RTVSPost2010PropOp53
 70
     1
102
RTVSPost2010Prop54
  1
strokes_ogs.tif
102
RTVSPost2010PropOp54
 70
     1
102
RTVSPost2010Prop55
280
     0
102
RTVSPost2010PropOp55
 70
     1
102
RTVSPost2010Prop56
140
1.0
102
RTVSPost2010PropOp56
 70
     1
102
RTVSPost2010Prop57
140
1.0
102
RTVSPost2010PropOp57
 70
     1
  0
ENDSEC
  0
EOF
