  0
SECTION
  2
HEADER
  9
$ACADVER
  1
AC1024
  9
$ACADMAINTVER
 70
     6
  9
$DWGCODEPAGE
  3
MAC-ROMAN
  9
$INSBASE
 10
0.0
 20
0.0
 30
0.0
  9
$EXTMIN
 10
1.000000000000000E+20
 20
1.000000000000000E+20
 30
1.000000000000000E+20
  9
$EXTMAX
 10
-1.000000000000000E+20
 20
-1.000000000000000E+20
 30
-1.000000000000000E+20
  9
$LIMMIN
 10
0.0
 20
0.0
  9
$LIMMAX
 10
420.0
 20
297.0
  9
$ORTHOMODE
 70
     0
  9
$REGENMODE
 70
     1
  9
$FILLMODE
 70
     1
  9
$QTEXTMODE
 70
     0
  9
$MIRRTEXT
 70
     1
  9
$LTSCALE
 40
1.0
  9
$ATTMODE
 70
     1
  9
$TEXTSIZE
 40
2.5
  9
$TRACEWID
 40
1.0
  9
$TEXTSTYLE
  7
Standard
  9
$CLAYER
  8
0
  9
$CELTYPE
  6
ByLayer
  9
$CECOLOR
 62
   256
  9
$CELTSCALE
 40
1.0
  9
$DISPSILH
 70
     0
  9
$DIMSCALE
 40
1.0
  9
$DIMASZ
 40
2.5
  9
$DIMEXO
 40
0.625
  9
$DIMDLI
 40
3.75
  9
$DIMRND
 40
0.01
  9
$DIMDLE
 40
0.0
  9
$DIMEXE
 40
1.25
  9
$DIMTP
 40
0.0
  9
$DIMTM
 40
0.0
  9
$DIMTXT
 40
2.5
  9
$DIMCEN
 40
2.5
  9
$DIMTSZ
 40
0.0
  9
$DIMTOL
 70
     0
  9
$DIMLIM
 70
     0
  9
$DIMTIH
 70
     0
  9
$DIMTOH
 70
     0
  9
$DIMSE1
 70
     0
  9
$DIMSE2
 70
     0
  9
$DIMTAD
 70
     1
  9
$DIMZIN
 70
     8
  9
$DIMBLK
  1

  9
$DIMASO
 70
     1
  9
$DIMSHO
 70
     1
  9
$DIMPOST
  1

  9
$DIMAPOST
  1

  9
$DIMALT
 70
     0
  9
$DIMALTD
 70
     3
  9
$DIMALTF
 40
0.0393700787401575
  9
$DIMLFAC
 40
1.0
  9
$DIMTOFL
 70
     1
  9
$DIMTVP
 40
0.0
  9
$DIMTIX
 70
     0
  9
$DIMSOXD
 70
     0
  9
$DIMSAH
 70
     0
  9
$DIMBLK1
  1

  9
$DIMBLK2
  1

  9
$DIMSTYLE
  2
ISO-25
  9
$DIMCLRD
 70
     0
  9
$DIMCLRE
 70
     0
  9
$DIMCLRT
 70
     0
  9
$DIMTFAC
 40
1.0
  9
$DIMGAP
 40
0.7
  9
$DIMJUST
 70
     0
  9
$DIMSD1
 70
     0
  9
$DIMSD2
 70
     0
  9
$DIMTOLJ
 70
     0
  9
$DIMTZIN
 70
     8
  9
$DIMALTZ
 70
     0
  9
$DIMALTTZ
 70
     0
  9
$DIMUPT
 70
     0
  9
$DIMDEC
 70
     2
  9
$DIMTDEC
 70
     2
  9
$DIMALTU
 70
     2
  9
$DIMALTTD
 70
     3
  9
$DIMTXSTY
  7
Standard
  9
$DIMAUNIT
 70
     0
  9
$DIMADEC
 70
     2
  9
$DIMALTRND
 40
0.0
  9
$DIMAZIN
 70
     0
  9
$DIMDSEP
 70
    44
  9
$DIMATFIT
 70
     3
  9
$DIMFRAC
 70
     2
  9
$DIMLDRBLK
  1

  9
$DIMLUNIT
 70
     2
  9
$DIMLWD
 70
    15
  9
$DIMLWE
 70
    15
  9
$DIMTMOVE
 70
     0
  9
$DIMFXL
 40
1.0
  9
$DIMFXLON
 70
     0
  9
$DIMJOGANG
 40
0.7853981633974483
  9
$DIMTFILL
 70
     0
  9
$DIMTFILLCLR
 70
     0
  9
$DIMARCSYM
 70
     0
  9
$DIMLTYPE
  6

  9
$DIMLTEX1
  6

  9
$DIMLTEX2
  6

  9
$DIMTXTDIRECTION
 70
     0
  9
$LUNITS
 70
     2
  9
$LUPREC
 70
     4
  9
$SKETCHINC
 40
1.0
  9
$FILLETRAD
 40
0.0
  9
$AUNITS
 70
     0
  9
$AUPREC
 70
     0
  9
$MENU
  1
.
  9
$ELEVATION
 40
0.0
  9
$PELEVATION
 40
0.0
  9
$THICKNESS
 40
0.0
  9
$LIMCHECK
 70
     0
  9
$CHAMFERA
 40
0.0
  9
$CHAMFERB
 40
0.0
  9
$CHAMFERC
 40
0.0
  9
$CHAMFERD
 40
0.0
  9
$SKPOLY
 70
     0
  9
$TDCREATE
 40
2460892.72393478
  9
$TDUCREATE
 40
2460892.640601447
  9
$TDUPDATE
 40
2460892.723934815
  9
$TDUUPDATE
 40
2460892.640601482
  9
$TDINDWG
 40
0.0000000116
  9
$TDUSRTIMER
 40
0.0000000116
  9
$USRTIMER
 70
     1
  9
$ANGBASE
 50
0.0
  9
$ANGDIR
 70
     0
  9
$PDMODE
 70
     0
  9
$PDSIZE
 40
0.0
  9
$PLINEWID
 40
0.0
  9
$SPLFRAME
 70
     0
  9
$SPLINETYPE
 70
     6
  9
$SPLINESEGS
 70
     8
  9
$HANDSEED
  5
DD
  9
$SURFTAB1
 70
     6
  9
$SURFTAB2
 70
     6
  9
$SURFTYPE
 70
     6
  9
$SURFU
 70
     6
  9
$SURFV
 70
     6
  9
$UCSBASE
  2

  9
$UCSNAME
  2

  9
$UCSORG
 10
0.0
 20
0.0
 30
0.0
  9
$UCSXDIR
 10
1.0
 20
0.0
 30
0.0
  9
$UCSYDIR
 10
0.0
 20
1.0
 30
0.0
  9
$UCSORTHOREF
  2

  9
$UCSORTHOVIEW
 70
     0
  9
$UCSORGTOP
 10
0.0
 20
0.0
 30
0.0
  9
$UCSORGBOTTOM
 10
0.0
 20
0.0
 30
0.0
  9
$UCSORGLEFT
 10
0.0
 20
0.0
 30
0.0
  9
$UCSORGRIGHT
 10
0.0
 20
0.0
 30
0.0
  9
$UCSORGFRONT
 10
0.0
 20
0.0
 30
0.0
  9
$UCSORGBACK
 10
0.0
 20
0.0
 30
0.0
  9
$PUCSBASE
  2

  9
$PUCSNAME
  2

  9
$PUCSORG
 10
0.0
 20
0.0
 30
0.0
  9
$PUCSXDIR
 10
1.0
 20
0.0
 30
0.0
  9
$PUCSYDIR
 10
0.0
 20
1.0
 30
0.0
  9
$PUCSORTHOREF
  2

  9
$PUCSORTHOVIEW
 70
     0
  9
$PUCSORGTOP
 10
0.0
 20
0.0
 30
0.0
  9
$PUCSORGBOTTOM
 10
0.0
 20
0.0
 30
0.0
  9
$PUCSORGLEFT
 10
0.0
 20
0.0
 30
0.0
  9
$PUCSORGRIGHT
 10
0.0
 20
0.0
 30
0.0
  9
$PUCSORGFRONT
 10
0.0
 20
0.0
 30
0.0
  9
$PUCSORGBACK
 10
0.0
 20
0.0
 30
0.0
  9
$USERI1
 70
     0
  9
$USERI2
 70
     0
  9
$USERI3
 70
     0
  9
$USERI4
 70
     0
  9
$USERI5
 70
     0
  9
$USERR1
 40
0.0
  9
$USERR2
 40
0.0
  9
$USERR3
 40
0.0
  9
$USERR4
 40
0.0
  9
$USERR5
 40
0.0
  9
$WORLDVIEW
 70
     1
  9
$SHADEDGE
 70
     3
  9
$SHADEDIF
 70
    70
  9
$TILEMODE
 70
     0
  9
$MAXACTVP
 70
    64
  9
$PINSBASE
 10
0.0
 20
0.0
 30
0.0
  9
$PLIMCHECK
 70
     0
  9
$PEXTMIN
 10
0.0
 20
0.0
 30
0.0
  9
$PEXTMAX
 10
0.0
 20
0.0
 30
0.0
  9
$PLIMMIN
 10
-20.0
 20
-7.5
  9
$PLIMMAX
 10
277.0
 20
202.5
  9
$UNITMODE
 70
     0
  9
$VISRETAIN
 70
     1
  9
$PLINEGEN
 70
     0
  9
$PSLTSCALE
 70
     1
  9
$TREEDEPTH
 70
  3020
  9
$CMLSTYLE
  2
Standard
  9
$CMLJUST
 70
     0
  9
$CMLSCALE
 40
20.0
  9
$PROXYGRAPHICS
 70
     1
  9
$MEASUREMENT
 70
     1
  9
$CELWEIGHT
370
    -1
  9
$ENDCAPS
280
     0
  9
$JOINSTYLE
280
     0
  9
$LWDISPLAY
290
     0
  9
$INSUNITS
 70
     4
  9
$HYPERLINKBASE
  1

  9
$STYLESHEET
  1

  9
$XEDIT
290
     1
  9
$CEPSNTYPE
380
     0
  9
$PSTYLEMODE
290
     1
  9
$FINGERPRINTGUID
  2
{64efe9ce-8fe3-564c-acbd-707d6751c273}
  9
$VERSIONGUID
  2
{FAEB1C32-E019-11D5-929B-00C0DF256EC4}
  9
$EXTNAMES
290
     1
  9
$PSVPSCALE
 40
0.0
  9
$OLESTARTUP
290
     0
  9
$SORTENTS
280
   127
  9
$INDEXCTL
280
     0
  9
$HIDETEXT
280
     1
  9
$XCLIPFRAME
280
     2
  9
$HALOGAP
280
     0
  9
$OBSCOLOR
 70
   257
  9
$OBSLTYPE
280
     0
  9
$INTERSECTIONDISPLAY
280
     0
  9
$INTERSECTIONCOLOR
 70
   257
  9
$DIMASSOC
280
     2
  9
$PROJECTNAME
  1

  9
$CAMERADISPLAY
290
     0
  9
$LENSLENGTH
 40
50.0
  9
$CAMERAHEIGHT
 40
0.0
  9
$STEPSPERSEC
 40
2.0
  9
$STEPSIZE
 40
6.0
  9
$3DDWFPREC
 40
2.0
  9
$PSOLWIDTH
 40
5.0
  9
$PSOLHEIGHT
 40
80.0
  9
$LOFTANG1
 40
1.570796326794897
  9
$LOFTANG2
 40
1.570796326794897
  9
$LOFTMAG1
 40
0.0
  9
$LOFTMAG2
 40
0.0
  9
$LOFTPARAM
 70
     7
  9
$LOFTNORMALS
280
     1
  9
$LATITUDE
 40
37.795
  9
$LONGITUDE
 40
-122.394
  9
$NORTHDIRECTION
 40
0.0
  9
$TIMEZONE
 70
 -8000
  9
$LIGHTGLYPHDISPLAY
280
     1
  9
$TILEMODELIGHTSYNCH
280
     1
  9
$CMATERIAL
347
44
  9
$SOLIDHIST
280
     0
  9
$SHOWHIST
280
     1
  9
$DWFFRAME
280
     2
  9
$DGNFRAME
280
     2
  9
$REALWORLDSCALE
290
     1
  9
$INTERFERECOLOR
 62
   256
  9
$CSHADOW
280
     0
  9
$SHADOWPLANELOCATION
 40
0.0
  0
ENDSEC
  0
SECTION
  2
CLASSES
  0
CLASS
  1
ACDBDICTIONARYWDFLT
  2
AcDbDictionaryWithDefault
  3
ObjectDBX Classes
 90
        0
 91
        3
280
     0
281
     0
  0
CLASS
  1
VISUALSTYLE
  2
AcDbVisualStyle
  3
ObjectDBX Classes
 90
     4095
 91
        3
280
     0
281
     0
  0
CLASS
  1
MATERIAL
  2
AcDbMaterial
  3
ObjectDBX Classes
 90
     1153
 91
        3
280
     0
281
     0
  0
CLASS
  1
SCALE
  2
AcDbScale
  3
ObjectDBX Classes
 90
     1153
 91
        3
280
     0
281
     0
  0
CLASS
  1
TABLESTYLE
  2
AcDbTableStyle
  3
ObjectDBX Classes
 90
     4095
 91
        3
280
     0
281
     0
  0
CLASS
  1
MLEADERSTYLE
  2
AcDbMLeaderStyle
  3
ACDB_MLEADERSTYLE_CLASS
 90
     4095
 91
        3
280
     0
281
     0
  0
CLASS
  1
SUN
  2
AcDbSun
  3
SCENEOE
 90
     1153
 91
        3
280
     0
281
     0
  0
CLASS
  1
DICTIONARYVAR
  2
AcDbDictionaryVar
  3
ObjectDBX Classes
 90
        0
 91
        3
280
     0
281
     0
  0
CLASS
  1
CELLSTYLEMAP
  2
AcDbCellStyleMap
  3
ObjectDBX Classes
 90
     1152
 91
        3
280
     0
281
     0
  0
ENDSEC
  0
SECTION
  2
TABLES
  0
TABLE
  2
VPORT
  5
8
330
0
100
AcDbSymbolTable
 70
     1
  0
VPORT
  5
29
330
8
100
AcDbSymbolTableRecord
100
AcDbViewportTableRecord
  2
*Active
 70
     0
 10
0.0
 20
0.0
 11
1.0
 21
1.0
 12
210.0
 22
148.5
 13
0.0
 23
0.0
 14
10.0
 24
10.0
 15
10.0
 25
10.0
 16
0.0
 26
0.0
 36
1.0
 17
0.0
 27
0.0
 37
0.0
 40
297.0
 41
1.414141414141414
 42
50.0
 43
0.0
 44
0.0
 50
0.0
 51
0.0
 71
     0
 72
   100
 73
     1
 74
     3
 75
     0
 76
     0
 77
     0
 78
     0
281
     0
 65
     1
110
0.0
120
0.0
130
0.0
111
1.0
121
0.0
131
0.0
112
0.0
122
1.0
132
0.0
 79
     0
146
0.0
348
2F
 60
     3
 61
     5
292
     1
282
     1
141
0.0
142
0.0
 63
   250
361
5D
  0
ENDTAB
  0
TABLE
  2
LTYPE
  5
5
330
0
100
AcDbSymbolTable
 70
     6
  0
LTYPE
  5
14
330
5
100
AcDbSymbolTableRecord
100
AcDbLinetypeTableRecord
  2
ByBlock
 70
     0
  3

 72
    65
 73
     0
 40
0.0
  0
LTYPE
  5
15
330
5
100
AcDbSymbolTableRecord
100
AcDbLinetypeTableRecord
  2
ByLayer
 70
     0
  3

 72
    65
 73
     0
 40
0.0
  0
LTYPE
  5
16
330
5
100
AcDbSymbolTableRecord
100
AcDbLinetypeTableRecord
  2
Continuous
 70
     0
  3
Solid line
 72
    65
 73
     0
 40
0.0
  0
LTYPE
  5
61
330
5
100
AcDbSymbolTableRecord
100
AcDbLinetypeTableRecord
  2
CenterLine
 70
     0
  3

 72
    65
 73
     4
 40
8.0
 49
5.0
 74
     0
 49
-1.0
 74
     0
 49
1.0
 74
     0
 49
-1.0
 74
     0
  0
LTYPE
  5
62
330
5
100
AcDbSymbolTableRecord
100
AcDbLinetypeTableRecord
  2
DraftedLine
 70
     0
  3

 72
    65
 73
     2
 40
3.0
 49
2.0
 74
     0
 49
-1.0
 74
     0
  0
LTYPE
  5
63
330
5
100
AcDbSymbolTableRecord
100
AcDbLinetypeTableRecord
  2
SectionLineISO
 70
     0
  3

 72
    65
 73
     5
 40
13.75833333333342
 49
4.23333333333336
 74
     0
 49
-2.11666666666668
 74
     0
 49
1.05833333333334
 74
     0
 49
-2.11666666666668
 74
     0
 49
4.23333333333336
 74
     0
  0
LTYPE
  5
64
330
5
100
AcDbSymbolTableRecord
100
AcDbLinetypeTableRecord
  2
SectionLineANSI
 70
     0
  3

 72
    65
 73
     7
 40
11.99444444444452
 49
4.23333333333336
 74
     0
 49
-1.05833333333334
 74
     0
 49
0.17638888888889
 74
     0
 49
-1.05833333333334
 74
     0
 49
0.17638888888889
 74
     0
 49
-1.05833333333334
 74
     0
 49
4.23333333333336
 74
     0
  0
LTYPE
  5
65
330
5
100
AcDbSymbolTableRecord
100
AcDbLinetypeTableRecord
  2
DetailCircleISO
 70
     0
  3

 72
    65
 73
     5
 40
13.75833333333342
 49
4.23333333333336
 74
     0
 49
-2.11666666666668
 74
     0
 49
1.05833333333334
 74
     0
 49
-2.11666666666668
 74
     0
 49
4.23333333333336
 74
     0
  0
ENDTAB
  0
TABLE
  2
LAYER
  5
2
330
0
100
AcDbSymbolTable
 70
     4
  0
LAYER
  5
10
330
2
100
AcDbSymbolTableRecord
100
AcDbLayerTableRecord
  2
0
 70
     0
 62
     7
  6
Continuous
370
    -3
390
F
347
46
  0
LAYER
  5
5E
330
2
100
AcDbSymbolTableRecord
100
AcDbLayerTableRecord
  2
Geometries
 70
     0
 62
     7
  6
Continuous
370
    -3
390
F
347
46
  0
LAYER
  5
5F
330
2
100
AcDbSymbolTableRecord
100
AcDbLayerTableRecord
  2
Annotations
 70
     0
 62
     7
  6
Continuous
370
    -3
390
F
347
46
  0
LAYER
  5
60
330
2
100
AcDbSymbolTableRecord
100
AcDbLayerTableRecord
  2
Border
 70
     0
 62
     7
  6
Continuous
370
    -3
390
F
347
46
  0
ENDTAB
  0
TABLE
  2
STYLE
  5
3
330
0
100
AcDbSymbolTable
 70
    16
  0
STYLE
  5
11
330
3
100
AcDbSymbolTableRecord
100
AcDbTextStyleTableRecord
  2
Standard
 70
     0
 40
0.0
 41
1.0
 50
0.0
 71
     0
 42
2.5
  3
txt
  4

  0
STYLE
  5
66
330
3
100
AcDbSymbolTableRecord
100
AcDbTextStyleTableRecord
  2
Shapr0
 70
     0
 40
3.3495
 41
1.0
 50
0.0
 71
     0
 42
2.5
  3

  4

  0
STYLE
  5
67
330
3
100
AcDbSymbolTableRecord
100
AcDbTextStyleTableRecord
  2
Shapr1
 70
     0
 40
3.3495
 41
1.0
 50
0.0
 71
     0
 42
2.5
  3

  4

  0
STYLE
  5
68
330
3
100
AcDbSymbolTableRecord
100
AcDbTextStyleTableRecord
  2
Shapr2
 70
     0
 40
3.3495
 41
1.0
 50
0.0
 71
     0
 42
2.5
  3

  4

  0
STYLE
  5
69
330
3
100
AcDbSymbolTableRecord
100
AcDbTextStyleTableRecord
  2
Shapr3
 70
     0
 40
3.3495
 41
1.0
 50
0.0
 71
     0
 42
2.5
  3

  4

  0
STYLE
  5
6A
330
3
100
AcDbSymbolTableRecord
100
AcDbTextStyleTableRecord
  2
Shapr4
 70
     0
 40
3.3495
 41
1.0
 50
0.0
 71
     0
 42
2.5
  3

  4

  0
STYLE
  5
6B
330
3
100
AcDbSymbolTableRecord
100
AcDbTextStyleTableRecord
  2
Shapr5
 70
     0
 40
3.3495
 41
1.0
 50
0.0
 71
     0
 42
2.5
  3

  4

  0
STYLE
  5
6C
330
3
100
AcDbSymbolTableRecord
100
AcDbTextStyleTableRecord
  2
Shapr6
 70
     0
 40
3.3495
 41
1.0
 50
0.0
 71
     0
 42
2.5
  3

  4

  0
STYLE
  5
6D
330
3
100
AcDbSymbolTableRecord
100
AcDbTextStyleTableRecord
  2
Shapr7
 70
     0
 40
3.3495
 41
1.0
 50
0.0
 71
     0
 42
2.5
  3

  4

  0
STYLE
  5
6E
330
3
100
AcDbSymbolTableRecord
100
AcDbTextStyleTableRecord
  2
Shapr8
 70
     0
 40
3.3495
 41
1.0
 50
0.0
 71
     0
 42
2.5
  3

  4

  0
STYLE
  5
6F
330
3
100
AcDbSymbolTableRecord
100
AcDbTextStyleTableRecord
  2
Shapr9
 70
     0
 40
3.3495
 41
1.0
 50
0.0
 71
     0
 42
2.5
  3

  4

  0
STYLE
  5
70
330
3
100
AcDbSymbolTableRecord
100
AcDbTextStyleTableRecord
  2
Shapr10
 70
     0
 40
3.3495
 41
1.0
 50
0.0
 71
     0
 42
2.5
  3

  4

  0
STYLE
  5
71
330
3
100
AcDbSymbolTableRecord
100
AcDbTextStyleTableRecord
  2
Shapr11
 70
     0
 40
3.3495
 41
1.0
 50
0.0
 71
     0
 42
2.5
  3

  4

  0
STYLE
  5
72
330
3
100
AcDbSymbolTableRecord
100
AcDbTextStyleTableRecord
  2
Shapr12
 70
     0
 40
3.3495
 41
1.0
 50
0.0
 71
     0
 42
2.5
  3

  4

  0
STYLE
  5
73
330
3
100
AcDbSymbolTableRecord
100
AcDbTextStyleTableRecord
  2
Shapr13
 70
     0
 40
3.3495
 41
1.0
 50
0.0
 71
     0
 42
2.5
  3

  4

  0
STYLE
  5
74
330
3
100
AcDbSymbolTableRecord
100
AcDbTextStyleTableRecord
  2
Shapr14
 70
     0
 40
3.3495
 41
1.0
 50
0.0
 71
     0
 42
2.5
  3

  4

  0
ENDTAB
  0
TABLE
  2
VIEW
  5
6
330
0
100
AcDbSymbolTable
 70
     0
  0
ENDTAB
  0
TABLE
  2
UCS
  5
7
330
0
100
AcDbSymbolTable
 70
     0
  0
ENDTAB
  0
TABLE
  2
APPID
  5
9
330
0
100
AcDbSymbolTable
 70
     1
  0
APPID
  5
12
330
9
100
AcDbSymbolTableRecord
100
AcDbRegAppTableRecord
  2
ACAD
 70
     0
  0
ENDTAB
  0
TABLE
  2
DIMSTYLE
  5
A
330
0
100
AcDbSymbolTable
 70
     1
100
AcDbDimStyleTable
  0
DIMSTYLE
105
27
330
A
100
AcDbSymbolTableRecord
100
AcDbDimStyleTableRecord
  2
ISO-25
 70
     0
 41
2.5
 42
0.625
 43
3.75
 44
1.25
 73
     0
 74
     0
 77
     1
 78
     8
140
2.5
141
2.5
143
0.0393700787401575
147
0.625
171
     3
172
     1
178
     0
271
     2
272
     2
274
     3
278
    44
283
     0
284
     8
340
11
  0
ENDTAB
  0
TABLE
  2
BLOCK_RECORD
  5
1
330
0
100
AcDbSymbolTable
 70
     2
  0
BLOCK_RECORD
  5
1F
330
1
100
AcDbSymbolTableRecord
100
AcDbBlockTableRecord
  2
*Model_Space
340
22
 70
     4
280
     1
281
     0
  0
BLOCK_RECORD
  5
75
330
1
100
AcDbSymbolTableRecord
100
AcDbBlockTableRecord
  2
*Paper_Space
340
76
 70
     0
280
     1
281
     0
  0
BLOCK_RECORD
  5
23
330
1
100
AcDbSymbolTableRecord
100
AcDbBlockTableRecord
  2
*Paper_Space0
340
26
 70
     0
280
     1
281
     0
  0
BLOCK_RECORD
  5
1B
330
1
100
AcDbSymbolTableRecord
100
AcDbBlockTableRecord
  2
*Paper_Space1
340
1E
 70
     4
280
     1
281
     0
  0
ENDTAB
  0
ENDSEC
  0
SECTION
  2
BLOCKS
  0
BLOCK
  5
20
330
1F
100
AcDbEntity
  8
0
100
AcDbBlockBegin
  2
*Model_Space
 70
     0
 10
0.0
 20
0.0
 30
0.0
  3
*Model_Space
  1

  0
ENDBLK
  5
21
330
1F
100
AcDbEntity
  8
0
100
AcDbBlockEnd
  0
BLOCK
  5
77
330
75
100
AcDbEntity
 67
     1
  8
0
100
AcDbBlockBegin
  2
*Paper_Space
 70
     0
 10
0.0
 20
0.0
 30
0.0
  3
*Paper_Space
  1

  0
ENDBLK
  5
78
330
75
100
AcDbEntity
 67
     1
  8
0
100
AcDbBlockEnd
  0
BLOCK
  5
24
330
23
100
AcDbEntity
  8
0
100
AcDbBlockBegin
  2
*Paper_Space0
 70
     0
 10
0.0
 20
0.0
 30
0.0
  3
*Paper_Space0
  1

  0
ENDBLK
  5
25
330
23
100
AcDbEntity
  8
0
100
AcDbBlockEnd
  0
BLOCK
  5
1C
330
1B
100
AcDbEntity
  8
0
100
AcDbBlockBegin
  2
*Paper_Space1
 70
     0
 10
0.0
 20
0.0
 30
0.0
  3
*Paper_Space1
  1

  0
ENDBLK
  5
1D
330
1B
100
AcDbEntity
  8
0
100
AcDbBlockEnd
  0
ENDSEC
  0
SECTION
  2
ENTITIES
  0
LWPOLYLINE
  5
7D
330
1F
100
AcDbEntity
  8
Geometries
  6
Continuous
370
    13
100
AcDbPolyline
 90
       35
 70
   128
 43
0.0
 10
167.2753822973264
 20
117.3417964665877
 10
167.2189254984788
 20
117.3448520188312
 10
167.1617599048345
 20
117.3502410836162
 10
167.104024749
 20
117.3580571659407
 10
167.0458713201396
 20
117.3683846694007
 10
166.9874623089371
 20
117.381297338025
 10
166.9289709157644
 20
117.3968567276412
 10
166.8739103666265
 20
117.4139944205489
 10
166.8190984113887
 20
117.433555668082
 10
166.7646997822628
 20
117.4555556647805
 10
166.7108830204286
 20
117.4799960582565
 10
166.6578190095692
 20
117.5068643240751
 10
166.5996951772216
 20
117.5396843410055
 10
166.5429599380576
 20
117.5754347353161
 10
166.4878461042956
 20
117.6140327605566
 10
166.4345791360761
 20
117.6553729205194
 10
166.3833741910903
 20
117.6993277744199
 10
166.3344332986221
 20
117.745749167773
 10
166.2879427341687
 20
117.7944698664004
 10
166.2440706654165
 20
117.8453055565973
 10
166.2071073071985
 20
117.8924878629821
 10
166.1724569479925
 20
117.941056846373
 10
166.1401965287839
 20
117.9908546241009
 10
166.1103877527747
 20
118.0417186940192
 10
166.083076832571
 20
118.0934836136863
 10
166.0587147259436
 20
118.1450397166305
 10
166.0368064250902
 20
118.1971463594466
 10
166.0173527605456
 20
118.2496476923276
 10
166.0003412322003
 20
118.3023909656889
 10
165.983237961306
 20
118.3652905750476
 10
165.9694954955382
 20
118.4280827961647
 10
165.9590283037409
 20
118.4905406094132
 10
165.9517318519316
 20
118.552452041109
 10
165.9474852010161
 20
118.6136216106543
 10
165.9461536644368
 20
118.6738713619924
  0
LWPOLYLINE
  5
7E
330
1F
100
AcDbEntity
  8
Geometries
  6
Continuous
370
    13
100
AcDbPolyline
 90
       21
 70
   128
 43
0.0
 10
455.690465295428
 20
192.616320671037
 10
455.7691610069752
 20
192.6096562783119
 10
455.8465885835185
 20
192.597402901865
 10
455.9227480250579
 20
192.5795605416961
 10
455.9976393315932
 20
192.5561291978053
 10
456.0712625031248
 20
192.5271088701925
 10
456.1427860955764
 20
192.4928452305999
 10
456.2109668119641
 20
192.4538634710702
 10
456.2758046522879
 20
192.4101635916032
 10
456.337299616548
 20
192.3617455921992
 10
456.3954517047441
 20
192.308609472858
 10
456.4500922095723
 20
192.2508256271007
 10
456.4996641667269
 20
192.1898284832287
 10
456.5441675762077
 20
192.125618041242
 10
456.5836024380147
 20
192.0581943011407
 10
456.6179687521479
 20
191.9875572629247
 10
456.6472717435951
 20
191.9134365375518
 10
456.6703650416465
 20
191.8381753139548
 10
456.6872486463023
 20
191.7617735921335
 10
456.6979225575625
 20
191.684231372088
 10
456.702386775427
 20
191.6055486538183
  0
LINE
  5
7F
330
1F
100
AcDbEntity
  8
Geometries
  6
Continuous
370
    13
100
AcDbLine
 10
276.5541625176716
 20
182.4082885954707
 30
0.0
 11
276.5549331303473
 21
182.9967935298433
 31
0.0
  0
ARC
  5
80
330
1F
100
AcDbEntity
  8
Geometries
  6
Continuous
370
    13
100
AcDbCircle
 10
170.5976128474145
 20
118.9021036355984
 30
0.0
 40
1.639822173200674
100
AcDbArc
 50
17.81931075301246
 51
90.60404866765586
  0
LWPOLYLINE
  5
81
330
1F
100
AcDbEntity
  8
Geometries
  6
Continuous
370
    13
100
AcDbPolyline
 90
       35
 70
   128
 43
0.0
 10
172.1577619742646
 20
118.6366244675872
 10
172.1565376717373
 20
118.5829073291721
 10
172.1529309054234
 20
118.5284094814232
 10
172.1468373450743
 20
118.473262688417
 10
172.1381617386261
 20
118.4176111775627
 10
172.1268196339896
 20
118.3616110705973
 10
172.1127390830086
 20
118.3054295700111
 10
172.0969028133395
 20
118.252451409241
 10
172.0785449068122
 20
118.1996251250101
 10
172.0576431074246
 20
118.147112099493
 10
172.0341895153012
 20
118.095078120139
 10
172.0081913333748
 20
118.043691918995
 10
171.9796714247008
 20
117.9931235898156
 10
171.9486686573902
 20
117.9435429095664
 10
171.9152380187568
 20
117.8951175953438
 10
171.8794504858782
 20
117.8480115313028
 10
171.8413926461637
 20
117.8023830026852
 10
171.8019027678271
 20
117.7591535721427
 10
171.7604303567537
 20
117.7176296523782
 10
171.7170970245915
 20
117.6779361474229
 10
171.6720353265753
 20
117.6401869903376
 10
171.618911643539
 20
117.5997790822582
 10
171.5639610567532
 20
117.5621422114103
 10
171.50741525335
 20
117.5273826030766
 10
171.4495133245204
 20
117.4955827629111
 10
171.3904985908403
 20
117.4668011073373
 10
171.3306154655173
 20
117.4410720522103
 10
171.2701064340449
 20
117.4184065361862
 10
171.2092092203223
 20
117.3987929419297
 10
171.145246682305
 20
117.3814826337889
 10
171.0813643285065
 20
117.3674245492648
 10
171.0178015376964
 20
117.3565362253755
 10
170.9547815838778
 20
117.3487162262761
 10
170.8925100848878
 20
117.3438467791729
 10
170.8311739093728
 20
117.341796467269
  0
LWPOLYLINE
  5
82
330
1F
100
AcDbEntity
  8
Geometries
  6
Continuous
370
    13
100
AcDbPolyline
 90
       21
 70
   128
 43
0.0
 10
456.7079556561329
 20
190.8242254358951
 10
456.7049136019236
 20
190.7493285366202
 10
456.6962416528709
 20
190.6756700676791
 10
456.6819398089748
 20
190.6032500290716
 10
456.6620080702353
 20
190.5320684207978
 10
456.6364464366526
 20
190.4621252428577
 10
456.6056047361255
 20
190.3942903918756
 10
456.569892589635
 20
190.3295798389223
 10
456.529309997181
 20
190.2679935839978
 10
456.4838569587636
 20
190.2095316271023
 10
456.4335334743828
 20
190.1541939682357
 10
456.3796375496327
 20
190.1032224097718
 10
456.3223654270795
 20
190.0567357571136
 10
456.2617171067233
 20
190.0147340102612
 10
456.1976925885641
 20
189.9772171692144
 10
456.1302918726017
 20
189.9441852339733
 10
456.0613604876216
 20
189.9163846045309
 10
455.9909183479946
 20
189.8937480944425
 10
455.9189654537207
 20
189.8762757037082
 10
455.8455018048002
 20
189.863967432328
 10
455.7705274012326
 20
189.8568232803019
  0
LINE
  5
83
330
1F
100
AcDbEntity
  8
Geometries
  6
Continuous
370
    13
100
AcDbLine
 10
161.3950784067563
 20
120.541834677047
 30
0.0
 11
167.3258288690049
 21
120.5418346781833
 31
0.0
  0
LINE
  5
84
330
1F
100
AcDbEntity
  8
Geometries
  6
Continuous
370
    13
100
AcDbLine
 10
272.003087259991
 20
184.2762519105252
 30
0.0
 11
272.0190626348067
 21
196.4763975921998
 31
0.0
  0
LWPOLYLINE
  5
85
330
1F
100
AcDbEntity
  8
Geometries
  6
Continuous
370
    13
100
AcDbPolyline
 90
      917
 70
   128
 43
0.0
 10
455.7705274012326
 20
189.8568232803016
 10
455.2596922284551
 20
189.8253302519277
 10
454.7425443675886
 20
189.7920180597541
 10
454.2190838186332
 20
189.7568867037809
 10
453.6893105815888
 20
189.7199361840079
 10
453.3530791955024
 20
189.6957790281487
 10
453.0143536534689
 20
189.6709031169596
 10
452.6731339554886
 20
189.6453084504407
 10
452.3310473731972
 20
189.6191208552582
 10
452.0041949516124
 20
189.5936183923179
 10
451.5829840277147
 20
189.5600821153369
 10
451.1569442642007
 20
189.5254162136122
 10
450.6760405608669
 20
189.4854580686745
 10
450.3069123540041
 20
189.4539796400413
 10
449.8840341398878
 20
189.4180659201897
 10
449.4611425484186
 20
189.3823088858451
 10
449.0382964429356
 20
189.3460183833152
 10
448.8872880332108
 20
189.3329295758789
 10
448.7407315061576
 20
189.320176649239
 10
448.5933730400629
 20
189.3073082809902
 10
448.4452126349266
 20
189.2943244711325
 10
448.2962502907493
 20
189.2812252196662
 10
448.1464860075305
 20
189.268010526591
 10
447.7902972188895
 20
189.2364048471604
 10
447.4296527587379
 20
189.2041577600156
 10
446.9945045666787
 20
189.1649320679821
 10
446.5530416474223
 20
189.1247973514102
 10
446.1052640009685
 20
189.0837536103
 10
445.9787546608478
 20
189.0720984655918
 10
445.8517502461148
 20
189.0603720533599
 10
445.7242507567694
 20
189.0485743736041
 10
445.5962561928118
 20
189.0367054263245
 10
445.475404801105
 20
189.0254769813963
 10
445.3593001139346
 20
189.0146756462194
 10
445.0820453727978
 20
188.9888321043124
 10
444.7997642302122
 20
188.9624503789608
 10
444.6721230213199
 20
188.9504990631986
 10
444.5434800583122
 20
188.9384404882997
 10
444.4138353411894
 20
188.9262746542641
 10
444.2831888699512
 20
188.9140015610917
 10
444.151540644598
 20
188.9016212087825
 10
444.0188906651293
 20
188.8891335973365
 10
443.8852389315456
 20
188.8765387267538
 10
443.7567657114527
 20
188.8644199068946
 10
443.262683186182
 20
188.8177128691751
 10
443.2408303034729
 20
188.8156571134985
 10
443.2126670497607
 20
188.8130169264712
 10
443.1781934250454
 20
188.809792308093
 10
443.1374094293269
 20
188.8059832583639
 10
443.0903150626054
 20
188.801589777284
 10
443.0369103248811
 20
188.7966118648533
 10
442.9771952161535
 20
188.7910495210716
 10
442.9111697364228
 20
188.7849027459392
 10
442.8388338856892
 20
188.7781715394559
 10
442.7601876639523
 20
188.7708559016217
 10
442.6752310712124
 20
188.7629558324367
 10
442.5839641074695
 20
188.7544713319008
 10
442.08978520134
 20
188.7085582207833
 10
441.6908495501596
 20
188.6714951245969
 10
441.2993805317961
 20
188.6351083377268
 10
440.9153781462489
 20
188.5993978601729
 10
440.5388423935184
 20
188.5643636919352
 10
440.1623189957804
 20
188.529311694174
 10
439.7935701011833
 20
188.494963891869
 10
439.432595709727
 20
188.4613202850204
 10
439.0793958214118
 20
188.428380873628
 10
438.7339704362373
 20
188.3961456576919
 10
438.3963195542038
 20
188.3646146372121
 10
438.0664431753111
 20
188.3337878121886
 10
437.7443412995593
 20
188.3036651826214
 10
437.4300139269486
 20
188.2742467485105
 10
437.1234610574786
 20
188.2455325098558
 10
436.8246826911496
 20
188.2175224666574
 10
436.5336788279614
 20
188.1902166189153
 10
436.2504494679142
 20
188.1636149666295
 10
435.9749946110078
 20
188.1377175098
 10
435.8710172708174
 20
188.1279347362318
 10
435.7681923063552
 20
188.118256342035
 10
435.6665197176211
 20
188.1086823272097
 10
435.565999504615
 20
188.099212691756
 10
435.466631667337
 20
188.0898474356737
 10
435.368416205787
 20
188.080586558963
 10
435.2636843322175
 20
188.0707071656092
 10
435.1524335758921
 20
188.0602116232546
 10
434.7985757501643
 20
188.0268227190749
 10
434.4383264062055
 20
187.9928224972195
 10
434.0525043583417
 20
187.9564000034948
 10
433.6596109334643
 20
187.9193011669041
 10
433.2596461315736
 20
187.8815259874474
 10
432.8526099526693
 20
187.8430744651247
 10
432.4385023967516
 20
187.803946599936
 10
432.0173234638205
 20
187.7641423918812
 10
431.5890731538759
 20
187.7236618409605
 10
431.1902983614808
 20
187.6859605208626
 10
430.7855816481231
 20
187.6476908848843
 10
430.3749230138026
 20
187.6088529330256
 10
429.9583224585194
 20
187.5694466652864
 10
429.5357799822734
 20
187.5294720816667
 10
429.1072955850649
 20
187.4889291821666
 10
428.6493742165663
 20
187.4455943815188
 10
428.5889197998017
 20
187.4398728613178
 10
428.5283522513323
 20
187.4341405206187
 10
428.4777352013481
 20
187.4293498389243
 10
428.4302799521807
 20
187.4248583125231
 10
428.3827288743267
 20
187.4203576231651
 10
428.3350819677858
 20
187.4158477708501
 10
428.0781989059996
 20
187.391531820343
 10
427.8185656586868
 20
187.3669529023227
 10
427.5058926166982
 20
187.3373494141578
 10
427.189321919485
 20
187.3073732396078
 10
426.8688535670471
 20
187.277024378673
 10
426.4335492585234
 20
187.235794774785
 10
425.9912537795154
 20
187.1938966884624
 10
425.5419671300231
 20
187.151330119705
 10
425.0856893100462
 20
187.1080950685129
 10
424.6139325353707
 20
187.063387101214
 10
424.1349280546988
 20
187.0179861220424
 10
423.6486758680307
 20
186.9718921309979
 10
423.1551759753662
 20
186.9251051280805
 10
422.6544283767053
 20
186.8776251132903
 10
422.3423604697201
 20
186.8480324927662
 10
422.0275423772084
 20
186.8181769047288
 10
421.7482275023306
 20
186.7916864605289
 10
421.4037799600342
 20
186.7590174854236
 10
421.1048553788739
 20
186.7306661568655
 10
420.8129423129333
 20
186.7029798900988
 10
420.5280407622122
 20
186.6759586851236
 10
420.2501507267106
 20
186.6496025419399
 10
419.9792722064286
 20
186.6239114605475
 10
419.6996386088028
 20
186.597390087291
 10
419.4278921609879
 20
186.5716168322112
 10
419.1640328629837
 20
186.5465916953083
 10
418.9080607147903
 20
186.5223146765821
 10
418.6599757164078
 20
186.4987857760326
 10
418.4197778678359
 20
186.4760049936599
 10
418.2005295959888
 20
186.4552111854591
 10
417.9882928393612
 20
186.4350824390496
 10
417.7830675979532
 20
186.4156187544315
 10
417.5848538717647
 20
186.3968201316049
 10
417.3936516607958
 20
186.3786865705698
 10
417.2094609650464
 20
186.3612180713261
 10
417.0322817845167
 20
186.3444146338738
 10
416.8621141192064
 20
186.3282762582129
 10
416.6989579691158
 20
186.3128029443434
 10
416.5428133342446
 20
186.2979946922655
 10
416.3962818211082
 20
186.2840982269332
 10
416.2565136477485
 20
186.2708432832588
 10
416.1235088141652
 20
186.2582298612423
 10
415.9972673203584
 20
186.2462579608837
 10
415.8801617226787
 20
186.2351525755792
 10
415.7695460181418
 20
186.2246627747561
 10
415.6654202067474
 20
186.2147885584142
 10
415.5677842884954
 20
186.2055299265537
 10
415.4766382633862
 20
186.1968868791745
 10
415.3919821314194
 20
186.1888594162766
 10
415.3181077050394
 20
186.1818544906773
 10
415.2500026612162
 20
186.175396807119
 10
415.1876669999499
 20
186.1694863656016
 10
415.1311007212407
 20
186.1641231661252
 10
415.0803038250884
 20
186.1593072086897
 10
415.035276311493
 20
186.1550384932951
 10
414.9960181804547
 20
186.1513170199414
 10
414.9625294319732
 20
186.1481427886287
 10
414.9348100660486
 20
186.1455157993569
 10
414.912860082681
 20
186.1434360521261
 10
414.7505652063594
 20
186.1280741926871
 10
414.4457696529645
 20
186.0992247829803
 10
414.0505747796361
 20
186.0618158441124
 10
413.6626876746027
 20
186.025095093206
 10
413.2821083378641
 20
185.989062530261
 10
412.9088367694206
 20
185.9537181552774
 10
412.5428729692721
 20
185.9190619682551
 10
412.1842169374183
 20
185.8850939691943
 10
411.8328686738597
 20
185.8518141580949
 10
411.4888281785959
 20
185.8192225349569
 10
411.152095451627
 20
185.7873190997803
 10
410.8226704929532
 20
185.7561038525651
 10
410.5005533025742
 20
185.7255767933113
 10
410.1857438804902
 20
185.695737922019
 10
409.8782422267012
 20
185.666587238688
 10
409.5780483412071
 20
185.6381247433184
 10
409.2774519627775
 20
185.6096192082412
 10
408.9845582969205
 20
185.5818390538615
 10
408.699367343636
 20
185.5547842801791
 10
408.5153608604155
 20
185.537325493095
 10
408.3347096787916
 20
185.5201826818425
 10
408.1785121444433
 20
185.5053583831484
 10
408.1582501140883
 20
185.5034352254686
 10
408.1380326415299
 20
185.5015162638906
 10
408.1178597267681
 20
185.4996014984143
 10
408.0977313698027
 20
185.4976909290397
 10
408.0754260158651
 20
185.495573683625
 10
408.0413763276324
 20
185.4923416768524
 10
407.7029532918991
 20
185.4602219378901
 10
407.3707979501906
 20
185.4287034574137
 10
407.0449103025068
 20
185.397786235423
 10
406.7252903488476
 20
185.3674702719182
 10
406.411938089213
 20
185.3377555668991
 10
406.1102822143203
 20
185.3091567308242
 10
405.8146721858639
 20
185.2811378714456
 10
405.5251080038439
 20
185.2536989887633
 10
405.2415896682605
 20
185.2268400827772
 10
404.9585174265907
 20
185.2000308877158
 10
404.6817403186532
 20
185.1738255834251
 10
404.4112583444478
 20
185.1482241699052
 10
404.1470715039747
 20
185.1232266471561
 10
403.8891797972339
 20
185.0988330151779
 10
403.6375832242253
 20
185.0750432739704
 10
403.392281784949
 20
185.0518574235338
 10
403.153275479405
 20
185.0292754638679
 10
402.9205643075932
 20
185.0072973949729
 10
402.6941482695134
 20
184.9859232168486
 10
402.4740273651662
 20
184.9651529294951
 10
402.2602015945511
 20
184.9449865329124
 10
402.0526709576682
 20
184.9254240271006
 10
401.8514354545176
 20
184.9064654120595
 10
401.6513828486343
 20
184.8876294950691
 10
401.4579655934886
 20
184.8694301057906
 10
401.2711836890803
 20
184.8518672442241
 10
401.0528373004506
 20
184.8313488847927
 10
400.8810534757175
 20
184.815213023015
 10
400.5752561837288
 20
184.7865043739807
 10
399.8191198148356
 20
184.7156025832618
 10
399.0706116037391
 20
184.645538623384
 10
398.3297315504389
 20
184.576312494347
 10
397.5964796549353
 20
184.507924196151
 10
396.870855917228
 20
184.4403737287957
 10
396.1528603373176
 20
184.3736610922815
 10
395.4828798460937
 20
184.3115279910812
 10
394.8196806314743
 20
184.2501397043998
 10
394.1632626934594
 20
184.1894962322374
 10
393.5136260320488
 20
184.1295975745939
 10
392.8707706472427
 20
184.0704437314695
 10
392.234696539041
 20
184.012034702864
 10
391.6054037074436
 20
183.9543704887775
 10
390.9828921524506
 20
183.8974510892101
 10
390.367161874062
 20
183.8412765041615
 10
389.7582128722779
 20
183.7858467336319
 10
389.3159601489891
 20
183.745671606249
 10
388.8773542455632
 20
183.7058970235629
 10
388.4423951620001
 20
183.6665229855737
 10
388.2967501104476
 20
183.6533545285251
 10
388.151518572726
 20
183.6402314893415
 10
388.0067005488351
 20
183.6271538680228
 10
387.8622960387748
 20
183.614121664569
 10
387.7183050425455
 20
183.6011348789801
 10
387.5646377910567
 20
183.5872841039673
 10
387.4005790932756
 20
183.5725050548112
 10
385.8028657725914
 20
183.4290173450786
 10
384.2119180646901
 20
183.2869383415158
 10
382.6277359695718
 20
183.1462680441229
 10
381.0503194872366
 20
183.0070064528998
 10
379.4796686176842
 20
182.8691535678465
 10
377.9157833609146
 20
182.732709388963
 10
376.7641083712974
 20
182.6327553799787
 10
375.6161302250847
 20
182.5335711114865
 10
374.6089674852816
 20
182.4469256845484
 10
374.4509593390736
 20
182.4333641698612
 10
374.2930218873759
 20
182.4198173748742
 10
374.1351551301881
 20
182.4062852995877
 10
373.9753692511428
 20
182.3925975711269
 10
373.8092552987404
 20
182.3783778560192
 10
372.6889720357503
 20
182.2827565854953
 10
371.5744788075875
 20
182.1881143144488
 10
370.4657756142518
 20
182.0944510428798
 10
369.2129138149264
 20
181.9892038586443
 10
367.9675288167725
 20
181.8852208782794
 10
366.7296206197902
 20
181.7825021017852
 10
365.4991892239794
 20
181.6810475291616
 10
364.2762346293403
 20
181.5808571604086
 10
363.0607568358727
 20
181.4819309955263
 10
362.1670818009415
 20
181.4096174152115
 10
361.2774922145845
 20
181.337994616928
 10
361.1032314692412
 20
181.3240070242736
 10
360.9291283575962
 20
181.31004608488
 10
360.7551828796493
 20
181.2961117987472
 10
360.5813950354006
 20
181.2822041658751
 10
360.4077648248501
 20
181.2683231862638
 10
360.2275306276522
 20
181.2539293747145
 10
360.0459911701601
 20
181.2394473698573
 10
359.8645047378029
 20
181.2249857162766
 10
358.5697151356082
 20
181.1222800390484
 10
357.2776308974478
 20
181.0206126922558
 10
355.4136998261711
 20
180.8754099526851
 10
353.5554276425077
 20
180.7323791186938
 10
351.7028143464576
 20
180.591520190282
 10
349.8558599380206
 20
180.4528331674495
 10
348.0410389154195
 20
180.3182684553477
 10
347.8037908431504
 20
180.3008031179277
 10
347.5666370377882
 20
180.2833739605549
 10
347.3295774993327
 20
180.2659809832292
 10
347.0926122277839
 20
180.2486241859508
 10
346.855741223142
 20
180.2313035687195
 10
346.6155757560959
 20
180.2137719260784
 10
345.3116730617867
 20
180.1191104344243
 10
344.0097810991782
 20
180.025475434132
 10
341.9006017009012
 20
179.8756563374262
 10
339.7967212877522
 20
179.7285424064363
 10
337.6981398597313
 20
179.5841336411623
 10
335.6048574168385
 20
179.4424300416042
 10
333.5168739590737
 20
179.3034316077621
 10
331.1557529564793
 20
179.1490961458364
 10
328.8014448251513
 20
178.9982386981591
 10
326.4539495650899
 20
178.8508592647301
 10
324.113267176295
 20
178.7069578455494
 10
322.0591022812671
 20
178.5832016100566
 10
320.010213273748
 20
178.4621387487978
 10
319.5509837309846
 20
178.4353315564941
 10
319.0818199977305
 20
178.4080681807213
 10
318.6094805784345
 20
178.3807455182243
 10
318.1375293542698
 20
178.353571079399
 10
317.6659663252362
 20
178.3265448642455
 10
317.1947914913339
 20
178.2996668727637
 10
316.7240048525629
 20
178.2729371049536
 10
314.8554003436093
 20
178.1680926441952
 10
312.992936576337
 20
178.0655928889877
 10
311.1366135507458
 20
177.9654378393311
 10
309.2864312668356
 20
177.8676274952255
 10
307.8370245334631
 20
177.7924213932917
 10
306.3914087681694
 20
177.7186627881521
 10
304.9481093613912
 20
177.6462736960524
 10
303.5014945153414
 20
177.5749532490461
 10
301.6547880869489
 20
177.4856856623914
 10
299.8018541665806
 20
177.3981024340525
 10
297.9426927542365
 20
177.3122035640293
 10
296.0773038499165
 20
177.2279890523219
 10
294.4306102327525
 20
177.1552735832181
 10
292.7790940458025
 20
177.083862481194
 10
292.1289646748845
 20
177.0561649905246
 10
291.4898235753427
 20
177.0291662403633
 10
290.8509630499266
 20
177.0024119546855
 10
290.2119007593907
 20
176.9758816774753
 10
287.6162327436876
 20
176.8705094764232
 10
285.0172414652121
 20
176.7688269071661
 10
282.4149269239643
 20
176.670833969704
 10
279.8092891199441
 20
176.576530664037
 10
277.1528616366124
 20
176.4843036207855
 10
274.4929889459901
 20
176.3959015974709
 10
271.8296710480772
 20
176.3113245940933
 10
269.1629079428737
 20
176.2305726106525
 10
266.4926996303796
 20
176.1536456471487
 10
265.6527797628247
 20
176.1302585851855
 10
264.8125195931619
 20
176.1072493415181
 10
264.0005452105698
 20
176.0853824314872
 10
263.1890671768108
 20
176.063888782932
 10
262.3759978664837
 20
176.0427117136132
 10
261.5613372795886
 20
176.0218512235307
 10
260.7450854161254
 20
176.0013073126846
 10
259.2444907675786
 20
175.9644657027612
 10
257.7385476616781
 20
175.9286881508266
 10
256.2272560984237
 20
175.893974656881
 10
254.5033871346112
 20
175.8558191039851
 10
252.7726115884721
 20
175.8190375929136
 10
251.0349294600063
 20
175.7836301236666
 10
249.2903407492139
 20
175.7495966962441
 10
247.5388454560947
 20
175.7169373106462
 10
245.7804435806491
 20
175.6856519668727
 10
244.1161959467631
 20
175.6574128671736
 10
242.4458085021393
 20
175.6303952626149
 10
240.7692812467778
 20
175.6045991531964
 10
239.0866141806785
 20
175.5800245389183
 10
237.3978073038416
 20
175.5566714197805
 10
237.2908912119214
 20
175.5552369937145
 10
237.1839405168874
 20
175.5538076033033
 10
237.0769552187397
 20
175.552383248547
 10
236.9699353174782
 20
175.5509639294455
 10
236.8628808131028
 20
175.5495496459988
 10
236.7557917056136
 20
175.548140398207
 10
236.6486679950106
 20
175.5467361860699
 10
236.5415096812936
 20
175.5453370095878
 10
235.8671507972432
 20
175.536657492204
 10
234.6595380025455
 20
175.5216532156416
 10
233.577628304883
 20
175.5087926564155
 10
232.4922431467384
 20
175.4964378672611
 10
231.1955864623775
 20
175.4823892357081
 10
229.8940042387846
 20
175.4690573984745
 10
228.5874964759597
 20
175.4564423555603
 10
227.1822008893465
 20
175.4437216604197
 10
225.7712509847374
 20
175.4318238159008
 10
224.3546467621324
 20
175.4207488220036
 10
222.9323882215314
 20
175.4104966787281
 10
221.5044753629345
 20
175.4010673860742
 10
220.0709081863416
 20
175.392460944042
 10
218.6316866917528
 20
175.3846773526314
 10
217.1868108791682
 20
175.3777166118425
 10
215.7362807485875
 20
175.3715787216754
 10
214.280096300011
 20
175.3662636821298
 10
212.6717626692916
 20
175.3613675310978
 10
211.056587313797
 20
175.3574670293179
 10
210.2581123348995
 20
175.3559110876431
 10
210.1324866321772
 20
175.3556885661523
 10
210.0090950116328
 20
175.3554758830219
 10
209.8941694920627
 20
175.3552830497226
 10
209.7791895455913
 20
175.355095202481
 10
209.6641551722183
 20
175.3549123412971
 10
208.6346501359518
 20
175.3535006540764
 10
207.274453291567
 20
175.3522494404182
 10
205.9067558204928
 20
175.3516853604517
 10
204.5315577227295
 20
175.3518084141768
 10
203.1488589982768
 20
175.3526186015934
 10
201.7586596471348
 20
175.3541159227016
 10
200.3859843714695
 20
175.3562553438135
 10
199.0060739568581
 20
175.3590575772395
 10
197.6189284033005
 20
175.3625226229796
 10
196.2245477107968
 20
175.3666504810339
 10
194.7942521399823
 20
175.3715458216047
 10
193.3564231050422
 20
175.3771313041101
 10
191.9110606059766
 20
175.3834069285502
 10
190.4581646427856
 20
175.3903726949252
 10
188.997735215469
 20
175.3980286032347
 10
187.5297723240268
 20
175.4063746534791
 10
186.0542759684592
 20
175.4154108456582
 10
184.8947589019085
 20
175.4229608843111
 10
183.7306315301594
 20
175.4309332738104
 10
182.7023857985601
 20
175.4382983451899
 10
182.6412581833106
 20
175.4387456645679
 10
182.5839356635127
 20
175.4391661104912
 10
182.5266034548471
 20
175.4395875690302
 10
182.4692615573138
 20
175.4400100401851
 10
182.4119099709129
 20
175.4404335239557
 10
182.3545486956444
 20
175.4408580203421
 10
182.2971777315083
 20
175.4412835293443
 10
181.9814642402502
 20
175.4436419293634
 10
180.5216433782327
 20
175.4549149439742
 10
179.055588733638
 20
175.4668394719344
 10
177.7413436670902
 20
175.4780369172996
 10
176.4221290672379
 20
175.4897537451182
 10
175.0979449340811
 20
175.5019899553902
 10
173.76879126762
 20
175.5147455481156
 10
172.179985923987
 20
175.5306079768946
 10
170.584137590977
 20
175.5472064919171
 10
168.98124626859
 20
175.5645410931831
 10
167.3713119568259
 20
175.5826117806925
 10
165.7543346556849
 20
175.6014185544455
 10
164.1303143651668
 20
175.6209614144419
 10
162.4992510852717
 20
175.6412403606819
 10
160.8611448159995
 20
175.6622553931653
 10
159.2159955573504
 20
175.6840065118922
 10
157.5638033093243
 20
175.7064937168626
 10
155.9045680719211
 20
175.7297170080765
 10
154.2382898451409
 20
175.7536763855339
 10
152.6607767137024
 20
175.7769408506184
 10
151.0770025084422
 20
175.8008596813511
 10
149.4869672293603
 20
175.8254328777322
 10
147.8906708764567
 20
175.8506604397616
 10
146.2881134497315
 20
175.8765423674392
 10
144.6593116287825
 20
175.9034117293453
 10
143.0240925385871
 20
175.9309517814031
 10
141.3824561791453
 20
175.9591625236125
 10
139.734402550457
 20
175.9880439559734
 10
138.0799316525223
 20
176.017596078486
 10
136.4190434853412
 20
176.0478188911501
 10
134.7517380489137
 20
176.0787123939659
 10
133.0780153432397
 20
176.1102765869333
 10
131.4221149229543
 20
176.1420425283035
 10
129.7599807200918
 20
176.1744599830232
 10
128.2921460366251
 20
176.2035262750193
 10
128.0032541115269
 20
176.2092950109532
 10
127.723263520988
 20
176.214902432354
 10
127.4459342571201
 20
176.220475527373
 10
127.1690212190031
 20
176.2260592796596
 10
126.0494582673044
 20
176.2488300055901
 10
124.9367509482588
 20
176.2717762668196
 10
123.8308992618663
 20
176.2948980633483
 10
122.7319032081269
 20
176.318195395176
 10
121.6938769703503
 20
176.3404975869179
 10
120.6620418888551
 20
176.362958300349
 10
119.6363979636413
 20
176.3855775354695
 10
118.9628644884111
 20
176.4005930688305
 10
118.2920278808571
 20
176.4156776542393
 10
118.1418025725945
 20
176.4190734804413
 10
117.9917131747812
 20
176.4224727865675
 10
117.8362294187453
 20
176.4260011525625
 10
117.6707767998698
 20
176.4297629984619
 10
117.5055852188781
 20
176.4335262867953
 10
117.3406546757702
 20
176.4372910175628
 10
117.1759851705462
 20
176.4410571907643
 10
116.3998440774218
 20
176.4589090339073
 10
115.629555137842
 20
176.476793214676
 10
114.8651183518068
 20
176.4947097330706
 10
114.1065337193162
 20
176.5126585890911
 10
113.3538012403701
 20
176.5306397827372
 10
112.6069209149686
 20
176.5486533140092
 10
111.8658927431117
 20
176.566699182907
 10
111.1307167247994
 20
176.5847773894307
 10
110.4013928600316
 20
176.6028879335801
 10
109.6779211488085
 20
176.6210308153553
 10
108.9603015911298
 20
176.6392060347563
 10
108.2485341869958
 20
176.6574135917831
 10
107.5827993008751
 20
176.6746103356053
 10
106.9222668598239
 20
176.6918358269168
 10
106.2669368638421
 20
176.7090900657177
 10
105.6168093129297
 20
176.726373052008
 10
104.9718842070868
 20
176.7436847857877
 10
104.6462676441479
 20
176.7524898138082
 10
104.3134470849322
 20
176.7615366140155
 10
103.9728059200311
 20
176.7708531167897
 10
103.6312432341957
 20
176.7802534790091
 10
103.2887590274263
 20
176.7897377006736
 10
102.6133393208481
 20
176.8086115661672
 10
101.9343640009718
 20
176.8278089964842
 10
101.1214240450043
 20
176.8510849617674
 10
100.3034449545438
 20
176.8748194939774
 10
99.48042672959032
 20
176.899012593114
 10
98.65236937014369
 20
176.9236642591773
 10
97.81927287620404
 20
176.9487744921672
 10
96.98113724777124
 20
176.9743432920838
 10
96.58234801781116
 20
176.9866157348348
 10
96.17829871118455
 20
176.9991262791401
 10
95.77619628069019
 20
177.0116563047952
 10
95.37604072632803
 20
177.0242058118003
 10
94.9778320480981
 20
177.0367748001553
 10
94.22898430669127
 20
177.0606330904544
 10
93.48712002248519
 20
177.0845612604809
 10
92.75223919547987
 20
177.1085593102346
 10
92.02434182567524
 20
177.1326272397157
 10
91.30342791307136
 20
177.1567650489241
 10
90.5894974576682
 20
177.1809727378598
 10
90.06624908942518
 20
177.1989119807911
 10
89.54681659840136
 20
177.2168894071683
 10
89.09287249993612
 20
177.2327411277266
 10
89.04844806901724
 20
177.2342995878137
 10
89.00405214231183
 20
177.2358583331272
 10
88.95968471981992
 20
177.2374173636672
 10
88.9153458015414
 20
177.2389766794336
 10
88.87103538747633
 20
177.2405362804265
 10
88.8195382158531
 20
177.2423504422711
 10
88.76707783766756
 20
177.2442002973276
 10
88.71465239271981
 20
177.2460506994613
 10
88.14951228820365
 20
177.2661116956397
 10
87.58846379995667
 20
177.2862367691887
 10
87.03150692797885
 20
177.3064259201085
 10
86.34674460807403
 20
177.3315427469478
 10
85.66827020334281
 20
177.3567580466265
 10
84.99608371378517
 20
177.3820718191444
 10
84.33018513940115
 20
177.4074840645018
 10
83.67057448019074
 20
177.4329947826986
 10
83.01725173615387
 20
177.4586039737347
 10
82.37021690729068
 20
177.4843116376101
 10
81.66574113756661
 20
177.5127038040025
 10
80.96887374520259
 20
177.5412151225306
 10
80.27961473019863
 20
177.5698455931944
 10
79.59796409255472
 20
177.5985952159938
 10
78.92392183227082
 20
177.6274639909288
 10
78.257487949347
 20
177.6564519179994
 10
77.59866244378324
 20
177.6855589972056
 10
76.9474453155795
 20
177.7147852285476
 10
76.30383656473583
 20
177.7441306120251
 10
75.66783619125218
 20
177.7735951476382
 10
75.05059876190336
 20
177.8026495103877
 10
74.44070040829243
 20
177.8318188078345
 10
73.83814113041939
 20
177.8611030399783
 10
73.24292092828429
 20
177.8905022068193
 10
73.20416329210272
 20
177.8924332064149
 10
73.16542484471398
 20
177.8943653283619
 10
73.12670558611805
 20
177.8962985726602
 10
73.08800551631492
 20
177.8982329393097
 10
73.0493246353046
 20
177.9001684283105
 10
73.01066294308711
 20
177.9021050396627
 10
72.97202043966243
 20
177.9040427733661
 10
72.75982967049816
 20
177.9147203707646
 10
72.38236133132233
 20
177.9338719537432
 10
71.7129145158853
 20
177.9683404844669
 10
71.12018173494855
 20
177.9994076821559
 10
70.53215422758643
 20
178.0307500910043
 10
69.8382564746166
 20
178.0684213179019
 10
69.15102719326615
 20
178.1064825832903
 10
68.4704663835351
 20
178.1449338871696
 10
67.79657404542345
 20
178.1837752295398
 10
67.12935017893119
 20
178.2230066104008
 10
66.4687947840583
 20
178.2626280297527
 10
66.26947243837344
 20
178.2747411200168
 10
66.06762447271458
 20
178.2870858493007
 10
65.86559966528137
 20
178.2995200942718
 10
65.66339801607373
 20
178.31204385493
 10
65.46101952509167
 20
178.3246571312752
 10
65.25846419233525
 20
178.3373599233076
 10
65.05573201780444
 20
178.3501522310272
 10
64.85282300149922
 20
178.3630340544339
 10
63.69249389561185
 20
178.4381941806286
 10
63.56189399404079
 20
178.4468121828318
 10
63.43122165807895
 20
178.4554668506605
 10
63.30047688772632
 20
178.4641581841146
 10
63.16965968298288
 20
178.4728861831941
 10
63.03877004384861
 20
178.4816508478991
 10
62.89865838989306
 20
178.491065735145
 10
62.75540529070821
 20
178.500719754652
 10
62.4021470136054
 20
178.5246498351865
 10
62.05585226630171
 20
178.5482871039597
 10
61.71652104879715
 20
178.5716315609716
 10
61.38415336109168
 20
178.5946832062221
 10
61.05874920318541
 20
178.6174420397113
 10
60.76132130713611
 20
178.6384194363565
 10
60.46995941926735
 20
178.6591417614229
 10
60.18466353957922
 20
178.6796090149106
 10
60.08995974967613
 20
178.6864436422077
 10
59.99594378598178
 20
178.6932493468737
 10
59.90261564849615
 20
178.7000261289086
 10
59.80997533721924
 20
178.7067739883124
 10
59.71802285215108
 20
178.713492925085
 10
59.62675819329166
 20
178.7201829392266
 10
59.53227266176509
 20
178.7271330621857
 10
59.1231437069527
 20
178.7575721335157
 10
58.70928601354797
 20
178.7889227596046
 10
58.29069958155085
 20
178.8211849404525
 10
57.77580691310428
 20
178.8616058964243
 10
57.25393498694012
 20
178.9033722377375
 10
56.7250838030584
 20
178.9464839643924
 10
56.18925336145907
 20
178.9909410763888
 10
55.84690742030745
 20
179.0197341902945
 10
55.50814774125027
 20
179.0485179255501
 10
55.17318663093258
 20
179.0772745011693
 10
54.84202408935434
 20
179.1060039171522
 10
54.51466011651561
 20
179.1347061734988
 10
54.11079688775703
 20
179.1705458006935
 10
53.71286892265391
 20
179.2063429909565
 10
53.32087622120619
 20
179.2420977442877
 10
52.93481878341393
 20
179.2778100606873
 10
52.82270112189622
 20
179.2882776236834
 10
52.70243517080789
 20
179.2995553643321
 10
52.57441167045886
 20
179.3116181801177
 10
52.44672490509168
 20
179.3237090312495
 10
52.31937487470637
 20
179.3358279177274
 10
52.19236157930297
 20
179.3479748395515
 10
51.59812022929987
 20
179.4056165185266
 10
51.09254330813266
 20
179.4557382556841
 10
50.59251273130246
 20
179.5063217615663
 10
50.09802849880924
 20
179.5573670361732
 10
49.60909061065297
 20
179.6088740795048
 10
49.12569906683373
 20
179.6608428915611
 10
48.64785386735147
 20
179.713273472342
 10
48.09179957048104
 20
179.7756594759938
 10
47.54344931568073
 20
179.83868689054
 10
47.00280310295054
 20
179.9023557159805
 10
46.46986093229049
 20
179.9666659523154
 10
46.19664355901423
 20
180.0002533823729
 10
45.92118371691225
 20
180.0345535923071
 10
45.62294277680982
 20
180.072196981678
 10
45.32564954725927
 20
180.1102514145725
 10
45.02930402826058
 20
180.1487168909906
 10
44.73390621981386
 20
180.1875934109322
 10
44.43945612191902
 20
180.2268809743973
 10
43.63460498524145
 20
180.337041217095
 10
42.83692090961267
 20
180.4503099764397
 10
42.68881367399013
 20
180.4717977636721
 10
42.53501977781269
 20
180.4942625381326
 10
42.36373060716954
 20
180.5194341604663
 10
42.19445175528816
 20
180.5444595449262
 10
42.02718322216856
 20
180.5693386915123
 10
41.86192500781078
 20
180.5940716002247
 10
41.60629519254275
 20
180.6326421394361
 10
41.35562963380895
 20
180.6708515606326
 10
41.1099283316093
 20
180.7086998638144
 10
40.85218574147802
 20
180.7488508867734
 10
40.60014191522529
 20
180.788587360991
 10
40.35379685285113
 20
180.827909286467
 10
40.11315055435551
 20
180.8668166632017
 10
39.87820301973846
 20
180.9053094911949
 10
39.6494482248668
 20
180.943305141813
 10
39.42636735366838
 20
180.9808880506562
 10
39.23474965667631
 20
181.013619590442
 10
39.20998223231007
 20
181.0178821949678
 10
39.1936114882426
 20
181.0207048260846
 10
39.18513279975804
 20
181.022176543564
 10
39.17386314812396
 20
181.0241397365087
 10
39.1598025333405
 20
181.0265944049189
 10
39.14295095540757
 20
181.0295405487944
 10
39.11182767179875
 20
181.0349886210164
 10
39.07419429365032
 20
181.0415830902248
 10
39.0300508209622
 20
181.0493239564195
 10
38.97939725373442
 20
181.0582112196005
 10
38.92223359196703
 20
181.068244879768
 10
38.88729988104427
 20
181.0743782506158
 10
38.85031566658313
 20
181.080872705479
 10
38.81128094858366
 20
181.0877282443575
 10
38.77019572704583
 20
181.0949448672515
 10
38.72706000196965
 20
181.1025225741608
 10
38.69693375957885
 20
181.1078171701792
 10
38.67209044434634
 20
181.1121903816609
 10
38.36165082294869
 20
181.1674262339617
 10
38.16625395308762
 20
181.2027572515859
 10
37.9709344835014
 20
181.238558344519
 10
37.92633132422822
 20
181.2468003223979
 10
37.88145099010586
 20
181.2551174661489
 10
37.83629348113428
 20
181.2635097757719
 10
37.79085879731349
 20
181.2719772512669
 10
37.7435085242509
 20
181.2808262903056
 10
37.6889051542064
 20
181.2910526623278
 10
37.63532035958607
 20
181.3011078135806
 10
37.50581464051618
 20
181.325496600846
 10
37.38267501784756
 20
181.3488152583021
 10
37.26590149158028
 20
181.371063785949
 10
37.15549406171425
 20
181.3922421837865
 10
37.05145272824953
 20
181.4123504518149
 10
36.91461052657473
 20
181.4390737014566
 10
36.78958914718282
 20
181.4638421812888
 10
36.62424701997844
 20
181.4969750322471
 10
36.46230114059534
 20
181.5296586467585
 10
36.30375150903362
 20
181.5618930248228
 10
36.14859812529315
 20
181.59367816644
 10
35.99684098937405
 20
181.6250140716103
 10
35.84848010127618
 20
181.6559007403336
 10
35.82910563221142
 20
181.6599539389386
 10
35.81436889709315
 20
181.6630436122833
 10
35.79901273437471
 20
181.6662697634056
 10
35.78303714405615
 20
181.6696323923057
 10
35.76644212613749
 20
181.6731314989834
 10
35.74922768061865
 20
181.6767670834388
 10
35.73139380749973
 20
181.6805391456718
 10
35.67915673285952
 20
181.691616030354
 10
35.62223523699336
 20
181.7037250282299
 10
35.54836374598503
 20
181.7194862277111
 10
35.4678533360057
 20
181.7367101726483
 10
35.38070400705533
 20
181.7553968630414
 10
35.2869157591339
 20
181.7755462988904
 10
35.18648859224146
 20
181.7971584801955
 10
35.07942250637799
 20
181.8202334069564
 10
35.02664587349315
 20
181.8316189205728
 10
34.97978352202273
 20
181.8417362946875
 10
34.94061581760997
 20
181.8502136056472
 10
34.9015645820879
 20
181.8586888906443
 10
34.86262981545661
 20
181.8671621496789
 10
34.5625895648397
 20
181.9332611660791
 10
34.26965186240596
 20
181.9992366344987
 10
33.97497225925969
 20
182.0671483899689
 10
33.75752774668501
 20
182.1183143186164
 10
33.73846338458401
 20
182.1228441578845
 10
33.71414202106237
 20
182.1286284772019
 10
33.69128986163466
 20
182.1340688506251
 10
33.66990690630081
 20
182.1391652781542
 10
33.64999315506086
 20
182.1439177597892
 10
33.63154860791477
 20
182.1483262955301
 10
33.60553271148717
 20
182.1545590834593
 10
33.58314484965877
 20
182.1599425356092
 10
33.56438502242958
 20
182.1644766519797
 10
33.54039853457556
 20
182.1703396099864
 10
33.49841159910466
 20
182.1807099030524
 10
33.45465626279724
 20
182.19141717078
 10
33.41087753039218
 20
182.2020279631762
 10
33.36707540188954
 20
182.2125422802412
 10
33.32544079587089
 20
182.222443352025
 10
33.29275599439765
 20
182.2302169343578
 10
33.21380536476741
 20
182.2491425879093
 10
33.12837280469486
 20
182.2698160483734
 10
33.03645831418007
 20
182.2922373157502
 10
32.93806189322302
 20
182.3164063900397
 10
32.8331835418237
 20
182.3423232712419
 10
32.72182325998213
 20
182.3699879593567
 10
32.60398104769834
 20
182.3994004543842
 10
32.58721179990306
 20
182.4035961315511
 10
32.57031913884703
 20
182.4078250862349
 10
32.55330306453024
 20
182.4120873184358
 10
32.53616357695259
 20
182.4163828281536
 10
32.51890067611416
 20
182.4207116153884
 10
32.50151436201494
 20
182.4250736801401
 10
32.49443361643188
 20
182.4268560044228
 10
32.47397874867912
 20
182.432064724706
 10
32.44985266381642
 20
182.4382838268182
 10
32.41634439989102
 20
182.4470049110827
 10
32.37763316387111
 20
182.4571579423837
 10
32.33371895575661
 20
182.4687429207213
 10
32.30140349099463
 20
182.4773012232269
 10
32.26675490138953
 20
182.4865016416509
 10
32.22977318694134
 20
182.4963441759933
 10
32.19045834765004
 20
182.5068288262542
 10
32.14881038351567
 20
182.5179555924335
 10
32.10482929453821
 20
182.5297244745312
 10
32.06826749554287
 20
182.5395216729843
 10
32.0375706661296
 20
182.5477604613112
 10
31.920486487684
 20
182.5793043223993
 10
31.80547617895371
 20
182.6104811815993
 10
31.69253973993878
 20
182.641291038911
 10
31.57485078041617
 20
182.6736283288637
 10
31.4571449747923
 20
182.7062393278423
 10
31.34068741862981
 20
182.7387783312515
 10
31.25006073828243
 20
182.7642941839772
 10
31.16020466091888
 20
182.7897655904585
 10
31.07111918653914
 20
182.8151925506955
 10
30.9828043151432
 20
182.8405750646881
 10
30.89526004673101
 20
182.8659131324364
 10
30.80531500937121
 20
182.8921337751886
 10
30.47603608947767
 20
182.9897569033204
 10
30.15170701796524
 20
183.088502652802
 10
29.8323277948339
 20
183.1883710236334
 10
29.66020724558402
 20
183.2433178514327
 10
29.48955937849715
 20
183.2985986822782
 10
29.32038419357323
 20
183.35421351617
 10
29.14944482777028
 20
183.411250313815
 10
28.97487239486739
 20
183.4703941344278
 10
28.80154395403139
 20
183.5300303647233
 10
28.62945950526239
 20
183.5901590047015
 10
28.58724892012864
 20
183.6050503142897
 10
28.54511386143551
 20
183.6199715195272
 10
28.50305432918296
 20
183.6349226204142
 10
28.46107032337108
 20
183.6499036169505
 10
28.41916184399972
 20
183.6649145091361
 10
28.36737758771778
 20
183.6835175529606
 10
28.31414704471351
 20
183.7026602791036
 10
28.22000334912664
 20
183.7365682303455
 10
28.13031870833959
 20
183.7689400035218
 10
28.0450931223522
 20
183.7997755986326
 10
27.95872818031953
 20
183.8311090488571
 10
27.8774820511947
 20
183.8606790293636
 10
27.80135473497774
 20
183.8884855401519
 10
27.73034623166862
 20
183.9145285812222
 10
27.66445654126736
 20
183.9388081525744
 10
27.62061944842205
 20
183.9550365249465
 10
27.56374758405065
 20
183.9761912517739
 10
27.50005114044933
 20
184.0000084973697
 10
27.43738859405565
 20
184.0235719747966
 10
27.37575994486966
 20
184.0468816840545
 10
27.25771370842841
 20
184.0919298044775
 10
27.14365667996319
 20
184.1359987811364
 10
27.09402633341483
 20
184.1553563016279
 10
27.0451910299102
 20
184.1745186802659
 10
26.99715076944921
 20
184.1934859170504
 10
26.94990555203194
 20
184.2122580119814
 10
26.90106705178866
 20
184.2317929889456
 10
26.84913639359777
 20
184.2527115552016
 10
26.79772331265778
 20
184.2735742349726
 10
26.74682780896873
 20
184.2943810282584
 10
26.56524377298538
 20
184.3700689473021
 10
26.38081962126756
 20
184.4478050195971
 10
26.19803709481948
 20
184.5264845662025
 10
26.02108653148457
 20
184.6052242006657
 10
25.94286070099088
 20
184.6409278679909
 10
25.86494198936776
 20
184.6770883809986
 10
25.7873303966152
 20
184.7137057396885
 10
25.71002592273317
 20
184.7507799440609
 10
25.6332128943331
 20
184.7882204175775
 10
25.56478120568875
 20
184.8220579306744
 10
25.49223140529423
 20
184.8583455842715
 10
25.40767020578883
 20
184.9010919155058
 10
25.31812609106575
 20
184.9468029167452
 10
25.22375003638155
 20
184.9953945889864
 10
25.13173833199471
 20
185.0430613166158
 10
25.04547885524752
 20
185.0880238250923
 10
24.97799002073856
 20
185.1234268591923
 10
24.91449578875708
 20
185.1569519633251
 10
24.85417405456965
 20
185.1890557851476
 10
24.79141110464553
 20
185.2229769122906
 10
24.72547404642899
 20
185.259183066506
 10
24.65636287991998
 20
185.2976742477939
 10
24.5882936988408
 20
185.3360588312737
 10
24.51740280026735
 20
185.3764747571877
 10
24.44889809690324
 20
185.4159492014692
 10
24.38288113901419
 20
185.4544662590617
 10
24.31826227358366
 20
185.4926534780245
 10
24.28054437325309
 20
185.5151782420358
 10
24.24331966961572
 20
185.5375866508515
 10
24.20658816267149
 20
185.5598787044717
 10
24.17034985242049
 20
185.5820544028963
 10
24.13460473886261
 20
185.6041137461253
 10
24.09094669573372
 20
185.6312498502557
 10
24.02484467111108
 20
185.6726386683573
 10
23.96265104706535
 20
185.7119690238702
 10
23.90436582359652
 20
185.7492409167943
 10
23.86752046182252
 20
185.7730490267798
 10
23.83242771111719
 20
185.7959340777681
 10
23.7990875714805
 20
185.8178960697591
 10
23.76604311166855
 20
185.8399102086966
 10
23.72644161676632
 20
185.8666042262346
 10
23.68728586259087
 20
185.8933202277616
 10
23.6485758491423
 20
185.9200582132776
 10
23.61031157642049
 20
185.9468181827826
 10
23.53360430115103
 20
186.0014985789896
 10
23.45875350537688
 20
186.056270537
 10
23.38901117681286
 20
186.1086245777531
 10
23.3195391162667
 20
186.1618257626858
 10
23.24587926400193
 20
186.2191661820431
 10
23.1680316200185
 20
186.280645835825
 10
23.08599618431643
 20
186.3462647240316
 10
23.05235975201728
 20
186.3733757803267
 10
23.02100576105906
 20
186.3987463661794
 10
22.99193421144167
 20
186.4223764815899
 10
22.96514510316516
 20
186.444266126558
 10
22.94063843622948
 20
186.4644153010837
 10
22.92582888843793
 20
186.4766653348201
 10
22.91199785326768
 20
186.4881692059872
 10
22.89914533071877
 20
186.4989269145851
 10
22.88727132079123
 20
186.5089384606139
 10
22.86902386734849
 20
186.5244097036119
 10
22.85100062299838
 20
186.5397346550199
 10
22.81956714810974
 20
186.5665731672718
 10
22.78909635273678
 20
186.5927354328501
 10
22.75958823687941
 20
186.6182214517549
 10
22.73104280053772
 20
186.6430312239862
 10
22.70346004371169
 20
186.667164749544
 10
22.67366812748492
 20
186.6934278496491
 10
22.59149473611879
 20
186.7670521756562
 10
22.51418726563233
 20
186.8381431980548
 10
22.44174571602545
 20
186.9067009168447
 10
22.36277265538104
 20
186.9839452208316
 10
22.2858663043136
 20
187.0619968531927
 10
22.21297526579701
 20
187.1389834628799
 10
22.14409953983127
 20
187.2149050498932
 10
22.07110085406848
 20
187.2998113390133
 10
22.00272737062224
 20
187.3847747979393
 10
21.93917753729434
 20
187.4695719245314
 10
21.88045135408481
 20
187.5542027187897
 10
21.8177427327733
 20
187.6524989051579
 10
21.75709677735489
 20
187.7559953531145
 10
21.69851348782956
 20
187.8646920626594
 10
21.64252203417502
 20
187.9773275771418
 10
21.59094925089528
 20
188.0890499389458
 10
21.54387491284726
 20
188.1995032855171
 10
21.50129902003096
 20
188.3086876168556
 10
21.47444565277715
 20
188.3838800247496
 10
21.44954918537863
 20
188.4596239577636
 10
21.42660961783528
 20
188.5359194158975
 10
21.40562695014717
 20
188.6127663991514
 10
21.38660118231425
 20
188.6901649075252
 10
21.36863766450335
 20
188.7727350831088
 10
21.35085629457487
 20
188.8703535368658
 10
21.33768697100328
 20
188.9642998507882
 10
21.32912969378859
 20
189.054574024876
 10
21.32518446293079
 20
189.1411760591292
  0
LWPOLYLINE
  5
86
330
1F
100
AcDbEntity
  8
Geometries
  6
Continuous
370
    13
100
AcDbPolyline
 90
      389
 70
   128
 43
0.0
 10
330.315204388613
 20
121.8365169287556
 10
329.5455294366809
 20
121.8012570702806
 10
328.7760142984342
 20
121.762848531262
 10
328.0066541789287
 20
121.7215310671749
 10
327.2374416918722
 20
121.6776846958883
 10
326.4683560928819
 20
121.6317758117409
 10
325.9378111749475
 20
121.5991443224355
 10
325.7043854325766
 20
121.5845854880735
 10
325.3789368944874
 20
121.564030950385
 10
324.6347227725781
 20
121.5156541134593
 10
323.8906075202379
 20
121.4657828277864
 10
323.0572780972764
 20
121.4087843738446
 10
322.7722939832535
 20
121.3891333878053
 10
322.6282560346105
 20
121.3791646646498
 10
322.0437093837453
 20
121.3384004171927
 10
321.1983512788246
 20
121.2786274662225
 10
320.3530570939474
 20
121.2179821528907
 10
320.1197930497372
 20
121.2011062379332
 10
319.6088875851159
 20
121.1639936610876
 10
318.2998279810543
 20
121.0682936774541
 10
315.9623677264034
 20
120.8955248020091
 10
315.0294673855136
 20
120.8260060772776
 10
314.3634942624234
 20
120.7762142772849
 10
313.7090577596307
 20
120.7271671228652
 10
312.5404404399919
 20
120.6393355391962
 10
310.4536690919083
 20
120.4819130212994
 10
305.0644261326997
 20
120.0734912227845
 10
299.6753822444192
 20
119.6625508250723
 10
298.1882002834226
 20
119.5488695581187
 10
297.8217594968415
 20
119.5208477252032
 10
297.4801489434504
 20
119.4947216227253
 10
296.4518730353234
 20
119.4160659164224
 10
292.2786776865279
 20
119.0968152636917
 10
291.7596369009109
 20
119.0571263246519
 10
291.4717187462128
 20
119.035113866824
 10
290.9575786309971
 20
118.9958128627401
 10
290.0394692455601
 20
118.9256581237078
 10
288.3999801526759
 20
118.8004831243693
 10
286.5071729613496
 20
118.6561753860439
 10
285.7222124808614
 20
118.5964230351703
 10
284.9893038708378
 20
118.5407179067788
 10
283.680521213948
 20
118.441461161678
 10
282.0147636815842
 20
118.3155659356669
 10
281.2818175025595
 20
118.260335704788
 10
280.7254307118291
 20
118.2184805082667
 10
279.5568027617138
 20
118.1307748916898
 10
276.9007444140394
 20
117.9325505577155
 10
275.7320384591002
 20
117.8458548820782
 10
275.2177996098318
 20
117.8078161202674
 10
274.5760497130765
 20
117.7604405716376
 10
273.8649132018469
 20
117.7080692843076
 10
270.8897889131922
 20
117.4904874200335
 10
267.9144655151259
 20
117.27553563068
 10
265.2960018401125
 20
117.0887566474796
 10
264.1438213527142
 20
117.0073267280461
 10
263.5683740737617
 20
116.9668374998974
 10
261.4807239822982
 20
116.8209857643474
 10
259.3929534411863
 20
116.6767916365568
 10
256.9073526874997
 20
116.5073627658212
 10
254.4215754424384
 20
116.3404387659708
 10
251.9356185613881
 20
116.1761042313206
 10
249.5624892577194
 20
116.0217327523133
 10
247.1891906772205
 20
115.8698713365444
 10
244.815720084892
 20
115.7205935591412
 10
242.4420747457354
 20
115.5739729952299
 10
241.7083827912775
 20
115.5292039353205
 10
240.839503182814
 20
115.4765291773946
 10
238.7805244481434
 20
115.3532259653144
 10
236.942036328307
 20
115.2449500540938
 10
235.1034414548924
 20
115.1384054816649
 10
233.2647408173787
 20
115.0336094620126
 10
231.4259354052451
 20
114.9305792091212
 10
230.519733861748
 20
114.8804606565417
 10
229.9946030680719
 20
114.8516172745841
 10
229.3588497980653
 20
114.8168945101004
 10
227.1375351598149
 20
114.6972745180939
 10
224.9160724707615
 20
114.5803143689238
 10
222.6944634745851
 20
114.4660443974131
 10
220.4727099149653
 20
114.3544949383854
 10
218.2508131580503
 20
114.245696966759
 10
216.0287700327018
 20
114.1396834279646
 10
213.7711148610358
 20
114.0348405278785
 10
211.5133156401718
 20
113.9328888936883
 10
209.2553770165038
 20
113.8338345092311
 10
208.3206591047057
 20
113.7936800498737
 10
207.4879011664323
 20
113.7583258811925
 10
206.1763684315841
 20
113.7034491931513
 10
204.8647923767012
 20
113.6495546012767
 10
202.5225873883628
 20
113.5557606519582
 10
200.180252348579
 20
113.4651088009051
 10
198.5107297673479
 20
113.4024202300578
 10
196.8411456324599
 20
113.3413335908587
 10
195.9014122875103
 20
113.3076578517471
 10
195.3241865675903
 20
113.2872270507875
 10
192.9814709321834
 20
113.2062909206146
 10
190.8896573525001
 20
113.136703833825
 10
188.7977508913389
 20
113.0696315527472
 10
186.4204771671174
 20
112.9964522532524
 10
184.0430953561146
 20
112.926491296929
 10
181.6656117631941
 20
112.859733214862
 10
179.2880326932207
 20
112.7961625381364
 10
177.1956891397946
 20
112.7428446802653
 10
175.1032808280134
 20
112.6919726283303
 10
174.0721195053705
 20
112.6677992900234
 10
173.3210474598795
 20
112.6505659875889
 10
172.60805615384
 20
112.6345018880291
 10
171.1612159739656
 20
112.6027845652611
 10
169.7143455142382
 20
112.5722399296963
 10
167.5836649502012
 20
112.5293785654707
 10
165.4529256873125
 20
112.4890170308795
 10
163.3221318721818
 20
112.4511296436168
 10
161.1912876514191
 20
112.4156907213769
 10
159.0603971716342
 20
112.3826745818538
 10
156.7163691636791
 20
112.3491244905842
 10
154.3722957188425
 20
112.3184407076628
 10
152.3094778848117
 20
112.2937828437086
 10
151.4018292139311
 20
112.2836221863708
 10
151.0409151734511
 20
112.2796990325914
 10
148.5492423434156
 20
112.2544522628105
 10
146.0575304438755
 20
112.2323836320692
 10
143.5657830409929
 20
112.2134483316855
 10
140.8960183344905
 20
112.1965866395373
 10
138.2262213516319
 20
112.1832153314915
 10
135.5563964786402
 20
112.1732792948293
 10
132.8865481017392
 20
112.1667234168313
 10
130.2166806071518
 20
112.1634925847785
 10
127.3849869604643
 20
112.1636379333423
 10
124.5532819755999
 20
112.1673958286637
 10
121.7215708855869
 20
112.1747005179578
 10
118.8898589234525
 20
112.1854862484397
 10
116.0581513222249
 20
112.1996872673244
 10
113.2264533149321
 20
112.2172378218271
 10
110.5565801113342
 20
112.2367943116393
 10
107.8867244748265
 20
112.2592149046549
 10
105.2168901499335
 20
112.2844483912579
 10
102.5470754985659
 20
112.3124793161459
 10
99.87728192546828
 20
112.3432791634763
 10
97.20751194887617
 20
112.3768131462453
 10
94.53776808702536
 20
112.4130464774493
 10
91.86805285815123
 20
112.4519443700846
 10
89.19836878048876
 20
112.4934720371476
 10
86.52871837227372
 20
112.5375946916344
 10
83.90677550232556
 20
112.5834216749476
 10
81.2848698954937
 20
112.6317124958759
 10
78.66300436444877
 20
112.6825123273296
 10
76.04118201094832
 20
112.7358611164078
 10
73.01434487474899
 20
112.8006746278913
 10
69.98757419642547
 20
112.8690002246881
 10
66.96087474925443
 20
112.9408993443816
 10
63.93425130651264
 20
113.0164334245553
 10
62.26378316054465
 20
113.0597025833342
 10
61.52878517879446
 20
113.0791004062759
 10
61.12108395471839
 20
113.0899561246132
 10
59.94922854396907
 20
113.1215723338736
 10
57.85666862044172
 20
113.179586563413
 10
55.73358887602058
 20
113.240526001134
 10
53.61056537517391
 20
113.3036029718339
 10
51.48760069245765
 20
113.368862560025
 10
49.36469862882444
 20
113.4363713477149
 10
47.24187496889812
 20
113.5064052002724
 10
45.11912343030392
 20
113.5788514576399
 10
42.99643650898284
 20
113.6535774808511
 10
40.87383930339351
 20
113.7310308314275
 10
38.78192326622911
 20
113.8105359879961
 10
38.2132204531411
 20
113.8327188905404
 10
37.75964723392954
 20
113.8505518896692
 10
36.94970550800173
 20
113.8827196564927
 10
35.5034183393347
 20
113.941252002989
 10
33.66276971164123
 20
114.0179355164273
 10
33.20924950127971
 20
114.0372328046508
 10
32.99921666999205
 20
114.0462284818957
 10
32.68106592097425
 20
114.05994121307
 10
31.38991648173158
 20
114.1166391733367
 10
29.97532556220324
 20
114.1805980539915
 10
28.56080813183974
 20
114.2463499786943
 10
27.14635497077794
 20
114.3137717296249
 10
25.73197924710661
 20
114.383025589635
 10
24.31770997674784
 20
114.4544881940049
 10
22.90357437776444
 20
114.5285162605986
 10
21.57038999516453
 20
114.6009444779098
 10
20.23729283997179
 20
114.6753340700895
 10
18.90428779300848
 20
114.7517139621384
 10
17.57141479724638
 20
114.8305161561618
 10
16.23871381639964
 20
114.9121728604686
 10
15.12830428421671
 20
114.9828582852961
 10
14.01804200722478
 20
115.055863016823
 10
12.90787895711435
 20
115.1307404870031
 10
11.79781647802704
 20
115.2074748439202
 10
10.68790267044153
 20
115.2864881673591
 10
9.578206957908776
 20
115.3683949534665
 10
8.601880621183483
 20
115.4431062742275
 10
7.625736154646233
 20
115.520206789679
 10
6.649763123767542
 20
115.5996234836595
 10
6.005709767623216
 20
115.6532718391668
 10
5.361723543684661
 20
115.707876324347
 10
5.044390908611575
 20
115.7351306879948
 10
4.969646832197583
 20
115.7415840837286
 10
4.914796149660589
 20
115.7463295514167
 10
4.692194997126023
 20
115.7656741318023
 10
3.845727868017207
 20
115.8405819950445
 10
2.999479103557519
 20
115.9178413284438
 10
2.153492781731671
 20
115.9977615534454
 10
1.307796076216846
 20
116.0805601399979
 10
0.462344276681705
 20
116.1659721020877
 10
-0.3678321595351406
 20
116.2520187926277
 10
-1.197848034895173
 20
116.3400854716107
 10
-2.027580249316344
 20
116.4308742272745
 10
-2.856935274451672
 20
116.5249143611699
 10
-3.520086314203951
 20
116.6028349538733
 10
-4.182898436210905
 20
116.6834111609037
 10
-4.84541167736873
 20
116.7664574857596
 10
-5.507685263010728
 20
116.8516777775699
 10
-6.169778417689002
 20
116.9387758890415
 10
-6.689847747064107
 20
117.0086045459734
 10
-7.209701745462553
 20
117.0800460713287
 10
-7.72929033866285
 20
117.1533220955494
 10
-8.248563452443676
 20
117.2286542490777
 10
-8.767471012583883
 20
117.3062641623555
 10
-9.317357473960215
 20
117.3913728125401
 10
-9.866788323755571
 20
117.4792866148515
 10
-10.41599080227562
 20
117.5691557877431
 10
-10.96502251062586
 20
117.6607368326677
 10
-11.51372732270499
 20
117.7545639526769
 10
-12.06196411197817
 20
117.8511208555525
 10
-12.46683706670228
 20
117.9245343463809
 10
-12.87132016950403
 20
117.9998991169528
 10
-13.07048862271989
 20
118.0378163213356
 10
-13.14035097679451
 20
118.0512501426733
 10
-13.17475874826769
 20
118.0578962022369
 10
-13.31435306512824
 20
118.0850723524914
 10
-13.59740548082254
 20
118.141169602114
 10
-13.88020991485479
 20
118.198431506038
 10
-14.28300214498935
 20
118.28180955625
 10
-14.46013873512342
 20
118.3190628467769
 10
-14.5045711862962
 20
118.3284571313016
 10
-14.57314488598394
 20
118.3429887536832
 10
-14.69558820307196
 20
118.3690332656638
 10
-15.07193449757722
 20
118.4499690350538
 10
-15.44802079959683
 20
118.5324249087824
 10
-15.82373578883755
 20
118.6166877783299
 10
-15.85199546085315
 20
118.6231108883195
 10
-15.88002264489177
 20
118.6294936182704
 10
-15.89415004387368
 20
118.6327156477165
 10
-15.90827672979975
 20
118.6359407186558
 10
-15.92240269673732
 20
118.6391688463777
 10
-15.93652793875384
 20
118.6424000461717
 10
-15.9506524499167
 20
118.6456343333268
 10
-16.02832393218841
 20
118.6634787825082
 10
-16.16696447450525
 20
118.6955852952001
 10
-16.41433463199749
 20
118.7537283823373
 10
-16.63495963268977
 20
118.806576396919
 10
-16.85533338439004
 20
118.8603671127655
 10
-17.16707164993736
 20
118.9383030171758
 10
-17.24379205118754
 20
118.95783426612
 10
-17.25115484270006
 20
118.9597162204749
 10
-17.25545922081216
 20
118.960817116977
 10
-17.25976344531566
 20
118.9619185146251
 10
-17.26406751666627
 20
118.9630204124404
 10
-17.26837143531981
 20
118.9641228094433
 10
-17.27267520173203
 20
118.9652257046544
 10
-17.27697881635874
 20
118.9663290970946
 10
-17.33076137815709
 20
118.9801630569285
 10
-17.54881050339841
 20
119.0370636400683
 10
-17.76654433597776
 20
119.0950820044262
 10
-17.86226266998011
 20
119.1209312538907
 10
-17.90436435494382
 20
119.132362831914
 10
-17.90987705627927
 20
119.133862366854
 10
-17.91538961841184
 20
119.1353624839096
 10
-17.92090204231124
 20
119.1368631809976
 10
-17.92641432894709
 20
119.1383644560345
 10
-17.93310503951537
 20
119.1401874990054
 10
-17.94412887778645
 20
119.1431931644525
 10
-18.29053678580107
 20
119.2387799796235
 10
-18.63665816603267
 20
119.3361016458758
 10
-18.98245870669061
 20
119.4351965208428
 10
-19.3276345713019
 20
119.5366575550981
 10
-19.60316730044497
 20
119.6198382880967
 10
-19.87802904413121
 20
119.7050618274516
 10
-20.15209927223398
 20
119.7925630462347
 10
-20.42525745462504
 20
119.8825768175177
 10
-20.69736928386158
 20
119.9753605809899
 10
-20.96338638462916
 20
120.0695761934225
 10
-21.22863409282391
 20
120.1661452107469
 10
-21.49369830232172
 20
120.2641302148041
 10
-21.75854506952209
 20
120.3635380158244
 10
-22.00968193995274
 20
120.4598378722662
 10
-22.2599499430587
 20
120.5584215126746
 10
-22.50901980713772
 20
120.6597785547313
 10
-22.56655143098263
 20
120.6837224250869
 10
-22.57300375843298
 20
120.6864212158581
 10
-22.57945499429925
 20
120.6891223012663
 10
-22.58590513278085
 20
120.6918256899369
 10
-22.59235416807726
 20
120.6945313904948
 10
-22.59880209438796
 20
120.6972394115654
 10
-22.60524890591239
 20
120.6999497617739
 10
-22.61017925386994
 20
120.7020244600057
 10
-22.65044075332193
 20
120.7190287761854
 10
-22.72222253820016
 20
120.7496280092048
 10
-22.85001920598492
 20
120.805050151379
 10
-23.02204764243089
 20
120.8817242925798
 10
-23.19298715243099
 20
120.9605057475555
 10
-23.36268998990852
 20
121.0416092194424
 10
-23.53127817102165
 20
121.1249453463979
 10
-23.69938781669399
 20
121.2098021124046
 10
-23.86768049020935
 20
121.2954359596901
 10
-23.87326449784138
 20
121.2982764968077
 10
-23.87884945574618
 20
121.3011170436854
 10
-23.88589104722163
 20
121.3046979223257
 10
-23.8970633175183
 20
121.3103821174654
 10
-23.90823536642679
 20
121.3160705898259
 10
-23.91940703048985
 20
121.3217635039533
 10
-23.9305781462503
 20
121.3274610243945
 10
-23.99200217752855
 20
121.3588870778473
 10
-24.10154903881894
 20
121.4154499113864
 10
-24.29629593434092
 20
121.5183060097381
 10
-24.3930228508049
 20
121.5708525546823
 10
-24.48917178179806
 20
121.6242927074407
 10
-24.50321839067917
 20
121.6322124153717
 10
-24.5132710958145
 20
121.6378990138972
 10
-24.52028323741052
 20
121.6418750220896
 10
-24.52729148528923
 20
121.6458566265804
 10
-24.53429579598179
 20
121.6498438711278
 10
-24.54129612601929
 20
121.6538367994906
 10
-24.57424275452158
 20
121.6727384812773
 10
-24.67332282105008
 20
121.7307421614122
 10
-24.77141660955121
 20
121.7900797168966
 10
-24.86839802437544
 20
121.8508780836724
 10
-24.96414096987399
 20
121.9132641976819
 10
-25.0571705773566
 20
121.9764291792526
 10
-25.09765256405441
 20
122.0047807650557
 10
-25.1055705964805
 20
122.0103913743233
 10
-25.10977506942734
 20
122.013379480019
 10
-25.11372685283254
 20
122.0161936513464
 10
-25.11767579657027
 20
122.0190112999103
 10
-25.18137651730908
 20
122.0652470980181
 10
-25.25279872601183
 20
122.1189568493722
 10
-25.3233274572124
 20
122.1738747260128
 10
-25.3855810803455
 20
122.2227339042332
 10
-25.3906472763415
 20
122.2266861363486
 10
-25.39580314292101
 20
122.2307069359892
 10
-25.40096291951687
 20
122.23472953807
 10
-25.40612647678446
 20
122.2387539917
 10
-25.41129368537915
 20
122.2427803459875
 10
-25.41646441595634
 20
122.2468086500413
 10
-25.44088425700326
 20
122.2658269688719
 10
-25.48463611891458
 20
122.2999148950054
 10
-25.58082372574685
 20
122.3753087798759
 10
-25.67677581165356
 20
122.4519106700566
 10
-25.77168037256706
 20
122.5300288616366
 10
-25.83334914521049
 20
122.5825672423294
 10
-25.89397445907321
 20
122.6359890515809
 10
-25.900569516536
 20
122.6419231897184
 10
-25.90714881270847
 20
122.6478692077834
 10
-25.91371203687152
 20
122.6538272237474
 10
-25.9202588783059
 20
122.6597973555822
 10
-25.92678902629243
 20
122.6657797212595
 10
-25.933302170112
 20
122.671774438751
 10
-25.93979799904534
 20
122.6777816260283
 10
-25.94380048575613
 20
122.6814974312067
 10
-25.96406441605382
 20
122.7004845204048
 10
-26.02516284169934
 20
122.759683914722
 10
-26.08422606969759
 20
122.8202065247284
 10
-26.14097375164567
 20
122.8821587911668
 10
-26.18504506407285
 20
122.9334559336037
 10
-26.22726461464504
 20
122.9858172534101
 10
-26.26748346032772
 20
123.0392993002476
 10
-26.30551058669209
 20
123.0939513680996
 10
-26.34110208912435
 20
123.1498149927364
 10
-26.3749058343204
 20
123.2070881031767
 10
-26.41352529397648
 20
123.2766359491815
 10
-26.45111839987214
 20
123.3482752565313
 10
-26.48737614875682
 20
123.4217455393717
 10
-26.5219830029381
 20
123.4967861583616
 10
-26.55462342472273
 20
123.5731364741602
 10
-26.58498187641871
 20
123.6505358474264
 10
-26.61274282033381
 20
123.7287236388192
 10
-26.63759071877459
 20
123.8074392089975
 10
-26.64994259954287
 20
123.8510162498075
 10
-26.65505217339506
 20
123.8702046371017
 10
-26.65603186929769
 20
123.8739743178202
 10
-26.65700361336621
 20
123.8777441067498
 10
-26.65796737134832
 20
123.8815139755975
 10
-26.65968201314996
 20
123.8883002961142
 10
-26.6739377825931
 20
123.9494806436204
 10
-26.6859171246542
 20
124.0105401321844
 10
-26.69456992147875
 20
124.064856773226
 10
-26.7011868437919
 20
124.1188944170502
 10
-26.70566358945223
 20
124.1725669083699
 10
-26.70789585631834
 20
124.2257880918982
  0
ELLIPSE
  5
87
330
1F
100
AcDbEntity
  8
Geometries
  6
Continuous
370
    13
100
AcDbEllipse
 10
282.2251904537413
 20
182.3710417008087
 30
0.0
 11
-1.340373475601749
 21
-0.02444595613111384
 31
0.0
210
0.0
220
0.0
230
0.9999999999999999
 40
0.9659142921913818
 41
1.563619324136567
 42
3.122713131238569
  0
LWPOLYLINE
  5
88
330
1F
100
AcDbEntity
  8
Geometries
  6
Continuous
370
    13
100
AcDbPolyline
 90
      839
 70
   128
 43
0.0
 10
21.32518446293096
 20
189.1411760591223
 10
21.32465884742621
 20
189.1990487024103
 10
21.32662423350132
 20
189.260784221677
 10
21.33108062115622
 20
189.3263826169224
 10
21.33738506534934
 20
189.3893317032214
 10
21.34544781797666
 20
189.4497692954769
 10
21.35463471792502
 20
189.5049614806817
 10
21.36702252367078
 20
189.5701890978954
 10
21.38028360710004
 20
189.6323055999202
 10
21.40463872163036
 20
189.7266365370619
 10
21.43212871731075
 20
189.8206939230975
 10
21.46155826343053
 20
189.9132756100695
 10
21.49378089917928
 20
190.0068376317503
 10
21.53441236194004
 20
190.1175750566464
 10
21.57933074189975
 20
190.2344411520218
 10
21.62853603905839
 20
190.3574359178764
 10
21.68085103170412
 20
190.4834630479085
 10
21.73315992280843
 20
190.6034735500174
 10
21.78560133507361
 20
190.7175473998046
 10
21.83817526849955
 20
190.82568459727
 10
21.85176203976886
 20
190.8527000478945
 10
21.86495764109901
 20
190.8786753698477
 10
21.87776207248999
 20
190.9036105631297
 10
21.89017533394178
 20
190.9275056277406
 10
21.90219742545443
 20
190.9503605636803
 10
21.91382834702796
 20
190.9721753709487
 10
21.92506809866231
 20
190.992950049546
 10
21.94465835473326
 20
191.0283355150089
 10
21.96293384517537
 20
191.0602249924382
 10
21.98303316723013
 20
191.0942065666552
 10
22.0023774431935
 20
191.1262607567439
 10
22.02303328587379
 20
191.1599182420264
 10
22.04500069527094
 20
191.1951790225028
 10
22.06827967138491
 20
191.2320430981729
 10
22.09287021421576
 20
191.270510469037
 10
22.1161114451555
 20
191.3064564546227
 10
22.19605892542941
 20
191.4264176739535
 10
22.28038622966542
 20
191.5473940445838
 10
22.36611761170514
 20
191.6657875283833
 10
22.40312032513009
 20
191.7159196788804
 10
22.44047668563229
 20
191.7659795791269
 10
22.47818669321171
 20
191.8159672291228
 10
22.51625034786835
 20
191.865882628868
 10
22.55466764960215
 20
191.9157257783627
 10
22.58712739204665
 20
191.9574366911601
 10
22.61806998808623
 20
191.9969280170706
 10
22.65582687326662
 20
192.0448628574207
 10
22.69748093224749
 20
192.0975060978026
 10
22.74303216502892
 20
192.1548577382163
 10
22.79248057161081
 20
192.2169177786618
 10
22.84582615199307
 20
192.283686219139
 10
22.87617265972227
 20
192.3216069706179
 10
22.90495454280662
 20
192.3575416225009
 10
22.93217180124608
 20
192.3914901747882
 10
22.95782443504069
 20
192.4234526274796
 10
22.98191244419044
 20
192.4534289805753
 10
23.00443582869536
 20
192.4814192340752
 10
23.03666853822671
 20
192.5213911863098
 10
23.06503758281866
 20
192.5564586885221
 10
23.08954296247131
 20
192.5866217407122
 10
23.1071416411144
 20
192.6081685455745
 10
23.12201411777625
 20
192.626254770501
 10
23.12816370141488
 20
192.6336868311529
 10
23.13775867790338
 20
192.6452608003369
 10
23.14730284292546
 20
192.6567512719426
 10
23.15679619648108
 20
192.6681582459697
 10
23.1662387385702
 20
192.6794817224185
 10
23.24829498367831
 20
192.7768832457486
 10
23.30150180775084
 20
192.8389923678098
 10
23.35285534867816
 20
192.898056022665
 10
23.4023556064603
 20
192.954074210314
 10
23.45283726651672
 20
193.0103023055412
 10
23.50558653428072
 20
193.0683823499319
 10
23.56016718537896
 20
193.1278352856772
 10
23.64547200577826
 20
193.2195888605854
 10
23.73480938368243
 20
193.3143383031245
 10
23.82356542911333
 20
193.4072057925307
 10
23.90924601913432
 20
193.4955547703397
 10
23.96152825894995
 20
193.5487756733124
 10
24.01259538005678
 20
193.6002113031316
 10
24.0596075782403
 20
193.6470854589071
 10
24.10717031421655
 20
193.6941393298563
 10
24.15649199160339
 20
193.7425857354665
 10
24.23858338756372
 20
193.8225295074585
 10
24.32512664969744
 20
193.9059977731688
 10
24.41612177800451
 20
193.9929905325976
 10
24.51156877248505
 20
194.0835077857449
 10
24.61633576602239
 20
194.1821156235745
 10
24.72529167733373
 20
194.2839580632931
 10
24.83109566859065
 20
194.382257980075
 10
24.93922520683759
 20
194.4820391780096
 10
25.04194245443941
 20
194.5760891951085
 10
25.13924741139616
 20
194.6644080313716
 10
25.23114007770769
 20
194.7469956867989
 10
25.31762045337419
 20
194.8238521613905
 10
25.35669801586658
 20
194.8582796707866
 10
25.3960623622111
 20
194.8927875007664
 10
25.43571349240779
 20
194.92737565133
 10
25.47565140645656
 20
194.9620441224773
 10
25.51587610435752
 20
194.9967929142084
 10
25.55638758611062
 20
195.0316220265232
 10
25.59718585171592
 20
195.0665314594219
 10
25.71085981136804
 20
195.162946552903
 10
25.826702573902
 20
195.2599690707988
 10
26.03895899375806
 20
195.4347343803176
 10
26.25813123913028
 20
195.611436629934
 10
26.37261817756567
 20
195.7023370569938
 10
26.48802709795504
 20
195.7930547424185
 10
26.58461721657977
 20
195.8683203290317
 10
26.68580967493909
 20
195.9466113764125
 10
26.79160447303289
 20
196.0279278845608
 10
26.90200161086133
 20
196.1122698534768
 10
27.01700108842434
 20
196.1996372831604
 10
27.20590144053043
 20
196.3422057226794
 10
27.391458663951
 20
196.4812284292096
 10
27.56824665053881
 20
196.6126293586915
 10
27.74401962631885
 20
196.7422210041283
 10
27.9187775912911
 20
196.87000336552
 10
28.09252054545553
 20
196.9959764428667
 10
28.27137088462857
 20
197.1245360099557
 10
28.450513161266
 20
197.2521797606405
 10
28.6296378076118
 20
197.3786842333593
 10
28.80874482366602
 20
197.504049428112
 10
28.98783420942871
 20
197.6282753448986
 10
29.16690596489983
 20
197.7513619837192
 10
29.34596009007936
 20
197.8733093445738
 10
29.52499658496737
 20
197.9941174274623
 10
29.69512273247818
 20
198.1078601216842
 10
29.86712299135974
 20
198.2218375162098
 10
30.08905735460382
 20
198.3675013983848
 10
30.31734717405132
 20
198.5158142084062
 10
30.55199244970228
 20
198.6667759462742
 10
30.79299318155668
 20
198.8203866119887
 10
31.04034936961463
 20
198.9766462055498
 10
31.25171158771525
 20
199.1091378104144
 10
31.45896728973071
 20
199.2381389813906
 10
31.66211647566098
 20
199.3636497184783
 10
31.86115914550609
 20
199.4856700216776
 10
32.05609529926602
 20
199.6041998909884
 10
32.24692493694079
 20
199.7192393264107
 10
32.3939816626561
 20
199.8071788080199
 10
32.53850324323722
 20
199.8929634809529
 10
32.69080466300016
 20
199.9827132722808
 10
32.84489364453572
 20
200.0729180001208
 10
33.00012522841192
 20
200.1631966350233
 10
33.15649941462888
 20
200.2535491769885
 10
33.42178027386251
 20
200.4055078270693
 10
33.69028601394243
 20
200.5576750724436
 10
33.7510060491704
 20
200.5918637362102
 10
33.81188860442438
 20
200.626062912276
 10
33.87293367970432
 20
200.6602726006411
 10
33.93414127501029
 20
200.6944928013056
 10
33.99551139034222
 20
200.7287235142691
 10
34.05704402570015
 20
200.762964739532
 10
34.1147563844975
 20
200.7950066453535
 10
34.28921305640736
 20
200.8914139638053
 10
34.46786286353566
 20
200.9894712132624
 10
34.65070580588238
 20
201.0891783937246
 10
34.83774188344745
 20
201.190535505192
 10
35.03248680350018
 20
201.2954306750709
 10
35.23157872257602
 20
201.4020363188778
 10
35.43501764067503
 20
201.5103524366128
 10
35.64277155395149
 20
201.620362119351
 10
35.84965903610075
 20
201.7293214607481
 10
36.1152034244933
 20
201.8682588263617
 10
36.37464712740967
 20
202.0029464653383
 10
36.62799014484997
 20
202.133384377678
 10
36.81775409540799
 20
202.2303386211328
 10
37.00394491437467
 20
202.324803827485
 10
37.18656260174998
 20
202.4167799967348
 10
37.36908214657009
 20
202.5080377298481
 10
37.55373066490384
 20
202.5997392825472
 10
37.74035682592904
 20
202.6918093958282
 10
37.92896062964556
 20
202.784248069691
 10
38.26991960131176
 20
202.9498704005349
 10
38.61715734336093
 20
203.1166628655367
 10
38.97067385579308
 20
203.2846254646966
 10
39.33046913860824
 20
203.4537581980145
 10
39.69654319180631
 20
203.6240610654903
 10
39.81289179538851
 20
203.6778264923639
 10
39.92986058771874
 20
203.731707499836
 10
40.04744956879696
 20
203.7857040879066
 10
40.16565873862325
 20
203.8398162565756
 10
40.2844880971976
 20
203.8940440058431
 10
40.40391095459216
 20
203.9483752117267
 10
40.51397153837414
 20
203.9982989959441
 10
41.12206839276874
 20
204.2715776357157
 10
41.74382971138709
 20
204.5465967746885
 10
42.37040562736681
 20
204.8193473719629
 10
43.00179614070774
 20
205.0898294275389
 10
43.63800125140997
 20
205.3580429414165
 10
43.81299416124028
 20
205.4310676122542
 10
43.98832265027582
 20
205.5039115794793
 10
44.16398671851658
 20
205.5765748430916
 10
44.33998636596257
 20
205.6490574030913
 10
44.51632159261385
 20
205.7213592594783
 10
44.6929923984703
 20
205.7934804122527
 10
44.86999878353203
 20
205.8654208614144
 10
45.04734074779907
 20
205.9371806069635
 10
45.60688589603549
 20
206.1615348184353
 10
46.16974574499289
 20
206.3841041207533
 10
46.84413888244706
 20
206.646740313392
 10
47.5232297250048
 20
206.9068468728764
 10
48.20701827266618
 20
207.1644237992065
 10
48.78503103920565
 20
207.3788335168223
 10
49.3663585064663
 20
207.5914583252843
 10
49.4809373288669
 20
207.6330141744519
 10
49.59564404628895
 20
207.6745011543569
 10
49.7104786587324
 20
207.7159192649992
 10
49.82544116619738
 20
207.7572685063789
 10
49.94053156868375
 20
207.798548878496
 10
50.05574986619158
 20
207.8397603813505
 10
50.17109605872082
 20
207.8809030149423
 10
50.28112527183725
 20
207.9200415190196
 10
50.66802397151017
 20
208.0568146423325
 10
51.06003728462764
 20
208.1940833532027
 10
51.45716521118956
 20
208.3318476516305
 10
51.85940775119599
 20
208.4701075376155
 10
52.20471536078969
 20
208.5878075986111
 10
52.55370511633427
 20
208.7058644462413
 10
52.90637701782967
 20
208.8242780805059
 10
53.26273106527597
 20
208.9430485014051
 10
53.62022569664109
 20
209.0613361834184
 10
53.970128342332
 20
209.1762520878241
 10
54.51797821881664
 20
209.3544232205806
 10
55.06338714864583
 20
209.5296475722127
 10
55.60635513181967
 20
209.7019251427203
 10
56.18539783880416
 20
209.8832382290063
 10
56.76163843865879
 20
210.0611685308382
 10
57.33146290606987
 20
210.234701436823
 10
57.90320280390995
 20
210.4065896812461
 10
58.47872156218736
 20
210.5774109293546
 10
59.21666527583406
 20
210.7932766140956
 10
59.96073011878423
 20
211.0074139411701
 10
60.71091609103783
 20
211.219822910578
 10
61.46722319259482
 20
211.4305035223193
 10
62.22965142345532
 20
211.639455776394
 10
62.47053592516559
 20
211.7047695260504
 10
62.71202504454581
 20
211.7699125562965
 10
62.95411878159598
 20
211.8348848671323
 10
63.19681713631618
 20
211.8996864585577
 10
63.44012010870631
 20
211.9643173305728
 10
63.68399708470943
 20
212.0287694131521
 10
63.91714360249492
 20
212.0900743927567
 10
64.55984395317603
 20
212.257488236214
 10
65.20481386312127
 20
212.4231789656699
 10
66.25667565582393
 20
212.6884882854109
 10
67.31451853530402
 20
212.9492565938055
 10
68.37834250156149
 20
213.2054838908537
 10
69.44814755459637
 20
213.4571701765556
 10
70.52393369440878
 20
213.7043154509112
 10
70.65436498524275
 20
213.733879701915
 10
70.78490610701886
 20
213.763383402631
 10
70.91555705973704
 20
213.7928265530591
 10
71.04631784339739
 20
213.8222091531992
 10
71.17718845799979
 20
213.8515312030514
 10
71.3081689035443
 20
213.8807927026156
 10
71.43925918003106
 20
213.9099936518921
 10
72.16221892879781
 20
214.0695165365159
 10
72.81052620540609
 20
214.2103998957288
 10
73.46148206779137
 20
214.3498230777978
 10
74.23988289448991
 20
214.5138991973635
 10
75.0220373858385
 20
214.6759059048773
 10
75.80794554183703
 20
214.8358432003389
 10
76.86638117091454
 20
215.0468032303878
 10
77.93154969656598
 20
215.2540513845461
 10
79.00345111879153
 20
215.457587662814
 10
80.08208543759119
 20
215.6574120651914
 10
80.76204061159635
 20
215.7808477975112
 10
81.44464437137867
 20
215.9028233526871
 10
81.65972399563805
 20
215.9408569558914
 10
81.87506523530894
 20
215.9787463293534
 10
82.09066809039126
 20
216.016491473073
 10
82.30453558941778
 20
216.0537454982575
 10
82.5110045098643
 20
216.0895370721233
 10
83.4342809269356
 20
216.2475254647738
 10
84.36007395361105
 20
216.4025801658385
 10
85.4654898028787
 20
216.5833439876008
 10
86.57447227573502
 20
216.7599500831928
 10
87.68702137218013
 20
216.9323984526145
 10
88.88038226532936
 20
217.1121628952947
 10
90.07781965006879
 20
217.2871752425136
 10
90.22264988297228
 20
217.3079807413791
 10
90.36700472627676
 20
217.3286394822736
 10
90.51155407337431
 20
217.3492478732224
 10
90.65629792426503
 20
217.3698059142259
 10
90.80123627894874
 20
217.3903136052838
 10
90.94636913742558
 20
217.4107709463962
 10
91.09169649969535
 20
217.4311779375632
 10
91.8944737474812
 20
217.5425163837059
 10
92.71499319694507
 20
217.6539249001965
 10
93.54156956957327
 20
217.7637654999576
 10
94.37420286536577
 20
217.8720381829892
 10
95.21289308432269
 20
217.9787429492914
 10
95.69486407290243
 20
218.0390131388509
 10
96.1788128323114
 20
218.0987713556008
 10
96.66473936254953
 20
218.158017599541
 10
97.15264366361676
 20
218.2167518706717
 10
97.64252573551319
 20
218.2749741689926
 10
98.12617706675181
 20
218.3317259623202
 10
98.5992333656559
 20
218.3865260347523
 10
99.90208607161725
 20
218.5338296795898
 10
101.2077956740757
 20
218.6761517113796
 10
102.6210265336484
 20
218.8242493423606
 10
104.0375889973414
 20
218.9665376055286
 10
105.4574830651547
 20
219.1030165008834
 10
106.1280172198182
 20
219.1653416493878
 10
106.7910226992767
 20
219.2256531766275
 10
107.4547072939464
 20
219.2847493382936
 10
108.1194994463284
 20
219.342669576321
 10
108.7853991564226
 20
219.3994138907098
 10
109.2021489068823
 20
219.43428193848
 10
109.6193312970732
 20
219.4686906410788
 10
110.0369463269954
 20
219.5026399985063
 10
110.4549939966491
 20
219.5361300107623
 10
110.873474306034
 20
219.569160677847
 10
111.2923872551503
 20
219.6017319997603
 10
111.7096560510395
 20
219.6336860745528
 10
112.1157658195577
 20
219.6643139690113
 10
112.9712251646759
 20
219.727319505402
 10
113.8328616864059
 20
219.7887448395264
 10
114.700675384748
 20
219.8485899713845
 10
115.5348053927528
 20
219.9042407763334
 10
116.3745637786209
 20
219.9584517688867
 10
117.2199505423524
 20
220.0112229490445
 10
118.0709656839472
 20
220.0625543168069
 10
118.7399314791459
 20
220.1016678834442
 10
119.4019085220349
 20
220.1393319814924
 10
120.0623402338031
 20
220.1758769577144
 10
120.7212266144503
 20
220.2113028121102
 10
121.8939658200888
 20
220.271779736336
 10
123.061777311694
 20
220.3286880322895
 10
124.2246610892658
 20
220.3820276999706
 10
125.3826171528045
 20
220.4317987393795
 10
125.8524980150694
 20
220.4510458007059
 10
126.3245586070058
 20
220.4698499071748
 10
126.7987989286135
 20
220.4882110587864
 10
127.2752189798927
 20
220.5061292555405
 10
127.7538187608432
 20
220.5236044974371
 10
128.2345982714652
 20
220.5406367844764
 10
128.7175575117584
 20
220.5572261166582
 10
129.6086440279706
 20
220.5864894401257
 10
130.5070568578005
 20
220.6142639431002
 10
131.4127960012481
 20
220.6405496255815
 10
131.8684129405787
 20
220.6531341591373
 10
132.3228614232967
 20
220.6652675468164
 10
132.7627903045596
 20
220.6766080593499
 10
133.2032978393921
 20
220.6875599053521
 10
133.6443840277943
 20
220.6981230848228
 10
134.086048869766
 20
220.7082975977621
 10
135.1294055168796
 20
220.7307425675728
 10
136.1759772340815
 20
220.7510280585433
 10
137.5126274961855
 20
220.7737227429433
 10
138.8544856404164
 20
220.7929194285609
 10
139.155333407151
 20
220.7967344791331
 10
139.4474889966737
 20
220.8002694426479
 10
139.7399574204347
 20
220.8036414468317
 10
140.0327386784342
 20
220.8068504916847
 10
140.3258327706723
 20
220.8098965772067
 10
140.6192396971487
 20
220.8127797033978
 10
140.9129594578638
 20
220.815499870258
 10
142.1401591071594
 20
220.8250798227111
 10
143.3727899064283
 20
220.8318306201137
 10
144.6108518556705
 20
220.8357522624659
 10
145.7977047167507
 20
220.8368564675515
 10
146.9895062082817
 20
220.8353828681388
 10
148.1862563302635
 20
220.8313314642276
 10
149.3879550826962
 20
220.824702255818
 10
150.4495434919459
 20
220.8167361925365
 10
151.5149641206168
 20
220.8067738774514
 10
151.7946361287841
 20
220.8038348202122
 10
152.0745710046101
 20
220.8007588318684
 10
152.3547687480948
 20
220.7975459124203
 10
152.6352293592383
 20
220.7941960618678
 10
152.9136802326554
 20
220.7907380477011
 10
153.1803075249659
 20
220.787303996946
 10
154.265646466956
 20
220.7720946494339
 10
155.3561966706001
 20
220.7548434963799
 10
156.451958135898
 20
220.7355505377841
 10
157.5529308628498
 20
220.7142157736462
 10
158.6591148514554
 20
220.6908392039664
 10
159.7705101017149
 20
220.6654208287447
 10
160.9644564361544
 20
220.6359879906935
 10
162.1643590100958
 20
220.6042214600298
 10
163.3702178235388
 20
220.5701212367536
 10
164.5820328764835
 20
220.5336873208648
 10
165.7822259949371
 20
220.4954945265554
 10
165.917302718142
 20
220.4910660719022
 10
166.0524523378609
 20
220.4866090559298
 10
166.1876748540941
 20
220.4821234786386
 10
166.3229702668413
 20
220.4776093400282
 10
166.4583385761027
 20
220.4730666400989
 10
166.5937797818782
 20
220.4684953788506
 10
166.7229321920505
 20
220.4641120610262
 10
167.5196690682376
 20
220.4365486859701
 10
168.319849503649
 20
220.4079689253364
 10
169.4078249667633
 20
220.3676882926697
 10
170.5021025059348
 20
220.3255475673497
 10
171.6026821211635
 20
220.2815467493765
 10
172.7095638124494
 20
220.23568583875
 10
173.8227475797923
 20
220.1879648354703
 10
174.9422334231925
 20
220.1383837395374
 10
175.8874717760256
 20
220.0952981393513
 10
176.8371568737246
 20
220.0509000577891
 10
177.7912887162896
 20
220.0051894948507
 10
178.7498673037205
 20
219.9581664505362
 10
179.6989935157076
 20
219.9105362702034
 10
179.8236037213818
 20
219.9042045737566
 10
179.948288001841
 20
219.8978510137267
 10
180.0730463570854
 20
219.8914755901138
 10
180.1978787871149
 20
219.8850783029177
 10
180.3227852919294
 20
219.8786591521386
 10
180.4443884434118
 20
219.8723924425923
 10
181.7133262663432
 20
219.8059881838342
 10
183.0062322272707
 20
219.7364493304748
 10
184.3046060185888
 20
219.664730377892
 10
185.6084476402975
 20
219.5908313260856
 10
186.9177570923968
 20
219.5147521750557
 10
188.1101709753227
 20
219.4438544784898
 10
189.3070840291541
 20
219.3711629005674
 10
190.5084962538911
 20
219.2966774412886
 10
191.7144076495337
 20
219.2203981006534
 10
192.7793313918722
 20
219.1517883822364
 10
193.84773929216
 20
219.081789482097
 10
194.0880648358411
 20
219.0658845103588
 10
194.3195171640378
 20
219.0505117033636
 10
194.5480574958781
 20
219.0352795889779
 10
194.7768423557807
 20
219.0199788839819
 10
195.0058717437455
 20
219.0046095883758
 10
195.2351456597725
 20
218.9891717021594
 10
195.4646641038618
 20
218.9736652253329
 10
196.5547190744244
 20
218.8993131647033
 10
197.650256068306
 20
218.8234233855759
 10
198.7512750855063
 20
218.7459958879508
 10
199.8577761260256
 20
218.6670306718278
 10
200.9697591898637
 20
218.5865277372071
 10
202.0872242770208
 20
218.5044870840887
 10
203.3452934327209
 20
218.4107759731954
 10
204.610239238472
 20
218.3151359482186
 10
205.8820616942744
 20
218.2175670091582
 10
206.725231544002
 20
218.1521148502433
 10
207.571396862492
 20
218.0858224563536
 10
207.8379531900148
 20
218.0648141697445
 10
208.0925486133478
 20
218.0446928828898
 10
208.3422359506704
 20
218.0249066918955
 10
208.5922895592647
 20
218.0050392924724
 10
208.8427094391304
 20
217.9850906846202
 10
209.8627835494241
 20
217.9032968457483
 10
210.8888904947417
 20
217.8201654270757
 10
211.9210302750833
 20
217.7356964286024
 10
212.9592028904488
 20
217.6498898503284
 10
214.0034083408381
 20
217.5627456922538
 10
215.1174913241974
 20
217.4688584355605
 10
216.2383605544843
 20
217.3734665551244
 10
217.3660160316989
 20
217.2765700509456
 10
218.5004577558413
 20
217.1781689230241
 10
219.6416857269114
 20
217.0782631713598
 10
220.7896999449093
 20
216.9768527959528
 10
221.3242519508204
 20
216.9293257844787
 10
221.4083856028488
 20
216.9218278494853
 10
221.4925552758107
 20
216.9143219280522
 10
221.5767609697061
 20
216.9068080201794
 10
221.6610026845351
 20
216.899286125867
 10
221.7403456447545
 20
216.8921972616922
 10
222.428855789205
 20
216.8305028085871
 10
223.0470813018044
 20
216.7748347272162
 10
223.6685939013819
 20
216.7186159399573
 10
224.412775737642
 20
216.6509707717113
 10
225.1616161438826
 20
216.582545124599
 10
225.9151151201037
 20
216.5133389986205
 10
226.7770187291639
 20
216.4337482948558
 10
227.6449380535916
 20
216.3531497413156
 10
228.5188730933866
 20
216.2715433379998
 10
229.3988238485491
 20
216.1889290849083
 10
230.2847903190789
 20
216.1053069820413
 10
231.1767725049762
 20
216.0206770293987
 10
232.0232941844485
 20
215.9399599659289
 10
232.8751637121127
 20
215.858346944577
 10
233.7323810879688
 20
215.7758379653429
 10
234.5949463120169
 20
215.6924330282267
 10
235.4628593842567
 20
215.6081321332284
 10
236.1042863429322
 20
215.5455845815294
 10
236.6101847147747
 20
215.4961034900206
 10
237.517777216715
 20
215.4070076855284
 10
238.3326805672289
 20
215.3266597307727
 10
239.1518791086416
 20
215.2455588238319
 10
240.1327157730601
 20
215.1480283847155
 10
241.1196397261676
 20
215.0494308364932
 10
242.112650967964
 20
214.9497661791651
 10
243.1833466111634
 20
214.8417984533006
 10
244.261030213317
 20
214.7326057297381
 10
245.3457017744246
 20
214.6221880084776
 10
246.4373612944865
 20
214.510545289519
 10
247.5360087735024
 20
214.3976775728623
 10
248.5064710891078
 20
214.2975606136206
 10
248.9351813907226
 20
214.2532099329339
 10
249.0026449889006
 20
214.2462239153016
 10
249.0701343451389
 20
214.23923338225
 10
249.1376494594379
 20
214.232238333779
 10
249.2051903317974
 20
214.2252387698888
 10
249.268929419555
 20
214.2186315084382
 10
249.8901677843415
 20
214.1541473298365
 10
250.5150530112204
 20
214.0891292389749
 10
251.2637189745185
 20
214.011030605751
 10
252.017553393163
 20
213.9321752941541
 10
252.7765562671538
 20
213.8525633041845
 10
253.5955090353982
 20
213.7664250621451
 10
254.4203949794227
 20
213.6794181842185
 10
255.2512140992275
 20
213.5915426704048
 10
256.0879663948125
 20
213.5027985207038
 10
256.9306518661778
 20
213.4131857351157
 10
257.8308926362469
 20
213.3171926735362
 10
258.7378075480338
 20
213.2202224962893
 10
259.6513966015387
 20
213.122275203375
 10
260.5716597967614
 20
213.0233507947933
 10
261.4985971337019
 20
212.9234492705441
 10
262.4322086123604
 20
212.8225706306276
 10
262.5430700710438
 20
212.8105748953383
 10
262.6540248893966
 20
212.7985654918952
 10
262.7650730674191
 20
212.7865424202983
 10
262.876214605111
 20
212.7745056805475
 10
262.9874495024727
 20
212.7624552726428
 10
263.0869474389925
 20
212.7516733192618
 10
263.1856245815258
 20
212.7409774255328
 10
263.7301530141337
 20
212.6819031799407
 10
264.2189191251688
 20
212.628805340131
 10
264.7101192083666
 20
212.5753745025155
 10
265.5933160989199
 20
212.4791340453945
 10
266.4842743802979
 20
212.381831733026
 10
267.3009715454892
 20
212.2924536407816
 10
268.1240830832628
 20
212.2021979822169
 10
268.9536089936187
 20
212.1110647573316
 10
269.7895492765569
 20
212.019053966126
 10
270.6319039320774
 20
211.9261656085999
 10
271.4654601219086
 20
211.834081771746
 10
272.3052036449863
 20
211.7411514303899
 10
273.1511345013108
 20
211.6473745845314
 10
274.0032526908817
 20
211.5527512341705
 10
274.8753072175792
 20
211.4557507858016
 10
275.7537481574042
 20
211.3578765963151
 10
276.5320590253891
 20
211.2710245509144
 10
276.6197291655247
 20
211.2612336157101
 10
276.7074616153479
 20
211.2514341557619
 10
276.7874925194899
 20
211.2424935662452
 10
276.8596301224749
 20
211.2344336132699
 10
276.9318946939475
 20
211.2263583710723
 10
277.004286233908
 20
211.2182678396527
 10
277.076804742356
 20
211.2101620190109
 10
277.595504139415
 20
211.1521523644269
 10
278.1206081162161
 20
211.0933714866525
 10
278.6521166727597
 20
211.0338193856875
 10
279.1900298090455
 20
210.9734960615319
 10
279.7455227364768
 20
210.91114665646
 10
280.307684322532
 20
210.8479942284908
 10
280.876514567211
 20
210.7840387776244
 10
281.4520134705137
 20
210.7192803038607
 10
282.0341810324404
 20
210.6537188071998
 10
282.6230172529909
 20
210.5873542876415
 10
283.2185221321652
 20
210.520186745186
 10
283.8206956699634
 20
210.4522161798333
 10
284.4295378663854
 20
210.3834425915833
 10
285.0450487214312
 20
210.313865980436
 10
285.6672282351009
 20
210.2434863463915
 10
286.2960764073943
 20
210.1723036894496
 10
286.9315932383116
 20
210.1003180096106
 10
287.5737787278528
 20
210.0275293068742
 10
288.2400269398291
 20
209.9519641427325
 10
288.9133042143797
 20
209.8755525567672
 10
289.5936105515047
 20
209.7982945489782
 10
290.0464632544855
 20
209.7468405939626
 10
290.5023778171235
 20
209.6950179376005
 10
290.5993580713536
 20
209.6839918612918
 10
290.6961323158807
 20
209.6729884456893
 10
290.7928289404323
 20
209.6619930941961
 10
290.8894479450084
 20
209.6510058068121
 10
290.9859893296088
 20
209.6400265835373
 10
291.0824530942338
 20
209.6290554243717
 10
291.1788392388831
 20
209.6180923293153
 10
292.0622947230755
 20
209.5175709686151
 10
292.9391753009658
 20
209.4177326893268
 10
293.809480972554
 20
209.3185774914501
 10
294.6732117378402
 20
209.2201053749853
 10
295.5303675968244
 20
209.1223163399323
 10
296.3658172601486
 20
209.0269384311461
 10
297.1949247386628
 20
208.9322194258262
 10
298.0176900323672
 20
208.8381593239728
 10
298.8341131412619
 20
208.7447581255859
 10
299.6441940653466
 20
208.6520158306653
 10
300.4479328046215
 20
208.5599324392112
 10
301.2453293590866
 20
208.4685079512235
 10
302.0363837287418
 20
208.3777423667022
 10
302.7272653187638
 20
208.2984136972709
 10
303.413235520869
 20
208.2195952826841
 10
303.6278118038629
 20
208.1949291642021
 10
303.8419029620095
 20
208.1703134464029
 10
304.0555089953089
 20
208.1457481292861
 10
304.269559961196
 20
208.121126232243
 10
304.4971083725722
 20
208.0949496853013
 10
314.0165821913184
 20
207.0005865755211
 10
316.3622054152479
 20
206.7311519394993
 10
317.394282749518
 20
206.6126278093288
 10
317.8483973798043
 20
206.5604824404875
 10
317.8929979437303
 20
206.5553611933079
 10
317.9375985112122
 20
206.5502399770666
 10
317.9821990822498
 20
206.5451187917639
 10
318.0319958781802
 20
206.5394010037334
 10
318.0870600989544
 20
206.5330784987962
 10
318.1420902802826
 20
206.5267600152865
 10
318.1970864221647
 20
206.5204455532041
 10
318.2520485246008
 20
206.5141351125491
 10
319.0592195128359
 20
206.4214734258528
 10
319.8589767894367
 20
206.3296875966182
 10
320.6513203544032
 20
206.2387776248453
 10
321.4362502077352
 20
206.1487435105341
 10
322.2137663494329
 20
206.0595852536845
 10
322.9141658193928
 20
205.9792923345112
 10
323.6084382549441
 20
205.8997232644798
 10
324.2965836560868
 20
205.8208780435903
 10
324.9786020228211
 20
205.7427566718426
 10
325.6544933551466
 20
205.6653591492368
 10
326.3242576530636
 20
205.5886854757729
 10
326.9878949165721
 20
205.5127356514509
 10
327.7108191816897
 20
205.4300268904556
 10
328.4263297351728
 20
205.348193986922
 10
329.1344265770214
 20
205.26723694085
 10
329.8351097072359
 20
205.1871557522397
 10
330.5283791258159
 20
205.1079504210912
 10
331.2142348327616
 20
205.0296209474043
 10
331.8926768280729
 20
204.9521673311791
 10
332.5637051117499
 20
204.8755895724155
 10
333.2273196837924
 20
204.7998876711137
 10
333.8835205442006
 20
204.7250616272735
 10
334.5207872199958
 20
204.6524242994272
 10
335.1509025955058
 20
204.5806318277103
 10
335.7738666707309
 20
204.5096842121227
 10
336.3896794456708
 20
204.4395814526644
 10
336.9533147547254
 20
204.3754458804083
 10
337.5108230293713
 20
204.312034157294
 10
338.0622042696086
 20
204.2493462833216
 10
338.6074584754374
 20
204.187382258491
 10
339.1465856468577
 20
204.1261420828023
 10
339.6795857838694
 20
204.0656257562556
 10
340.2064588864725
 20
204.0058332788508
 10
340.7789425745941
 20
203.9408975994643
 10
341.3440125510813
 20
203.8768377775395
 10
341.9016688159341
 20
203.8136538130764
 10
342.4519113691526
 20
203.751345706075
 10
342.9947402107368
 20
203.6899134565353
 10
343.4946916474963
 20
203.6333669083636
 10
343.9881849176766
 20
203.5775833293586
 10
344.4752200212776
 20
203.5225627195202
 10
344.7931254060021
 20
203.4866670715363
 10
345.1082176133647
 20
203.4511037729214
 10
345.3831716955301
 20
203.4200829895383
 10
345.5034613351056
 20
203.4065153800939
 10
345.5241116051903
 20
203.4041864368005
 10
345.5459170795463
 20
203.4017272743616
 10
345.5677206997652
 20
203.3992683878471
 10
345.589522465847
 20
203.3968097772568
 10
345.6113223777916
 20
203.3943514425908
 10
345.6331204355989
 20
203.3918933838492
 10
347.0002552086509
 20
203.2378626679059
 10
348.3600568032621
 20
203.0849232423582
 10
349.5898765691383
 20
202.9468343884847
 10
350.8136358569642
 20
202.8096474275002
 10
352.0313346667402
 20
202.6733623594046
 10
353.2429729984663
 20
202.5379791841982
 10
354.4485508521422
 20
202.4034979018806
 10
355.626701419768
 20
202.2722959498735
 10
356.799006022438
 20
202.1419639678885
 10
357.9654646601523
 20
202.0125019559255
 10
359.1260773329108
 20
201.8839099139847
 10
360.3163225539576
 20
201.752267315248
 10
361.5003561058058
 20
201.6215491089823
 10
362.6781779884552
 20
201.4917552951874
 10
363.849788201906
 20
201.3628858738633
 10
365.015186746158
 20
201.23494084501
 10
366.1743736212115
 20
201.1079202086276
 10
367.3273488270662
 20
200.981823964716
 10
368.4741123637223
 20
200.8566521132753
 10
369.4781259832184
 20
200.7472655414593
 10
370.4773292860872
 20
200.6385948191727
 10
371.4717222723284
 20
200.5306399464156
 10
372.4613049419422
 20
200.4234009231878
 10
372.9040426597922
 20
200.375485642656
 10
373.3587459144291
 20
200.3263212998256
 10
373.8185262043741
 20
200.2766671950739
 10
374.2791132396455
 20
200.2269858788324
 10
374.7405070202433
 20
200.1772773511014
 10
375.2027075461675
 20
200.1275416118808
 10
375.6657148174181
 20
200.0777786611704
 10
376.8972910857874
 20
199.9456997119069
 10
378.134539203473
 20
199.8134294513783
 10
379.377459170475
 20
199.6809678795848
 10
380.6260509867934
 20
199.5483149965263
 10
381.8803146524282
 20
199.4154708022029
 10
383.1402501673793
 20
199.2824352966144
 10
384.2536851742909
 20
199.1652057990182
 10
385.371512461313
 20
199.0478281499784
 10
386.4937320284457
 20
198.930302349495
 10
386.8265299238346
 20
198.8955094224027
 10
387.1673466293964
 20
198.8599044080984
 10
387.5073307769954
 20
198.8244118437446
 10
387.8464823666318
 20
198.7890317293415
 10
388.1848013983055
 20
198.7537640648889
 10
388.5222878720165
 20
198.718608850387
 10
388.8589417877647
 20
198.6835660858356
 10
389.1947631455504
 20
198.6486357712347
 10
390.1614601547809
 20
198.5482307349552
 10
391.1211912224481
 20
198.4487665578346
 10
392.073956348552
 20
198.3502432398731
 10
393.0197555330922
 20
198.2526607810703
 10
393.9585887760692
 20
198.1560191814266
 10
394.8904560774828
 20
198.0603184409419
 10
395.8153574373329
 20
197.9655585596161
 10
396.7332928556195
 20
197.8717395374492
 10
397.5353137968505
 20
197.7899570766386
 10
398.3319403129349
 20
197.7089032171608
 10
399.1231724038725
 20
197.6285779590155
 10
399.9090100696634
 20
197.548981302203
 10
400.0375811611078
 20
197.5359758972876
 10
400.1660066918777
 20
197.5229901526137
 10
400.2942866619727
 20
197.5100240681813
 10
400.4224210713929
 20
197.4970776439906
 10
400.550701184521
 20
197.4841214684488
 10
400.6907848690756
 20
197.4699792127061
 10
401.3499225629685
 20
197.4035252449846
 10
402.5217962317103
 20
197.2857466348224
 10
403.7254652811951
 20
197.1652716543692
 10
404.9220771714625
 20
197.046013277049
 10
406.1116319025129
 20
196.9279715028617
 10
407.2941294743459
 20
196.8111463318075
 10
408.4695698869617
 20
196.6955377638863
 10
409.6171510388577
 20
196.5831778442007
 10
410.7579248225675
 20
196.4719914654837
 10
411.8918912380908
 20
196.3619786277351
 10
413.019050285428
 20
196.2531393309552
 10
413.6006311129167
 20
196.1971846027557
 10
414.1803829113719
 20
196.1415451859137
 10
414.7455647683711
 20
196.0874468681078
 10
415.3095172977357
 20
196.0336244047909
 10
415.8769703588134
 20
195.9796252609781
 10
416.4479239516039
 20
195.9254494366697
 10
417.0223780761075
 20
195.8710969318655
 10
417.8179682092375
 20
195.7960737516378
 10
418.6201765351373
 20
195.7207165348479
 10
419.4290030538068
 20
195.6450252814957
 10
420.2444477652462
 20
195.5689999915812
 10
421.083356374214
 20
195.4910788334046
 10
421.9291560627006
 20
195.4128098653964
 10
422.7818468307059
 20
195.3341930875566
 10
423.64142867823
 20
195.2552284998852
 10
424.5079016052728
 20
195.1759161023822
 10
425.3812656118344
 20
195.0962558950476
 10
426.2615206979146
 20
195.0162478778815
 10
426.5042675828016
 20
194.994232864229
 10
426.7475333340018
 20
194.97219166211
 10
426.9913179515151
 20
194.9501242715245
 10
427.2356214353416
 20
194.9280306924725
 10
427.4804437854812
 20
194.9059109249541
 10
427.725785001934
 20
194.8837649689692
 10
427.9716450846998
 20
194.8615928245177
 10
428.2146529546905
 20
194.8396978295084
 10
428.9652070166247
 20
194.7721856188602
 10
429.7129959269153
 20
194.7050912172715
 10
430.5996154636668
 20
194.6257616920449
 10
431.4823161347102
 20
194.5470242998393
 10
432.3610979400455
 20
194.4688790406543
 10
433.5318990097577
 20
194.3651477794578
 10
434.6956708640335
 20
194.2624786191038
 10
435.8524135028732
 20
194.1608715595922
 10
437.0021269262765
 20
194.060326600923
 10
438.0881891768016
 20
193.9657626596528
 10
439.1679035126258
 20
193.8721578760031
 10
440.2412699337494
 20
193.7795122499737
 10
440.9462143840178
 20
193.7188915633388
 10
441.6483936826427
 20
193.6586886857634
 10
441.8416858579658
 20
193.6421481788315
 10
441.8720411962194
 20
193.6395518493037
 10
441.9059482560959
 20
193.6366521333232
 10
441.9460220456336
 20
193.6332255137334
 10
441.9859366289074
 20
193.6298130065876
 10
442.0256920059172
 20
193.6264146118857
 10
442.2012295182068
 20
193.6114153373817
 10
442.3735940740237
 20
193.5966973217258
 10
442.5746528990397
 20
193.5795425952367
 10
442.7712149036581
 20
193.5627864782262
 10
442.9632800878787
 20
193.5464289706945
 10
443.1951348258759
 20
193.5267044283785
 10
443.4200789389876
 20
193.5075924612464
 10
443.6381124272136
 20
193.4890930692985
 10
443.849235290554
 20
193.4712062525345
 10
444.0534475290089
 20
193.4539320109546
 10
444.2507491425781
 20
193.4372703445587
 10
444.4411401312617
 20
193.4212212533468
 10
444.6294187059848
 20
193.4053814823651
 10
444.8104131749396
 20
193.390187392853
 10
444.984123538126
 20
193.3756389848104
 10
445.0947821446892
 20
193.3663907398113
 10
445.2022677947797
 20
193.3574237536603
 10
445.2298944691166
 20
193.3551217351526
 10
445.257303497346
 20
193.3528390093437
 10
445.2844948794683
 20
193.3505755762336
 10
445.3114686154832
 20
193.3483314358222
 10
445.3382247053911
 20
193.3461065881096
 10
445.3752982831357
 20
193.3430255454347
 10
446.0660876077127
 20
193.2859430051003
 10
446.7511751331905
 20
193.229953818249
 10
447.430560859569
 20
193.175057984881
 10
447.8345742598556
 20
193.1427155846763
 10
448.2365439597031
 20
193.1107650760403
 10
448.326501163815
 20
193.103646375525
 10
448.4163553742773
 20
193.0965474246474
 10
448.5061065910897
 20
193.0894682234072
 10
448.5957548142524
 20
193.0824087718047
 10
448.6853000437653
 20
193.0753690698398
 10
448.7747422796285
 20
193.0683491175124
 10
448.8721412526872
 20
193.0607223771813
 10
449.2796777162155
 20
193.0290952286036
 10
449.6801868047302
 20
192.9984795217881
 10
450.0736685182311
 20
192.9688752567349
 10
450.4190531655577
 20
192.9432975713143
 10
450.758835632548
 20
192.9185262010741
 10
451.0930159192018
 20
192.8945611460143
 10
451.4215940255195
 20
192.8714024061349
 10
451.7445699515009
 20
192.8490499814359
 10
452.0619436971461
 20
192.8275038719173
 10
452.1935701001408
 20
192.8186949491062
 10
452.3339423194845
 20
192.8093872232164
 10
452.4790038780573
 20
192.7998689801953
 10
452.6238617258017
 20
192.7904667921729
 10
452.7685158627179
 20
192.7811806591493
 10
452.9129662888059
 20
192.7720105811246
 10
453.0572130040656
 20
192.7629565580986
 10
453.2012560084972
 20
192.7540185900714
 10
453.6526363947881
 20
192.7266833751414
 10
454.10200461698
 20
192.7004944993832
 10
454.8994431260048
 20
192.6565798760714
 10
455.690465295428
 20
192.6163206710372
  0
CIRCLE
  5
89
330
1F
100
AcDbEntity
  8
Geometries
  6
Continuous
370
    13
100
AcDbCircle
 10
224.4676005626125
 20
194.8081935451544
 30
0.0
 40
8.1
  0
LINE
  5
8A
330
1F
100
AcDbEntity
  8
Geometries
  6
Continuous
370
    13
100
AcDbLine
 10
277.9338377222396
 20
184.2762519116615
 30
0.0
 11
272.003087259991
 21
184.2762519105252
 31
0.0
  0
LINE
  5
8B
330
1F
100
AcDbEntity
  8
Geometries
  6
Continuous
370
    13
100
AcDbLine
 10
272.0190626348067
 20
196.4763975921998
 30
0.0
 11
288.7552614343358
 21
196.4763975954064
 31
0.0
  0
CIRCLE
  5
8C
330
1F
100
AcDbEntity
  8
Geometries
  6
Continuous
370
    13
100
AcDbCircle
 10
90.46760056261259
 20
194.8081935451544
 30
0.0
 40
8.1
  0
CIRCLE
  5
8D
330
1F
100
AcDbEntity
  8
Geometries
  6
Continuous
370
    13
100
AcDbCircle
 10
44.4676005626126
 20
129.8081935451544
 30
0.0
 40
8.1
  0
ARC
  5
8E
330
1F
100
AcDbEntity
  8
Geometries
  6
Continuous
370
    13
100
AcDbCircle
 10
330.2758349243078
 20
123.1091779740874
 30
0.0
 40
1.014619895457405
100
AcDbArc
 50
0.4896823845177634
 51
87.61247148810891
  0
ARC
  5
8F
330
1F
100
AcDbEntity
  8
Geometries
  6
Continuous
370
    13
100
AcDbCircle
 10
330.2814968978217
 20
122.8439701993958
 30
0.0
 40
1.008017007524715
100
AcDbArc
 50
271.9162941245522
 51
359.1837490794778
  0
LINE
  5
90
330
1F
100
AcDbEntity
  8
Geometries
  6
Continuous
370
    13
100
AcDbLine
 10
282.2391827626075
 20
181.0762137007472
 30
0.0
 11
277.883391150561
 21
181.0762137000659
 31
0.0
  0
LWPOLYLINE
  5
91
330
1F
100
AcDbEntity
  8
Geometries
  6
Continuous
370
    13
100
AcDbPolyline
 90
       34
 70
   128
 43
0.0
 10
165.9469242771125
 20
119.2623762963651
 10
165.9503437020536
 20
119.3167375685324
 10
165.9561700942982
 20
119.3717729507119
 10
165.9644986613693
 20
119.4273486177345
 10
165.9754151974877
 20
119.483319252882
 10
165.9889944949476
 20
119.5395286808254
 10
166.00529878755
 20
119.5958107258153
 10
166.0232107698223
 20
119.6487859539935
 10
166.0436160448303
 20
119.7015171697215
 10
166.0665293651691
 20
119.7538465190094
 10
166.0919515868081
 20
119.8056125491505
 10
166.1198690390518
 20
119.8566516088475
 10
166.1539377080274
 20
119.9125548526247
 10
166.1910161722139
 20
119.9671208524346
 10
166.2310185475935
 20
120.0201267867522
 10
166.273835689691
 20
120.0713568961031
 10
166.3193360284498
 20
120.1206052928928
 10
166.367366836223
 20
120.167678652233
 10
166.417755905627
 20
120.2123987115928
 10
166.4703135994361
 20
120.2546045122234
 10
166.5248352215406
 20
120.2941543234727
 10
166.5811036470055
 20
120.3309272019068
 10
166.638892141029
 20
120.3648241500027
 10
166.697967291546
 20
120.3957688533564
 10
166.7580919785394
 20
120.4237079900569
 10
166.8190283047818
 20
120.4486111203153
 10
166.8805404174967
 20
120.4704701778582
 10
166.9423971578713
 20
120.4892985963522
 10
167.0073250952088
 20
120.5058100655932
 10
167.0721388344489
 20
120.519093504502
 10
167.1366052473439
 20
120.5292303841517
 10
167.2005066156437
 20
120.5363203886679
 10
167.2636421140197
 20
120.5404789424088
 10
167.3258288690049
 20
120.5418346781833
  0
LWPOLYLINE
  5
92
330
1F
100
AcDbEntity
  8
Geometries
  6
Continuous
370
    13
100
AcDbPolyline
 90
      288
 70
   128
 43
0.0
 10
-26.70789585631834
 20
124.2257880918982
 10
-26.70746213842639
 20
124.2880506689059
 10
-26.70379046115863
 20
124.3500059896575
 10
-26.69712690200188
 20
124.4116513332678
 10
-26.68771753844302
 20
124.4729839788518
 10
-26.67580844796882
 20
124.5340012055246
 10
-26.66191695094042
 20
124.5936191857099
 10
-26.64608470209376
 20
124.6529277090759
 10
-26.62854483019768
 20
124.711924197912
 10
-26.60953046402105
 20
124.7706060745075
 10
-26.57264052371187
 20
124.8746045315922
 10
-26.53305970014304
 20
124.9775705340511
 10
-26.49122662552531
 20
125.0793955488851
 10
-26.4469748843911
 20
125.1799071559576
 10
-26.40527374400762
 20
125.2683981186929
 10
-26.36137256429865
 20
125.3555796694762
 10
-26.31514309376118
 20
125.4413280482481
 10
-26.266457080892
 20
125.5255194949491
 10
-26.21520341965936
 20
125.6080430324094
 10
-26.16145604763798
 20
125.6889256436173
 10
-26.1054018400911
 20
125.7682785128029
 10
-26.04722928509665
 20
125.8462140266382
 10
-25.97839426255595
 20
125.9336918176353
 10
-25.90731996566666
 20
126.0196329206094
 10
-25.83428775272588
 20
126.1042050964238
 10
-25.75957898203092
 20
126.1875761059416
 10
-25.68347501187904
 20
126.2699137100258
 10
-25.60625720056737
 20
126.3513856695395
 10
-25.52820690639319
 20
126.4321597453461
 10
-25.38388629355623
 20
126.5789897353382
 10
-25.23929562342906
 20
126.7249633294343
 10
-25.09421564303614
 20
126.8697167636664
 10
-25.00099726496217
 20
126.9606446809327
 10
-24.90664665545253
 20
127.050272993327
 10
-24.81079788717247
 20
127.1382866569219
 10
-24.71326022403807
 20
127.2245312418035
 10
-24.61426402534104
 20
127.3092383751122
 10
-24.51410162593118
 20
127.3926965027115
 10
-24.35505050603371
 20
127.5220152713901
 10
-24.19494012878829
 20
127.6500453142974
 10
-24.03424124153787
 20
127.777236785981
 10
-23.81798092947088
 20
127.9461085228539
 10
-23.60035021549476
 20
128.113055935642
 10
-23.38115121000462
 20
128.2778206500786
 10
-23.16018602339551
 20
128.4401442918972
 10
-22.95395133733166
 20
128.5880447255834
 10
-22.74612339174527
 20
128.7337303161541
 10
-22.53679168807014
 20
128.8772990312118
 10
-22.32604572773997
 20
129.0188488383587
 10
-22.11397501218843
 20
129.1584777051972
 10
-21.90066904284927
 20
129.2962835993298
 10
-21.68621732115622
 20
129.4323644883585
 10
-21.38963981150508
 20
129.6168390589435
 10
-21.09129799622403
 20
129.7984921892499
 10
-20.79142454407929
 20
129.9775785567752
 10
-20.49022016127827
 20
130.1543177520832
 10
-20.12999173497849
 20
130.3617518934794
 10
-19.76800804771187
 20
130.5660010441515
 10
-19.4043115129395
 20
130.7671105236234
 10
-19.03894454412239
 20
130.9651256514187
 10
-18.67194955472158
 20
131.1600917470607
 10
-18.30336895819826
 20
131.3520541300736
 10
-17.94885918088158
 20
131.5331653607613
 10
-17.59299026783091
 20
131.711627229152
 10
-17.23581909136536
 20
131.8875049437553
 10
-16.87740252380411
 20
132.0608637130807
 10
-16.51779743746638
 20
132.2317687456379
 10
-16.1635120260886
 20
132.3972965941554
 10
-15.8081889030116
 20
132.5605822345525
 10
-15.45188048651639
 20
132.7216877159167
 10
-15.09462979011374
 20
132.8806768370292
 10
-14.66815722403777
 20
133.0672796006155
 10
-14.24047117958145
 20
133.2510831997009
 10
-13.81163792802579
 20
133.432196446635
 10
-13.38172374065172
 20
133.6107281537675
 10
-12.95079424322228
 20
133.7867859725369
 10
-12.51889709976967
 20
133.9604452516886
 10
-11.9993822581277
 20
134.1657258919849
 10
-11.47856023070344
 20
134.3676748472637
 10
-10.95647723903079
 20
134.5663573219029
 10
-10.43317950464359
 20
134.7618385202805
 10
-9.908713249075788
 20
134.9541836467745
 10
-9.392519777567799
 20
135.1401045593383
 10
-8.875287520001336
 20
135.323125072297
 10
-8.357060265710487
 20
135.5033069589421
 10
-7.837881804029479
 20
135.6807119925652
 10
-7.298692420229088
 20
135.8617603538813
 10
-6.758560588899883
 20
136.0399543950338
 10
-6.217519096362423
 20
136.215357786788
 10
-5.675600728937212
 20
136.3880341999098
 10
-5.132838272944838
 20
136.5580473051644
 10
-4.589264514705775
 20
136.7254607733178
 10
-4.044912240540555
 20
136.8903382751354
 10
-3.4452646835378
 20
137.0688504770755
 10
-2.844758432304872
 20
137.2444559471647
 10
-2.243437028851275
 20
137.4172392446332
 10
-1.641336814082393
 20
137.5872710191713
 10
-1.038482073460102
 20
137.7545986343623
 10
-0.4348959434360324
 20
137.9192672343796
 10
0.1693984395381847
 20
138.0813219633963
 10
0.7743779390108614
 20
138.2408079655857
 10
1.380019418530424
 20
138.397770385121
 10
1.986299741645126
 20
138.5522543661756
 10
2.582353077624077
 20
138.701610938408
 10
3.178978421088061
 20
138.8486630866934
 10
3.776156114163797
 20
138.9934489395089
 10
4.373871327438593
 20
139.1359967165703
 10
5.150903874455025
 20
139.3178272176512
 10
5.928787945659764
 20
139.495987359879
 10
6.707492427577307
 20
139.6705361465341
 10
7.48698620673224
 20
139.8415325808975
 10
8.267238169649175
 20
140.0090356662498
 10
9.048217424612005
 20
140.1731042807172
 10
9.829896368397016
 20
140.333795446502
 10
10.54702862991999
 20
140.4781761758701
 10
11.26470847044752
 20
140.6198084312695
 10
11.98291661592276
 20
140.7587350126567
 10
12.70163379228916
 20
140.8949987199887
 10
13.42084072548991
 20
141.0286423532221
 10
14.14051814146842
 20
141.1597087123137
 10
15.01852509733322
 20
141.3160714432209
 10
15.89718004214035
 20
141.4687274182373
 10
16.7764603186157
 20
141.6177369529921
 10
17.65634326948538
 20
141.7631603631142
 10
18.5368062374753
 20
141.9050579642329
 10
19.40208930316868
 20
142.041048109962
 10
20.26788853569204
 20
142.1737525666602
 10
21.13418247000817
 20
142.3032284761187
 10
22.00094964107998
 20
142.4295329801287
 10
22.88587148311595
 20
142.5552052809838
 10
23.77124091846665
 20
142.6776956204611
 10
24.65703514090643
 20
142.7970647107117
 10
25.54323136486349
 20
142.9133732096789
 10
26.42981000296825
 20
143.0266733813086
 10
27.31675809605483
 20
143.1370000931713
 10
28.20406350808548
 20
143.2443860524565
 10
29.09171410302233
 20
143.3488639663542
 10
29.97969774482772
 20
143.4504665420538
 10
30.86800229746368
 20
143.5492264867449
 10
31.75661562489256
 20
143.6451765076174
 10
32.64552559107648
 20
143.7383493118606
 10
33.53472005997767
 20
143.8287776066647
 10
34.42418689555836
 20
143.9164940992188
 10
35.40290051385077
 20
144.0098891454609
 10
36.38191285815336
 20
144.1000860199497
 10
37.36120809230519
 20
144.187128530696
 10
38.34077298633659
 20
144.2710627451482
 10
39.32059559035361
 20
144.351935840517
 10
40.36006968184327
 20
144.4344179138072
 10
41.39980598883645
 20
144.5135659515063
 10
42.4397902649697
 20
144.5894362480317
 10
43.4800082638794
 20
144.6620850977999
 10
44.52044573920207
 20
144.731568795228
 10
45.56108844457415
 20
144.7979436347328
 10
46.54244102650517
 20
144.8577287451669
 10
47.52395144800755
 20
144.9148473738382
 10
48.50560793761929
 20
144.969346202117
 10
49.48740125014351
 20
145.0212644096146
 10
50.46932407952642
 20
145.070635417645
 10
51.56536413328158
 20
145.1227699571131
 10
52.66154638848772
 20
145.1718193699768
 10
53.7578607571981
 20
145.2178299138125
 10
54.85429715146586
 20
145.2608478461962
 10
55.95084548334427
 20
145.3009194247041
 10
57.04749566488636
 20
145.3380909069126
 10
58.14423760814543
 20
145.3724085503978
 10
59.24106122517466
 20
145.403918612736
 10
60.51467057863422
 20
145.4370417096696
 10
61.78836687489257
 20
145.4665034067526
 10
63.06214054850315
 20
145.4923649754716
 10
64.33598203401945
 20
145.5146876873135
 10
65.60988176599491
 20
145.533532813765
 10
66.88383017898289
 20
145.5489616263127
 10
68.15781770753696
 20
145.5610353964436
 10
69.32566580108667
 20
145.5692080376479
 10
70.49353135711564
 20
145.5746601909809
 10
71.66140722843971
 20
145.5774376587898
 10
72.82928735645646
 20
145.5775793743451
 10
73.99716601769134
 20
145.5751221562195
 10
75.16503748876261
 20
145.5701028223992
 10
76.56646570451113
 20
145.5607494688228
 10
77.96786543475136
 20
145.5478233080271
 10
79.36922678947982
 20
145.5313879614926
 10
80.77053987869328
 20
145.5115070506996
 10
82.17179481956549
 20
145.4882441996767
 10
83.54796291859569
 20
145.4621670405549
 10
84.92406345899158
 20
145.4329519312719
 10
86.3000933288696
 20
145.4006613670673
 10
87.67604941634598
 20
145.3653578431812
 10
89.0769438637416
 20
145.3263814068599
 10
90.47775531054883
 20
145.2844122075459
 10
91.87848047203995
 20
145.2395162116647
 10
93.2791160634873
 20
145.1917593856415
 10
94.67965880016317
 20
145.1412076959019
 10
96.05509828448167
 20
145.0889020957855
 10
97.4304419203142
 20
145.0340266840514
 10
98.80568659577702
 20
144.9766439559393
 10
100.1808291989864
 20
144.916816406689
 10
101.8177663241512
 20
144.842492100168
 10
103.4545491285102
 20
144.764896922327
 10
105.0911723894173
 20
144.6841360673193
 10
106.7276327082491
 20
144.6002984642571
 10
108.3639296120527
 20
144.513446953682
 10
110.0000628914129
 20
144.4236420261375
 10
111.7847487007295
 20
144.3223757342179
 10
113.5692392623365
 20
144.2177451539433
 10
115.3535343043558
 20
144.109828818491
 10
117.1376335549095
 20
143.9987052610379
 10
118.9215367421198
 20
143.8844530147611
 10
120.7052435941087
 20
143.7671506128379
 10
122.4887538389982
 20
143.6468765884454
 10
124.4503877026907
 20
143.5112366670084
 10
126.4117829809511
 20
143.3722006351866
 10
128.3729395058836
 20
143.2298731033972
 10
130.3338599994948
 20
143.08435991503
 10
132.29454940206
 20
142.9357678598956
 10
134.2550127105487
 20
142.784203751993
 10
136.2152549219304
 20
142.6297744053212
 10
138.1752810331744
 20
142.4725866338794
 10
140.1350960412501
 20
142.3127472516666
 10
142.0947049431269
 20
142.1503630726817
 10
144.0191250455073
 20
141.988504923938
 10
145.9433558910279
 20
141.8243962792107
 10
147.8674022137152
 20
141.658138331894
 10
149.7912687475957
 20
141.4898322753817
 10
152.3294070617315
 20
141.2647881720077
 10
154.8672521369393
 20
141.0365055129296
 10
157.4048154859134
 20
140.8051351143162
 10
159.9421086213481
 20
140.5708277923355
 10
162.4791430559376
 20
140.333734363156
 10
165.0159303023762
 20
140.0940056429461
 10
167.5524818733583
 20
139.8517924478743
 10
170.3424301366867
 20
139.5826683639265
 10
173.1321224921904
 20
139.3109212080381
 10
175.9215748152395
 20
139.036743879044
 10
178.7108039714237
 20
138.7603152156502
 10
181.4998269308209
 20
138.4818125729274
 10
185.056981827388
 20
138.1238508315713
 10
188.6138640816951
 20
137.7631714627047
 10
192.1705089093878
 20
137.4001425066665
 10
195.7269515003408
 20
137.035131705434
 10
199.2832230538915
 20
136.6684606003751
 10
202.8393464990759
 20
136.3003549831064
 10
206.395343737877
 20
135.9310287544959
 10
212.6181010987277
 20
135.282414132092
 10
218.8406564773715
 20
134.6318634576528
 10
225.0631388167959
 20
133.9806275189185
 10
231.2857013043559
 20
133.3301760459651
 10
236.1750155630254
 20
132.8206328562151
 10
241.0645514936093
 20
132.3132241576515
 10
245.9543721333201
 20
131.8085611589181
 10
250.8445132740937
 20
131.3070091488721
 10
254.401199287926
 20
130.9443884612036
 10
257.9580843000711
 20
130.5837178969524
 10
261.5151807219349
 20
130.2251257263489
 10
265.0725016465217
 20
129.8687490488389
 10
268.6300671418126
 20
129.5148153156106
 10
272.1879013627998
 20
129.1636049197609
 10
275.7460285162302
 20
128.8153989247997
 10
278.5419211209347
 20
128.5440992701347
 10
281.3380212522311
 20
128.2749642190498
 10
284.134340651803
 20
128.0081301037362
 10
286.9308909832578
 20
127.7437322070935
 10
289.7276829144789
 20
127.4818924302376
 10
292.5247264264876
 20
127.2227234433604
 10
295.3220314866829
 20
126.9663377335867
 10
298.1196076193636
 20
126.7128485001136
 10
300.9174578774841
 20
126.4623793417265
 10
303.7155804123099
 20
126.2150617343294
 10
306.5139732535515
 20
125.9710273491676
 10
309.31263508338
 20
125.7303987857559
 10
312.1115755734278
 20
125.4931458475026
 10
314.9108135299041
 20
125.2591113317773
 10
316.1425773853044
 20
125.1571142414877
 10
317.3744041504397
 20
125.0556953365635
 10
318.6062954509368
 20
124.9548408971826
 10
319.8382549974797
 20
124.8545767335499
 10
321.0703103344585
 20
124.755380512688
 10
322.3025041926618
 20
124.6580178164601
 10
323.5348795475765
 20
124.5632588658853
 10
324.483959292207
 20
124.4925534237195
 10
325.4331917461309
 20
124.4242000377062
 10
326.3825965290764
 20
124.3585503391578
 10
327.3321932607709
 20
124.295955959387
 10
328.0784524171625
 20
124.2491471207689
 10
328.8248517014178
 20
124.2046121140493
 10
329.5714006302483
 20
124.1625215009181
 10
330.3181087203663
 20
124.123045843065
  0
LINE
  5
93
330
1F
100
AcDbEntity
  8
Geometries
  6
Continuous
370
    13
100
AcDbLine
 10
167.2753822973264
 20
117.3417964665877
 30
0.0
 11
170.8311739093728
 21
117.341796467269
 31
0.0
  0
LINE
  5
94
330
1F
100
AcDbEntity
  8
Geometries
  6
Continuous
370
    13
100
AcDbLine
 10
288.73928605952
 20
184.2762519137318
 30
0.0
 11
281.9883339691919
 21
184.2762519122851
 31
0.0
  0
ELLIPSE
  5
95
330
1F
100
AcDbEntity
  8
Geometries
  6
Continuous
370
    13
100
AcDbEllipse
 10
277.9340797368629
 20
182.4082885957351
 30
0.0
 11
-1.379704249992487
 21
-0.02516327738736078
 31
0.0
210
0.0
220
0.0
230
1.0
 40
0.965914292191382
 41
6.264305784828416
 42
7.799625649744833
  0
LINE
  5
96
330
1F
100
AcDbEntity
  8
Geometries
  6
Continuous
370
    13
100
AcDbLine
 10
172.1577619742646
 20
118.6366244675872
 30
0.0
 11
172.1587666971957
 21
119.4039157688056
 31
0.0
  0
LWPOLYLINE
  5
97
330
1F
100
AcDbEntity
  8
Geometries
  6
Continuous
370
    13
100
AcDbPolyline
 90
        3
 70
   128
 43
0.0
 10
456.702386775427
 20
191.6055486538183
 10
456.7071476649919
 20
191.2138203887123
 10
456.707955656133
 20
190.8242254358951
  0
LINE
  5
98
330
1F
100
AcDbEntity
  8
Geometries
  6
Continuous
370
    13
100
AcDbLine
 10
170.5803251159572
 20
120.5418346788069
 30
0.0
 11
177.1312763489671
 21
120.541834680062
 31
0.0
  0
LINE
  5
99
330
1F
100
AcDbEntity
  8
Geometries
  6
Continuous
370
    13
100
AcDbLine
 10
331.2904177641151
 20
123.1178493883782
 30
0.0
 11
331.2894116154775
 21
122.8296102066407
 31
0.0
  0
LINE
  5
9A
330
1F
100
AcDbEntity
  8
Geometries
  6
Continuous
370
    13
100
AcDbLine
 10
161.4110537815722
 20
132.7419803587215
 30
0.0
 11
161.3950784067563
 21
120.541834677047
 31
0.0
  0
LINE
  5
9B
330
1F
100
AcDbEntity
  8
Geometries
  6
Continuous
370
    13
100
AcDbLine
 10
177.1312763489671
 20
120.541834680062
 30
0.0
 11
177.1472517237832
 21
132.7419803617366
 31
0.0
  0
ELLIPSE
  5
9C
330
1F
100
AcDbEntity
  8
Geometries
  6
Continuous
370
    13
100
AcDbEllipse
 10
281.9862489056175
 20
182.6839212373566
 30
0.0
 11
-1.648227916227955
 21
-0.03006065702404085
 31
0.0
210
0.0
220
0.0
230
1.0
 40
0.965914292191382
 41
3.412111068222298
 42
4.693509458033484
  0
LINE
  5
9D
330
1F
100
AcDbEntity
  8
Geometries
  6
Continuous
370
    13
100
AcDbLine
 10
283.5667755504304
 20
183.1383330022838
 30
0.0
 11
283.5657708274994
 21
182.3710417010654
 31
0.0
  0
LINE
  5
9E
330
1F
100
AcDbEntity
  8
Geometries
  6
Continuous
370
    13
100
AcDbLine
 10
165.9469242771125
 20
119.2623762963651
 30
0.0
 11
165.9461536644368
 21
118.6738713619924
 31
0.0
  0
ELLIPSE
  5
9F
330
1F
100
AcDbEntity
  8
Geometries
  6
Continuous
370
    13
100
AcDbEllipse
 10
277.9320944263799
 20
182.9449239336008
 30
0.0
 11
-1.378062969988109
 21
-0.02513334344751771
 31
0.0
210
0.0
220
0.0
230
0.9999999999999999
 40
0.9659142921913818
 41
4.693509458033474
 42
6.225335126318233
  0
LINE
  5
A0
330
1F
100
AcDbEntity
  8
Geometries
  6
Continuous
370
    13
100
AcDbLine
 10
288.7552614343358
 20
196.4763975954064
 30
0.0
 11
288.73928605952
 21
184.2762519137318
 31
0.0
  0
LINE
  5
A1
330
1F
100
AcDbEntity
  8
Geometries
  6
Continuous
370
    13
100
AcDbLine
 10
177.1472517237832
 20
132.7419803617366
 30
0.0
 11
161.4110537815722
 21
132.7419803587215
 31
0.0
  0
VIEWPORT
  5
79
330
75
100
AcDbEntity
 67
     1
  8
0
100
AcDbViewport
 10
210.0
 20
148.5
 30
0.0
 40
420.0
 41
297.0
 68
     1
 69
     1
 12
210.0
 22
148.5
 13
0.0
 23
0.0
 14
10.0
 24
10.0
 15
10.0
 25
10.0
 16
0.0
 26
0.0
 36
1.0
 17
0.0
 27
0.0
 37
0.0
 42
50.0
 43
0.0
 44
0.0
 45
297.0
 50
0.0
 51
0.0
 72
   100
 90
   557152
  1

281
     0
 71
     1
 74
     0
110
0.0
120
0.0
130
0.0
111
1.0
121
0.0
131
0.0
112
0.0
122
1.0
132
0.0
 79
     0
146
0.0
170
     0
 61
     5
348
2F
292
     1
282
     1
141
0.0
142
0.0
 63
   256
361
7A
  0
VIEWPORT
  5
7B
330
75
100
AcDbEntity
 67
     1
  8
0
100
AcDbViewport
 10
210.0
 20
148.5
 30
0.0
 40
420.0
 41
297.0
 68
     2
 69
     2
 12
210.0
 22
148.5
 13
0.0
 23
0.0
 14
10.0
 24
10.0
 15
10.0
 25
10.0
 16
0.0
 26
0.0
 36
1.0
 17
0.0
 27
0.0
 37
0.0
 42
50.0
 43
0.0
 44
0.0
 45
297.0
 50
0.0
 51
0.0
 72
   100
 90
   557152
  1

281
     0
 71
     1
 74
     0
110
0.0
120
0.0
130
0.0
111
1.0
121
0.0
131
0.0
112
0.0
122
1.0
132
0.0
 79
     0
146
0.0
170
     0
 61
     5
348
2F
292
     1
282
     1
141
0.0
142
0.0
 63
   256
361
7C
  0
ENDSEC
  0
SECTION
  2
OBJECTS
  0
DICTIONARY
  5
C
330
0
100
AcDbDictionary
281
     1
  3
ACAD_DETAILVIEWSTYLE
350
D9
  3
ACAD_GROUP
350
D
  3
ACAD_LAYOUT
350
1A
  3
ACAD_MATERIAL
350
43
  3
ACAD_MLEADERSTYLE
350
5B
  3
ACAD_MLINESTYLE
350
17
  3
ACAD_PLOTSETTINGS
350
19
  3
ACAD_PLOTSTYLENAME
350
E
  3
ACAD_SCALELIST
350
47
  3
ACAD_SECTIONVIEWSTYLE
350
DA
  3
ACAD_TABLESTYLE
350
59
  3
ACAD_VISUALSTYLE
350
2A
  3
AcDbVariableDictionary
350
A2
  3
ACDB_RECOMPOSE_DATA
350
D6
  0
SUN
  5
5D
330
29
100
AcDbSun
 90
        1
290
     0
 63
     7
421
 16777215
 40
1.0
291
     1
 91
  2455826
 92
 54000000
292
     0
 70
     2
 71
   256
280
     1
  0
SUN
  5
7A
330
79
100
AcDbSun
 90
        1
290
     0
 63
     7
421
 16777215
 40
1.0
291
     1
 91
  2455826
 92
 54000000
292
     0
 70
     2
 71
   256
280
     1
  0
SUN
  5
7C
330
7B
100
AcDbSun
 90
        1
290
     0
 63
     7
421
 16777215
 40
1.0
291
     1
 91
  2455826
 92
 54000000
292
     0
 70
     2
 71
   256
280
     1
  0
DICTIONARY
  5
D9
102
{ACAD_REACTORS
330
C
102
}
330
C
100
AcDbDictionary
281
     1
  0
DICTIONARY
  5
D
102
{ACAD_REACTORS
330
C
102
}
330
C
100
AcDbDictionary
281
     1
  0
DICTIONARY
  5
1A
102
{ACAD_REACTORS
330
C
102
}
330
C
100
AcDbDictionary
281
     1
  3
Layout1
350
1E
  3
Layout2
350
26
  3
Model
350
22
  3
Sheet
350
76
  0
DICTIONARY
  5
43
102
{ACAD_REACTORS
330
C
102
}
330
C
100
AcDbDictionary
281
     1
  3
ByBlock
350
45
  3
ByLayer
350
44
  3
Global
350
46
  0
DICTIONARY
  5
5B
102
{ACAD_REACTORS
330
C
102
}
330
C
100
AcDbDictionary
281
     1
  3
Standard
350
5C
  0
DICTIONARY
  5
17
102
{ACAD_REACTORS
330
C
102
}
330
C
100
AcDbDictionary
281
     1
  3
Standard
350
18
  0
DICTIONARY
  5
19
102
{ACAD_REACTORS
330
C
102
}
330
C
100
AcDbDictionary
281
     1
  0
ACDBDICTIONARYWDFLT
  5
E
102
{ACAD_REACTORS
330
C
102
}
330
C
100
AcDbDictionary
281
     1
  3
Normal
350
F
100
AcDbDictionaryWithDefault
340
F
  0
DICTIONARY
  5
47
102
{ACAD_REACTORS
330
C
102
}
330
C
100
AcDbDictionary
281
     1
  3
A0
350
48
  3
A1
350
49
  3
A2
350
4A
  3
A3
350
4B
  3
A4
350
4C
  3
A5
350
4D
  3
A6
350
4E
  3
A7
350
4F
  3
A8
350
50
  3
A9
350
51
  3
B0
350
52
  3
B1
350
53
  3
B2
350
54
  3
B3
350
55
  3
B4
350
56
  3
B5
350
57
  3
B6
350
58
  0
DICTIONARY
  5
DA
102
{ACAD_REACTORS
330
C
102
}
330
C
100
AcDbDictionary
281
     1
  0
DICTIONARY
  5
59
102
{ACAD_REACTORS
330
C
102
}
330
C
100
AcDbDictionary
281
     1
  3
Standard
350
5A
  0
DICTIONARY
  5
2A
102
{ACAD_REACTORS
330
C
102
}
330
C
100
AcDbDictionary
281
     1
  3
2dWireframe
350
2F
  3
Basic
350
32
  3
Brighten
350
36
  3
ColorChange
350
3A
  3
Conceptual
350
34
  3
Dim
350
35
  3
EdgeColorOff
350
3D
  3
Facepattern
350
39
  3
Flat
350
2B
  3
FlatWithEdges
350
2C
  3
Gouraud
350
2D
  3
GouraudWithEdges
350
2E
  3
Hidden
350
31
  3
JitterOff
350
3B
  3
Linepattern
350
38
  3
OverhangOff
350
3C
  3
Realistic
350
33
  3
Shaded
350
42
  3
Shaded with edges
350
41
  3
Shades of Gray
350
3E
  3
Sketchy
350
3F
  3
Thicken
350
37
  3
Wireframe
350
30
  3
X-Ray
350
40
  0
DICTIONARY
  5
A2
102
{ACAD_REACTORS
330
C
102
}
330
C
100
AcDbDictionary
281
     1
  3
CANNOSCALE
350
A3
  3
CENTEREXE
350
DB
  3
CENTERLTYPEFILE
350
DC
  3
CMLEADERSTYLE
350
D8
  3
CTABLESTYLE
350
D7
  0
XRECORD
  5
D6
102
{ACAD_REACTORS
330
C
102
}
330
C
100
AcDbXrecord
280
     1
 90
        1
330
5A
  0
LAYOUT
  5
1E
102
{ACAD_REACTORS
330
1A
102
}
330
1A
100
AcDbPlotSettings
  1

  2
none_device
  4

  6

 40
0.0
 41
0.0
 42
0.0
 43
0.0
 44
0.0
 45
0.0
 46
0.0
 47
0.0
 48
0.0
 49
0.0
140
0.0
141
0.0
142
1.0
143
1.0
 70
   688
 72
     1
 73
     0
 74
     5
  7

 75
    16
 76
     0
 77
     2
 78
   300
147
1.0
148
0.0
149
0.0
100
AcDbLayout
  1
Layout1
 70
     1
 71
     1
 10
0.0
 20
0.0
 11
420.0
 21
297.0
 12
0.0
 22
0.0
 32
0.0
 14
1.000000000000000E+20
 24
1.000000000000000E+20
 34
1.000000000000000E+20
 15
-1.000000000000000E+20
 25
-1.000000000000000E+20
 35
-1.000000000000000E+20
146
0.0
 13
0.0
 23
0.0
 33
0.0
 16
1.0
 26
0.0
 36
0.0
 17
0.0
 27
1.0
 37
0.0
 76
     0
330
1B
  0
LAYOUT
  5
26
102
{ACAD_REACTORS
330
1A
102
}
330
1A
100
AcDbPlotSettings
  1

  2
none_device
  4

  6

 40
0.0
 41
0.0
 42
0.0
 43
0.0
 44
0.0
 45
0.0
 46
0.0
 47
0.0
 48
0.0
 49
0.0
140
0.0
141
0.0
142
1.0
143
1.0
 70
   688
 72
     1
 73
     0
 74
     5
  7

 75
    16
 76
     0
 77
     2
 78
   300
147
1.0
148
0.0
149
0.0
100
AcDbLayout
  1
Layout2
 70
     1
 71
     2
 10
0.0
 20
0.0
 11
0.0
 21
0.0
 12
0.0
 22
0.0
 32
0.0
 14
0.0
 24
0.0
 34
0.0
 15
0.0
 25
0.0
 35
0.0
146
0.0
 13
0.0
 23
0.0
 33
0.0
 16
1.0
 26
0.0
 36
0.0
 17
0.0
 27
1.0
 37
0.0
 76
     0
330
23
  0
LAYOUT
  5
22
102
{ACAD_REACTORS
330
1A
102
}
330
1A
100
AcDbPlotSettings
  1

  2
none_device
  4
Letter_(8.50_x_11.00_Inches)
  6

 40
6.35
 41
6.35
 42
6.35000508
 43
6.35000508
 44
215.9
 45
279.4
 46
0.0
 47
0.0
 48
0.0
 49
0.0
140
0.0
141
0.0
142
1.0
143
1.0
 70
  1712
 72
     1
 73
     0
 74
     0
  7

 75
     0
 76
     0
 77
     2
 78
   300
147
1.0
148
0.0
149
0.0
100
AcDbLayout
  1
Model
 70
     1
 71
     0
 10
0.0
 20
0.0
 11
420.0
 21
297.0
 12
0.0
 22
0.0
 32
0.0
 14
1.000000000000000E+20
 24
1.000000000000000E+20
 34
1.000000000000000E+20
 15
-1.000000000000000E+20
 25
-1.000000000000000E+20
 35
-1.000000000000000E+20
146
0.0
 13
0.0
 23
0.0
 33
0.0
 16
1.0
 26
0.0
 36
0.0
 17
0.0
 27
1.0
 37
0.0
 76
     0
330
1F
331
29
  0
LAYOUT
  5
76
102
{ACAD_REACTORS
330
1A
102
}
330
1A
100
AcDbPlotSettings
  1

  2
Custom Device
  4
CustomPaper_420.000000x297.000000mm
  6

 40
0.0
 41
0.0
 42
0.0
 43
0.0
 44
297.0
 45
420.0
 46
0.0
 47
0.0
 48
0.0
 49
0.0
140
0.0
141
0.0
142
1.0
143
1.0
 70
   672
 72
     1
 73
     1
 74
     5
  7

 75
    16
 76
     0
 77
     2
 78
   300
147
1.0
148
0.0
149
0.0
100
AcDbLayout
  1
Sheet
 70
     1
 71
     3
 10
-20.0
 20
-7.5
 11
277.0
 21
202.5
 12
0.0
 22
0.0
 32
0.0
 14
0.0
 24
0.0
 34
0.0
 15
0.0
 25
0.0
 35
0.0
146
0.0
 13
0.0
 23
0.0
 33
0.0
 16
1.0
 26
0.0
 36
0.0
 17
0.0
 27
1.0
 37
0.0
 76
     0
330
75
331
79
  0
MATERIAL
  5
45
102
{ACAD_REACTORS
330
43
102
}
330
43
100
AcDbMaterial
  1
ByBlock
 72
     1
 94
      127
  0
MATERIAL
  5
44
102
{ACAD_REACTORS
330
43
102
}
330
43
100
AcDbMaterial
  1
ByLayer
 72
     1
 94
      127
  0
MATERIAL
  5
46
102
{ACAD_REACTORS
330
43
102
}
330
43
100
AcDbMaterial
  1
Global
 72
     1
 94
      127
  0
MLEADERSTYLE
  5
5C
102
{ACAD_REACTORS
330
5B
102
}
330
5B
100
AcDbMLeaderStyle
179
     2
170
     2
171
     1
172
     0
 90
        2
 40
0.0
 41
0.0
173
     1
 91
-1056964608
340
14
 92
       -2
290
     1
 42
2.0
291
     1
 43
8.0
  3
Standard
341
0
 44
4.0
300

342
11
174
     1
178
     6
175
     1
176
     0
 93
-1056964608
 45
4.0
292
     0
297
     0
 46
4.0
343
0
 94
-1056964608
 47
1.0
 49
1.0
140
1.0
293
     1
141
0.0
294
     1
177
     0
142
1.0
295
     0
296
     0
143
3.75
271
     0
272
     9
273
     9
  0
MLINESTYLE
  5
18
102
{ACAD_REACTORS
330
17
102
}
330
17
100
AcDbMlineStyle
  2
Standard
 70
     0
  3

 62
   256
 51
90.0
 52
90.0
 71
     2
 49
0.5
 62
   256
  6
BYLAYER
 49
-0.5
 62
   256
  6
BYLAYER
  0
ACDBPLACEHOLDER
  5
F
102
{ACAD_REACTORS
330
E
102
}
330
E
  0
SCALE
  5
48
102
{ACAD_REACTORS
330
47
102
}
330
47
100
AcDbScale
 70
     0
300
1:1
140
1.0
141
1.0
290
     1
  0
SCALE
  5
49
102
{ACAD_REACTORS
330
47
102
}
330
47
100
AcDbScale
 70
     0
300
1:2
140
1.0
141
2.0
290
     0
  0
SCALE
  5
4A
102
{ACAD_REACTORS
330
47
102
}
330
47
100
AcDbScale
 70
     0
300
1:4
140
1.0
141
4.0
290
     0
  0
SCALE
  5
4B
102
{ACAD_REACTORS
330
47
102
}
330
47
100
AcDbScale
 70
     0
300
1:5
140
1.0
141
5.0
290
     0
  0
SCALE
  5
4C
102
{ACAD_REACTORS
330
47
102
}
330
47
100
AcDbScale
 70
     0
300
1:8
140
1.0
141
8.0
290
     0
  0
SCALE
  5
4D
102
{ACAD_REACTORS
330
47
102
}
330
47
100
AcDbScale
 70
     0
300
1:10
140
1.0
141
10.0
290
     0
  0
SCALE
  5
4E
102
{ACAD_REACTORS
330
47
102
}
330
47
100
AcDbScale
 70
     0
300
1:16
140
1.0
141
16.0
290
     0
  0
SCALE
  5
4F
102
{ACAD_REACTORS
330
47
102
}
330
47
100
AcDbScale
 70
     0
300
1:20
140
1.0
141
20.0
290
     0
  0
SCALE
  5
50
102
{ACAD_REACTORS
330
47
102
}
330
47
100
AcDbScale
 70
     0
300
1:30
140
1.0
141
30.0
290
     0
  0
SCALE
  5
51
102
{ACAD_REACTORS
330
47
102
}
330
47
100
AcDbScale
 70
     0
300
1:40
140
1.0
141
40.0
290
     0
  0
SCALE
  5
52
102
{ACAD_REACTORS
330
47
102
}
330
47
100
AcDbScale
 70
     0
300
1:50
140
1.0
141
50.0
290
     0
  0
SCALE
  5
53
102
{ACAD_REACTORS
330
47
102
}
330
47
100
AcDbScale
 70
     0
300
1:100
140
1.0
141
100.0
290
     0
  0
SCALE
  5
54
102
{ACAD_REACTORS
330
47
102
}
330
47
100
AcDbScale
 70
     0
300
2:1
140
2.0
141
1.0
290
     0
  0
SCALE
  5
55
102
{ACAD_REACTORS
330
47
102
}
330
47
100
AcDbScale
 70
     0
300
4:1
140
4.0
141
1.0
290
     0
  0
SCALE
  5
56
102
{ACAD_REACTORS
330
47
102
}
330
47
100
AcDbScale
 70
     0
300
8:1
140
8.0
141
1.0
290
     0
  0
SCALE
  5
57
102
{ACAD_REACTORS
330
47
102
}
330
47
100
AcDbScale
 70
     0
300
10:1
140
10.0
141
1.0
290
     0
  0
SCALE
  5
58
102
{ACAD_REACTORS
330
47
102
}
330
47
100
AcDbScale
 70
     0
300
100:1
140
100.0
141
1.0
290
     0
  0
TABLESTYLE
  5
5A
102
{ACAD_REACTORS
330
59
102
}
102
{ACAD_XDICTIONARY
360
D4
102
}
330
59
100
AcDbTableStyle
  3
Standard
 70
     0
 71
     0
 40
0.06
 41
0.06
280
     0
281
     0
  7
Standard
140
4.5
170
     2
 62
     0
 63
   257
283
     0
 90
        4
 91
        0
  1

274
    -2
284
     1
 64
     0
275
    -2
285
     1
 65
     0
276
    -2
286
     1
 66
     0
277
    -2
287
     1
 67
     0
278
    -2
288
     1
 68
     0
279
    -2
289
     1
 69
     0
  7
Standard
140
6.0
170
     5
 62
     0
 63
   257
283
     0
 90
        4
 91
        0
  1

274
    -2
284
     1
 64
     0
275
    -2
285
     1
 65
     0
276
    -2
286
     1
 66
     0
277
    -2
287
     1
 67
     0
278
    -2
288
     1
 68
     0
279
    -2
289
     1
 69
     0
  7
Standard
140
4.5
170
     5
 62
     0
 63
   257
283
     0
 90
        4
 91
        0
  1

274
    -2
284
     1
 64
     0
275
    -2
285
     1
 65
     0
276
    -2
286
     1
 66
     0
277
    -2
287
     1
 67
     0
278
    -2
288
     1
 68
     0
279
    -2
289
     1
 69
     0
  0
VISUALSTYLE
  5
2F
102
{ACAD_REACTORS
330
2A
102
}
102
{ACAD_XDICTIONARY
360
AC
102
}
330
2A
100
AcDbVisualStyle
  2
2dWireframe
 70
     4
177
     2
291
     0
 71
     0
176
     1
 72
     2
176
     1
 73
     0
176
     1
 90
        0
176
     1
 40
0.6
176
     1
 41
30.0
176
     1
 62
     5
 63
     7
421
 16777215
176
     1
 74
     1
176
     1
 91
        4
176
     1
 64
     7
176
     1
 65
   257
176
     1
 75
     1
176
     1
175
     1
176
     1
 42
1.0
176
     1
 92
        0
176
     1
 66
   257
176
     1
 43
1.0
176
     1
 76
     1
176
     1
 77
     6
176
     1
 78
     2
176
     1
 67
     7
176
     1
 79
     5
176
     1
170
     0
176
     1
171
     0
176
     1
290
     0
176
     1
 93
        1
176
     1
 44
0.0
176
     1
173
     0
176
     1
  0
VISUALSTYLE
  5
32
102
{ACAD_REACTORS
330
2A
102
}
102
{ACAD_XDICTIONARY
360
B2
102
}
330
2A
100
AcDbVisualStyle
  2
Basic
 70
     7
177
     2
291
     1
 71
     1
176
     1
 72
     0
176
     1
 73
     1
176
     1
 90
        0
176
     1
 40
0.6
176
     1
 41
30.0
176
     1
 62
     5
 63
     7
421
 16777215
176
     1
 74
     0
176
     1
 91
        4
176
     1
 64
     7
176
     1
 65
   257
176
     1
 75
     1
176
     1
175
     1
176
     1
 42
1.0
176
     1
 92
        8
176
     1
 66
     7
176
     1
 43
1.0
176
     1
 76
     1
176
     1
 77
     6
176
     1
 78
     2
176
     1
 67
     7
176
     1
 79
     5
176
     1
170
     0
176
     1
171
     0
176
     1
290
     0
176
     1
 93
        1
176
     1
 44
0.0
176
     1
173
     0
176
     1
  0
VISUALSTYLE
  5
36
102
{ACAD_REACTORS
330
2A
102
}
102
{ACAD_XDICTIONARY
360
BA
102
}
330
2A
100
AcDbVisualStyle
  2
Brighten
 70
    12
177
     2
291
     1
 71
     2
176
     1
 72
     2
176
     1
 73
     0
176
     1
 90
        0
176
     1
 40
0.6
176
     1
 41
30.0
176
     1
 62
     5
 63
     7
421
 16777215
176
     1
 74
     1
176
     1
 91
        4
176
     1
 64
     7
176
     1
 65
   257
176
     1
 75
     1
176
     1
175
     1
176
     1
 42
1.0
176
     1
 92
        8
176
     1
 66
     7
176
     1
 43
1.0
176
     1
 76
     1
176
     1
 77
     6
176
     1
 78
     2
176
     1
 67
     7
176
     1
 79
     5
176
     1
170
     0
176
     1
171
     0
176
     1
290
     0
176
     1
 93
        1
176
     1
 44
50.0
176
     1
173
     0
176
     1
  0
VISUALSTYLE
  5
3A
102
{ACAD_REACTORS
330
2A
102
}
102
{ACAD_XDICTIONARY
360
C2
102
}
330
2A
100
AcDbVisualStyle
  2
ColorChange
 70
    16
177
     2
291
     1
 71
     2
176
     1
 72
     2
176
     1
 73
     3
176
     1
 90
        0
176
     1
 40
0.6
176
     1
 41
30.0
176
     1
 62
     5
 63
     8
421
  8421504
176
     1
 74
     1
176
     1
 91
        4
176
     1
 64
     7
176
     1
 65
   257
176
     1
 75
     1
176
     1
175
     1
176
     1
 42
1.0
176
     1
 92
        8
176
     1
 66
     8
424
  8421504
176
     1
 43
1.0
176
     1
 76
     1
176
     1
 77
     6
176
     1
 78
     2
176
     1
 67
     7
176
     1
 79
     5
176
     1
170
     0
176
     1
171
     0
176
     1
290
     0
176
     1
 93
        1
176
     1
 44
0.0
176
     1
173
     0
176
     1
  0
VISUALSTYLE
  5
34
102
{ACAD_REACTORS
330
2A
102
}
102
{ACAD_XDICTIONARY
360
B6
102
}
330
2A
100
AcDbVisualStyle
  2
Conceptual
 70
     9
177
     2
291
     0
 71
     3
176
     1
 72
     2
176
     1
 73
     0
176
     1
 90
        0
176
     1
 40
0.6
176
     1
 41
30.0
176
     1
 62
     5
 63
     7
421
 16777215
176
     1
 74
     2
176
     1
 91
        2
176
     1
 64
     7
176
     1
 65
   257
176
     1
 75
     1
176
     1
175
     1
176
     1
 42
179.0
176
     1
 92
        8
176
     1
 66
     7
176
     1
 43
1.0
176
     1
 76
     1
176
     1
 77
     6
176
     1
 78
     2
176
     1
 67
     7
176
     1
 79
     3
176
     1
170
     0
176
     1
171
     0
176
     1
290
     0
176
     1
 93
        1
176
     1
 44
0.0
176
     1
173
     0
176
     1
  0
VISUALSTYLE
  5
35
102
{ACAD_REACTORS
330
2A
102
}
102
{ACAD_XDICTIONARY
360
B8
102
}
330
2A
100
AcDbVisualStyle
  2
Dim
 70
    11
177
     2
291
     1
 71
     2
176
     1
 72
     2
176
     1
 73
     0
176
     1
 90
        0
176
     1
 40
0.6
176
     1
 41
30.0
176
     1
 62
     5
 63
     7
421
 16777215
176
     1
 74
     1
176
     1
 91
        4
176
     1
 64
     7
176
     1
 65
   257
176
     1
 75
     1
176
     1
175
     1
176
     1
 42
1.0
176
     1
 92
        8
176
     1
 66
     7
176
     1
 43
1.0
176
     1
 76
     1
176
     1
 77
     6
176
     1
 78
     2
176
     1
 67
     7
176
     1
 79
     5
176
     1
170
     0
176
     1
171
     0
176
     1
290
     0
176
     1
 93
        1
176
     1
 44
-50.0
176
     1
173
     0
176
     1
  0
VISUALSTYLE
  5
3D
102
{ACAD_REACTORS
330
2A
102
}
102
{ACAD_XDICTIONARY
360
C8
102
}
330
2A
100
AcDbVisualStyle
  2
EdgeColorOff
 70
    22
177
     2
291
     1
 71
     2
176
     0
 72
     2
176
     0
 73
     0
176
     0
 90
        0
176
     0
 40
0.6
176
     0
 41
30.0
176
     0
 62
     5
 63
     7
421
 16777215
176
     0
 74
     1
176
     0
 91
        4
176
     0
 64
     7
176
     0
 65
   257
176
     0
 75
     1
176
     0
175
     1
176
     0
 42
1.0
176
     0
 92
        8
176
     2
 66
     7
176
     0
 43
1.0
176
     0
 76
     1
176
     0
 77
     6
176
     0
 78
     2
176
     0
 67
     7
176
     0
 79
     5
176
     0
170
     0
176
     0
171
     0
176
     0
290
     0
176
     0
 93
        1
176
     0
 44
0.0
176
     0
173
     0
176
     0
  0
VISUALSTYLE
  5
39
102
{ACAD_REACTORS
330
2A
102
}
102
{ACAD_XDICTIONARY
360
C0
102
}
330
2A
100
AcDbVisualStyle
  2
Facepattern
 70
    15
177
     2
291
     1
 71
     2
176
     1
 72
     2
176
     1
 73
     0
176
     1
 90
        0
176
     1
 40
0.6
176
     1
 41
30.0
176
     1
 62
     5
 63
     7
421
 16777215
176
     1
 74
     1
176
     1
 91
        4
176
     1
 64
     7
176
     1
 65
   257
176
     1
 75
     1
176
     1
175
     1
176
     1
 42
1.0
176
     1
 92
        8
176
     1
 66
     7
176
     1
 43
1.0
176
     1
 76
     1
176
     1
 77
     6
176
     1
 78
     2
176
     1
 67
     7
176
     1
 79
     5
176
     1
170
     0
176
     1
171
     0
176
     1
290
     0
176
     1
 93
        1
176
     1
 44
0.0
176
     1
173
     0
176
     1
  0
VISUALSTYLE
  5
2B
102
{ACAD_REACTORS
330
2A
102
}
102
{ACAD_XDICTIONARY
360
A4
102
}
330
2A
100
AcDbVisualStyle
  2
Flat
 70
     0
177
     2
291
     1
 71
     2
176
     1
 72
     1
176
     1
 73
     1
176
     1
 90
        2
176
     1
 40
0.6
176
     1
 41
30.0
176
     1
 62
     5
 63
     7
421
 16777215
176
     1
 74
     0
176
     1
 91
        0
176
     1
 64
     7
176
     1
 65
   257
176
     1
 75
     1
176
     1
175
     1
176
     1
 42
1.0
176
     1
 92
        8
176
     1
 66
     7
176
     1
 43
1.0
176
     1
 76
     1
176
     1
 77
     6
176
     1
 78
     2
176
     1
 67
     7
176
     1
 79
     5
176
     1
170
     0
176
     1
171
     0
176
     1
290
     0
176
     1
 93
       13
176
     1
 44
0.0
176
     1
173
     0
176
     1
  0
VISUALSTYLE
  5
2C
102
{ACAD_REACTORS
330
2A
102
}
102
{ACAD_XDICTIONARY
360
A6
102
}
330
2A
100
AcDbVisualStyle
  2
FlatWithEdges
 70
     1
177
     2
291
     1
 71
     2
176
     1
 72
     1
176
     1
 73
     1
176
     1
 90
        2
176
     1
 40
0.6
176
     1
 41
30.0
176
     1
 62
     5
 63
     7
421
 16777215
176
     1
 74
     1
176
     1
 91
        0
176
     1
 64
     7
176
     1
 65
   257
176
     1
 75
     1
176
     1
175
     1
176
     1
 42
1.0
176
     1
 92
        0
176
     1
 66
   257
176
     1
 43
1.0
176
     1
 76
     1
176
     1
 77
     6
176
     1
 78
     2
176
     1
 67
     7
176
     1
 79
     5
176
     1
170
     0
176
     1
171
     0
176
     1
290
     0
176
     1
 93
       13
176
     1
 44
0.0
176
     1
173
     0
176
     1
  0
VISUALSTYLE
  5
2D
102
{ACAD_REACTORS
330
2A
102
}
102
{ACAD_XDICTIONARY
360
A8
102
}
330
2A
100
AcDbVisualStyle
  2
Gouraud
 70
     2
177
     2
291
     1
 71
     2
176
     1
 72
     2
176
     1
 73
     1
176
     1
 90
        2
176
     1
 40
0.6
176
     1
 41
30.0
176
     1
 62
     5
 63
     7
421
 16777215
176
     1
 74
     0
176
     1
 91
        0
176
     1
 64
     7
176
     1
 65
   257
176
     1
 75
     1
176
     1
175
     1
176
     1
 42
1.0
176
     1
 92
        0
176
     1
 66
     7
176
     1
 43
1.0
176
     1
 76
     1
176
     1
 77
     6
176
     1
 78
     2
176
     1
 67
     7
176
     1
 79
     5
176
     1
170
     0
176
     1
171
     0
176
     1
290
     0
176
     1
 93
       13
176
     1
 44
0.0
176
     1
173
     0
176
     1
  0
VISUALSTYLE
  5
2E
102
{ACAD_REACTORS
330
2A
102
}
102
{ACAD_XDICTIONARY
360
AA
102
}
330
2A
100
AcDbVisualStyle
  2
GouraudWithEdges
 70
     3
177
     2
291
     1
 71
     2
176
     1
 72
     2
176
     1
 73
     1
176
     1
 90
        2
176
     1
 40
0.6
176
     1
 41
30.0
176
     1
 62
     5
 63
     7
421
 16777215
176
     1
 74
     1
176
     1
 91
        0
176
     1
 64
     7
176
     1
 65
   257
176
     1
 75
     1
176
     1
175
     1
176
     1
 42
1.0
176
     1
 92
        0
176
     1
 66
   257
176
     1
 43
1.0
176
     1
 76
     1
176
     1
 77
     6
176
     1
 78
     2
176
     1
 67
     7
176
     1
 79
     5
176
     1
170
     0
176
     1
171
     0
176
     1
290
     0
176
     1
 93
       13
176
     1
 44
0.0
176
     1
173
     0
176
     1
  0
VISUALSTYLE
  5
31
102
{ACAD_REACTORS
330
2A
102
}
102
{ACAD_XDICTIONARY
360
B0
102
}
330
2A
100
AcDbVisualStyle
  2
Hidden
 70
     6
177
     2
291
     0
 71
     1
176
     1
 72
     2
176
     1
 73
     2
176
     1
 90
        0
176
     1
 40
0.6
176
     1
 41
30.0
176
     1
 62
     5
 63
     7
421
 16777215
176
     1
 74
     2
176
     1
 91
        2
176
     1
 64
     7
176
     1
 65
   257
176
     1
 75
     2
176
     1
175
     1
176
     1
 42
40.0
176
     1
 92
        0
176
     1
 66
   257
176
     1
 43
1.0
176
     1
 76
     1
176
     1
 77
     6
176
     1
 78
     2
176
     1
 67
     7
176
     1
 79
     3
176
     1
170
     0
176
     1
171
     0
176
     1
290
     0
176
     1
 93
        1
176
     1
 44
0.0
176
     1
173
     0
176
     1
  0
VISUALSTYLE
  5
3B
102
{ACAD_REACTORS
330
2A
102
}
102
{ACAD_XDICTIONARY
360
C4
102
}
330
2A
100
AcDbVisualStyle
  2
JitterOff
 70
    20
177
     2
291
     1
 71
     2
176
     0
 72
     2
176
     0
 73
     0
176
     0
 90
        0
176
     0
 40
0.6
176
     0
 41
30.0
176
     0
 62
     5
 63
     7
421
 16777215
176
     0
 74
     1
176
     0
 91
        4
176
     0
 64
     7
176
     0
 65
   257
176
     0
 75
     1
176
     0
175
     1
176
     0
 42
1.0
176
     0
 92
       10
176
     2
 66
     7
176
     0
 43
1.0
176
     0
 76
     1
176
     0
 77
     6
176
     0
 78
     2
176
     0
 67
     7
176
     0
 79
     5
176
     0
170
     0
176
     0
171
     0
176
     0
290
     0
176
     0
 93
        1
176
     0
 44
0.0
176
     0
173
     0
176
     0
  0
VISUALSTYLE
  5
38
102
{ACAD_REACTORS
330
2A
102
}
102
{ACAD_XDICTIONARY
360
BE
102
}
330
2A
100
AcDbVisualStyle
  2
Linepattern
 70
    14
177
     2
291
     1
 71
     2
176
     1
 72
     2
176
     1
 73
     0
176
     1
 90
        0
176
     1
 40
0.6
176
     1
 41
30.0
176
     1
 62
     5
 63
     7
421
 16777215
176
     1
 74
     1
176
     1
 91
        4
176
     1
 64
     7
176
     1
 65
   257
176
     1
 75
     7
176
     1
175
     7
176
     1
 42
1.0
176
     1
 92
        8
176
     1
 66
     7
176
     1
 43
1.0
176
     1
 76
     1
176
     1
 77
     6
176
     1
 78
     2
176
     1
 67
     7
176
     1
 79
     5
176
     1
170
     0
176
     1
171
     0
176
     1
290
     0
176
     1
 93
        1
176
     1
 44
0.0
176
     1
173
     0
176
     1
  0
VISUALSTYLE
  5
3C
102
{ACAD_REACTORS
330
2A
102
}
102
{ACAD_XDICTIONARY
360
C6
102
}
330
2A
100
AcDbVisualStyle
  2
OverhangOff
 70
    21
177
     2
291
     1
 71
     2
176
     0
 72
     2
176
     0
 73
     0
176
     0
 90
        0
176
     0
 40
0.6
176
     0
 41
30.0
176
     0
 62
     5
 63
     7
421
 16777215
176
     0
 74
     1
176
     0
 91
        4
176
     0
 64
     7
176
     0
 65
   257
176
     0
 75
     1
176
     0
175
     1
176
     0
 42
1.0
176
     0
 92
        9
176
     2
 66
     7
176
     0
 43
1.0
176
     0
 76
     1
176
     0
 77
     6
176
     0
 78
     2
176
     0
 67
     7
176
     0
 79
     5
176
     0
170
     0
176
     0
171
     0
176
     0
290
     0
176
     0
 93
        1
176
     0
 44
0.0
176
     0
173
     0
176
     0
  0
VISUALSTYLE
  5
33
102
{ACAD_REACTORS
330
2A
102
}
102
{ACAD_XDICTIONARY
360
B4
102
}
330
2A
100
AcDbVisualStyle
  2
Realistic
 70
     8
177
     2
291
     0
 71
     2
176
     1
 72
     3
176
     1
 73
     0
176
     1
 90
        2
176
     1
 40
0.6
176
     1
 41
30.0
176
     1
 62
     5
 63
     7
421
 16777215
176
     1
 74
     0
176
     1
 91
        0
176
     1
 64
     7
176
     1
 65
   257
176
     1
 75
     1
176
     1
175
     1
176
     1
 42
1.0
176
     1
 92
        8
176
     1
 66
   257
176
     1
 43
1.0
176
     1
 76
     1
176
     1
 77
     6
176
     1
 78
     2
176
     1
 67
     7
176
     1
 79
     3
176
     1
170
     0
176
     1
171
     0
176
     1
290
     0
176
     1
 93
       13
176
     1
 44
0.0
176
     1
173
     0
176
     1
  0
VISUALSTYLE
  5
42
102
{ACAD_REACTORS
330
2A
102
}
102
{ACAD_XDICTIONARY
360
D2
102
}
330
2A
100
AcDbVisualStyle
  2
Shaded
 70
    27
177
     2
291
     0
 71
     2
176
     1
 72
     2
176
     1
 73
     1
176
     1
 90
        2
176
     1
 40
0.6
176
     1
 41
30.0
176
     1
 62
     5
 63
     7
421
 16777215
176
     1
 74
     0
176
     1
 91
        4
176
     1
 64
     7
176
     1
 65
   257
176
     1
 75
     1
176
     1
175
     1
176
     1
 42
1.0
176
     1
 92
        8
176
     1
 66
   257
176
     1
 43
1.0
176
     1
 76
     1
176
     1
 77
     6
176
     1
 78
     2
176
     1
 67
     8
425
  7895160
176
     1
 79
     3
176
     1
170
     0
176
     1
171
     0
176
     1
290
     0
176
     1
 93
        5
176
     1
 44
0.0
176
     1
173
     0
176
     1
  0
VISUALSTYLE
  5
41
102
{ACAD_REACTORS
330
2A
102
}
102
{ACAD_XDICTIONARY
360
D0
102
}
330
2A
100
AcDbVisualStyle
  2
Shaded with edges
 70
    26
177
     2
291
     0
 71
     2
176
     1
 72
     2
176
     1
 73
     1
176
     1
 90
        2
176
     1
 40
0.6
176
     1
 41
30.0
176
     1
 62
     5
 63
     7
421
 16777215
176
     1
 74
     1
176
     1
 91
       10
176
     1
 64
     7
176
     1
 65
   257
176
     1
 75
     2
176
     1
175
     1
176
     1
 42
1.0
176
     1
 92
        8
176
     1
 66
   257
176
     1
 43
1.0
176
     1
 76
     1
176
     1
 77
     6
176
     1
 78
     2
176
     1
 67
     7
176
     1
 79
     3
176
     1
170
     0
176
     1
171
     0
176
     1
290
     0
176
     1
 93
        5
176
     1
 44
0.0
176
     1
173
     0
176
     1
  0
VISUALSTYLE
  5
3E
102
{ACAD_REACTORS
330
2A
102
}
102
{ACAD_XDICTIONARY
360
CA
102
}
330
2A
100
AcDbVisualStyle
  2
Shades of Gray
 70
    23
177
     2
291
     0
 71
     2
176
     1
 72
     2
176
     1
 73
     3
176
     1
 90
        0
176
     1
 40
0.6
176
     1
 41
30.0
176
     1
 62
     5
 63
     7
421
 16777215
176
     1
 74
     2
176
     1
 91
        2
176
     1
 64
     7
176
     1
 65
     7
176
     1
 75
     1
176
     1
175
     1
176
     1
 42
40.0
176
     1
 92
        8
176
     1
 66
     7
176
     1
 43
1.0
176
     1
 76
     1
176
     1
 77
     6
176
     1
 78
     2
176
     1
 67
     7
176
     1
 79
     3
176
     1
170
     0
176
     1
171
     0
176
     1
290
     0
176
     1
 93
        1
176
     1
 44
0.0
176
     1
173
     0
176
     1
  0
VISUALSTYLE
  5
3F
102
{ACAD_REACTORS
330
2A
102
}
102
{ACAD_XDICTIONARY
360
CC
102
}
330
2A
100
AcDbVisualStyle
  2
Sketchy
 70
    24
177
     2
291
     0
 71
     1
176
     1
 72
     2
176
     1
 73
     2
176
     1
 90
        0
176
     1
 40
0.6
176
     1
 41
30.0
176
     1
 62
     5
 63
     7
421
 16777215
176
     1
 74
     2
176
     1
 91
        2
176
     1
 64
     7
176
     1
 65
     7
176
     1
 75
     1
176
     1
175
     1
176
     1
 42
40.0
176
     1
 92
       11
176
     1
 66
     7
176
     1
 43
1.0
176
     1
 76
     1
176
     1
 77
     6
176
     1
 78
     2
176
     1
 67
     7
176
     1
 79
     6
176
     1
170
     0
176
     1
171
     0
176
     1
290
     0
176
     1
 93
        1
176
     1
 44
0.0
176
     1
173
     0
176
     1
  0
VISUALSTYLE
  5
37
102
{ACAD_REACTORS
330
2A
102
}
102
{ACAD_XDICTIONARY
360
BC
102
}
330
2A
100
AcDbVisualStyle
  2
Thicken
 70
    13
177
     2
291
     1
 71
     2
176
     1
 72
     2
176
     1
 73
     0
176
     1
 90
        0
176
     1
 40
0.6
176
     1
 41
30.0
176
     1
 62
     5
 63
     7
421
 16777215
176
     1
 74
     1
176
     1
 91
        4
176
     1
 64
     7
176
     1
 65
   257
176
     1
 75
     1
176
     1
175
     1
176
     1
 42
1.0
176
     1
 92
       12
176
     1
 66
     7
176
     1
 43
1.0
176
     1
 76
     1
176
     1
 77
     6
176
     1
 78
     2
176
     1
 67
     7
176
     1
 79
     5
176
     1
170
     0
176
     1
171
     0
176
     1
290
     0
176
     1
 93
        1
176
     1
 44
0.0
176
     1
173
     0
176
     1
  0
VISUALSTYLE
  5
30
102
{ACAD_REACTORS
330
2A
102
}
102
{ACAD_XDICTIONARY
360
AE
102
}
330
2A
100
AcDbVisualStyle
  2
Wireframe
 70
     5
177
     2
291
     0
 71
     0
176
     1
 72
     2
176
     1
 73
     0
176
     1
 90
        0
176
     1
 40
0.6
176
     1
 41
30.0
176
     1
 62
     5
 63
     7
421
 16777215
176
     1
 74
     1
176
     1
 91
        4
176
     1
 64
     7
176
     1
 65
   257
176
     1
 75
     1
176
     1
175
     1
176
     1
 42
1.0
176
     1
 92
        0
176
     1
 66
   257
176
     1
 43
1.0
176
     1
 76
     1
176
     1
 77
     6
176
     1
 78
     2
176
     1
 67
     7
176
     1
 79
     3
176
     1
170
     0
176
     1
171
     0
176
     1
290
     0
176
     1
 93
        1
176
     1
 44
0.0
176
     1
173
     0
176
     1
  0
VISUALSTYLE
  5
40
102
{ACAD_REACTORS
330
2A
102
}
102
{ACAD_XDICTIONARY
360
CE
102
}
330
2A
100
AcDbVisualStyle
  2
X-Ray
 70
    25
177
     2
291
     0
 71
     2
176
     1
 72
     2
176
     1
 73
     1
176
     1
 90
        1
176
     1
 40
0.5
176
     1
 41
30.0
176
     1
 62
     5
 63
     7
421
 16777215
176
     1
 74
     1
176
     1
 91
        0
176
     1
 64
     7
176
     1
 65
   257
176
     1
 75
     1
176
     1
175
     1
176
     1
 42
1.0
176
     1
 92
        8
176
     1
 66
     7
176
     1
 43
1.0
176
     1
 76
     1
176
     1
 77
     6
176
     1
 78
     2
176
     1
 67
     7
176
     1
 79
     3
176
     1
170
     0
176
     1
171
     0
176
     1
290
     0
176
     1
 93
       13
176
     1
 44
0.0
176
     1
173
     0
176
     1
  0
DICTIONARYVAR
  5
A3
102
{ACAD_REACTORS
330
A2
102
}
330
A2
100
DictionaryVariables
280
     0
  1
1:1
  0
DICTIONARYVAR
  5
DB
102
{ACAD_REACTORS
330
A2
102
}
330
A2
100
DictionaryVariables
280
     0
  1
3.500000
  0
DICTIONARYVAR
  5
DC
102
{ACAD_REACTORS
330
A2
102
}
330
A2
100
DictionaryVariables
280
     0
  1
acadiso.lin
  0
DICTIONARYVAR
  5
D8
102
{ACAD_REACTORS
330
A2
102
}
330
A2
100
DictionaryVariables
280
     0
  1
Standard
  0
DICTIONARYVAR
  5
D7
102
{ACAD_REACTORS
330
A2
102
}
330
A2
100
DictionaryVariables
280
     0
  1
Standard
  0
DICTIONARY
  5
D4
330
5A
100
AcDbDictionary
280
     1
281
     1
  3
ACAD_ROUNDTRIP_2008_TABLESTYLE_CELLSTYLEMAP
360
D5
  0
DICTIONARY
  5
AC
330
2F
100
AcDbDictionary
280
     1
281
     1
  3
ACAD_XREC_ROUNDTRIP
360
AD
  0
DICTIONARY
  5
B2
330
32
100
AcDbDictionary
280
     1
281
     1
  3
ACAD_XREC_ROUNDTRIP
360
B3
  0
DICTIONARY
  5
BA
330
36
100
AcDbDictionary
280
     1
281
     1
  3
ACAD_XREC_ROUNDTRIP
360
BB
  0
DICTIONARY
  5
C2
330
3A
100
AcDbDictionary
280
     1
281
     1
  3
ACAD_XREC_ROUNDTRIP
360
C3
  0
DICTIONARY
  5
B6
330
34
100
AcDbDictionary
280
     1
281
     1
  3
ACAD_XREC_ROUNDTRIP
360
B7
  0
DICTIONARY
  5
B8
330
35
100
AcDbDictionary
280
     1
281
     1
  3
ACAD_XREC_ROUNDTRIP
360
B9
  0
DICTIONARY
  5
C8
330
3D
100
AcDbDictionary
280
     1
281
     1
  3
ACAD_XREC_ROUNDTRIP
360
C9
  0
DICTIONARY
  5
C0
330
39
100
AcDbDictionary
280
     1
281
     1
  3
ACAD_XREC_ROUNDTRIP
360
C1
  0
DICTIONARY
  5
A4
330
2B
100
AcDbDictionary
280
     1
281
     1
  3
ACAD_XREC_ROUNDTRIP
360
A5
  0
DICTIONARY
  5
A6
330
2C
100
AcDbDictionary
280
     1
281
     1
  3
ACAD_XREC_ROUNDTRIP
360
A7
  0
DICTIONARY
  5
A8
330
2D
100
AcDbDictionary
280
     1
281
     1
  3
ACAD_XREC_ROUNDTRIP
360
A9
  0
DICTIONARY
  5
AA
330
2E
100
AcDbDictionary
280
     1
281
     1
  3
ACAD_XREC_ROUNDTRIP
360
AB
  0
DICTIONARY
  5
B0
330
31
100
AcDbDictionary
280
     1
281
     1
  3
ACAD_XREC_ROUNDTRIP
360
B1
  0
DICTIONARY
  5
C4
330
3B
100
AcDbDictionary
280
     1
281
     1
  3
ACAD_XREC_ROUNDTRIP
360
C5
  0
DICTIONARY
  5
BE
330
38
100
AcDbDictionary
280
     1
281
     1
  3
ACAD_XREC_ROUNDTRIP
360
BF
  0
DICTIONARY
  5
C6
330
3C
100
AcDbDictionary
280
     1
281
     1
  3
ACAD_XREC_ROUNDTRIP
360
C7
  0
DICTIONARY
  5
B4
330
33
100
AcDbDictionary
280
     1
281
     1
  3
ACAD_XREC_ROUNDTRIP
360
B5
  0
DICTIONARY
  5
D2
330
42
100
AcDbDictionary
280
     1
281
     1
  3
ACAD_XREC_ROUNDTRIP
360
D3
  0
DICTIONARY
  5
D0
330
41
100
AcDbDictionary
280
     1
281
     1
  3
ACAD_XREC_ROUNDTRIP
360
D1
  0
DICTIONARY
  5
CA
330
3E
100
AcDbDictionary
280
     1
281
     1
  3
ACAD_XREC_ROUNDTRIP
360
CB
  0
DICTIONARY
  5
CC
330
3F
100
AcDbDictionary
280
     1
281
     1
  3
ACAD_XREC_ROUNDTRIP
360
CD
  0
DICTIONARY
  5
BC
330
37
100
AcDbDictionary
280
     1
281
     1
  3
ACAD_XREC_ROUNDTRIP
360
BD
  0
DICTIONARY
  5
AE
330
30
100
AcDbDictionary
280
     1
281
     1
  3
ACAD_XREC_ROUNDTRIP
360
AF
  0
DICTIONARY
  5
CE
330
40
100
AcDbDictionary
280
     1
281
     1
  3
ACAD_XREC_ROUNDTRIP
360
CF
  0
CELLSTYLEMAP
  5
D5
102
{ACAD_REACTORS
330
D4
102
}
330
D4
100
AcDbCellStyleMap
 90
        3
300
CELLSTYLE
  1
TABLEFORMAT_BEGIN
 90
        5
170
     1
 91
        0
 92
    32768
 62
   257
 93
        1
300
CONTENTFORMAT
  1
CONTENTFORMAT_BEGIN
 90
        0
 91
        0
 92
        4
 93
        0
300

 40
0.0
140
1.0
 94
        5
 62
     0
340
11
144
6.0
309
CONTENTFORMAT_END
171
     1
301
MARGIN
  1
CELLMARGIN_BEGIN
 40
1.5
 40
1.5
 40
1.5
 40
1.5
 40
1.5
 40
1.5
309
CELLMARGIN_END
 94
        6
 95
        1
302
GRIDFORMAT
  1
GRIDFORMAT_BEGIN
 90
        0
 91
        1
 62
     0
 92
       -2
340
14
 93
        0
 40
0.045
309
GRIDFORMAT_END
 95
        2
302
GRIDFORMAT
  1
GRIDFORMAT_BEGIN
 90
        0
 91
        1
 62
     0
 92
       -2
340
14
 93
        0
 40
0.045
309
GRIDFORMAT_END
 95
        4
302
GRIDFORMAT
  1
GRIDFORMAT_BEGIN
 90
        0
 91
        1
 62
     0
 92
       -2
340
14
 93
        0
 40
0.045
309
GRIDFORMAT_END
 95
        8
302
GRIDFORMAT
  1
GRIDFORMAT_BEGIN
 90
        0
 91
        1
 62
     0
 92
       -2
340
14
 93
        0
 40
0.045
309
GRIDFORMAT_END
 95
       16
302
GRIDFORMAT
  1
GRIDFORMAT_BEGIN
 90
        0
 91
        1
 62
     0
 92
       -2
340
14
 93
        0
 40
0.045
309
GRIDFORMAT_END
 95
       32
302
GRIDFORMAT
  1
GRIDFORMAT_BEGIN
 90
        0
 91
        1
 62
     0
 92
       -2
340
14
 93
        0
 40
0.045
309
GRIDFORMAT_END
309
TABLEFORMAT_END
  1
CELLSTYLE_BEGIN
 90
        1
 91
        1
300
_TITLE
309
CELLSTYLE_END
300
CELLSTYLE
  1
TABLEFORMAT_BEGIN
 90
        5
170
     1
 91
        0
 92
        0
 62
   257
 93
        1
300
CONTENTFORMAT
  1
CONTENTFORMAT_BEGIN
 90
        0
 91
        0
 92
        4
 93
        0
300

 40
0.0
140
1.0
 94
        5
 62
     0
340
11
144
4.5
309
CONTENTFORMAT_END
171
     1
301
MARGIN
  1
CELLMARGIN_BEGIN
 40
1.5
 40
1.5
 40
1.5
 40
1.5
 40
1.5
 40
1.5
309
CELLMARGIN_END
 94
        6
 95
        1
302
GRIDFORMAT
  1
GRIDFORMAT_BEGIN
 90
        0
 91
        1
 62
     0
 92
       -2
340
14
 93
        0
 40
0.045
309
GRIDFORMAT_END
 95
        2
302
GRIDFORMAT
  1
GRIDFORMAT_BEGIN
 90
        0
 91
        1
 62
     0
 92
       -2
340
14
 93
        0
 40
0.045
309
GRIDFORMAT_END
 95
        4
302
GRIDFORMAT
  1
GRIDFORMAT_BEGIN
 90
        0
 91
        1
 62
     0
 92
       -2
340
14
 93
        0
 40
0.045
309
GRIDFORMAT_END
 95
        8
302
GRIDFORMAT
  1
GRIDFORMAT_BEGIN
 90
        0
 91
        1
 62
     0
 92
       -2
340
14
 93
        0
 40
0.045
309
GRIDFORMAT_END
 95
       16
302
GRIDFORMAT
  1
GRIDFORMAT_BEGIN
 90
        0
 91
        1
 62
     0
 92
       -2
340
14
 93
        0
 40
0.045
309
GRIDFORMAT_END
 95
       32
302
GRIDFORMAT
  1
GRIDFORMAT_BEGIN
 90
        0
 91
        1
 62
     0
 92
       -2
340
14
 93
        0
 40
0.045
309
GRIDFORMAT_END
309
TABLEFORMAT_END
  1
CELLSTYLE_BEGIN
 90
        2
 91
        1
300
_HEADER
309
CELLSTYLE_END
300
CELLSTYLE
  1
TABLEFORMAT_BEGIN
 90
        5
170
     1
 91
        0
 92
        0
 62
   257
 93
        1
300
CONTENTFORMAT
  1
CONTENTFORMAT_BEGIN
 90
        0
 91
        0
 92
        4
 93
        0
300

 40
0.0
140
1.0
 94
        2
 62
     0
340
11
144
4.5
309
CONTENTFORMAT_END
171
     1
301
MARGIN
  1
CELLMARGIN_BEGIN
 40
1.5
 40
1.5
 40
1.5
 40
1.5
 40
1.5
 40
1.5
309
CELLMARGIN_END
 94
        6
 95
        1
302
GRIDFORMAT
  1
GRIDFORMAT_BEGIN
 90
        0
 91
        1
 62
     0
 92
       -2
340
14
 93
        0
 40
0.045
309
GRIDFORMAT_END
 95
        2
302
GRIDFORMAT
  1
GRIDFORMAT_BEGIN
 90
        0
 91
        1
 62
     0
 92
       -2
340
14
 93
        0
 40
0.045
309
GRIDFORMAT_END
 95
        4
302
GRIDFORMAT
  1
GRIDFORMAT_BEGIN
 90
        0
 91
        1
 62
     0
 92
       -2
340
14
 93
        0
 40
0.045
309
GRIDFORMAT_END
 95
        8
302
GRIDFORMAT
  1
GRIDFORMAT_BEGIN
 90
        0
 91
        1
 62
     0
 92
       -2
340
14
 93
        0
 40
0.045
309
GRIDFORMAT_END
 95
       16
302
GRIDFORMAT
  1
GRIDFORMAT_BEGIN
 90
        0
 91
        1
 62
     0
 92
       -2
340
14
 93
        0
 40
0.045
309
GRIDFORMAT_END
 95
       32
302
GRIDFORMAT
  1
GRIDFORMAT_BEGIN
 90
        0
 91
        1
 62
     0
 92
       -2
340
14
 93
        0
 40
0.045
309
GRIDFORMAT_END
309
TABLEFORMAT_END
  1
CELLSTYLE_BEGIN
 90
        3
 91
        2
300
_DATA
309
CELLSTYLE_END
  0
XRECORD
  5
AD
102
{ACAD_REACTORS
330
AC
102
}
330
AC
100
AcDbXrecord
280
     1
102
RTVSPost2010Prop28
280
     1
102
RTVSPost2010PropOp28
 70
     1
102
RTVSPost2010Prop29
280
     1
102
RTVSPost2010PropOp29
 70
     1
102
RTVSPost2010Prop30
280
     0
102
RTVSPost2010PropOp30
 70
     1
102
RTVSPost2010Prop31
280
     0
102
RTVSPost2010PropOp31
 70
     1
102
RTVSPost2010Prop32
280
     0
102
RTVSPost2010PropOp32
 70
     1
102
RTVSPost2010Prop33
280
     0
102
RTVSPost2010PropOp33
 70
     1
102
RTVSPost2010Prop34
280
     0
102
RTVSPost2010PropOp34
 70
     1
102
RTVSPost2010Prop35
280
     0
102
RTVSPost2010PropOp35
 70
     1
102
RTVSPost2010Prop36
280
     0
102
RTVSPost2010PropOp36
 70
     1
102
RTVSPost2010Prop37
 90
       50
102
RTVSPost2010PropOp37
 70
     1
102
RTVSPost2010Prop38
140
0.0
102
RTVSPost2010PropOp38
 70
     1
102
RTVSPost2010Prop39
140
1.0
102
RTVSPost2010PropOp39
 70
     1
102
RTVSPost2010Prop40
 90
        0
102
RTVSPost2010PropOp40
 70
     1
102
RTVSPost2010Prop41ColorIndex
 90
       18
102
RTVSPost2010Prop41ColorRGB
 90
        0
102
RTVSPost2010PropOp41
 70
     1
102
RTVSPost2010Prop42
 90
       50
102
RTVSPost2010PropOp42
 70
     1
102
RTVSPost2010Prop43
 90
        3
102
RTVSPost2010PropOp43
 70
     1
102
RTVSPost2010Prop44ColorIndex
 90
        5
102
RTVSPost2010Prop44ColorRGB
 90
      255
102
RTVSPost2010PropOp44
 70
     1
102
RTVSPost2010Prop45
280
     0
102
RTVSPost2010PropOp45
 70
     1
102
RTVSPost2010Prop46
 90
       50
102
RTVSPost2010PropOp46
 70
     1
102
RTVSPost2010Prop47
 90
       50
102
RTVSPost2010PropOp47
 70
     1
102
RTVSPost2010Prop48
 90
       50
102
RTVSPost2010PropOp48
 70
     1
102
RTVSPost2010Prop49
280
     0
102
RTVSPost2010PropOp49
 70
     1
102
RTVSPost2010Prop50
 90
       50
102
RTVSPost2010PropOp50
 70
     1
102
RTVSPost2010Prop51ColorIndex
 90
      256
102
RTVSPost2010Prop51ColorRGB
 90
-16777216
102
RTVSPost2010PropOp51
 70
     0
102
RTVSPost2010Prop52
140
1.0
102
RTVSPost2010PropOp52
 70
     0
102
RTVSPost2010Prop53
 90
        2
102
RTVSPost2010PropOp53
 70
     1
102
RTVSPost2010Prop54
  1
strokes_ogs.tif
102
RTVSPost2010PropOp54
 70
     1
102
RTVSPost2010Prop55
280
     0
102
RTVSPost2010PropOp55
 70
     1
102
RTVSPost2010Prop56
140
1.0
102
RTVSPost2010PropOp56
 70
     1
102
RTVSPost2010Prop57
140
1.0
102
RTVSPost2010PropOp57
 70
     1
  0
XRECORD
  5
B3
102
{ACAD_REACTORS
330
B2
102
}
330
B2
100
AcDbXrecord
280
     1
102
RTVSPost2010Prop28
280
     0
102
RTVSPost2010PropOp28
 70
     1
102
RTVSPost2010Prop29
280
     1
102
RTVSPost2010PropOp29
 70
     1
102
RTVSPost2010Prop30
280
     1
102
RTVSPost2010PropOp30
 70
     1
102
RTVSPost2010Prop31
280
     0
102
RTVSPost2010PropOp31
 70
     1
102
RTVSPost2010Prop32
280
     0
102
RTVSPost2010PropOp32
 70
     1
102
RTVSPost2010Prop33
280
     0
102
RTVSPost2010PropOp33
 70
     1
102
RTVSPost2010Prop34
280
     0
102
RTVSPost2010PropOp34
 70
     1
102
RTVSPost2010Prop35
280
     0
102
RTVSPost2010PropOp35
 70
     1
102
RTVSPost2010Prop36
280
     0
102
RTVSPost2010PropOp36
 70
     1
102
RTVSPost2010Prop37
 90
       50
102
RTVSPost2010PropOp37
 70
     1
102
RTVSPost2010Prop38
140
0.0
102
RTVSPost2010PropOp38
 70
     1
102
RTVSPost2010Prop39
140
1.0
102
RTVSPost2010PropOp39
 70
     1
102
RTVSPost2010Prop40
 90
        0
102
RTVSPost2010PropOp40
 70
     1
102
RTVSPost2010Prop41ColorIndex
 90
       18
102
RTVSPost2010Prop41ColorRGB
 90
        0
102
RTVSPost2010PropOp41
 70
     1
102
RTVSPost2010Prop42
 90
       50
102
RTVSPost2010PropOp42
 70
     1
102
RTVSPost2010Prop43
 90
        3
102
RTVSPost2010PropOp43
 70
     1
102
RTVSPost2010Prop44ColorIndex
 90
        5
102
RTVSPost2010Prop44ColorRGB
 90
      255
102
RTVSPost2010PropOp44
 70
     1
102
RTVSPost2010Prop45
280
     0
102
RTVSPost2010PropOp45
 70
     1
102
RTVSPost2010Prop46
 90
       50
102
RTVSPost2010PropOp46
 70
     1
102
RTVSPost2010Prop47
 90
       50
102
RTVSPost2010PropOp47
 70
     1
102
RTVSPost2010Prop48
 90
       50
102
RTVSPost2010PropOp48
 70
     1
102
RTVSPost2010Prop49
280
     0
102
RTVSPost2010PropOp49
 70
     1
102
RTVSPost2010Prop50
 90
       50
102
RTVSPost2010PropOp50
 70
     1
102
RTVSPost2010Prop51ColorIndex
 90
      256
102
RTVSPost2010Prop51ColorRGB
 90
-16777216
102
RTVSPost2010PropOp51
 70
     0
102
RTVSPost2010Prop52
140
1.0
102
RTVSPost2010PropOp52
 70
     0
102
RTVSPost2010Prop53
 90
        2
102
RTVSPost2010PropOp53
 70
     1
102
RTVSPost2010Prop54
  1
strokes_ogs.tif
102
RTVSPost2010PropOp54
 70
     1
102
RTVSPost2010Prop55
280
     0
102
RTVSPost2010PropOp55
 70
     1
102
RTVSPost2010Prop56
140
1.0
102
RTVSPost2010PropOp56
 70
     1
102
RTVSPost2010Prop57
140
1.0
102
RTVSPost2010PropOp57
 70
     1
  0
XRECORD
  5
BB
102
{ACAD_REACTORS
330
BA
102
}
330
BA
100
AcDbXrecord
280
     1
102
RTVSPost2010Prop28
280
     0
102
RTVSPost2010PropOp28
 70
     1
102
RTVSPost2010Prop29
280
     1
102
RTVSPost2010PropOp29
 70
     1
102
RTVSPost2010Prop30
280
     1
102
RTVSPost2010PropOp30
 70
     1
102
RTVSPost2010Prop31
280
     0
102
RTVSPost2010PropOp31
 70
     1
102
RTVSPost2010Prop32
280
     0
102
RTVSPost2010PropOp32
 70
     1
102
RTVSPost2010Prop33
280
     0
102
RTVSPost2010PropOp33
 70
     1
102
RTVSPost2010Prop34
280
     0
102
RTVSPost2010PropOp34
 70
     1
102
RTVSPost2010Prop35
280
     0
102
RTVSPost2010PropOp35
 70
     1
102
RTVSPost2010Prop36
280
     0
102
RTVSPost2010PropOp36
 70
     1
102
RTVSPost2010Prop37
 90
       50
102
RTVSPost2010PropOp37
 70
     1
102
RTVSPost2010Prop38
140
0.0
102
RTVSPost2010PropOp38
 70
     1
102
RTVSPost2010Prop39
140
1.0
102
RTVSPost2010PropOp39
 70
     1
102
RTVSPost2010Prop40
 90
        0
102
RTVSPost2010PropOp40
 70
     1
102
RTVSPost2010Prop41ColorIndex
 90
       18
102
RTVSPost2010Prop41ColorRGB
 90
        0
102
RTVSPost2010PropOp41
 70
     1
102
RTVSPost2010Prop42
 90
       50
102
RTVSPost2010PropOp42
 70
     1
102
RTVSPost2010Prop43
 90
        3
102
RTVSPost2010PropOp43
 70
     1
102
RTVSPost2010Prop44ColorIndex
 90
        5
102
RTVSPost2010Prop44ColorRGB
 90
      255
102
RTVSPost2010PropOp44
 70
     1
102
RTVSPost2010Prop45
280
     0
102
RTVSPost2010PropOp45
 70
     1
102
RTVSPost2010Prop46
 90
       50
102
RTVSPost2010PropOp46
 70
     1
102
RTVSPost2010Prop47
 90
       50
102
RTVSPost2010PropOp47
 70
     1
102
RTVSPost2010Prop48
 90
       50
102
RTVSPost2010PropOp48
 70
     1
102
RTVSPost2010Prop49
280
     0
102
RTVSPost2010PropOp49
 70
     1
102
RTVSPost2010Prop50
 90
       50
102
RTVSPost2010PropOp50
 70
     1
102
RTVSPost2010Prop51ColorIndex
 90
      256
102
RTVSPost2010Prop51ColorRGB
 90
-16777216
102
RTVSPost2010PropOp51
 70
     0
102
RTVSPost2010Prop52
140
1.0
102
RTVSPost2010PropOp52
 70
     0
102
RTVSPost2010Prop53
 90
        2
102
RTVSPost2010PropOp53
 70
     1
102
RTVSPost2010Prop54
  1
strokes_ogs.tif
102
RTVSPost2010PropOp54
 70
     1
102
RTVSPost2010Prop55
280
     0
102
RTVSPost2010PropOp55
 70
     1
102
RTVSPost2010Prop56
140
1.0
102
RTVSPost2010PropOp56
 70
     1
102
RTVSPost2010Prop57
140
1.0
102
RTVSPost2010PropOp57
 70
     1
  0
XRECORD
  5
C3
102
{ACAD_REACTORS
330
C2
102
}
330
C2
100
AcDbXrecord
280
     1
102
RTVSPost2010Prop28
280
     0
102
RTVSPost2010PropOp28
 70
     1
102
RTVSPost2010Prop29
280
     1
102
RTVSPost2010PropOp29
 70
     1
102
RTVSPost2010Prop30
280
     1
102
RTVSPost2010PropOp30
 70
     1
102
RTVSPost2010Prop31
280
     0
102
RTVSPost2010PropOp31
 70
     1
102
RTVSPost2010Prop32
280
     0
102
RTVSPost2010PropOp32
 70
     1
102
RTVSPost2010Prop33
280
     0
102
RTVSPost2010PropOp33
 70
     1
102
RTVSPost2010Prop34
280
     0
102
RTVSPost2010PropOp34
 70
     1
102
RTVSPost2010Prop35
280
     0
102
RTVSPost2010PropOp35
 70
     1
102
RTVSPost2010Prop36
280
     0
102
RTVSPost2010PropOp36
 70
     1
102
RTVSPost2010Prop37
 90
       50
102
RTVSPost2010PropOp37
 70
     1
102
RTVSPost2010Prop38
140
0.0
102
RTVSPost2010PropOp38
 70
     1
102
RTVSPost2010Prop39
140
1.0
102
RTVSPost2010PropOp39
 70
     1
102
RTVSPost2010Prop40
 90
        0
102
RTVSPost2010PropOp40
 70
     1
102
RTVSPost2010Prop41ColorIndex
 90
       18
102
RTVSPost2010Prop41ColorRGB
 90
        0
102
RTVSPost2010PropOp41
 70
     1
102
RTVSPost2010Prop42
 90
       50
102
RTVSPost2010PropOp42
 70
     1
102
RTVSPost2010Prop43
 90
        3
102
RTVSPost2010PropOp43
 70
     1
102
RTVSPost2010Prop44ColorIndex
 90
        5
102
RTVSPost2010Prop44ColorRGB
 90
      255
102
RTVSPost2010PropOp44
 70
     1
102
RTVSPost2010Prop45
280
     0
102
RTVSPost2010PropOp45
 70
     1
102
RTVSPost2010Prop46
 90
       50
102
RTVSPost2010PropOp46
 70
     1
102
RTVSPost2010Prop47
 90
       50
102
RTVSPost2010PropOp47
 70
     1
102
RTVSPost2010Prop48
 90
       50
102
RTVSPost2010PropOp48
 70
     1
102
RTVSPost2010Prop49
280
     0
102
RTVSPost2010PropOp49
 70
     1
102
RTVSPost2010Prop50
 90
       50
102
RTVSPost2010PropOp50
 70
     1
102
RTVSPost2010Prop51ColorIndex
 90
      256
102
RTVSPost2010Prop51ColorRGB
 90
-16777216
102
RTVSPost2010PropOp51
 70
     0
102
RTVSPost2010Prop52
140
1.0
102
RTVSPost2010PropOp52
 70
     0
102
RTVSPost2010Prop53
 90
        2
102
RTVSPost2010PropOp53
 70
     1
102
RTVSPost2010Prop54
  1
strokes_ogs.tif
102
RTVSPost2010PropOp54
 70
     1
102
RTVSPost2010Prop55
280
     0
102
RTVSPost2010PropOp55
 70
     1
102
RTVSPost2010Prop56
140
1.0
102
RTVSPost2010PropOp56
 70
     1
102
RTVSPost2010Prop57
140
1.0
102
RTVSPost2010PropOp57
 70
     1
  0
XRECORD
  5
B7
102
{ACAD_REACTORS
330
B6
102
}
330
B6
100
AcDbXrecord
280
     1
102
RTVSPost2010Prop28
280
     0
102
RTVSPost2010PropOp28
 70
     1
102
RTVSPost2010Prop29
280
     1
102
RTVSPost2010PropOp29
 70
     1
102
RTVSPost2010Prop30
280
     1
102
RTVSPost2010PropOp30
 70
     1
102
RTVSPost2010Prop31
280
     0
102
RTVSPost2010PropOp31
 70
     1
102
RTVSPost2010Prop32
280
     0
102
RTVSPost2010PropOp32
 70
     1
102
RTVSPost2010Prop33
280
     0
102
RTVSPost2010PropOp33
 70
     1
102
RTVSPost2010Prop34
280
     0
102
RTVSPost2010PropOp34
 70
     1
102
RTVSPost2010Prop35
280
     0
102
RTVSPost2010PropOp35
 70
     1
102
RTVSPost2010Prop36
280
     0
102
RTVSPost2010PropOp36
 70
     1
102
RTVSPost2010Prop37
 90
       50
102
RTVSPost2010PropOp37
 70
     1
102
RTVSPost2010Prop38
140
0.0
102
RTVSPost2010PropOp38
 70
     1
102
RTVSPost2010Prop39
140
1.0
102
RTVSPost2010PropOp39
 70
     1
102
RTVSPost2010Prop40
 90
        0
102
RTVSPost2010PropOp40
 70
     1
102
RTVSPost2010Prop41ColorIndex
 90
       18
102
RTVSPost2010Prop41ColorRGB
 90
        0
102
RTVSPost2010PropOp41
 70
     1
102
RTVSPost2010Prop42
 90
       50
102
RTVSPost2010PropOp42
 70
     1
102
RTVSPost2010Prop43
 90
        3
102
RTVSPost2010PropOp43
 70
     1
102
RTVSPost2010Prop44ColorIndex
 90
        5
102
RTVSPost2010Prop44ColorRGB
 90
      255
102
RTVSPost2010PropOp44
 70
     1
102
RTVSPost2010Prop45
280
     0
102
RTVSPost2010PropOp45
 70
     1
102
RTVSPost2010Prop46
 90
       50
102
RTVSPost2010PropOp46
 70
     1
102
RTVSPost2010Prop47
 90
       50
102
RTVSPost2010PropOp47
 70
     1
102
RTVSPost2010Prop48
 90
       50
102
RTVSPost2010PropOp48
 70
     1
102
RTVSPost2010Prop49
280
     0
102
RTVSPost2010PropOp49
 70
     1
102
RTVSPost2010Prop50
 90
       50
102
RTVSPost2010PropOp50
 70
     1
102
RTVSPost2010Prop51ColorIndex
 90
      256
102
RTVSPost2010Prop51ColorRGB
 90
-16777216
102
RTVSPost2010PropOp51
 70
     0
102
RTVSPost2010Prop52
140
1.0
102
RTVSPost2010PropOp52
 70
     0
102
RTVSPost2010Prop53
 90
        2
102
RTVSPost2010PropOp53
 70
     1
102
RTVSPost2010Prop54
  1
strokes_ogs.tif
102
RTVSPost2010PropOp54
 70
     1
102
RTVSPost2010Prop55
280
     0
102
RTVSPost2010PropOp55
 70
     1
102
RTVSPost2010Prop56
140
1.0
102
RTVSPost2010PropOp56
 70
     1
102
RTVSPost2010Prop57
140
1.0
102
RTVSPost2010PropOp57
 70
     1
  0
XRECORD
  5
B9
102
{ACAD_REACTORS
330
B8
102
}
330
B8
100
AcDbXrecord
280
     1
102
RTVSPost2010Prop28
280
     0
102
RTVSPost2010PropOp28
 70
     1
102
RTVSPost2010Prop29
280
     1
102
RTVSPost2010PropOp29
 70
     1
102
RTVSPost2010Prop30
280
     1
102
RTVSPost2010PropOp30
 70
     1
102
RTVSPost2010Prop31
280
     0
102
RTVSPost2010PropOp31
 70
     1
102
RTVSPost2010Prop32
280
     0
102
RTVSPost2010PropOp32
 70
     1
102
RTVSPost2010Prop33
280
     0
102
RTVSPost2010PropOp33
 70
     1
102
RTVSPost2010Prop34
280
     0
102
RTVSPost2010PropOp34
 70
     1
102
RTVSPost2010Prop35
280
     0
102
RTVSPost2010PropOp35
 70
     1
102
RTVSPost2010Prop36
280
     0
102
RTVSPost2010PropOp36
 70
     1
102
RTVSPost2010Prop37
 90
       50
102
RTVSPost2010PropOp37
 70
     1
102
RTVSPost2010Prop38
140
0.0
102
RTVSPost2010PropOp38
 70
     1
102
RTVSPost2010Prop39
140
1.0
102
RTVSPost2010PropOp39
 70
     1
102
RTVSPost2010Prop40
 90
        0
102
RTVSPost2010PropOp40
 70
     1
102
RTVSPost2010Prop41ColorIndex
 90
       18
102
RTVSPost2010Prop41ColorRGB
 90
        0
102
RTVSPost2010PropOp41
 70
     1
102
RTVSPost2010Prop42
 90
       50
102
RTVSPost2010PropOp42
 70
     1
102
RTVSPost2010Prop43
 90
        3
102
RTVSPost2010PropOp43
 70
     1
102
RTVSPost2010Prop44ColorIndex
 90
        5
102
RTVSPost2010Prop44ColorRGB
 90
      255
102
RTVSPost2010PropOp44
 70
     1
102
RTVSPost2010Prop45
280
     0
102
RTVSPost2010PropOp45
 70
     1
102
RTVSPost2010Prop46
 90
       50
102
RTVSPost2010PropOp46
 70
     1
102
RTVSPost2010Prop47
 90
       50
102
RTVSPost2010PropOp47
 70
     1
102
RTVSPost2010Prop48
 90
       50
102
RTVSPost2010PropOp48
 70
     1
102
RTVSPost2010Prop49
280
     0
102
RTVSPost2010PropOp49
 70
     1
102
RTVSPost2010Prop50
 90
       50
102
RTVSPost2010PropOp50
 70
     1
102
RTVSPost2010Prop51ColorIndex
 90
      256
102
RTVSPost2010Prop51ColorRGB
 90
-16777216
102
RTVSPost2010PropOp51
 70
     0
102
RTVSPost2010Prop52
140
1.0
102
RTVSPost2010PropOp52
 70
     0
102
RTVSPost2010Prop53
 90
        2
102
RTVSPost2010PropOp53
 70
     1
102
RTVSPost2010Prop54
  1
strokes_ogs.tif
102
RTVSPost2010PropOp54
 70
     1
102
RTVSPost2010Prop55
280
     0
102
RTVSPost2010PropOp55
 70
     1
102
RTVSPost2010Prop56
140
1.0
102
RTVSPost2010PropOp56
 70
     1
102
RTVSPost2010Prop57
140
1.0
102
RTVSPost2010PropOp57
 70
     1
  0
XRECORD
  5
C9
102
{ACAD_REACTORS
330
C8
102
}
330
C8
100
AcDbXrecord
280
     1
102
RTVSPost2010Prop28
280
     0
102
RTVSPost2010PropOp28
 70
     0
102
RTVSPost2010Prop29
280
     1
102
RTVSPost2010PropOp29
 70
     0
102
RTVSPost2010Prop30
280
     1
102
RTVSPost2010PropOp30
 70
     0
102
RTVSPost2010Prop31
280
     0
102
RTVSPost2010PropOp31
 70
     0
102
RTVSPost2010Prop32
280
     0
102
RTVSPost2010PropOp32
 70
     0
102
RTVSPost2010Prop33
280
     0
102
RTVSPost2010PropOp33
 70
     0
102
RTVSPost2010Prop34
280
     0
102
RTVSPost2010PropOp34
 70
     0
102
RTVSPost2010Prop35
280
     0
102
RTVSPost2010PropOp35
 70
     0
102
RTVSPost2010Prop36
280
     0
102
RTVSPost2010PropOp36
 70
     0
102
RTVSPost2010Prop37
 90
       50
102
RTVSPost2010PropOp37
 70
     0
102
RTVSPost2010Prop38
140
0.0
102
RTVSPost2010PropOp38
 70
     0
102
RTVSPost2010Prop39
140
1.0
102
RTVSPost2010PropOp39
 70
     0
102
RTVSPost2010Prop40
 90
        0
102
RTVSPost2010PropOp40
 70
     0
102
RTVSPost2010Prop41ColorIndex
 90
       18
102
RTVSPost2010Prop41ColorRGB
 90
        0
102
RTVSPost2010PropOp41
 70
     0
102
RTVSPost2010Prop42
 90
       50
102
RTVSPost2010PropOp42
 70
     0
102
RTVSPost2010Prop43
 90
        3
102
RTVSPost2010PropOp43
 70
     0
102
RTVSPost2010Prop44ColorIndex
 90
        5
102
RTVSPost2010Prop44ColorRGB
 90
      255
102
RTVSPost2010PropOp44
 70
     0
102
RTVSPost2010Prop45
280
     0
102
RTVSPost2010PropOp45
 70
     0
102
RTVSPost2010Prop46
 90
       50
102
RTVSPost2010PropOp46
 70
     0
102
RTVSPost2010Prop47
 90
       50
102
RTVSPost2010PropOp47
 70
     0
102
RTVSPost2010Prop48
 90
       50
102
RTVSPost2010PropOp48
 70
     0
102
RTVSPost2010Prop49
280
     0
102
RTVSPost2010PropOp49
 70
     0
102
RTVSPost2010Prop50
 90
       50
102
RTVSPost2010PropOp50
 70
     0
102
RTVSPost2010Prop51ColorIndex
 90
      256
102
RTVSPost2010Prop51ColorRGB
 90
-16777216
102
RTVSPost2010PropOp51
 70
     0
102
RTVSPost2010Prop52
140
1.0
102
RTVSPost2010PropOp52
 70
     0
102
RTVSPost2010Prop53
 90
        2
102
RTVSPost2010PropOp53
 70
     0
102
RTVSPost2010Prop54
  1
strokes_ogs.tif
102
RTVSPost2010PropOp54
 70
     0
102
RTVSPost2010Prop55
280
     0
102
RTVSPost2010PropOp55
 70
     0
102
RTVSPost2010Prop56
140
1.0
102
RTVSPost2010PropOp56
 70
     0
102
RTVSPost2010Prop57
140
1.0
102
RTVSPost2010PropOp57
 70
     0
  0
XRECORD
  5
C1
102
{ACAD_REACTORS
330
C0
102
}
330
C0
100
AcDbXrecord
280
     1
102
RTVSPost2010Prop28
280
     0
102
RTVSPost2010PropOp28
 70
     1
102
RTVSPost2010Prop29
280
     1
102
RTVSPost2010PropOp29
 70
     1
102
RTVSPost2010Prop30
280
     1
102
RTVSPost2010PropOp30
 70
     1
102
RTVSPost2010Prop31
280
     0
102
RTVSPost2010PropOp31
 70
     1
102
RTVSPost2010Prop32
280
     0
102
RTVSPost2010PropOp32
 70
     1
102
RTVSPost2010Prop33
280
     0
102
RTVSPost2010PropOp33
 70
     1
102
RTVSPost2010Prop34
280
     0
102
RTVSPost2010PropOp34
 70
     1
102
RTVSPost2010Prop35
280
     0
102
RTVSPost2010PropOp35
 70
     1
102
RTVSPost2010Prop36
280
     0
102
RTVSPost2010PropOp36
 70
     1
102
RTVSPost2010Prop37
 90
       50
102
RTVSPost2010PropOp37
 70
     1
102
RTVSPost2010Prop38
140
0.0
102
RTVSPost2010PropOp38
 70
     1
102
RTVSPost2010Prop39
140
1.0
102
RTVSPost2010PropOp39
 70
     1
102
RTVSPost2010Prop40
 90
        0
102
RTVSPost2010PropOp40
 70
     1
102
RTVSPost2010Prop41ColorIndex
 90
       18
102
RTVSPost2010Prop41ColorRGB
 90
        0
102
RTVSPost2010PropOp41
 70
     1
102
RTVSPost2010Prop42
 90
       50
102
RTVSPost2010PropOp42
 70
     1
102
RTVSPost2010Prop43
 90
        3
102
RTVSPost2010PropOp43
 70
     1
102
RTVSPost2010Prop44ColorIndex
 90
        5
102
RTVSPost2010Prop44ColorRGB
 90
      255
102
RTVSPost2010PropOp44
 70
     1
102
RTVSPost2010Prop45
280
     0
102
RTVSPost2010PropOp45
 70
     1
102
RTVSPost2010Prop46
 90
       50
102
RTVSPost2010PropOp46
 70
     1
102
RTVSPost2010Prop47
 90
       50
102
RTVSPost2010PropOp47
 70
     1
102
RTVSPost2010Prop48
 90
       50
102
RTVSPost2010PropOp48
 70
     1
102
RTVSPost2010Prop49
280
     0
102
RTVSPost2010PropOp49
 70
     1
102
RTVSPost2010Prop50
 90
       50
102
RTVSPost2010PropOp50
 70
     1
102
RTVSPost2010Prop51ColorIndex
 90
      256
102
RTVSPost2010Prop51ColorRGB
 90
-16777216
102
RTVSPost2010PropOp51
 70
     0
102
RTVSPost2010Prop52
140
1.0
102
RTVSPost2010PropOp52
 70
     0
102
RTVSPost2010Prop53
 90
        2
102
RTVSPost2010PropOp53
 70
     1
102
RTVSPost2010Prop54
  1
strokes_ogs.tif
102
RTVSPost2010PropOp54
 70
     1
102
RTVSPost2010Prop55
280
     0
102
RTVSPost2010PropOp55
 70
     1
102
RTVSPost2010Prop56
140
1.0
102
RTVSPost2010PropOp56
 70
     1
102
RTVSPost2010Prop57
140
1.0
102
RTVSPost2010PropOp57
 70
     1
  0
XRECORD
  5
A5
102
{ACAD_REACTORS
330
A4
102
}
330
A4
100
AcDbXrecord
280
     1
102
RTVSPost2010Prop28
280
     0
102
RTVSPost2010PropOp28
 70
     1
102
RTVSPost2010Prop29
280
     1
102
RTVSPost2010PropOp29
 70
     1
102
RTVSPost2010Prop30
280
     1
102
RTVSPost2010PropOp30
 70
     1
102
RTVSPost2010Prop31
280
     0
102
RTVSPost2010PropOp31
 70
     1
102
RTVSPost2010Prop32
280
     0
102
RTVSPost2010PropOp32
 70
     1
102
RTVSPost2010Prop33
280
     0
102
RTVSPost2010PropOp33
 70
     1
102
RTVSPost2010Prop34
280
     0
102
RTVSPost2010PropOp34
 70
     1
102
RTVSPost2010Prop35
280
     0
102
RTVSPost2010PropOp35
 70
     1
102
RTVSPost2010Prop36
280
     0
102
RTVSPost2010PropOp36
 70
     1
102
RTVSPost2010Prop37
 90
       50
102
RTVSPost2010PropOp37
 70
     1
102
RTVSPost2010Prop38
140
0.0
102
RTVSPost2010PropOp38
 70
     1
102
RTVSPost2010Prop39
140
1.0
102
RTVSPost2010PropOp39
 70
     1
102
RTVSPost2010Prop40
 90
        0
102
RTVSPost2010PropOp40
 70
     1
102
RTVSPost2010Prop41ColorIndex
 90
       18
102
RTVSPost2010Prop41ColorRGB
 90
        0
102
RTVSPost2010PropOp41
 70
     1
102
RTVSPost2010Prop42
 90
       50
102
RTVSPost2010PropOp42
 70
     1
102
RTVSPost2010Prop43
 90
        3
102
RTVSPost2010PropOp43
 70
     1
102
RTVSPost2010Prop44ColorIndex
 90
        5
102
RTVSPost2010Prop44ColorRGB
 90
      255
102
RTVSPost2010PropOp44
 70
     1
102
RTVSPost2010Prop45
280
     0
102
RTVSPost2010PropOp45
 70
     1
102
RTVSPost2010Prop46
 90
       50
102
RTVSPost2010PropOp46
 70
     1
102
RTVSPost2010Prop47
 90
       50
102
RTVSPost2010PropOp47
 70
     1
102
RTVSPost2010Prop48
 90
       50
102
RTVSPost2010PropOp48
 70
     1
102
RTVSPost2010Prop49
280
     0
102
RTVSPost2010PropOp49
 70
     1
102
RTVSPost2010Prop50
 90
       50
102
RTVSPost2010PropOp50
 70
     1
102
RTVSPost2010Prop51ColorIndex
 90
      256
102
RTVSPost2010Prop51ColorRGB
 90
-16777216
102
RTVSPost2010PropOp51
 70
     0
102
RTVSPost2010Prop52
140
1.0
102
RTVSPost2010PropOp52
 70
     0
102
RTVSPost2010Prop53
 90
        2
102
RTVSPost2010PropOp53
 70
     1
102
RTVSPost2010Prop54
  1
strokes_ogs.tif
102
RTVSPost2010PropOp54
 70
     1
102
RTVSPost2010Prop55
280
     0
102
RTVSPost2010PropOp55
 70
     1
102
RTVSPost2010Prop56
140
1.0
102
RTVSPost2010PropOp56
 70
     1
102
RTVSPost2010Prop57
140
1.0
102
RTVSPost2010PropOp57
 70
     1
  0
XRECORD
  5
A7
102
{ACAD_REACTORS
330
A6
102
}
330
A6
100
AcDbXrecord
280
     1
102
RTVSPost2010Prop28
280
     0
102
RTVSPost2010PropOp28
 70
     1
102
RTVSPost2010Prop29
280
     1
102
RTVSPost2010PropOp29
 70
     1
102
RTVSPost2010Prop30
280
     1
102
RTVSPost2010PropOp30
 70
     1
102
RTVSPost2010Prop31
280
     0
102
RTVSPost2010PropOp31
 70
     1
102
RTVSPost2010Prop32
280
     0
102
RTVSPost2010PropOp32
 70
     1
102
RTVSPost2010Prop33
280
     0
102
RTVSPost2010PropOp33
 70
     1
102
RTVSPost2010Prop34
280
     0
102
RTVSPost2010PropOp34
 70
     1
102
RTVSPost2010Prop35
280
     0
102
RTVSPost2010PropOp35
 70
     1
102
RTVSPost2010Prop36
280
     0
102
RTVSPost2010PropOp36
 70
     1
102
RTVSPost2010Prop37
 90
       50
102
RTVSPost2010PropOp37
 70
     1
102
RTVSPost2010Prop38
140
0.0
102
RTVSPost2010PropOp38
 70
     1
102
RTVSPost2010Prop39
140
1.0
102
RTVSPost2010PropOp39
 70
     1
102
RTVSPost2010Prop40
 90
        0
102
RTVSPost2010PropOp40
 70
     1
102
RTVSPost2010Prop41ColorIndex
 90
       18
102
RTVSPost2010Prop41ColorRGB
 90
        0
102
RTVSPost2010PropOp41
 70
     1
102
RTVSPost2010Prop42
 90
       50
102
RTVSPost2010PropOp42
 70
     1
102
RTVSPost2010Prop43
 90
        3
102
RTVSPost2010PropOp43
 70
     1
102
RTVSPost2010Prop44ColorIndex
 90
        5
102
RTVSPost2010Prop44ColorRGB
 90
      255
102
RTVSPost2010PropOp44
 70
     1
102
RTVSPost2010Prop45
280
     0
102
RTVSPost2010PropOp45
 70
     1
102
RTVSPost2010Prop46
 90
       50
102
RTVSPost2010PropOp46
 70
     1
102
RTVSPost2010Prop47
 90
       50
102
RTVSPost2010PropOp47
 70
     1
102
RTVSPost2010Prop48
 90
       50
102
RTVSPost2010PropOp48
 70
     1
102
RTVSPost2010Prop49
280
     0
102
RTVSPost2010PropOp49
 70
     1
102
RTVSPost2010Prop50
 90
       50
102
RTVSPost2010PropOp50
 70
     1
102
RTVSPost2010Prop51ColorIndex
 90
      256
102
RTVSPost2010Prop51ColorRGB
 90
-16777216
102
RTVSPost2010PropOp51
 70
     0
102
RTVSPost2010Prop52
140
1.0
102
RTVSPost2010PropOp52
 70
     0
102
RTVSPost2010Prop53
 90
        2
102
RTVSPost2010PropOp53
 70
     1
102
RTVSPost2010Prop54
  1
strokes_ogs.tif
102
RTVSPost2010PropOp54
 70
     1
102
RTVSPost2010Prop55
280
     0
102
RTVSPost2010PropOp55
 70
     1
102
RTVSPost2010Prop56
140
1.0
102
RTVSPost2010PropOp56
 70
     1
102
RTVSPost2010Prop57
140
1.0
102
RTVSPost2010PropOp57
 70
     1
  0
XRECORD
  5
A9
102
{ACAD_REACTORS
330
A8
102
}
330
A8
100
AcDbXrecord
280
     1
102
RTVSPost2010Prop28
280
     0
102
RTVSPost2010PropOp28
 70
     1
102
RTVSPost2010Prop29
280
     1
102
RTVSPost2010PropOp29
 70
     1
102
RTVSPost2010Prop30
280
     1
102
RTVSPost2010PropOp30
 70
     1
102
RTVSPost2010Prop31
280
     0
102
RTVSPost2010PropOp31
 70
     1
102
RTVSPost2010Prop32
280
     0
102
RTVSPost2010PropOp32
 70
     1
102
RTVSPost2010Prop33
280
     0
102
RTVSPost2010PropOp33
 70
     1
102
RTVSPost2010Prop34
280
     0
102
RTVSPost2010PropOp34
 70
     1
102
RTVSPost2010Prop35
280
     0
102
RTVSPost2010PropOp35
 70
     1
102
RTVSPost2010Prop36
280
     0
102
RTVSPost2010PropOp36
 70
     1
102
RTVSPost2010Prop37
 90
       50
102
RTVSPost2010PropOp37
 70
     1
102
RTVSPost2010Prop38
140
0.0
102
RTVSPost2010PropOp38
 70
     1
102
RTVSPost2010Prop39
140
1.0
102
RTVSPost2010PropOp39
 70
     1
102
RTVSPost2010Prop40
 90
        0
102
RTVSPost2010PropOp40
 70
     1
102
RTVSPost2010Prop41ColorIndex
 90
       18
102
RTVSPost2010Prop41ColorRGB
 90
        0
102
RTVSPost2010PropOp41
 70
     1
102
RTVSPost2010Prop42
 90
       50
102
RTVSPost2010PropOp42
 70
     1
102
RTVSPost2010Prop43
 90
        3
102
RTVSPost2010PropOp43
 70
     1
102
RTVSPost2010Prop44ColorIndex
 90
        5
102
RTVSPost2010Prop44ColorRGB
 90
      255
102
RTVSPost2010PropOp44
 70
     1
102
RTVSPost2010Prop45
280
     0
102
RTVSPost2010PropOp45
 70
     1
102
RTVSPost2010Prop46
 90
       50
102
RTVSPost2010PropOp46
 70
     1
102
RTVSPost2010Prop47
 90
       50
102
RTVSPost2010PropOp47
 70
     1
102
RTVSPost2010Prop48
 90
       50
102
RTVSPost2010PropOp48
 70
     1
102
RTVSPost2010Prop49
280
     0
102
RTVSPost2010PropOp49
 70
     1
102
RTVSPost2010Prop50
 90
       50
102
RTVSPost2010PropOp50
 70
     1
102
RTVSPost2010Prop51ColorIndex
 90
      256
102
RTVSPost2010Prop51ColorRGB
 90
-16777216
102
RTVSPost2010PropOp51
 70
     0
102
RTVSPost2010Prop52
140
1.0
102
RTVSPost2010PropOp52
 70
     0
102
RTVSPost2010Prop53
 90
        2
102
RTVSPost2010PropOp53
 70
     1
102
RTVSPost2010Prop54
  1
strokes_ogs.tif
102
RTVSPost2010PropOp54
 70
     1
102
RTVSPost2010Prop55
280
     0
102
RTVSPost2010PropOp55
 70
     1
102
RTVSPost2010Prop56
140
1.0
102
RTVSPost2010PropOp56
 70
     1
102
RTVSPost2010Prop57
140
1.0
102
RTVSPost2010PropOp57
 70
     1
  0
XRECORD
  5
AB
102
{ACAD_REACTORS
330
AA
102
}
330
AA
100
AcDbXrecord
280
     1
102
RTVSPost2010Prop28
280
     0
102
RTVSPost2010PropOp28
 70
     1
102
RTVSPost2010Prop29
280
     1
102
RTVSPost2010PropOp29
 70
     1
102
RTVSPost2010Prop30
280
     1
102
RTVSPost2010PropOp30
 70
     1
102
RTVSPost2010Prop31
280
     0
102
RTVSPost2010PropOp31
 70
     1
102
RTVSPost2010Prop32
280
     0
102
RTVSPost2010PropOp32
 70
     1
102
RTVSPost2010Prop33
280
     0
102
RTVSPost2010PropOp33
 70
     1
102
RTVSPost2010Prop34
280
     0
102
RTVSPost2010PropOp34
 70
     1
102
RTVSPost2010Prop35
280
     0
102
RTVSPost2010PropOp35
 70
     1
102
RTVSPost2010Prop36
280
     0
102
RTVSPost2010PropOp36
 70
     1
102
RTVSPost2010Prop37
 90
       50
102
RTVSPost2010PropOp37
 70
     1
102
RTVSPost2010Prop38
140
0.0
102
RTVSPost2010PropOp38
 70
     1
102
RTVSPost2010Prop39
140
1.0
102
RTVSPost2010PropOp39
 70
     1
102
RTVSPost2010Prop40
 90
        0
102
RTVSPost2010PropOp40
 70
     1
102
RTVSPost2010Prop41ColorIndex
 90
       18
102
RTVSPost2010Prop41ColorRGB
 90
        0
102
RTVSPost2010PropOp41
 70
     1
102
RTVSPost2010Prop42
 90
       50
102
RTVSPost2010PropOp42
 70
     1
102
RTVSPost2010Prop43
 90
        3
102
RTVSPost2010PropOp43
 70
     1
102
RTVSPost2010Prop44ColorIndex
 90
        5
102
RTVSPost2010Prop44ColorRGB
 90
      255
102
RTVSPost2010PropOp44
 70
     1
102
RTVSPost2010Prop45
280
     0
102
RTVSPost2010PropOp45
 70
     1
102
RTVSPost2010Prop46
 90
       50
102
RTVSPost2010PropOp46
 70
     1
102
RTVSPost2010Prop47
 90
       50
102
RTVSPost2010PropOp47
 70
     1
102
RTVSPost2010Prop48
 90
       50
102
RTVSPost2010PropOp48
 70
     1
102
RTVSPost2010Prop49
280
     0
102
RTVSPost2010PropOp49
 70
     1
102
RTVSPost2010Prop50
 90
       50
102
RTVSPost2010PropOp50
 70
     1
102
RTVSPost2010Prop51ColorIndex
 90
      256
102
RTVSPost2010Prop51ColorRGB
 90
-16777216
102
RTVSPost2010PropOp51
 70
     0
102
RTVSPost2010Prop52
140
1.0
102
RTVSPost2010PropOp52
 70
     0
102
RTVSPost2010Prop53
 90
        2
102
RTVSPost2010PropOp53
 70
     1
102
RTVSPost2010Prop54
  1
strokes_ogs.tif
102
RTVSPost2010PropOp54
 70
     1
102
RTVSPost2010Prop55
280
     0
102
RTVSPost2010PropOp55
 70
     1
102
RTVSPost2010Prop56
140
1.0
102
RTVSPost2010PropOp56
 70
     1
102
RTVSPost2010Prop57
140
1.0
102
RTVSPost2010PropOp57
 70
     1
  0
XRECORD
  5
B1
102
{ACAD_REACTORS
330
B0
102
}
330
B0
100
AcDbXrecord
280
     1
102
RTVSPost2010Prop28
280
     0
102
RTVSPost2010PropOp28
 70
     1
102
RTVSPost2010Prop29
280
     1
102
RTVSPost2010PropOp29
 70
     1
102
RTVSPost2010Prop30
280
     1
102
RTVSPost2010PropOp30
 70
     1
102
RTVSPost2010Prop31
280
     0
102
RTVSPost2010PropOp31
 70
     1
102
RTVSPost2010Prop32
280
     0
102
RTVSPost2010PropOp32
 70
     1
102
RTVSPost2010Prop33
280
     0
102
RTVSPost2010PropOp33
 70
     1
102
RTVSPost2010Prop34
280
     0
102
RTVSPost2010PropOp34
 70
     1
102
RTVSPost2010Prop35
280
     0
102
RTVSPost2010PropOp35
 70
     1
102
RTVSPost2010Prop36
280
     0
102
RTVSPost2010PropOp36
 70
     1
102
RTVSPost2010Prop37
 90
       50
102
RTVSPost2010PropOp37
 70
     1
102
RTVSPost2010Prop38
140
0.0
102
RTVSPost2010PropOp38
 70
     1
102
RTVSPost2010Prop39
140
1.0
102
RTVSPost2010PropOp39
 70
     1
102
RTVSPost2010Prop40
 90
        0
102
RTVSPost2010PropOp40
 70
     1
102
RTVSPost2010Prop41ColorIndex
 90
       18
102
RTVSPost2010Prop41ColorRGB
 90
        0
102
RTVSPost2010PropOp41
 70
     1
102
RTVSPost2010Prop42
 90
       50
102
RTVSPost2010PropOp42
 70
     1
102
RTVSPost2010Prop43
 90
        3
102
RTVSPost2010PropOp43
 70
     1
102
RTVSPost2010Prop44ColorIndex
 90
        5
102
RTVSPost2010Prop44ColorRGB
 90
      255
102
RTVSPost2010PropOp44
 70
     1
102
RTVSPost2010Prop45
280
     0
102
RTVSPost2010PropOp45
 70
     1
102
RTVSPost2010Prop46
 90
       50
102
RTVSPost2010PropOp46
 70
     1
102
RTVSPost2010Prop47
 90
       50
102
RTVSPost2010PropOp47
 70
     1
102
RTVSPost2010Prop48
 90
       50
102
RTVSPost2010PropOp48
 70
     1
102
RTVSPost2010Prop49
280
     0
102
RTVSPost2010PropOp49
 70
     1
102
RTVSPost2010Prop50
 90
       50
102
RTVSPost2010PropOp50
 70
     1
102
RTVSPost2010Prop51ColorIndex
 90
      256
102
RTVSPost2010Prop51ColorRGB
 90
-16777216
102
RTVSPost2010PropOp51
 70
     0
102
RTVSPost2010Prop52
140
1.0
102
RTVSPost2010PropOp52
 70
     0
102
RTVSPost2010Prop53
 90
        2
102
RTVSPost2010PropOp53
 70
     1
102
RTVSPost2010Prop54
  1
strokes_ogs.tif
102
RTVSPost2010PropOp54
 70
     1
102
RTVSPost2010Prop55
280
     0
102
RTVSPost2010PropOp55
 70
     1
102
RTVSPost2010Prop56
140
1.0
102
RTVSPost2010PropOp56
 70
     1
102
RTVSPost2010Prop57
140
1.0
102
RTVSPost2010PropOp57
 70
     1
  0
XRECORD
  5
C5
102
{ACAD_REACTORS
330
C4
102
}
330
C4
100
AcDbXrecord
280
     1
102
RTVSPost2010Prop28
280
     0
102
RTVSPost2010PropOp28
 70
     0
102
RTVSPost2010Prop29
280
     1
102
RTVSPost2010PropOp29
 70
     0
102
RTVSPost2010Prop30
280
     1
102
RTVSPost2010PropOp30
 70
     0
102
RTVSPost2010Prop31
280
     0
102
RTVSPost2010PropOp31
 70
     0
102
RTVSPost2010Prop32
280
     0
102
RTVSPost2010PropOp32
 70
     0
102
RTVSPost2010Prop33
280
     0
102
RTVSPost2010PropOp33
 70
     0
102
RTVSPost2010Prop34
280
     0
102
RTVSPost2010PropOp34
 70
     0
102
RTVSPost2010Prop35
280
     0
102
RTVSPost2010PropOp35
 70
     0
102
RTVSPost2010Prop36
280
     0
102
RTVSPost2010PropOp36
 70
     0
102
RTVSPost2010Prop37
 90
       50
102
RTVSPost2010PropOp37
 70
     0
102
RTVSPost2010Prop38
140
0.0
102
RTVSPost2010PropOp38
 70
     0
102
RTVSPost2010Prop39
140
1.0
102
RTVSPost2010PropOp39
 70
     0
102
RTVSPost2010Prop40
 90
        0
102
RTVSPost2010PropOp40
 70
     0
102
RTVSPost2010Prop41ColorIndex
 90
       18
102
RTVSPost2010Prop41ColorRGB
 90
        0
102
RTVSPost2010PropOp41
 70
     0
102
RTVSPost2010Prop42
 90
       50
102
RTVSPost2010PropOp42
 70
     0
102
RTVSPost2010Prop43
 90
        3
102
RTVSPost2010PropOp43
 70
     0
102
RTVSPost2010Prop44ColorIndex
 90
        5
102
RTVSPost2010Prop44ColorRGB
 90
      255
102
RTVSPost2010PropOp44
 70
     0
102
RTVSPost2010Prop45
280
     0
102
RTVSPost2010PropOp45
 70
     0
102
RTVSPost2010Prop46
 90
       50
102
RTVSPost2010PropOp46
 70
     0
102
RTVSPost2010Prop47
 90
       50
102
RTVSPost2010PropOp47
 70
     0
102
RTVSPost2010Prop48
 90
       50
102
RTVSPost2010PropOp48
 70
     0
102
RTVSPost2010Prop49
280
     0
102
RTVSPost2010PropOp49
 70
     0
102
RTVSPost2010Prop50
 90
       50
102
RTVSPost2010PropOp50
 70
     0
102
RTVSPost2010Prop51ColorIndex
 90
      256
102
RTVSPost2010Prop51ColorRGB
 90
-16777216
102
RTVSPost2010PropOp51
 70
     0
102
RTVSPost2010Prop52
140
1.0
102
RTVSPost2010PropOp52
 70
     0
102
RTVSPost2010Prop53
 90
        2
102
RTVSPost2010PropOp53
 70
     0
102
RTVSPost2010Prop54
  1
strokes_ogs.tif
102
RTVSPost2010PropOp54
 70
     0
102
RTVSPost2010Prop55
280
     0
102
RTVSPost2010PropOp55
 70
     0
102
RTVSPost2010Prop56
140
1.0
102
RTVSPost2010PropOp56
 70
     0
102
RTVSPost2010Prop57
140
1.0
102
RTVSPost2010PropOp57
 70
     0
  0
XRECORD
  5
BF
102
{ACAD_REACTORS
330
BE
102
}
330
BE
100
AcDbXrecord
280
     1
102
RTVSPost2010Prop28
280
     0
102
RTVSPost2010PropOp28
 70
     1
102
RTVSPost2010Prop29
280
     1
102
RTVSPost2010PropOp29
 70
     1
102
RTVSPost2010Prop30
280
     1
102
RTVSPost2010PropOp30
 70
     1
102
RTVSPost2010Prop31
280
     0
102
RTVSPost2010PropOp31
 70
     1
102
RTVSPost2010Prop32
280
     0
102
RTVSPost2010PropOp32
 70
     1
102
RTVSPost2010Prop33
280
     0
102
RTVSPost2010PropOp33
 70
     1
102
RTVSPost2010Prop34
280
     0
102
RTVSPost2010PropOp34
 70
     1
102
RTVSPost2010Prop35
280
     0
102
RTVSPost2010PropOp35
 70
     1
102
RTVSPost2010Prop36
280
     0
102
RTVSPost2010PropOp36
 70
     1
102
RTVSPost2010Prop37
 90
       50
102
RTVSPost2010PropOp37
 70
     1
102
RTVSPost2010Prop38
140
0.0
102
RTVSPost2010PropOp38
 70
     1
102
RTVSPost2010Prop39
140
1.0
102
RTVSPost2010PropOp39
 70
     1
102
RTVSPost2010Prop40
 90
        0
102
RTVSPost2010PropOp40
 70
     1
102
RTVSPost2010Prop41ColorIndex
 90
       18
102
RTVSPost2010Prop41ColorRGB
 90
        0
102
RTVSPost2010PropOp41
 70
     1
102
RTVSPost2010Prop42
 90
       50
102
RTVSPost2010PropOp42
 70
     1
102
RTVSPost2010Prop43
 90
        3
102
RTVSPost2010PropOp43
 70
     1
102
RTVSPost2010Prop44ColorIndex
 90
        5
102
RTVSPost2010Prop44ColorRGB
 90
      255
102
RTVSPost2010PropOp44
 70
     1
102
RTVSPost2010Prop45
280
     0
102
RTVSPost2010PropOp45
 70
     1
102
RTVSPost2010Prop46
 90
       50
102
RTVSPost2010PropOp46
 70
     1
102
RTVSPost2010Prop47
 90
       50
102
RTVSPost2010PropOp47
 70
     1
102
RTVSPost2010Prop48
 90
       50
102
RTVSPost2010PropOp48
 70
     1
102
RTVSPost2010Prop49
280
     0
102
RTVSPost2010PropOp49
 70
     1
102
RTVSPost2010Prop50
 90
       50
102
RTVSPost2010PropOp50
 70
     1
102
RTVSPost2010Prop51ColorIndex
 90
      256
102
RTVSPost2010Prop51ColorRGB
 90
-16777216
102
RTVSPost2010PropOp51
 70
     0
102
RTVSPost2010Prop52
140
1.0
102
RTVSPost2010PropOp52
 70
     0
102
RTVSPost2010Prop53
 90
        2
102
RTVSPost2010PropOp53
 70
     1
102
RTVSPost2010Prop54
  1
strokes_ogs.tif
102
RTVSPost2010PropOp54
 70
     1
102
RTVSPost2010Prop55
280
     0
102
RTVSPost2010PropOp55
 70
     1
102
RTVSPost2010Prop56
140
1.0
102
RTVSPost2010PropOp56
 70
     1
102
RTVSPost2010Prop57
140
1.0
102
RTVSPost2010PropOp57
 70
     1
  0
XRECORD
  5
C7
102
{ACAD_REACTORS
330
C6
102
}
330
C6
100
AcDbXrecord
280
     1
102
RTVSPost2010Prop28
280
     0
102
RTVSPost2010PropOp28
 70
     0
102
RTVSPost2010Prop29
280
     1
102
RTVSPost2010PropOp29
 70
     0
102
RTVSPost2010Prop30
280
     1
102
RTVSPost2010PropOp30
 70
     0
102
RTVSPost2010Prop31
280
     0
102
RTVSPost2010PropOp31
 70
     0
102
RTVSPost2010Prop32
280
     0
102
RTVSPost2010PropOp32
 70
     0
102
RTVSPost2010Prop33
280
     0
102
RTVSPost2010PropOp33
 70
     0
102
RTVSPost2010Prop34
280
     0
102
RTVSPost2010PropOp34
 70
     0
102
RTVSPost2010Prop35
280
     0
102
RTVSPost2010PropOp35
 70
     0
102
RTVSPost2010Prop36
280
     0
102
RTVSPost2010PropOp36
 70
     0
102
RTVSPost2010Prop37
 90
       50
102
RTVSPost2010PropOp37
 70
     0
102
RTVSPost2010Prop38
140
0.0
102
RTVSPost2010PropOp38
 70
     0
102
RTVSPost2010Prop39
140
1.0
102
RTVSPost2010PropOp39
 70
     0
102
RTVSPost2010Prop40
 90
        0
102
RTVSPost2010PropOp40
 70
     0
102
RTVSPost2010Prop41ColorIndex
 90
       18
102
RTVSPost2010Prop41ColorRGB
 90
        0
102
RTVSPost2010PropOp41
 70
     0
102
RTVSPost2010Prop42
 90
       50
102
RTVSPost2010PropOp42
 70
     0
102
RTVSPost2010Prop43
 90
        3
102
RTVSPost2010PropOp43
 70
     0
102
RTVSPost2010Prop44ColorIndex
 90
        5
102
RTVSPost2010Prop44ColorRGB
 90
      255
102
RTVSPost2010PropOp44
 70
     0
102
RTVSPost2010Prop45
280
     0
102
RTVSPost2010PropOp45
 70
     0
102
RTVSPost2010Prop46
 90
       50
102
RTVSPost2010PropOp46
 70
     0
102
RTVSPost2010Prop47
 90
       50
102
RTVSPost2010PropOp47
 70
     0
102
RTVSPost2010Prop48
 90
       50
102
RTVSPost2010PropOp48
 70
     0
102
RTVSPost2010Prop49
280
     0
102
RTVSPost2010PropOp49
 70
     0
102
RTVSPost2010Prop50
 90
       50
102
RTVSPost2010PropOp50
 70
     0
102
RTVSPost2010Prop51ColorIndex
 90
      256
102
RTVSPost2010Prop51ColorRGB
 90
-16777216
102
RTVSPost2010PropOp51
 70
     0
102
RTVSPost2010Prop52
140
1.0
102
RTVSPost2010PropOp52
 70
     0
102
RTVSPost2010Prop53
 90
        2
102
RTVSPost2010PropOp53
 70
     0
102
RTVSPost2010Prop54
  1
strokes_ogs.tif
102
RTVSPost2010PropOp54
 70
     0
102
RTVSPost2010Prop55
280
     0
102
RTVSPost2010PropOp55
 70
     0
102
RTVSPost2010Prop56
140
1.0
102
RTVSPost2010PropOp56
 70
     0
102
RTVSPost2010Prop57
140
1.0
102
RTVSPost2010PropOp57
 70
     0
  0
XRECORD
  5
B5
102
{ACAD_REACTORS
330
B4
102
}
330
B4
100
AcDbXrecord
280
     1
102
RTVSPost2010Prop28
280
     0
102
RTVSPost2010PropOp28
 70
     1
102
RTVSPost2010Prop29
280
     1
102
RTVSPost2010PropOp29
 70
     1
102
RTVSPost2010Prop30
280
     1
102
RTVSPost2010PropOp30
 70
     1
102
RTVSPost2010Prop31
280
     0
102
RTVSPost2010PropOp31
 70
     1
102
RTVSPost2010Prop32
280
     0
102
RTVSPost2010PropOp32
 70
     1
102
RTVSPost2010Prop33
280
     0
102
RTVSPost2010PropOp33
 70
     1
102
RTVSPost2010Prop34
280
     0
102
RTVSPost2010PropOp34
 70
     1
102
RTVSPost2010Prop35
280
     0
102
RTVSPost2010PropOp35
 70
     1
102
RTVSPost2010Prop36
280
     0
102
RTVSPost2010PropOp36
 70
     1
102
RTVSPost2010Prop37
 90
       50
102
RTVSPost2010PropOp37
 70
     1
102
RTVSPost2010Prop38
140
0.0
102
RTVSPost2010PropOp38
 70
     1
102
RTVSPost2010Prop39
140
1.0
102
RTVSPost2010PropOp39
 70
     1
102
RTVSPost2010Prop40
 90
        0
102
RTVSPost2010PropOp40
 70
     1
102
RTVSPost2010Prop41ColorIndex
 90
       18
102
RTVSPost2010Prop41ColorRGB
 90
        0
102
RTVSPost2010PropOp41
 70
     1
102
RTVSPost2010Prop42
 90
       50
102
RTVSPost2010PropOp42
 70
     1
102
RTVSPost2010Prop43
 90
        3
102
RTVSPost2010PropOp43
 70
     1
102
RTVSPost2010Prop44ColorIndex
 90
        5
102
RTVSPost2010Prop44ColorRGB
 90
      255
102
RTVSPost2010PropOp44
 70
     1
102
RTVSPost2010Prop45
280
     0
102
RTVSPost2010PropOp45
 70
     1
102
RTVSPost2010Prop46
 90
       50
102
RTVSPost2010PropOp46
 70
     1
102
RTVSPost2010Prop47
 90
       50
102
RTVSPost2010PropOp47
 70
     1
102
RTVSPost2010Prop48
 90
       50
102
RTVSPost2010PropOp48
 70
     1
102
RTVSPost2010Prop49
280
     0
102
RTVSPost2010PropOp49
 70
     1
102
RTVSPost2010Prop50
 90
       50
102
RTVSPost2010PropOp50
 70
     1
102
RTVSPost2010Prop51ColorIndex
 90
      256
102
RTVSPost2010Prop51ColorRGB
 90
-16777216
102
RTVSPost2010PropOp51
 70
     0
102
RTVSPost2010Prop52
140
1.0
102
RTVSPost2010PropOp52
 70
     0
102
RTVSPost2010Prop53
 90
        2
102
RTVSPost2010PropOp53
 70
     1
102
RTVSPost2010Prop54
  1
strokes_ogs.tif
102
RTVSPost2010PropOp54
 70
     1
102
RTVSPost2010Prop55
280
     0
102
RTVSPost2010PropOp55
 70
     1
102
RTVSPost2010Prop56
140
1.0
102
RTVSPost2010PropOp56
 70
     1
102
RTVSPost2010Prop57
140
1.0
102
RTVSPost2010PropOp57
 70
     1
  0
XRECORD
  5
D3
102
{ACAD_REACTORS
330
D2
102
}
330
D2
100
AcDbXrecord
280
     1
102
RTVSPost2010Prop28
280
     0
102
RTVSPost2010PropOp28
 70
     1
102
RTVSPost2010Prop29
280
     1
102
RTVSPost2010PropOp29
 70
     1
102
RTVSPost2010Prop30
280
     1
102
RTVSPost2010PropOp30
 70
     1
102
RTVSPost2010Prop31
280
     0
102
RTVSPost2010PropOp31
 70
     1
102
RTVSPost2010Prop32
280
     0
102
RTVSPost2010PropOp32
 70
     1
102
RTVSPost2010Prop33
280
     0
102
RTVSPost2010PropOp33
 70
     1
102
RTVSPost2010Prop34
280
     0
102
RTVSPost2010PropOp34
 70
     1
102
RTVSPost2010Prop35
280
     0
102
RTVSPost2010PropOp35
 70
     1
102
RTVSPost2010Prop36
280
     0
102
RTVSPost2010PropOp36
 70
     1
102
RTVSPost2010Prop37
 90
       50
102
RTVSPost2010PropOp37
 70
     1
102
RTVSPost2010Prop38
140
0.0
102
RTVSPost2010PropOp38
 70
     1
102
RTVSPost2010Prop39
140
1.0
102
RTVSPost2010PropOp39
 70
     1
102
RTVSPost2010Prop40
 90
        0
102
RTVSPost2010PropOp40
 70
     1
102
RTVSPost2010Prop41ColorIndex
 90
       18
102
RTVSPost2010Prop41ColorRGB
 90
        0
102
RTVSPost2010PropOp41
 70
     1
102
RTVSPost2010Prop42
 90
       50
102
RTVSPost2010PropOp42
 70
     1
102
RTVSPost2010Prop43
 90
        3
102
RTVSPost2010PropOp43
 70
     1
102
RTVSPost2010Prop44ColorIndex
 90
        5
102
RTVSPost2010Prop44ColorRGB
 90
      255
102
RTVSPost2010PropOp44
 70
     1
102
RTVSPost2010Prop45
280
     0
102
RTVSPost2010PropOp45
 70
     1
102
RTVSPost2010Prop46
 90
       50
102
RTVSPost2010PropOp46
 70
     1
102
RTVSPost2010Prop47
 90
       50
102
RTVSPost2010PropOp47
 70
     1
102
RTVSPost2010Prop48
 90
       50
102
RTVSPost2010PropOp48
 70
     1
102
RTVSPost2010Prop49
280
     0
102
RTVSPost2010PropOp49
 70
     1
102
RTVSPost2010Prop50
 90
       50
102
RTVSPost2010PropOp50
 70
     1
102
RTVSPost2010Prop51ColorIndex
 90
      256
102
RTVSPost2010Prop51ColorRGB
 90
-16777216
102
RTVSPost2010PropOp51
 70
     0
102
RTVSPost2010Prop52
140
1.0
102
RTVSPost2010PropOp52
 70
     0
102
RTVSPost2010Prop53
 90
        2
102
RTVSPost2010PropOp53
 70
     1
102
RTVSPost2010Prop54
  1
strokes_ogs.tif
102
RTVSPost2010PropOp54
 70
     1
102
RTVSPost2010Prop55
280
     0
102
RTVSPost2010PropOp55
 70
     1
102
RTVSPost2010Prop56
140
1.0
102
RTVSPost2010PropOp56
 70
     1
102
RTVSPost2010Prop57
140
1.0
102
RTVSPost2010PropOp57
 70
     1
  0
XRECORD
  5
D1
102
{ACAD_REACTORS
330
D0
102
}
330
D0
100
AcDbXrecord
280
     1
102
RTVSPost2010Prop28
280
     0
102
RTVSPost2010PropOp28
 70
     1
102
RTVSPost2010Prop29
280
     1
102
RTVSPost2010PropOp29
 70
     1
102
RTVSPost2010Prop30
280
     1
102
RTVSPost2010PropOp30
 70
     1
102
RTVSPost2010Prop31
280
     0
102
RTVSPost2010PropOp31
 70
     1
102
RTVSPost2010Prop32
280
     0
102
RTVSPost2010PropOp32
 70
     1
102
RTVSPost2010Prop33
280
     0
102
RTVSPost2010PropOp33
 70
     1
102
RTVSPost2010Prop34
280
     0
102
RTVSPost2010PropOp34
 70
     1
102
RTVSPost2010Prop35
280
     0
102
RTVSPost2010PropOp35
 70
     1
102
RTVSPost2010Prop36
280
     0
102
RTVSPost2010PropOp36
 70
     1
102
RTVSPost2010Prop37
 90
       50
102
RTVSPost2010PropOp37
 70
     1
102
RTVSPost2010Prop38
140
0.0
102
RTVSPost2010PropOp38
 70
     1
102
RTVSPost2010Prop39
140
1.0
102
RTVSPost2010PropOp39
 70
     1
102
RTVSPost2010Prop40
 90
        0
102
RTVSPost2010PropOp40
 70
     1
102
RTVSPost2010Prop41ColorIndex
 90
       18
102
RTVSPost2010Prop41ColorRGB
 90
        0
102
RTVSPost2010PropOp41
 70
     1
102
RTVSPost2010Prop42
 90
       50
102
RTVSPost2010PropOp42
 70
     1
102
RTVSPost2010Prop43
 90
        3
102
RTVSPost2010PropOp43
 70
     1
102
RTVSPost2010Prop44ColorIndex
 90
        5
102
RTVSPost2010Prop44ColorRGB
 90
      255
102
RTVSPost2010PropOp44
 70
     1
102
RTVSPost2010Prop45
280
     0
102
RTVSPost2010PropOp45
 70
     1
102
RTVSPost2010Prop46
 90
       50
102
RTVSPost2010PropOp46
 70
     1
102
RTVSPost2010Prop47
 90
       50
102
RTVSPost2010PropOp47
 70
     1
102
RTVSPost2010Prop48
 90
       50
102
RTVSPost2010PropOp48
 70
     1
102
RTVSPost2010Prop49
280
     0
102
RTVSPost2010PropOp49
 70
     1
102
RTVSPost2010Prop50
 90
       50
102
RTVSPost2010PropOp50
 70
     1
102
RTVSPost2010Prop51ColorIndex
 90
      256
102
RTVSPost2010Prop51ColorRGB
 90
-16777216
102
RTVSPost2010PropOp51
 70
     0
102
RTVSPost2010Prop52
140
1.0
102
RTVSPost2010PropOp52
 70
     0
102
RTVSPost2010Prop53
 90
        2
102
RTVSPost2010PropOp53
 70
     1
102
RTVSPost2010Prop54
  1
strokes_ogs.tif
102
RTVSPost2010PropOp54
 70
     1
102
RTVSPost2010Prop55
280
     0
102
RTVSPost2010PropOp55
 70
     1
102
RTVSPost2010Prop56
140
1.0
102
RTVSPost2010PropOp56
 70
     1
102
RTVSPost2010Prop57
140
1.0
102
RTVSPost2010PropOp57
 70
     1
  0
XRECORD
  5
CB
102
{ACAD_REACTORS
330
CA
102
}
330
CA
100
AcDbXrecord
280
     1
102
RTVSPost2010Prop28
280
     0
102
RTVSPost2010PropOp28
 70
     1
102
RTVSPost2010Prop29
280
     1
102
RTVSPost2010PropOp29
 70
     1
102
RTVSPost2010Prop30
280
     1
102
RTVSPost2010PropOp30
 70
     1
102
RTVSPost2010Prop31
280
     0
102
RTVSPost2010PropOp31
 70
     1
102
RTVSPost2010Prop32
280
     0
102
RTVSPost2010PropOp32
 70
     1
102
RTVSPost2010Prop33
280
     0
102
RTVSPost2010PropOp33
 70
     1
102
RTVSPost2010Prop34
280
     0
102
RTVSPost2010PropOp34
 70
     1
102
RTVSPost2010Prop35
280
     0
102
RTVSPost2010PropOp35
 70
     1
102
RTVSPost2010Prop36
280
     0
102
RTVSPost2010PropOp36
 70
     1
102
RTVSPost2010Prop37
 90
       50
102
RTVSPost2010PropOp37
 70
     1
102
RTVSPost2010Prop38
140
0.0
102
RTVSPost2010PropOp38
 70
     1
102
RTVSPost2010Prop39
140
1.0
102
RTVSPost2010PropOp39
 70
     1
102
RTVSPost2010Prop40
 90
        0
102
RTVSPost2010PropOp40
 70
     1
102
RTVSPost2010Prop41ColorIndex
 90
       18
102
RTVSPost2010Prop41ColorRGB
 90
        0
102
RTVSPost2010PropOp41
 70
     1
102
RTVSPost2010Prop42
 90
       50
102
RTVSPost2010PropOp42
 70
     1
102
RTVSPost2010Prop43
 90
        3
102
RTVSPost2010PropOp43
 70
     1
102
RTVSPost2010Prop44ColorIndex
 90
        5
102
RTVSPost2010Prop44ColorRGB
 90
      255
102
RTVSPost2010PropOp44
 70
     1
102
RTVSPost2010Prop45
280
     0
102
RTVSPost2010PropOp45
 70
     1
102
RTVSPost2010Prop46
 90
       50
102
RTVSPost2010PropOp46
 70
     1
102
RTVSPost2010Prop47
 90
       50
102
RTVSPost2010PropOp47
 70
     1
102
RTVSPost2010Prop48
 90
       50
102
RTVSPost2010PropOp48
 70
     1
102
RTVSPost2010Prop49
280
     0
102
RTVSPost2010PropOp49
 70
     1
102
RTVSPost2010Prop50
 90
       50
102
RTVSPost2010PropOp50
 70
     1
102
RTVSPost2010Prop51ColorIndex
 90
      256
102
RTVSPost2010Prop51ColorRGB
 90
-16777216
102
RTVSPost2010PropOp51
 70
     0
102
RTVSPost2010Prop52
140
1.0
102
RTVSPost2010PropOp52
 70
     0
102
RTVSPost2010Prop53
 90
        2
102
RTVSPost2010PropOp53
 70
     1
102
RTVSPost2010Prop54
  1
strokes_ogs.tif
102
RTVSPost2010PropOp54
 70
     1
102
RTVSPost2010Prop55
280
     0
102
RTVSPost2010PropOp55
 70
     1
102
RTVSPost2010Prop56
140
1.0
102
RTVSPost2010PropOp56
 70
     1
102
RTVSPost2010Prop57
140
1.0
102
RTVSPost2010PropOp57
 70
     1
  0
XRECORD
  5
CD
102
{ACAD_REACTORS
330
CC
102
}
330
CC
100
AcDbXrecord
280
     1
102
RTVSPost2010Prop28
280
     0
102
RTVSPost2010PropOp28
 70
     1
102
RTVSPost2010Prop29
280
     1
102
RTVSPost2010PropOp29
 70
     1
102
RTVSPost2010Prop30
280
     1
102
RTVSPost2010PropOp30
 70
     1
102
RTVSPost2010Prop31
280
     0
102
RTVSPost2010PropOp31
 70
     1
102
RTVSPost2010Prop32
280
     0
102
RTVSPost2010PropOp32
 70
     1
102
RTVSPost2010Prop33
280
     0
102
RTVSPost2010PropOp33
 70
     1
102
RTVSPost2010Prop34
280
     0
102
RTVSPost2010PropOp34
 70
     1
102
RTVSPost2010Prop35
280
     0
102
RTVSPost2010PropOp35
 70
     1
102
RTVSPost2010Prop36
280
     0
102
RTVSPost2010PropOp36
 70
     1
102
RTVSPost2010Prop37
 90
       50
102
RTVSPost2010PropOp37
 70
     1
102
RTVSPost2010Prop38
140
0.0
102
RTVSPost2010PropOp38
 70
     1
102
RTVSPost2010Prop39
140
1.0
102
RTVSPost2010PropOp39
 70
     1
102
RTVSPost2010Prop40
 90
        0
102
RTVSPost2010PropOp40
 70
     1
102
RTVSPost2010Prop41ColorIndex
 90
       18
102
RTVSPost2010Prop41ColorRGB
 90
        0
102
RTVSPost2010PropOp41
 70
     1
102
RTVSPost2010Prop42
 90
       50
102
RTVSPost2010PropOp42
 70
     1
102
RTVSPost2010Prop43
 90
        3
102
RTVSPost2010PropOp43
 70
     1
102
RTVSPost2010Prop44ColorIndex
 90
        5
102
RTVSPost2010Prop44ColorRGB
 90
      255
102
RTVSPost2010PropOp44
 70
     1
102
RTVSPost2010Prop45
280
     0
102
RTVSPost2010PropOp45
 70
     1
102
RTVSPost2010Prop46
 90
       50
102
RTVSPost2010PropOp46
 70
     1
102
RTVSPost2010Prop47
 90
       50
102
RTVSPost2010PropOp47
 70
     1
102
RTVSPost2010Prop48
 90
       50
102
RTVSPost2010PropOp48
 70
     1
102
RTVSPost2010Prop49
280
     0
102
RTVSPost2010PropOp49
 70
     1
102
RTVSPost2010Prop50
 90
       50
102
RTVSPost2010PropOp50
 70
     1
102
RTVSPost2010Prop51ColorIndex
 90
      256
102
RTVSPost2010Prop51ColorRGB
 90
-16777216
102
RTVSPost2010PropOp51
 70
     0
102
RTVSPost2010Prop52
140
1.0
102
RTVSPost2010PropOp52
 70
     0
102
RTVSPost2010Prop53
 90
        2
102
RTVSPost2010PropOp53
 70
     1
102
RTVSPost2010Prop54
  1
strokes_ogs.tif
102
RTVSPost2010PropOp54
 70
     1
102
RTVSPost2010Prop55
280
     0
102
RTVSPost2010PropOp55
 70
     1
102
RTVSPost2010Prop56
140
1.0
102
RTVSPost2010PropOp56
 70
     1
102
RTVSPost2010Prop57
140
1.0
102
RTVSPost2010PropOp57
 70
     1
  0
XRECORD
  5
BD
102
{ACAD_REACTORS
330
BC
102
}
330
BC
100
AcDbXrecord
280
     1
102
RTVSPost2010Prop28
280
     0
102
RTVSPost2010PropOp28
 70
     1
102
RTVSPost2010Prop29
280
     1
102
RTVSPost2010PropOp29
 70
     1
102
RTVSPost2010Prop30
280
     1
102
RTVSPost2010PropOp30
 70
     1
102
RTVSPost2010Prop31
280
     0
102
RTVSPost2010PropOp31
 70
     1
102
RTVSPost2010Prop32
280
     0
102
RTVSPost2010PropOp32
 70
     1
102
RTVSPost2010Prop33
280
     0
102
RTVSPost2010PropOp33
 70
     1
102
RTVSPost2010Prop34
280
     0
102
RTVSPost2010PropOp34
 70
     1
102
RTVSPost2010Prop35
280
     0
102
RTVSPost2010PropOp35
 70
     1
102
RTVSPost2010Prop36
280
     0
102
RTVSPost2010PropOp36
 70
     1
102
RTVSPost2010Prop37
 90
       50
102
RTVSPost2010PropOp37
 70
     1
102
RTVSPost2010Prop38
140
0.0
102
RTVSPost2010PropOp38
 70
     1
102
RTVSPost2010Prop39
140
1.0
102
RTVSPost2010PropOp39
 70
     1
102
RTVSPost2010Prop40
 90
        0
102
RTVSPost2010PropOp40
 70
     1
102
RTVSPost2010Prop41ColorIndex
 90
       18
102
RTVSPost2010Prop41ColorRGB
 90
        0
102
RTVSPost2010PropOp41
 70
     1
102
RTVSPost2010Prop42
 90
       50
102
RTVSPost2010PropOp42
 70
     1
102
RTVSPost2010Prop43
 90
        3
102
RTVSPost2010PropOp43
 70
     1
102
RTVSPost2010Prop44ColorIndex
 90
        5
102
RTVSPost2010Prop44ColorRGB
 90
      255
102
RTVSPost2010PropOp44
 70
     1
102
RTVSPost2010Prop45
280
     0
102
RTVSPost2010PropOp45
 70
     1
102
RTVSPost2010Prop46
 90
       50
102
RTVSPost2010PropOp46
 70
     1
102
RTVSPost2010Prop47
 90
       50
102
RTVSPost2010PropOp47
 70
     1
102
RTVSPost2010Prop48
 90
       50
102
RTVSPost2010PropOp48
 70
     1
102
RTVSPost2010Prop49
280
     0
102
RTVSPost2010PropOp49
 70
     1
102
RTVSPost2010Prop50
 90
       50
102
RTVSPost2010PropOp50
 70
     1
102
RTVSPost2010Prop51ColorIndex
 90
      256
102
RTVSPost2010Prop51ColorRGB
 90
-16777216
102
RTVSPost2010PropOp51
 70
     0
102
RTVSPost2010Prop52
140
1.0
102
RTVSPost2010PropOp52
 70
     0
102
RTVSPost2010Prop53
 90
        2
102
RTVSPost2010PropOp53
 70
     1
102
RTVSPost2010Prop54
  1
strokes_ogs.tif
102
RTVSPost2010PropOp54
 70
     1
102
RTVSPost2010Prop55
280
     0
102
RTVSPost2010PropOp55
 70
     1
102
RTVSPost2010Prop56
140
1.0
102
RTVSPost2010PropOp56
 70
     1
102
RTVSPost2010Prop57
140
1.0
102
RTVSPost2010PropOp57
 70
     1
  0
XRECORD
  5
AF
102
{ACAD_REACTORS
330
AE
102
}
330
AE
100
AcDbXrecord
280
     1
102
RTVSPost2010Prop28
280
     0
102
RTVSPost2010PropOp28
 70
     1
102
RTVSPost2010Prop29
280
     1
102
RTVSPost2010PropOp29
 70
     1
102
RTVSPost2010Prop30
280
     1
102
RTVSPost2010PropOp30
 70
     1
102
RTVSPost2010Prop31
280
     0
102
RTVSPost2010PropOp31
 70
     1
102
RTVSPost2010Prop32
280
     0
102
RTVSPost2010PropOp32
 70
     1
102
RTVSPost2010Prop33
280
     0
102
RTVSPost2010PropOp33
 70
     1
102
RTVSPost2010Prop34
280
     0
102
RTVSPost2010PropOp34
 70
     1
102
RTVSPost2010Prop35
280
     0
102
RTVSPost2010PropOp35
 70
     1
102
RTVSPost2010Prop36
280
     0
102
RTVSPost2010PropOp36
 70
     1
102
RTVSPost2010Prop37
 90
       50
102
RTVSPost2010PropOp37
 70
     1
102
RTVSPost2010Prop38
140
0.0
102
RTVSPost2010PropOp38
 70
     1
102
RTVSPost2010Prop39
140
1.0
102
RTVSPost2010PropOp39
 70
     1
102
RTVSPost2010Prop40
 90
        0
102
RTVSPost2010PropOp40
 70
     1
102
RTVSPost2010Prop41ColorIndex
 90
       18
102
RTVSPost2010Prop41ColorRGB
 90
        0
102
RTVSPost2010PropOp41
 70
     1
102
RTVSPost2010Prop42
 90
       50
102
RTVSPost2010PropOp42
 70
     1
102
RTVSPost2010Prop43
 90
        3
102
RTVSPost2010PropOp43
 70
     1
102
RTVSPost2010Prop44ColorIndex
 90
        5
102
RTVSPost2010Prop44ColorRGB
 90
      255
102
RTVSPost2010PropOp44
 70
     1
102
RTVSPost2010Prop45
280
     0
102
RTVSPost2010PropOp45
 70
     1
102
RTVSPost2010Prop46
 90
       50
102
RTVSPost2010PropOp46
 70
     1
102
RTVSPost2010Prop47
 90
       50
102
RTVSPost2010PropOp47
 70
     1
102
RTVSPost2010Prop48
 90
       50
102
RTVSPost2010PropOp48
 70
     1
102
RTVSPost2010Prop49
280
     0
102
RTVSPost2010PropOp49
 70
     1
102
RTVSPost2010Prop50
 90
       50
102
RTVSPost2010PropOp50
 70
     1
102
RTVSPost2010Prop51ColorIndex
 90
      256
102
RTVSPost2010Prop51ColorRGB
 90
-16777216
102
RTVSPost2010PropOp51
 70
     0
102
RTVSPost2010Prop52
140
1.0
102
RTVSPost2010PropOp52
 70
     0
102
RTVSPost2010Prop53
 90
        2
102
RTVSPost2010PropOp53
 70
     1
102
RTVSPost2010Prop54
  1
strokes_ogs.tif
102
RTVSPost2010PropOp54
 70
     1
102
RTVSPost2010Prop55
280
     0
102
RTVSPost2010PropOp55
 70
     1
102
RTVSPost2010Prop56
140
1.0
102
RTVSPost2010PropOp56
 70
     1
102
RTVSPost2010Prop57
140
1.0
102
RTVSPost2010PropOp57
 70
     1
  0
XRECORD
  5
CF
102
{ACAD_REACTORS
330
CE
102
}
330
CE
100
AcDbXrecord
280
     1
102
RTVSPost2010Prop28
280
     0
102
RTVSPost2010PropOp28
 70
     1
102
RTVSPost2010Prop29
280
     1
102
RTVSPost2010PropOp29
 70
     1
102
RTVSPost2010Prop30
280
     1
102
RTVSPost2010PropOp30
 70
     1
102
RTVSPost2010Prop31
280
     0
102
RTVSPost2010PropOp31
 70
     1
102
RTVSPost2010Prop32
280
     0
102
RTVSPost2010PropOp32
 70
     1
102
RTVSPost2010Prop33
280
     0
102
RTVSPost2010PropOp33
 70
     1
102
RTVSPost2010Prop34
280
     0
102
RTVSPost2010PropOp34
 70
     1
102
RTVSPost2010Prop35
280
     0
102
RTVSPost2010PropOp35
 70
     1
102
RTVSPost2010Prop36
280
     0
102
RTVSPost2010PropOp36
 70
     1
102
RTVSPost2010Prop37
 90
       50
102
RTVSPost2010PropOp37
 70
     1
102
RTVSPost2010Prop38
140
0.0
102
RTVSPost2010PropOp38
 70
     1
102
RTVSPost2010Prop39
140
1.0
102
RTVSPost2010PropOp39
 70
     1
102
RTVSPost2010Prop40
 90
        0
102
RTVSPost2010PropOp40
 70
     1
102
RTVSPost2010Prop41ColorIndex
 90
       18
102
RTVSPost2010Prop41ColorRGB
 90
        0
102
RTVSPost2010PropOp41
 70
     1
102
RTVSPost2010Prop42
 90
       50
102
RTVSPost2010PropOp42
 70
     1
102
RTVSPost2010Prop43
 90
        3
102
RTVSPost2010PropOp43
 70
     1
102
RTVSPost2010Prop44ColorIndex
 90
        5
102
RTVSPost2010Prop44ColorRGB
 90
      255
102
RTVSPost2010PropOp44
 70
     1
102
RTVSPost2010Prop45
280
     0
102
RTVSPost2010PropOp45
 70
     1
102
RTVSPost2010Prop46
 90
       50
102
RTVSPost2010PropOp46
 70
     1
102
RTVSPost2010Prop47
 90
       50
102
RTVSPost2010PropOp47
 70
     1
102
RTVSPost2010Prop48
 90
       50
102
RTVSPost2010PropOp48
 70
     1
102
RTVSPost2010Prop49
280
     0
102
RTVSPost2010PropOp49
 70
     1
102
RTVSPost2010Prop50
 90
       50
102
RTVSPost2010PropOp50
 70
     1
102
RTVSPost2010Prop51ColorIndex
 90
      256
102
RTVSPost2010Prop51ColorRGB
 90
-16777216
102
RTVSPost2010PropOp51
 70
     0
102
RTVSPost2010Prop52
140
1.0
102
RTVSPost2010PropOp52
 70
     0
102
RTVSPost2010Prop53
 90
        2
102
RTVSPost2010PropOp53
 70
     1
102
RTVSPost2010Prop54
  1
strokes_ogs.tif
102
RTVSPost2010PropOp54
 70
     1
102
RTVSPost2010Prop55
280
     0
102
RTVSPost2010PropOp55
 70
     1
102
RTVSPost2010Prop56
140
1.0
102
RTVSPost2010PropOp56
 70
     1
102
RTVSPost2010Prop57
140
1.0
102
RTVSPost2010PropOp57
 70
     1
  0
ENDSEC
  0
EOF
