  0
SECTION
  2
HEADER
  9
$ACADVER
  1
AC1024
  9
$ACADMAINTVER
 70
     6
  9
$DWGCODEPAGE
  3
MAC-ROMAN
  9
$INSBASE
 10
0.0
 20
0.0
 30
0.0
  9
$EXTMIN
 10
1.000000000000000E+20
 20
1.000000000000000E+20
 30
1.000000000000000E+20
  9
$EXTMAX
 10
-1.000000000000000E+20
 20
-1.000000000000000E+20
 30
-1.000000000000000E+20
  9
$LIMMIN
 10
0.0
 20
0.0
  9
$LIMMAX
 10
420.0
 20
297.0
  9
$ORTHOMODE
 70
     0
  9
$REGENMODE
 70
     1
  9
$FILLMODE
 70
     1
  9
$QTEXTMODE
 70
     0
  9
$MIRRTEXT
 70
     1
  9
$LTSCALE
 40
1.0
  9
$ATTMODE
 70
     1
  9
$TEXTSIZE
 40
2.5
  9
$TRACEWID
 40
1.0
  9
$TEXTSTYLE
  7
Standard
  9
$CLAYER
  8
0
  9
$CELTYPE
  6
ByLayer
  9
$CECOLOR
 62
   256
  9
$CELTSCALE
 40
1.0
  9
$DISPSILH
 70
     0
  9
$DIMSCALE
 40
1.0
  9
$DIMASZ
 40
2.5
  9
$DIMEXO
 40
0.625
  9
$DIMDLI
 40
3.75
  9
$DIMRND
 40
0.01
  9
$DIMDLE
 40
0.0
  9
$DIMEXE
 40
1.25
  9
$DIMTP
 40
0.0
  9
$DIMTM
 40
0.0
  9
$DIMTXT
 40
2.5
  9
$DIMCEN
 40
2.5
  9
$DIMTSZ
 40
0.0
  9
$DIMTOL
 70
     0
  9
$DIMLIM
 70
     0
  9
$DIMTIH
 70
     0
  9
$DIMTOH
 70
     0
  9
$DIMSE1
 70
     0
  9
$DIMSE2
 70
     0
  9
$DIMTAD
 70
     1
  9
$DIMZIN
 70
     8
  9
$DIMBLK
  1

  9
$DIMASO
 70
     1
  9
$DIMSHO
 70
     1
  9
$DIMPOST
  1

  9
$DIMAPOST
  1

  9
$DIMALT
 70
     0
  9
$DIMALTD
 70
     3
  9
$DIMALTF
 40
0.0393700787401575
  9
$DIMLFAC
 40
1.0
  9
$DIMTOFL
 70
     1
  9
$DIMTVP
 40
0.0
  9
$DIMTIX
 70
     0
  9
$DIMSOXD
 70
     0
  9
$DIMSAH
 70
     0
  9
$DIMBLK1
  1

  9
$DIMBLK2
  1

  9
$DIMSTYLE
  2
ISO-25
  9
$DIMCLRD
 70
     0
  9
$DIMCLRE
 70
     0
  9
$DIMCLRT
 70
     0
  9
$DIMTFAC
 40
1.0
  9
$DIMGAP
 40
0.7
  9
$DIMJUST
 70
     0
  9
$DIMSD1
 70
     0
  9
$DIMSD2
 70
     0
  9
$DIMTOLJ
 70
     0
  9
$DIMTZIN
 70
     8
  9
$DIMALTZ
 70
     0
  9
$DIMALTTZ
 70
     0
  9
$DIMUPT
 70
     0
  9
$DIMDEC
 70
     2
  9
$DIMTDEC
 70
     2
  9
$DIMALTU
 70
     2
  9
$DIMALTTD
 70
     3
  9
$DIMTXSTY
  7
Standard
  9
$DIMAUNIT
 70
     0
  9
$DIMADEC
 70
     2
  9
$DIMALTRND
 40
0.0
  9
$DIMAZIN
 70
     0
  9
$DIMDSEP
 70
    44
  9
$DIMATFIT
 70
     3
  9
$DIMFRAC
 70
     2
  9
$DIMLDRBLK
  1

  9
$DIMLUNIT
 70
     2
  9
$DIMLWD
 70
    15
  9
$DIMLWE
 70
    15
  9
$DIMTMOVE
 70
     0
  9
$DIMFXL
 40
1.0
  9
$DIMFXLON
 70
     0
  9
$DIMJOGANG
 40
0.7853981633974483
  9
$DIMTFILL
 70
     0
  9
$DIMTFILLCLR
 70
     0
  9
$DIMARCSYM
 70
     0
  9
$DIMLTYPE
  6

  9
$DIMLTEX1
  6

  9
$DIMLTEX2
  6

  9
$DIMTXTDIRECTION
 70
     0
  9
$LUNITS
 70
     2
  9
$LUPREC
 70
     4
  9
$SKETCHINC
 40
1.0
  9
$FILLETRAD
 40
0.0
  9
$AUNITS
 70
     0
  9
$AUPREC
 70
     0
  9
$MENU
  1
.
  9
$ELEVATION
 40
0.0
  9
$PELEVATION
 40
0.0
  9
$THICKNESS
 40
0.0
  9
$LIMCHECK
 70
     0
  9
$CHAMFERA
 40
0.0
  9
$CHAMFERB
 40
0.0
  9
$CHAMFERC
 40
0.0
  9
$CHAMFERD
 40
0.0
  9
$SKPOLY
 70
     0
  9
$TDCREATE
 40
2461021.789375266
  9
$TDUCREATE
 40
2461021.706041933
  9
$TDUPDATE
 40
2461021.78937529
  9
$TDUUPDATE
 40
2461021.706041956
  9
$TDINDWG
 40
0.0000000116
  9
$TDUSRTIMER
 40
0.0000000116
  9
$USRTIMER
 70
     1
  9
$ANGBASE
 50
0.0
  9
$ANGDIR
 70
     0
  9
$PDMODE
 70
     0
  9
$PDSIZE
 40
0.0
  9
$PLINEWID
 40
0.0
  9
$SPLFRAME
 70
     0
  9
$SPLINETYPE
 70
     6
  9
$SPLINESEGS
 70
     8
  9
$HANDSEED
  5
DC
  9
$SURFTAB1
 70
     6
  9
$SURFTAB2
 70
     6
  9
$SURFTYPE
 70
     6
  9
$SURFU
 70
     6
  9
$SURFV
 70
     6
  9
$UCSBASE
  2

  9
$UCSNAME
  2

  9
$UCSORG
 10
0.0
 20
0.0
 30
0.0
  9
$UCSXDIR
 10
1.0
 20
0.0
 30
0.0
  9
$UCSYDIR
 10
0.0
 20
1.0
 30
0.0
  9
$UCSORTHOREF
  2

  9
$UCSORTHOVIEW
 70
     0
  9
$UCSORGTOP
 10
0.0
 20
0.0
 30
0.0
  9
$UCSORGBOTTOM
 10
0.0
 20
0.0
 30
0.0
  9
$UCSORGLEFT
 10
0.0
 20
0.0
 30
0.0
  9
$UCSORGRIGHT
 10
0.0
 20
0.0
 30
0.0
  9
$UCSORGFRONT
 10
0.0
 20
0.0
 30
0.0
  9
$UCSORGBACK
 10
0.0
 20
0.0
 30
0.0
  9
$PUCSBASE
  2

  9
$PUCSNAME
  2

  9
$PUCSORG
 10
0.0
 20
0.0
 30
0.0
  9
$PUCSXDIR
 10
1.0
 20
0.0
 30
0.0
  9
$PUCSYDIR
 10
0.0
 20
1.0
 30
0.0
  9
$PUCSORTHOREF
  2

  9
$PUCSORTHOVIEW
 70
     0
  9
$PUCSORGTOP
 10
0.0
 20
0.0
 30
0.0
  9
$PUCSORGBOTTOM
 10
0.0
 20
0.0
 30
0.0
  9
$PUCSORGLEFT
 10
0.0
 20
0.0
 30
0.0
  9
$PUCSORGRIGHT
 10
0.0
 20
0.0
 30
0.0
  9
$PUCSORGFRONT
 10
0.0
 20
0.0
 30
0.0
  9
$PUCSORGBACK
 10
0.0
 20
0.0
 30
0.0
  9
$USERI1
 70
     0
  9
$USERI2
 70
     0
  9
$USERI3
 70
     0
  9
$USERI4
 70
     0
  9
$USERI5
 70
     0
  9
$USERR1
 40
0.0
  9
$USERR2
 40
0.0
  9
$USERR3
 40
0.0
  9
$USERR4
 40
0.0
  9
$USERR5
 40
0.0
  9
$WORLDVIEW
 70
     1
  9
$SHADEDGE
 70
     3
  9
$SHADEDIF
 70
    70
  9
$TILEMODE
 70
     0
  9
$MAXACTVP
 70
    64
  9
$PINSBASE
 10
0.0
 20
0.0
 30
0.0
  9
$PLIMCHECK
 70
     0
  9
$PEXTMIN
 10
0.0
 20
0.0
 30
0.0
  9
$PEXTMAX
 10
0.0
 20
0.0
 30
0.0
  9
$PLIMMIN
 10
-20.0
 20
-7.5
  9
$PLIMMAX
 10
277.0
 20
202.5
  9
$UNITMODE
 70
     0
  9
$VISRETAIN
 70
     1
  9
$PLINEGEN
 70
     0
  9
$PSLTSCALE
 70
     1
  9
$TREEDEPTH
 70
  3020
  9
$CMLSTYLE
  2
Standard
  9
$CMLJUST
 70
     0
  9
$CMLSCALE
 40
20.0
  9
$PROXYGRAPHICS
 70
     1
  9
$MEASUREMENT
 70
     1
  9
$CELWEIGHT
370
    -1
  9
$ENDCAPS
280
     0
  9
$JOINSTYLE
280
     0
  9
$LWDISPLAY
290
     0
  9
$INSUNITS
 70
     4
  9
$HYPERLINKBASE
  1

  9
$STYLESHEET
  1

  9
$XEDIT
290
     1
  9
$CEPSNTYPE
380
     0
  9
$PSTYLEMODE
290
     1
  9
$FINGERPRINTGUID
  2
{bc0e200c-9212-b64a-a04b-712744d672a9}
  9
$VERSIONGUID
  2
{FAEB1C32-E019-11D5-929B-00C0DF256EC4}
  9
$EXTNAMES
290
     1
  9
$PSVPSCALE
 40
0.0
  9
$OLESTARTUP
290
     0
  9
$SORTENTS
280
   127
  9
$INDEXCTL
280
     0
  9
$HIDETEXT
280
     1
  9
$XCLIPFRAME
280
     2
  9
$HALOGAP
280
     0
  9
$OBSCOLOR
 70
   257
  9
$OBSLTYPE
280
     0
  9
$INTERSECTIONDISPLAY
280
     0
  9
$INTERSECTIONCOLOR
 70
   257
  9
$DIMASSOC
280
     2
  9
$PROJECTNAME
  1

  9
$CAMERADISPLAY
290
     0
  9
$LENSLENGTH
 40
50.0
  9
$CAMERAHEIGHT
 40
0.0
  9
$STEPSPERSEC
 40
2.0
  9
$STEPSIZE
 40
6.0
  9
$3DDWFPREC
 40
2.0
  9
$PSOLWIDTH
 40
5.0
  9
$PSOLHEIGHT
 40
80.0
  9
$LOFTANG1
 40
1.570796326794897
  9
$LOFTANG2
 40
1.570796326794897
  9
$LOFTMAG1
 40
0.0
  9
$LOFTMAG2
 40
0.0
  9
$LOFTPARAM
 70
     7
  9
$LOFTNORMALS
280
     1
  9
$LATITUDE
 40
37.795
  9
$LONGITUDE
 40
-122.394
  9
$NORTHDIRECTION
 40
0.0
  9
$TIMEZONE
 70
 -8000
  9
$LIGHTGLYPHDISPLAY
280
     1
  9
$TILEMODELIGHTSYNCH
280
     1
  9
$CMATERIAL
347
44
  9
$SOLIDHIST
280
     0
  9
$SHOWHIST
280
     1
  9
$DWFFRAME
280
     2
  9
$DGNFRAME
280
     2
  9
$REALWORLDSCALE
290
     1
  9
$INTERFERECOLOR
 62
   256
  9
$CSHADOW
280
     0
  9
$SHADOWPLANELOCATION
 40
0.0
  0
ENDSEC
  0
SECTION
  2
CLASSES
  0
CLASS
  1
ACDBDICTIONARYWDFLT
  2
AcDbDictionaryWithDefault
  3
ObjectDBX Classes
 90
        0
 91
        3
280
     0
281
     0
  0
CLASS
  1
VISUALSTYLE
  2
AcDbVisualStyle
  3
ObjectDBX Classes
 90
     4095
 91
        3
280
     0
281
     0
  0
CLASS
  1
MATERIAL
  2
AcDbMaterial
  3
ObjectDBX Classes
 90
     1153
 91
        3
280
     0
281
     0
  0
CLASS
  1
SCALE
  2
AcDbScale
  3
ObjectDBX Classes
 90
     1153
 91
        3
280
     0
281
     0
  0
CLASS
  1
TABLESTYLE
  2
AcDbTableStyle
  3
ObjectDBX Classes
 90
     4095
 91
        3
280
     0
281
     0
  0
CLASS
  1
MLEADERSTYLE
  2
AcDbMLeaderStyle
  3
ACDB_MLEADERSTYLE_CLASS
 90
     4095
 91
        3
280
     0
281
     0
  0
CLASS
  1
SUN
  2
AcDbSun
  3
SCENEOE
 90
     1153
 91
        3
280
     0
281
     0
  0
CLASS
  1
DICTIONARYVAR
  2
AcDbDictionaryVar
  3
ObjectDBX Classes
 90
        0
 91
        3
280
     0
281
     0
  0
CLASS
  1
CELLSTYLEMAP
  2
AcDbCellStyleMap
  3
ObjectDBX Classes
 90
     1152
 91
        3
280
     0
281
     0
  0
ENDSEC
  0
SECTION
  2
TABLES
  0
TABLE
  2
VPORT
  5
8
330
0
100
AcDbSymbolTable
 70
     1
  0
VPORT
  5
29
330
8
100
AcDbSymbolTableRecord
100
AcDbViewportTableRecord
  2
*Active
 70
     0
 10
0.0
 20
0.0
 11
1.0
 21
1.0
 12
210.0
 22
148.5
 13
0.0
 23
0.0
 14
10.0
 24
10.0
 15
10.0
 25
10.0
 16
0.0
 26
0.0
 36
1.0
 17
0.0
 27
0.0
 37
0.0
 40
297.0
 41
1.414141414141414
 42
50.0
 43
0.0
 44
0.0
 50
0.0
 51
0.0
 71
     0
 72
   100
 73
     1
 74
     3
 75
     0
 76
     0
 77
     0
 78
     0
281
     0
 65
     1
110
0.0
120
0.0
130
0.0
111
1.0
121
0.0
131
0.0
112
0.0
122
1.0
132
0.0
 79
     0
146
0.0
348
2F
 60
     3
 61
     5
292
     1
282
     1
141
0.0
142
0.0
 63
   250
361
5D
  0
ENDTAB
  0
TABLE
  2
LTYPE
  5
5
330
0
100
AcDbSymbolTable
 70
     6
  0
LTYPE
  5
14
330
5
100
AcDbSymbolTableRecord
100
AcDbLinetypeTableRecord
  2
ByBlock
 70
     0
  3

 72
    65
 73
     0
 40
0.0
  0
LTYPE
  5
15
330
5
100
AcDbSymbolTableRecord
100
AcDbLinetypeTableRecord
  2
ByLayer
 70
     0
  3

 72
    65
 73
     0
 40
0.0
  0
LTYPE
  5
16
330
5
100
AcDbSymbolTableRecord
100
AcDbLinetypeTableRecord
  2
Continuous
 70
     0
  3
Solid line
 72
    65
 73
     0
 40
0.0
  0
LTYPE
  5
61
330
5
100
AcDbSymbolTableRecord
100
AcDbLinetypeTableRecord
  2
CenterLine
 70
     0
  3

 72
    65
 73
     4
 40
8.0
 49
5.0
 74
     0
 49
-1.0
 74
     0
 49
1.0
 74
     0
 49
-1.0
 74
     0
  0
LTYPE
  5
62
330
5
100
AcDbSymbolTableRecord
100
AcDbLinetypeTableRecord
  2
DraftedLine
 70
     0
  3

 72
    65
 73
     2
 40
3.0
 49
2.0
 74
     0
 49
-1.0
 74
     0
  0
LTYPE
  5
63
330
5
100
AcDbSymbolTableRecord
100
AcDbLinetypeTableRecord
  2
SectionLineISO
 70
     0
  3

 72
    65
 73
     5
 40
13.75833333333342
 49
4.23333333333336
 74
     0
 49
-2.11666666666668
 74
     0
 49
1.05833333333334
 74
     0
 49
-2.11666666666668
 74
     0
 49
4.23333333333336
 74
     0
  0
LTYPE
  5
64
330
5
100
AcDbSymbolTableRecord
100
AcDbLinetypeTableRecord
  2
SectionLineANSI
 70
     0
  3

 72
    65
 73
     7
 40
11.99444444444452
 49
4.23333333333336
 74
     0
 49
-1.05833333333334
 74
     0
 49
0.17638888888889
 74
     0
 49
-1.05833333333334
 74
     0
 49
0.17638888888889
 74
     0
 49
-1.05833333333334
 74
     0
 49
4.23333333333336
 74
     0
  0
LTYPE
  5
65
330
5
100
AcDbSymbolTableRecord
100
AcDbLinetypeTableRecord
  2
DetailCircleISO
 70
     0
  3

 72
    65
 73
     5
 40
13.75833333333342
 49
4.23333333333336
 74
     0
 49
-2.11666666666668
 74
     0
 49
1.05833333333334
 74
     0
 49
-2.11666666666668
 74
     0
 49
4.23333333333336
 74
     0
  0
ENDTAB
  0
TABLE
  2
LAYER
  5
2
330
0
100
AcDbSymbolTable
 70
     4
  0
LAYER
  5
10
330
2
100
AcDbSymbolTableRecord
100
AcDbLayerTableRecord
  2
0
 70
     0
 62
     7
  6
Continuous
370
    -3
390
F
347
46
  0
LAYER
  5
5E
330
2
100
AcDbSymbolTableRecord
100
AcDbLayerTableRecord
  2
Geometries
 70
     0
 62
     7
  6
Continuous
370
    -3
390
F
347
46
  0
LAYER
  5
5F
330
2
100
AcDbSymbolTableRecord
100
AcDbLayerTableRecord
  2
Annotations
 70
     0
 62
     7
  6
Continuous
370
    -3
390
F
347
46
  0
LAYER
  5
60
330
2
100
AcDbSymbolTableRecord
100
AcDbLayerTableRecord
  2
Border
 70
     0
 62
     7
  6
Continuous
370
    -3
390
F
347
46
  0
ENDTAB
  0
TABLE
  2
STYLE
  5
3
330
0
100
AcDbSymbolTable
 70
    16
  0
STYLE
  5
11
330
3
100
AcDbSymbolTableRecord
100
AcDbTextStyleTableRecord
  2
Standard
 70
     0
 40
0.0
 41
1.0
 50
0.0
 71
     0
 42
2.5
  3
txt
  4

  0
STYLE
  5
66
330
3
100
AcDbSymbolTableRecord
100
AcDbTextStyleTableRecord
  2
Shapr0
 70
     0
 40
3.3495
 41
1.0
 50
0.0
 71
     0
 42
2.5
  3

  4

  0
STYLE
  5
67
330
3
100
AcDbSymbolTableRecord
100
AcDbTextStyleTableRecord
  2
Shapr1
 70
     0
 40
3.3495
 41
1.0
 50
0.0
 71
     0
 42
2.5
  3

  4

  0
STYLE
  5
68
330
3
100
AcDbSymbolTableRecord
100
AcDbTextStyleTableRecord
  2
Shapr2
 70
     0
 40
3.3495
 41
1.0
 50
0.0
 71
     0
 42
2.5
  3

  4

  0
STYLE
  5
69
330
3
100
AcDbSymbolTableRecord
100
AcDbTextStyleTableRecord
  2
Shapr3
 70
     0
 40
3.3495
 41
1.0
 50
0.0
 71
     0
 42
2.5
  3

  4

  0
STYLE
  5
6A
330
3
100
AcDbSymbolTableRecord
100
AcDbTextStyleTableRecord
  2
Shapr4
 70
     0
 40
3.3495
 41
1.0
 50
0.0
 71
     0
 42
2.5
  3

  4

  0
STYLE
  5
6B
330
3
100
AcDbSymbolTableRecord
100
AcDbTextStyleTableRecord
  2
Shapr5
 70
     0
 40
3.3495
 41
1.0
 50
0.0
 71
     0
 42
2.5
  3

  4

  0
STYLE
  5
6C
330
3
100
AcDbSymbolTableRecord
100
AcDbTextStyleTableRecord
  2
Shapr6
 70
     0
 40
3.3495
 41
1.0
 50
0.0
 71
     0
 42
2.5
  3

  4

  0
STYLE
  5
6D
330
3
100
AcDbSymbolTableRecord
100
AcDbTextStyleTableRecord
  2
Shapr7
 70
     0
 40
3.3495
 41
1.0
 50
0.0
 71
     0
 42
2.5
  3

  4

  0
STYLE
  5
6E
330
3
100
AcDbSymbolTableRecord
100
AcDbTextStyleTableRecord
  2
Shapr8
 70
     0
 40
3.3495
 41
1.0
 50
0.0
 71
     0
 42
2.5
  3

  4

  0
STYLE
  5
6F
330
3
100
AcDbSymbolTableRecord
100
AcDbTextStyleTableRecord
  2
Shapr9
 70
     0
 40
3.3495
 41
1.0
 50
0.0
 71
     0
 42
2.5
  3

  4

  0
STYLE
  5
70
330
3
100
AcDbSymbolTableRecord
100
AcDbTextStyleTableRecord
  2
Shapr10
 70
     0
 40
3.3495
 41
1.0
 50
0.0
 71
     0
 42
2.5
  3

  4

  0
STYLE
  5
71
330
3
100
AcDbSymbolTableRecord
100
AcDbTextStyleTableRecord
  2
Shapr11
 70
     0
 40
3.3495
 41
1.0
 50
0.0
 71
     0
 42
2.5
  3

  4

  0
STYLE
  5
72
330
3
100
AcDbSymbolTableRecord
100
AcDbTextStyleTableRecord
  2
Shapr12
 70
     0
 40
3.3495
 41
1.0
 50
0.0
 71
     0
 42
2.5
  3

  4

  0
STYLE
  5
73
330
3
100
AcDbSymbolTableRecord
100
AcDbTextStyleTableRecord
  2
Shapr13
 70
     0
 40
3.3495
 41
1.0
 50
0.0
 71
     0
 42
2.5
  3

  4

  0
STYLE
  5
74
330
3
100
AcDbSymbolTableRecord
100
AcDbTextStyleTableRecord
  2
Shapr14
 70
     0
 40
3.3495
 41
1.0
 50
0.0
 71
     0
 42
2.5
  3

  4

  0
ENDTAB
  0
TABLE
  2
VIEW
  5
6
330
0
100
AcDbSymbolTable
 70
     0
  0
ENDTAB
  0
TABLE
  2
UCS
  5
7
330
0
100
AcDbSymbolTable
 70
     0
  0
ENDTAB
  0
TABLE
  2
APPID
  5
9
330
0
100
AcDbSymbolTable
 70
     1
  0
APPID
  5
12
330
9
100
AcDbSymbolTableRecord
100
AcDbRegAppTableRecord
  2
ACAD
 70
     0
  0
ENDTAB
  0
TABLE
  2
DIMSTYLE
  5
A
330
0
100
AcDbSymbolTable
 70
     1
100
AcDbDimStyleTable
  0
DIMSTYLE
105
27
330
A
100
AcDbSymbolTableRecord
100
AcDbDimStyleTableRecord
  2
ISO-25
 70
     0
 41
2.5
 42
0.625
 43
3.75
 44
1.25
 73
     0
 74
     0
 77
     1
 78
     8
140
2.5
141
2.5
143
0.0393700787401575
147
0.625
171
     3
172
     1
178
     0
271
     2
272
     2
274
     3
278
    44
283
     0
284
     8
340
11
  0
ENDTAB
  0
TABLE
  2
BLOCK_RECORD
  5
1
330
0
100
AcDbSymbolTable
 70
     2
  0
BLOCK_RECORD
  5
1F
330
1
100
AcDbSymbolTableRecord
100
AcDbBlockTableRecord
  2
*Model_Space
340
22
 70
     4
280
     1
281
     0
  0
BLOCK_RECORD
  5
75
330
1
100
AcDbSymbolTableRecord
100
AcDbBlockTableRecord
  2
*Paper_Space
340
76
 70
     0
280
     1
281
     0
  0
BLOCK_RECORD
  5
23
330
1
100
AcDbSymbolTableRecord
100
AcDbBlockTableRecord
  2
*Paper_Space0
340
26
 70
     0
280
     1
281
     0
  0
BLOCK_RECORD
  5
1B
330
1
100
AcDbSymbolTableRecord
100
AcDbBlockTableRecord
  2
*Paper_Space1
340
1E
 70
     4
280
     1
281
     0
  0
ENDTAB
  0
ENDSEC
  0
SECTION
  2
BLOCKS
  0
BLOCK
  5
20
330
1F
100
AcDbEntity
  8
0
100
AcDbBlockBegin
  2
*Model_Space
 70
     0
 10
0.0
 20
0.0
 30
0.0
  3
*Model_Space
  1

  0
ENDBLK
  5
21
330
1F
100
AcDbEntity
  8
0
100
AcDbBlockEnd
  0
BLOCK
  5
77
330
75
100
AcDbEntity
 67
     1
  8
0
100
AcDbBlockBegin
  2
*Paper_Space
 70
     0
 10
0.0
 20
0.0
 30
0.0
  3
*Paper_Space
  1

  0
ENDBLK
  5
78
330
75
100
AcDbEntity
 67
     1
  8
0
100
AcDbBlockEnd
  0
BLOCK
  5
24
330
23
100
AcDbEntity
  8
0
100
AcDbBlockBegin
  2
*Paper_Space0
 70
     0
 10
0.0
 20
0.0
 30
0.0
  3
*Paper_Space0
  1

  0
ENDBLK
  5
25
330
23
100
AcDbEntity
  8
0
100
AcDbBlockEnd
  0
BLOCK
  5
1C
330
1B
100
AcDbEntity
  8
0
100
AcDbBlockBegin
  2
*Paper_Space1
 70
     0
 10
0.0
 20
0.0
 30
0.0
  3
*Paper_Space1
  1

  0
ENDBLK
  5
1D
330
1B
100
AcDbEntity
  8
0
100
AcDbBlockEnd
  0
ENDSEC
  0
SECTION
  2
ENTITIES
  0
ELLIPSE
  5
7D
330
1F
100
AcDbEntity
  8
Geometries
  6
Continuous
370
    40
100
AcDbEllipse
 10
368.388429448299
 20
138.185798797442
 30
0.0
 11
2.03604096976299
 21
0.2402700819884599
 31
0.0
210
0.0
220
0.0
230
1.0
 40
0.9999176136503015
 41
0.0
 42
6.283185307179586
  0
CIRCLE
  5
7E
330
1F
100
AcDbEntity
  8
Geometries
  6
Continuous
370
    40
100
AcDbCircle
 10
224.951474403621
 20
163.0533995870193
 30
0.0
 40
8.1
  0
ELLIPSE
  5
7F
330
1F
100
AcDbEntity
  8
Geometries
  6
Continuous
370
    40
100
AcDbEllipse
 10
368.3884294482985
 20
168.1858327427279
 30
0.0
 11
2.03604096976299
 21
0.2402700819884599
 31
0.0
210
0.0
220
0.0
230
1.0
 40
0.9999176136503015
 41
0.0
 42
6.283185307179586
  0
LINE
  5
80
330
1F
100
AcDbEntity
  8
Geometries
  6
Continuous
370
    40
100
AcDbLine
 10
371.3200476877701
 20
128.2258565850727
 30
0.0
 11
365.189926583445
 21
127.8822227470833
 31
0.0
  0
LWPOLYLINE
  5
81
330
1F
100
AcDbEntity
  8
Geometries
  6
Continuous
370
    40
100
AcDbPolyline
 90
      267
 70
   128
 43
0.0
 10
242.1820637004185
 20
151.5598195647075
 10
241.4238674935505
 20
151.901925308647
 10
240.6656712866828
 20
152.2440310525866
 10
240.53959454389
 20
152.3018029856795
 10
240.4143698216637
 20
152.3614094165406
 10
240.2903165095749
 20
152.4233801191451
 10
240.1672054390359
 20
152.4881086798407
 10
240.0453745017624
 20
152.5552431481836
 10
239.9249005321299
 20
152.6247561768851
 10
239.8046421056661
 20
152.6973710094147
 10
239.6858540460596
 20
152.7723933733664
 10
239.5686160460435
 20
152.8497895094648
 10
239.4525457245981
 20
152.9298480163851
 10
239.3381242005574
 20
153.0122708778773
 10
239.225432004436
 20
153.0970178868573
 10
239.1146427362387
 20
153.1839746354953
 10
239.0056474442544
 20
153.2732435929581
 10
238.8985311149657
 20
153.3647808204339
 10
238.7933787348545
 20
153.4585423791106
 10
238.6902752904032
 20
153.5544843301766
 10
238.5892377760826
 20
153.6526208051657
 10
238.4902936285768
 20
153.7529366474561
 10
238.3935182258384
 20
153.8553680114426
 10
238.2989869458193
 20
153.95985105152
 10
238.2067751664719
 20
154.0663219220833
 10
238.1282833939322
 20
154.1607755451694
 10
238.0515989803227
 20
154.256716519642
 10
237.9767720438585
 20
154.3540988472491
 10
237.9035921448693
 20
154.453235220933
 10
237.8323421118339
 20
154.5537816708417
 10
237.7630728052755
 20
154.6556885392759
 10
237.6990348469286
 20
154.7538903413095
 10
237.636845115203
 20
154.8532849745841
 10
237.5765475431992
 20
154.9538264616887
 10
237.5179837591257
 20
155.0558273653938
 10
237.461380646664
 20
155.1589414277986
 10
237.4067824636602
 20
155.2631184988743
 10
237.3543831112331
 20
155.367997739552
 10
237.3040240809783
 20
155.4738840039386
 10
237.255736428546
 20
155.5807186179938
 10
237.2093826650841
 20
155.6888435090034
 10
237.1651473052553
 20
155.7978643203903
 10
237.1230592235811
 20
155.9077198468972
 10
237.0810857625247
 20
156.0242503659997
 10
237.0415288013403
 20
156.141637156239
 10
237.0044194015127
 20
156.2598064858685
 10
236.9696458977691
 20
156.3791892796387
 10
236.9373755798217
 20
156.4992869574184
 10
236.9076370244385
 20
156.6200222891888
 10
236.8785051920412
 20
156.7505290767641
 10
236.852338273429
 20
156.881716124222
 10
236.8291661702945
 20
157.0134822161119
 10
236.8090187843289
 20
157.1457261369827
 10
236.7919260172245
 20
157.2783466713839
 10
236.7779078800444
 20
157.4113344046492
 10
236.7669665379827
 20
157.5446641072448
 10
236.7591030114259
 20
157.678228872838
 10
236.7543183207605
 20
157.8119217950961
 10
236.7526134863728
 20
157.9456359676862
 10
236.7536534148498
 20
158.0630823125378
 10
236.757058922639
 20
158.1804958249595
 10
236.7628249048516
 20
158.2978052260246
 10
236.7709818850646
 20
158.4154037434076
 10
236.7815072993803
 20
158.5328260091983
 10
236.7943927038145
 20
158.6500007732307
 10
236.8158101091079
 20
158.8096539413987
 10
236.8416143942639
 20
158.9687186174415
 10
236.8717723947355
 20
159.1270156562533
 10
236.9062509459755
 20
159.2843659127281
 10
236.9450473111443
 20
159.4407048646374
 10
236.9881340958971
 20
159.5959787586823
 10
237.0354402434312
 20
159.750020724233
 10
237.086894696944
 20
159.90266389066
 10
237.1332942649835
 20
160.029769725242
 10
237.182564963144
 20
160.1558447428244
 10
237.2346534935803
 20
160.2808012491625
 10
237.2895065584473
 20
160.4045515500114
 10
237.3470708598995
 20
160.5270079511262
 10
237.4204887242352
 20
160.6737558371917
 10
237.4978176714673
 20
160.8185466599081
 10
237.578957035253
 20
160.9612381574325
 10
237.6638061492491
 20
161.101688067922
 10
237.7523218233684
 20
161.2398447569695
 10
237.8444613110886
 20
161.3756793440742
 10
237.940113048714
 20
161.5090651166863
 10
238.0391654725493
 20
161.6398753622559
 10
238.1246226133498
 20
161.7473321583929
 10
238.2123886735575
 20
161.8529712623351
 10
238.302387273043
 20
161.9567368768931
 10
238.3945420316759
 20
162.0585732048775
 10
238.4887765693265
 20
162.1584244490988
 10
238.5867290915818
 20
162.2579444568675
 10
238.6867847761226
 20
162.3554148670384
 10
238.7888667263297
 20
162.4507845471754
 10
238.8928980455837
 20
162.5440023648425
 10
238.9988018372653
 20
162.6350171876036
 10
239.1065521334107
 20
162.7238216153762
 10
239.2161371644765
 20
162.8104222719728
 10
239.3274822024492
 20
162.8947729615813
 10
239.4405125193149
 20
162.97682748839
 10
239.5551533870599
 20
163.0565396565871
 10
239.6765616725791
 20
163.1372748508927
 10
239.7996786033653
 20
163.2154673603183
 10
239.9244118628519
 20
163.2910875292663
 10
240.0506691344721
 20
163.3641057021389
 10
240.178358101659
 20
163.4344922233384
 10
240.3124008456006
 20
163.504784425457
 10
240.4479388788955
 20
163.5722595725276
 10
240.5848762216451
 20
163.6368883485369
 10
240.72311689395
 20
163.6986414374713
 10
240.8625649159116
 20
163.7574895233175
 10
241.0031941146066
 20
163.8134320880737
 10
241.1449939860565
 20
163.8664748226881
 10
241.2878722104014
 20
163.9165895919428
 10
241.4317364677808
 20
163.9637482606199
 10
241.5764944383344
 20
164.0079226935013
 10
241.7286888494215
 20
164.0508874147941
 10
241.8818191134372
 20
164.0905998664091
 10
242.0357772311673
 20
164.1270526728843
 10
242.1904552033967
 20
164.1602384587577
 10
242.3457450309105
 20
164.1901498485673
 10
242.4788859381854
 20
164.2131181540078
 10
242.6124266314205
 20
164.2337057917709
 10
242.7463025191156
 20
164.251907982551
 10
242.8808670385251
 20
164.26776591889
 10
243.0157036921997
 20
164.2812226570397
 10
243.1507480708107
 20
164.2922727976553
 10
243.2855800148924
 20
164.3008918475328
 10
243.4205546199206
 20
164.30711138752
 10
243.555607858335
 20
164.3109254320867
 10
243.6910967482997
 20
164.3123289724306
 10
243.8265998807097
 20
164.3113017921832
 10
243.9620516074403
 20
164.307837619611
 10
244.1035170628508
 20
164.301609581494
 10
244.2448530300055
 20
164.2927236770941
 10
244.3859851011913
 20
164.2811896633255
 10
244.5273241652583
 20
164.2669645018231
 10
244.6683836676841
 20
164.2500866162568
 10
244.8090890490725
 20
164.2305652466528
 10
244.9466107785124
 20
164.2088714077208
 10
245.0837209910091
 20
164.1846448816008
 10
245.2203489587686
 20
164.1578937831059
 10
245.3568790948028
 20
164.1285244393016
 10
245.4928506747094
 20
164.0966162786071
 10
245.628190714401
 20
164.0621771290283
 10
245.762449212602
 20
164.0253227033082
 10
245.8960035059896
 20
163.9859495956561
 10
246.0287786759978
 20
163.9440656641029
 10
246.1611613829108
 20
163.8995171402763
 10
246.2926785200641
 20
163.8524367789166
 10
246.4232544363934
 20
163.8028421605448
 10
246.5593286055004
 20
163.7480604338577
 10
246.6942798111329
 20
163.6905296650977
 10
246.8280226157532
 20
163.6302798654352
 10
246.9610058869127
 20
163.5670814579083
 10
247.0926809958698
 20
163.5011665121198
 10
247.222959672032
 20
163.4325664037865
 10
247.3413515374175
 20
163.3671983426349
 10
247.4584872801086
 20
163.2995807911839
 10
247.574296234574
 20
163.2297393704884
 10
247.6891193300669
 20
163.1574357512641
 10
247.8025260340791
 20
163.0829070594558
 10
247.9144420428046
 20
163.0061812122732
 10
248.0244634509608
 20
162.9275276020076
 10
248.1329174364258
 20
162.8467044638074
 10
248.2397270566687
 20
162.7637425921072
 10
248.3452262672154
 20
162.6783398530307
 10
248.4489883040852
 20
162.5908132634109
 10
248.5509445811041
 20
162.501210914264
 10
248.6565553458165
 20
162.4044100833519
 10
248.7600686651515
 20
162.3053456317596
 10
248.8614032526905
 20
162.2040774604197
 10
248.9609311285055
 20
162.1001838545922
 10
249.0581679270862
 20
161.9941195754731
 10
249.153030058133
 20
161.8859496856082
 10
249.2333396007656
 20
161.7904528652265
 10
249.3117932663185
 20
161.6934106967502
 10
249.3883355614676
 20
161.5948690236107
 10
249.4631869747779
 20
161.4944974296083
 10
249.5360447852239
 20
161.3926545426364
 10
249.6068520257271
 20
161.289390673676
 10
249.6753405445523
 20
161.1850839120435
 10
249.7417219216053
 20
161.0794088043912
 10
249.8059453456311
 20
160.9724234858798
 10
249.8682096329036
 20
160.8637515424068
 10
249.9282505950354
 20
160.753820781592
 10
249.986025829085
 20
160.6426973270726
 10
250.0446096084927
 20
160.5239667776686
 10
250.1006073736755
 20
160.4039777165508
 10
250.1539714888845
 20
160.2828116515998
 10
250.2048866559683
 20
160.1599760970925
 10
250.2530893282894
 20
160.036033760714
 10
250.2985338923605
 20
159.9110711945405
 10
250.3352369788053
 20
159.8032774440072
 10
250.3698793939062
 20
159.6947930524196
 10
250.4024342222926
 20
159.5856749965024
 10
250.4329816380804
 20
159.4755831178625
 10
250.4613926825162
 20
159.3649096456384
 10
250.4876420907127
 20
159.2537148356395
 10
250.5116347978607
 20
159.1423973413294
 10
250.5334486098912
 20
159.0306213688344
 10
250.553068070864
 20
158.9184505358865
 10
250.5705430843257
 20
158.8055263088899
 10
250.5858008369285
 20
158.6922700707446
 10
250.598834292986
 20
158.5787474056364
 10
250.6101572390739
 20
158.4588803186802
 10
250.619006092083
 20
158.3387923750582
 10
250.6253763091411
 20
158.2185602895064
 10
250.6292757825713
 20
158.0977585821981
 10
250.6306753173912
 20
157.9768891119142
 10
250.6295740218105
 20
157.8560295009166
 10
250.6256141924484
 20
157.7265541507041
 10
250.6187790357143
 20
157.5971506891528
 10
250.6090738575446
 20
157.4679148296574
 10
250.5965039638756
 20
157.3389422856129
 10
250.5810746606437
 20
157.210328770414
 10
250.5627776298553
 20
157.0820911881569
 10
250.5416181243292
 20
156.9542462490254
 10
250.5176214450212
 20
156.8268866242823
 10
250.4908128928863
 20
156.7001049851904
 10
250.4612177688802
 20
156.5739940030125
 10
250.4271047771147
 20
156.4421163586877
 10
250.3899505854193
 20
156.3110076268052
 10
250.3497995397139
 20
156.1807658935309
 10
250.3066959859186
 20
156.0514892450308
 10
250.2606842699535
 20
155.9232757674708
 10
250.2020742351591
 20
155.7718877820391
 10
250.139398324393
 20
155.6220741798577
 10
250.0727406988165
 20
155.4739883841797
 10
250.0021855195911
 20
155.327783818258
 10
249.9277677791995
 20
155.1835162898758
 10
249.849526077475
 20
155.0412215668127
 10
249.7675581287772
 20
154.9010393259841
 10
249.6819616474658
 20
154.763109244306
 10
249.6075153179355
 20
154.649346551394
 10
249.5305933191842
 20
154.5371863175616
 10
249.4512675649072
 20
154.4266923434689
 10
249.3696099687996
 20
154.3179284297759
 10
249.2856924445565
 20
154.2109583771428
 10
249.1990687246676
 20
154.1052228401397
 10
249.1102083939469
 20
154.0013011562367
 10
249.0191821827863
 20
153.8992501278976
 10
248.926060821577
 20
153.7991265575859
 10
248.8309150407108
 20
153.7009872477653
 10
248.7091704079643
 20
153.5811139521496
 10
248.5843479092388
 20
153.4643669360748
 10
248.4565826042192
 20
153.3508468254677
 10
248.3260095525911
 20
153.2406542462549
 10
248.2148040145289
 20
153.1511624909584
 10
248.1017010558286
 20
153.0640052554321
 10
247.9867884933143
 20
152.9792200140068
 10
247.8701541438096
 20
152.8968442410133
 10
247.7518858241385
 20
152.8169154107823
 10
247.623325026374
 20
152.7339495017163
 10
247.4929406853282
 20
152.6537777555253
 10
247.3608345459813
 20
152.5764385722352
 10
247.2271083533132
 20
152.5019703518723
 10
247.0918638523038
 20
152.4304114944626
 10
246.9551333772087
 20
152.3617636957975
 10
246.8169281426849
 20
152.2960159890114
 10
246.6773457069827
 20
152.2332019524077
 10
246.5364836283519
 20
152.1733551642897
 10
246.3944394650427
 20
152.1165092029606
 10
246.2160163920211
 20
152.0485163442454
 10
246.0372813746044
 20
151.9813384239577
 10
245.680013308291
 20
151.8464510648151
 10
244.9208296289445
 20
151.5598195652026
  0
LWPOLYLINE
  5
82
330
1F
100
AcDbEntity
  8
Geometries
  6
Continuous
370
    40
100
AcDbPolyline
 90
      307
 70
   128
 43
0.0
 10
371.597300605429
 20
123.2799118791579
 10
374.013395305277
 20
123.4016349427191
 10
376.4293450693641
 20
123.526217494569
 10
378.8451412788103
 20
123.6537256436163
 10
381.2608105640307
 20
123.7842290821494
 10
383.6763130390439
 20
123.9178015346614
 10
386.091638406465
 20
124.0545203964445
 10
388.2338435631627
 20
124.1784852941971
 10
390.3758974518353
 20
124.3050500924479
 10
392.5177914744616
 20
124.4342779311198
 10
394.6595499970383
 20
124.5662355581028
 10
396.8011350639843
 20
124.7009930485683
 10
398.942536375687
 20
124.8386241289852
 10
401.0837480581895
 20
124.9792036546981
 10
403.2247606579832
 20
125.1228168196757
 10
405.3655612424611
 20
125.2695530360668
 10
407.5061368790157
 20
125.4195017160199
 10
409.6464816663566
 20
125.5727557681526
 10
411.7865821354637
 20
125.7294237401062
 10
413.9264211165983
 20
125.8896190064016
 10
416.0659814400218
 20
126.0534549415602
 10
418.2055954394098
 20
126.2210766750859
 10
420.3449040751485
 20
126.3925986566438
 10
422.4838838315433
 20
126.5681680680355
 10
424.6225111929
 20
126.7479320910625
 10
426.2259679912581
 20
126.8855771254799
 10
427.8292082230995
 20
127.0257460176655
 10
429.4322184608877
 20
127.1685184413522
 10
431.034985277087
 20
127.3139740702729
 10
432.6375733584237
 20
127.4622025269678
 10
434.2398967513094
 20
127.6132940715671
 10
435.8419375378297
 20
127.7673496238769
 10
437.44367780007
 20
127.9244701037028
 10
439.0450482481001
 20
128.0847548570577
 10
440.6460890948749
 20
128.2483345053676
 10
442.2467756984083
 20
128.4153399408439
 10
443.8470834167138
 20
128.5859020556977
 10
445.1271520684639
 20
128.7250066102592
 10
446.4069561150617
 20
128.8665631897036
 10
447.6864737515617
 20
129.0106921138899
 10
448.9656831730178
 20
129.1575137026768
 10
450.244562574484
 20
129.3071482759232
 10
451.5241179000396
 20
129.4598493063051
 10
452.8033045436696
 20
129.6156663817206
 10
454.0820869076433
 20
129.7747757785952
 10
455.3604293942285
 20
129.9373537733546
 10
456.638296405694
 20
130.1035766424245
 10
457.7028220735526
 20
130.2450134476299
 10
458.7669824225031
 20
130.3892468854478
 10
459.8307424924695
 20
130.5364277703058
 10
460.8940673233755
 20
130.6867069166313
 10
461.9569219551454
 20
130.8402351388517
 10
463.019271427703
 20
130.9971632513946
 10
463.9294694231548
 20
131.1345006648731
 10
464.8392643145788
 20
131.2745853038174
 10
465.7486152413874
 20
131.4175679243685
 10
466.6574813429934
 20
131.5635992826673
 10
467.5658217588096
 20
131.7128301348548
 10
468.4735956282482
 20
131.865411237072
 10
469.3807620907223
 20
132.0214933454598
 10
470.1767987042678
 20
132.1615492129222
 10
470.9723358990894
 20
132.3045755130199
 10
471.7673151669218
 20
132.450751581112
 10
472.5616779995003
 20
132.6002567525578
 10
473.3553658885594
 20
132.7532703627166
 10
474.1483203258343
 20
132.9099717469475
 10
474.9404828030599
 20
133.0705402406097
 10
475.731794811971
 20
133.2351551790624
 10
476.3634428483903
 20
133.369746461074
 10
476.9944812215208
 20
133.5072251794568
 10
477.624851813969
 20
133.6477429181108
 10
478.2544965083408
 20
133.7914512609361
 10
478.8833571872422
 20
133.9385017918327
 10
479.4068094938513
 20
134.0637192372087
 10
479.9296610929921
 20
134.1914937078098
 10
480.4518542198085
 20
134.3219570084844
 10
480.9733311094445
 20
134.4552409440809
 10
481.4940339970441
 20
134.5914773194477
 10
482.0139051177509
 20
134.7307979394333
 10
482.4588730090761
 20
134.8527903756451
 10
482.903177321063
 20
134.9772776597768
 10
483.3467491316687
 20
135.1043935360494
 10
483.7895195188497
 20
135.2342717486841
 10
484.2314195605628
 20
135.3670460419018
 10
484.6723803347649
 20
135.5028501599237
 10
485.1123329194126
 20
135.6418178469709
 10
485.5009761562903
 20
135.7676315029866
 10
485.8887267123088
 20
135.896205299481
 10
486.275501289447
 20
136.0276790846303
 10
486.6612165896832
 20
136.1621927066106
 10
487.046213905502
 20
136.3000472746328
 10
487.4299980594686
 20
136.4412941734833
 10
487.8124397248999
 20
136.5861257021591
 10
488.1934095751121
 20
136.7347341596574
 10
488.4760230519145
 20
136.8479508302233
 10
488.7577135234516
 20
136.9634939030327
 10
489.0383951373979
 20
137.0814742233167
 10
489.3179820414277
 20
137.2020026363063
 10
489.5963883832153
 20
137.3251899872326
 10
489.8736044818306
 20
137.4511881572079
 10
490.149494035423
 20
137.5801409314358
 10
490.4239122593459
 20
137.7122057483767
 10
490.6967143689521
 20
137.8475400464906
 10
490.9677555795952
 20
137.9863012642377
 10
491.192137222435
 20
138.1046654051769
 10
491.415110705449
 20
138.2256785680897
 10
491.6365471638883
 20
138.349460185198
 10
491.8566678884629
 20
138.4763415532945
 10
492.0750018166511
 20
138.6062958607527
 10
492.2913710581026
 20
138.7394669251859
 10
492.458334990624
 20
138.8454601779142
 10
492.623936856799
 20
138.9536012647284
 10
492.7880580787499
 20
139.0639706275177
 10
492.9505800785997
 20
139.1766487081717
 10
493.1119579473573
 20
139.2921394380264
 10
493.2715121448231
 20
139.410181903225
 10
493.4290686927604
 20
139.5308687980958
 10
493.5844536129321
 20
139.6542928169675
 10
493.7286501910171
 20
139.7731253555677
 10
493.8706526386682
 20
139.8946244840675
 10
494.010249750462
 20
140.0188690929343
 10
494.1472303209757
 20
140.1459380726356
 10
494.2548672169014
 20
140.2497624524353
 10
494.3606256414942
 20
140.3555619915391
 10
494.4643507536528
 20
140.4633664475274
 10
494.5658877122745
 20
140.5732055779811
 10
494.6650816762572
 20
140.6851091404806
 10
494.7485029637195
 20
140.7831531181299
 10
494.8299978486166
 20
140.882819168192
 10
494.9094402120252
 20
140.9841110433723
 10
494.9870242538035
 20
141.0874698472377
 10
495.0623186369788
 20
141.1925266815377
 10
495.1351767178911
 20
141.2992659843195
 10
495.2035232952992
 20
141.4046199906103
 10
495.269347931925
 20
141.511612177495
 10
495.3325008033279
 20
141.620197270202
 10
495.3928320850667
 20
141.7303299939595
 10
495.4502486845297
 20
141.8420755190246
 10
495.5046155476822
 20
141.9553901679561
 10
495.5557809506253
 20
142.0701803774158
 10
495.6035931694599
 20
142.1863525840652
 10
495.6499956707095
 20
142.3096300453807
 10
495.6924807758123
 20
142.4343840269046
 10
495.7309058966021
 20
142.5604425456426
 10
495.765128444912
 20
142.6876336186009
 10
495.7870434995178
 20
142.7795653772307
 10
495.80673879247
 20
142.8720546615408
 10
495.8300327414814
 20
142.999329235892
 10
495.8490742811487
 20
143.1273090489476
 10
495.8638963102605
 20
143.256427691585
 10
495.8744076901139
 20
143.3859687710895
 10
495.8806020859663
 20
143.5154426568804
 10
495.8825591325221
 20
143.645118088595
 10
495.8803363874181
 20
143.774792636957
 10
495.8739914082913
 20
143.90426387269
 10
495.8669782041358
 20
143.9964992654437
 10
495.8579367161461
 20
144.0885694464403
 10
495.8469041641952
 20
144.1804116002745
 10
495.8266056974053
 20
144.3182581242823
 10
495.8020094983719
 20
144.4554042867227
 10
495.775431031902
 20
144.5820854684725
 10
495.7453775280291
 20
144.7080357041088
 10
495.7119842672716
 20
144.8331472153688
 10
495.6753865301483
 20
144.9573122239896
 10
495.6357119809112
 20
145.0804681725836
 10
495.5930614214925
 20
145.2026637418566
 10
495.5475679902496
 20
145.3238343664043
 10
495.4993648255402
 20
145.443915480822
 10
495.4464652504438
 20
145.5676671260991
 10
495.3908624625375
 20
145.6902616571724
 10
495.3326897800117
 20
145.8116623305066
 10
495.272080521057
 20
145.9318324025664
 10
495.2061044130788
 20
146.0563902905429
 10
495.1376781388254
 20
146.179648905484
 10
495.0669295320903
 20
146.3015935383133
 10
494.9939864266676
 20
146.4222094799542
 10
494.8929500554939
 20
146.5818383799468
 10
494.7883660346373
 20
146.7391958731384
 10
494.680482172928
 20
146.8942855408843
 10
494.5701274908122
 20
147.0463207029262
 10
494.4568802675028
 20
147.1962365081698
 10
494.3409341815929
 20
147.3440564337684
 10
494.222105874755
 20
147.4902544542462
 10
494.100857761073
 20
147.6344699492507
 10
493.9773447962647
 20
147.7767358024158
 10
493.8266791488463
 20
147.9445770756895
 10
493.6731171491061
 20
148.1098303924673
 10
493.5168490262358
 20
148.2725577044789
 10
493.3580650094268
 20
148.4328209634542
 10
493.1969553278707
 20
148.5906821211228
 10
493.0122146416104
 20
148.7663550423005
 10
492.8248035003406
 20
148.939231152021
 10
492.6348971160683
 20
149.1093913481631
 10
492.4426707007995
 20
149.2769165286059
 10
492.248299466541
 20
149.4418875912283
 10
492.0218781085582
 20
149.6289128615192
 10
491.7929012472466
 20
149.8128417760552
 10
491.5615452075058
 20
149.993776263719
 10
491.3279863142348
 20
150.1718182533932
 10
491.0923828351858
 20
150.3470711806086
 10
490.8548035278117
 20
150.5196662227654
 10
490.6153712214313
 20
150.6896861105313
 10
490.3742087453634
 20
150.857213574574
 10
490.1292521010226
 20
151.0237954312057
 10
489.882697641132
 20
151.1880265559441
 10
489.6346361656068
 20
151.3499757637123
 10
489.385158474362
 20
151.5097118694331
 10
489.1186266943207
 20
151.6770846299748
 10
488.8506343368146
 20
151.8421304718889
 10
488.5812613746851
 20
152.0049162191126
 10
488.3105877807736
 20
152.1655086955831
 10
487.9473889916155
 20
152.3765636709288
 10
487.5820948483526
 20
152.5839932492263
 10
487.2148476602655
 20
152.7879265992669
 10
486.8460864224236
 20
152.988339701366
 10
486.4755856531503
 20
153.1855683869068
 10
486.1034596095529
 20
153.3797495434963
 10
485.7298225487385
 20
153.5710200587414
 10
485.3547887278141
 20
153.7595168202491
 10
484.9784724038872
 20
153.9453767156262
 10
484.5253639765528
 20
154.1650903097428
 10
484.0705964108817
 20
154.381390376291
 10
483.6142849437916
 20
154.5944368983864
 10
483.1565448122002
 20
154.8043898591447
 10
482.6974912530252
 20
155.0114092416817
 10
482.2260161470497
 20
155.2205791358937
 10
481.7533070877267
 20
155.4269735451884
 10
481.2794413461233
 20
155.6307132272927
 10
480.8044961933064
 20
155.8319189399337
 10
480.328548900343
 20
156.0307114408381
 10
479.7738760130247
 20
156.2590138524632
 10
479.2179866568235
 20
156.484366549025
 10
478.6609584903067
 20
156.706904673441
 10
478.1028691720409
 20
156.9267633686288
 10
477.5437963605934
 20
157.1440777775059
 10
476.843680171314
 20
157.4123316205936
 10
476.1421985606929
 20
157.6770199622982
 10
475.439450907564
 20
157.9383338138928
 10
474.7355365907614
 20
158.1964641866509
 10
474.0305478296796
 20
158.4515917053899
 10
473.3245301497464
 20
158.703874864796
 10
472.6175520274791
 20
158.9534572246377
 10
471.9096819393939
 20
159.2004823446834
 10
471.1981465164225
 20
159.4460610109845
 10
470.4858114977858
 20
159.6893221771777
 10
469.7727266061826
 20
159.9303785164984
 10
469.0589415643111
 20
160.1693427021816
 10
468.1096899798687
 20
160.4837515424196
 10
467.1593531223721
 20
160.7948822890295
 10
466.2080138132332
 20
161.1029384556873
 10
465.255754873864
 20
161.4081235560692
 10
464.3026549454206
 20
161.7106303815083
 10
463.3487584010418
 20
162.010626437207
 10
462.3941239649308
 20
162.3082686000184
 10
461.4388103612912
 20
162.6037137467956
 10
460.1634630126699
 20
162.9946943300904
 10
458.8870887241067
 20
163.3823178790953
 10
457.609762297821
 20
163.7667857969473
 10
456.3321282855828
 20
164.1480653765978
 10
455.0536109086618
 20
164.5263939447917
 10
453.77424097919
 20
164.901842529401
 10
452.4940493092996
 20
165.2744821582973
 10
451.2130667111228
 20
165.6443838593526
 10
449.9313239967918
 20
166.0116186604386
 10
448.392266798886
 20
166.4488736192321
 10
446.8521726696829
 20
166.8824847737307
 10
445.3110801163252
 20
167.3125438421829
 10
443.7690276459548
 20
167.7391425428373
 10
442.2260537657145
 20
168.1623725939424
 10
440.6812801842131
 20
168.5825686833211
 10
439.1356326594065
 20
168.9995569086166
 10
437.5891400950068
 20
169.41340787365
 10
436.041831394725
 20
169.8241921822422
 10
434.493735462273
 20
170.2319804382143
 10
433.0425102110217
 20
170.6114102521244
 10
431.5906256358224
 20
170.9883180906307
 10
430.1381006331105
 20
171.3627508954179
 10
428.6849540993215
 20
171.7347556081705
 10
426.7463970934957
 20
172.2270861513716
 10
424.8067917223725
 20
172.7152797855164
 10
422.866175368186
 20
173.1994303611916
 10
420.9246730428393
 20
173.6796081787883
 10
418.9822147267505
 20
174.155920193995
 10
417.0388311636394
 20
174.6284442222766
 10
415.0945530972254
 20
175.0972580790977
 10
413.1494055622949
 20
175.5624377997693
 10
411.2034051803452
 20
176.0240509963944
 10
409.2565769486058
 20
176.4821611991047
 10
407.3089458643057
 20
176.9368319380322
 10
405.3600988835503
 20
177.3882254070736
 10
403.4104822987365
 20
177.8362959111979
 10
401.4601167757967
 20
178.2810958852564
 10
399.5090229806641
 20
178.7226777641005
 10
397.5576416098741
 20
179.1609981135234
 10
395.6055597167843
 20
179.596199550032
 10
393.6527946039844
 20
180.0283256386869
 10
391.6993635740636
 20
180.4574199445485
 10
389.7452798810997
 20
180.8835254230103
 10
387.7905529174662
 20
181.3066807366583
 10
385.835197359545
 20
181.7269223183648
 10
383.8792278837182
 20
182.1442866010024
 10
381.922363753029
 20
182.5588711788728
 10
379.9649043968211
 20
182.9706461084113
 10
378.0068624074728
 20
183.3796419891441
 10
376.048250377362
 20
183.7858894205974
 10
374.1500528535353
 20
184.1769016683724
 10
372.2513331745615
 20
184.5653876432276
  0
LWPOLYLINE
  5
83
330
1F
100
AcDbEntity
  8
Geometries
  6
Continuous
370
    40
100
AcDbPolyline
 90
      171
 70
   128
 43
0.0
 10
366.1507310083206
 20
185.7960912566312
 10
364.1274265699988
 20
186.1984699479484
 10
362.1035792842532
 20
186.5981188975712
 10
360.079199241982
 20
186.995060716431
 10
358.0542965340833
 20
187.3893180154595
 10
356.0288207973364
 20
187.7809243049729
 10
354.0028342684489
 20
188.1698885712505
 10
351.9763458305356
 20
188.5562296435346
 10
349.949364366712
 20
188.9399663510675
 10
347.3141882848019
 20
189.4348442443406
 10
344.6781989066108
 20
189.9253912049701
 10
342.0414132521869
 20
190.4116404290862
 10
339.4038483415784
 20
190.8936251128191
 10
336.7654039650968
 20
191.3713980382199
 10
334.1261983154083
 20
191.8449667595831
 10
331.4862461625013
 20
192.3143566343453
 10
328.8455622763645
 20
192.779593019943
 10
326.2042661776271
 20
193.240681771584
 10
323.562253119345
 20
193.6976633763704
 10
320.9195360788095
 20
194.1505564582378
 10
318.2761280333118
 20
194.5993796411215
 10
315.6319353392233
 20
195.0441682849033
 10
312.9870635922306
 20
195.4849199866657
 10
310.3415243395301
 20
195.9216474750914
 10
307.6953291283181
 20
196.3543634788633
 10
305.048584203322
 20
196.7830644845351
 10
302.4011931498016
 20
197.2077763193527
 10
299.7531663684454
 20
197.6285064361346
 10
297.1045142599424
 20
198.0452622876996
 10
294.4551436721349
 20
198.4580641288405
 10
291.8051475273876
 20
198.8668515840975
 10
289.154525040471
 20
199.2715566153786
 10
286.503275426155
 20
199.6721111845919
 10
284.0616489822451
 20
200.0371821879826
 10
281.6194796118932
 20
200.3986224221906
 10
279.1767677697135
 20
200.7563770764825
 10
276.7335139103201
 20
201.1103913401249
 10
274.2897114636866
 20
201.4606113253274
 10
271.8453573308394
 20
201.8069821099227
 10
269.4004531954747
 20
202.149447904792
 10
266.9550007412889
 20
202.4879529208168
 10
264.5089938295656
 20
202.8224422938744
 10
262.0624300402197
 20
203.1528598788688
 10
259.615312348541
 20
203.4791485549776
 10
257.1676437298194
 20
203.8012512013786
 10
255.2083097715997
 20
204.0559849065542
 10
253.2486176237205
 20
204.3079719268988
 10
251.2885695167071
 20
204.5571821240186
 10
249.3281676810838
 20
204.8035853595198
 10
247.3674143473756
 20
205.0471514950086
 10
245.4056171291837
 20
205.287935005937
 10
243.4434628756624
 20
205.5258194144114
 10
241.4809545807987
 20
205.7607735219796
 10
239.5180952385791
 20
205.9927661301891
 10
237.5548878429904
 20
206.2217660405879
 10
235.591215173969
 20
206.4477556461605
 10
233.6271895526056
 20
206.6706900051342
 10
231.6628148021923
 20
206.8905367155772
 10
229.6980947460207
 20
207.1072633755576
 10
227.7330332073825
 20
207.3208375831436
 10
225.7672520070913
 20
207.5312673377086
 10
223.8011248073553
 20
207.7384786784996
 10
221.8346563442516
 20
207.9424378153186
 10
219.8678513538567
 20
208.143110957967
 10
217.9007145722473
 20
208.3404643162469
 10
215.9331030982415
 20
208.5344783273017
 10
213.9651559280233
 20
208.7251044211232
 10
211.9968788062054
 20
208.9123072558395
 10
210.0282774774002
 20
209.0960514895789
 10
208.0593576862205
 20
209.2763017804695
 10
206.5653889626156
 20
209.4106994079264
 10
205.0712375020983
 20
209.5430499312994
 10
203.5768933893935
 20
209.6733385049966
 10
202.0823694823501
 20
209.8015481335841
 10
200.0893941727261
 20
209.9692327094141
 10
198.0961022292819
 20
210.1331545958813
 10
196.1025014036589
 20
210.2932744413825
 10
194.1085994474984
 20
210.4495528943146
 10
192.1143955186197
 20
210.6019510175453
 10
190.1198919244867
 20
210.7504285759657
 10
188.1250975193308
 20
210.8949445513511
 10
186.1300211573837
 20
211.0354579254771
 10
184.1341744302209
 20
211.1719609262425
 10
182.138048101214
 20
211.3043766474179
 10
180.1416522455318
 20
211.4326622390868
 10
178.144996938343
 20
211.5567748513326
 10
176.1485442676646
 20
211.6766450083306
 10
174.1518309007004
 20
211.7922582364208
 10
172.1548686049184
 20
211.9035692648147
 10
170.1576691477867
 20
212.0105328227239
 10
168.1602442967736
 20
212.11310363936
 10
166.1626058193468
 20
212.2112364439346
 10
164.4501675527198
 20
212.2917841195042
 10
162.7375675467996
 20
212.3690085459624
 10
161.0248146849412
 20
212.4428791770307
 10
159.3119178505
 20
212.5133654664307
 10
157.5988859268307
 20
212.5804368678839
 10
155.8857277972888
 20
212.6440628351117
 10
154.1724523452293
 20
212.7042128218357
 10
152.4590507232704
 20
212.7608565533422
 10
150.7455259773263
 20
212.8139618853741
 10
149.0318887118186
 20
212.863496016778
 10
147.3181495311688
 20
212.9094261464001
 10
145.6043190397983
 20
212.9517194730866
 10
143.8904078421289
 20
212.9903431956839
 10
142.1764265425821
 20
213.0252645130384
 10
140.4590487608763
 20
213.0565073432135
 10
138.7415951069243
 20
213.0839656328285
 10
137.024078278844
 20
213.1076038898395
 10
135.3065109747538
 20
213.127386622203
 10
133.5889058927718
 20
213.1432783378752
 10
131.8712757310161
 20
213.1552435448123
 10
130.153633187605
 20
213.1632467509708
 10
128.5536095648893
 20
213.1671057837608
 10
126.9535754071534
 20
213.1674650093832
 10
125.3535425615033
 20
213.1642939116369
 10
123.7535228750445
 20
213.1575619743208
 10
122.1535281948826
 20
213.147238681234
 10
120.5535581363505
 20
213.1332931687148
 10
118.953617642133
 20
213.1156935651571
 10
117.3537199933608
 20
213.0944077927362
 10
115.753878471164
 20
213.0694037736272
 10
114.154106356673
 20
213.0406494300053
 10
112.5535754166318
 20
213.0080943247694
 10
110.9531196859431
 20
212.9717187033039
 10
109.3527540706683
 20
212.9314887857034
 10
107.7524934768688
 20
212.8873707920623
 10
106.152352810606
 20
212.8393309424752
 10
104.6531207603666
 20
212.790727503963
 10
103.1540022219363
 20
212.7386212221287
 10
101.6550107378168
 20
212.6829830601599
 10
100.1561598505102
 20
212.6237839812441
 10
98.65745354401405
 20
212.5609943677214
 10
97.15889888394894
 20
212.4945839536645
 10
95.66051061479872
 20
212.4245225906726
 10
94.16230348104696
 20
212.3507801303448
 10
92.66428199920085
 20
212.273325706682
 10
91.16645401737911
 20
212.1921278118485
 10
89.66883558726414
 20
212.1071551484846
 10
88.17144276053843
 20
212.0183764192306
 10
86.67285828560188
 20
211.925669620759
 10
85.17451368274408
 20
211.8290843932269
 10
83.67642647602392
 20
211.7285881620438
 10
82.17861418950022
 20
211.6241483526195
 10
80.68250391659268
 20
211.5158361387346
 10
79.18668343950574
 20
211.4035201162387
 10
77.69117177978484
 20
211.2871665868298
 10
76.19598795897542
 20
211.166741852206
 10
74.70113842891502
 20
211.0422109525839
 10
73.20663386132875
 20
210.9135383531238
 10
71.71249495991862
 20
210.7806891122014
 10
70.21874242838663
 20
210.6436282881927
 10
68.72538367505041
 20
210.50231825425
 10
67.23243021569087
 20
210.3567244159479
 10
65.73990399531934
 20
210.2068159218311
 10
64.24782695894723
 20
210.0525619204441
 10
63.05300409545336
 20
209.9258490651297
 10
61.85847905125414
 20
209.7963109058121
 10
60.66426410727689
 20
209.6639299327585
 10
59.47037154444882
 20
209.5286886362361
 10
58.27681364369721
 20
209.3905695065122
 10
56.88143633973422
 20
209.2253700723718
 10
55.48652888069887
 20
209.0561751810156
 10
54.09211331021831
 20
208.8829513288112
 10
52.69821167191949
 20
208.7056650121264
 10
51.30484600942955
 20
208.5242827273288
 10
49.91172091232926
 20
208.3387272254682
 10
48.51914839516721
 20
208.1489964737156
 10
47.1271537740499
 20
207.9550502454161
 10
45.73576236508362
 20
207.7568483139145
 10
44.34499948437485
 20
207.5543504525557
  0
LWPOLYLINE
  5
84
330
1F
100
AcDbEntity
  8
Geometries
  6
Continuous
370
    40
100
AcDbPolyline
 90
       99
 70
   128
 43
0.0
 10
44.30523204981844
 20
124.3208875822273
 10
46.32950529202134
 20
124.1929753774581
 10
48.35398597524474
 20
124.0683318021102
 10
50.37866073395057
 20
123.9468545300139
 10
52.40351620260063
 20
123.8284412349995
 10
54.42853901565678
 20
123.7129895908971
 10
56.96003653185983
 20
123.5726908898558
 10
59.4917723963747
 20
123.4366960997321
 10
62.0237276631901
 20
123.3048396431122
 10
64.55588338629474
 20
123.1769559425823
 10
67.08822357479741
 20
123.0528845553497
 10
69.62074337497509
 20
122.9324817439972
 10
72.15342883159778
 20
122.8156075718697
 10
74.68626598943555
 20
122.702122102312
 10
77.22036241550475
 20
122.5918412604438
 10
79.75459504770777
 20
122.4846924233407
 10
82.288953473198
 20
122.3805549394334
 10
84.82342727912885
 20
122.2793081571528
 10
87.52579348438722
 20
122.1744095109431
 10
90.22827742717836
 20
122.0725313553684
 10
92.9308700343379
 20
121.9735479865661
 10
95.63356223270118
 20
121.8773337006739
 10
98.3363449491036
 20
121.7837627938293
 10
101.7149390291657
 20
121.6703285204893
 10
105.0936612748151
 20
121.5607129425445
 10
108.4725034809589
 20
121.4548556305562
 10
111.851457442504
 20
121.3526961550861
 10
115.2308327529349
 20
121.2541724811437
 10
118.6103130931153
 20
121.1592523937153
 10
121.9898916309272
 20
121.0678922753252
 10
125.3695615342529
 20
120.9800485084975
 10
129.0562913891655
 20
120.888177328661
 10
132.7431292282452
 20
120.8003796280167
 10
136.4300681164319
 20
120.716618810848
 10
140.1171011186657
 20
120.6368582814384
 10
143.8042212998866
 20
120.5610614440711
 10
147.4914217250348
 20
120.4891917030296
 10
151.1786954590501
 20
120.4212124625972
 10
154.8660355668727
 20
120.3570871270572
 10
158.5534351134427
 20
120.2967791006932
 10
162.2408871636999
 20
120.2402517877883
 10
165.9283847825846
 20
120.1874685926259
 10
169.6269267606953
 20
120.1382578967804
 10
173.3255243023658
 20
120.0927671321472
 10
177.0241718643901
 20
120.050982797959
 10
180.7228639035619
 20
120.0128913934485
 10
184.4215948766752
 20
119.9784794178482
 10
188.1203592405239
 20
119.947733370391
 10
191.8191514519019
 20
119.9206397503094
 10
195.517965967603
 20
119.897185056836
 10
199.2167972444212
 20
119.8773557892036
 10
202.9156397391504
 20
119.8611384466447
 10
206.6144879085845
 20
119.8485195283921
 10
209.61447853136
 20
119.840925594284
 10
212.6144751517064
 20
119.8357012019269
 10
215.6144749624156
 20
119.8328459964976
 10
218.6144835794381
 20
119.8323601972859
 10
221.6144916432255
 20
119.8342451181755
 10
225.6144974723464
 20
119.840448533101
 10
229.6144967563655
 20
119.8508772982805
 10
233.6144827306508
 20
119.8655424139193
 10
237.6144486305708
 20
119.8844548802229
 10
241.6143924674386
 20
119.9076274594018
 10
245.6143115232553
 20
119.9350803902133
 10
249.6141986908219
 20
119.9668358916354
 10
253.61404686294
 20
120.0029161826465
 10
257.6141471577552
 20
120.0433485252286
 10
261.614203185209
 20
120.0881629212848
 10
265.6142072199025
 20
120.1373941212202
 10
269.614151536436
 20
120.1910768754397
 10
273.0381041038276
 20
120.2405917433622
 10
276.4620114539198
 20
120.2934221002744
 10
279.8858679380469
 20
120.3496014742216
 10
283.3096679075429
 20
120.4091633932492
 10
286.7334057137419
 20
120.4721413854026
 10
290.1570757079778
 20
120.5385689787271
 10
293.5806722415848
 20
120.6084797012681
 10
297.0041994580306
 20
120.6819089246655
 10
300.4276535153244
 20
120.7589042162571
 10
303.8510271391432
 20
120.8395176143392
 10
307.2743130551638
 20
120.9238011572082
 10
310.6975039890629
 20
121.0118068831606
 10
314.1205926665173
 20
121.1035868304926
 10
317.5435718132037
 20
121.1991930375006
 10
320.966447711094
 20
121.2986798122641
 10
324.3892130721293
 20
121.402119174821
 10
327.8118577522663
 20
121.5095902296527
 10
331.2343716074622
 20
121.6211720812408
 10
334.6567444936735
 20
121.7369438340667
 10
338.0789662668572
 20
121.8569845926118
 10
341.5010267829698
 20
121.9813734613575
 10
344.4969750382849
 20
122.0939117117144
 10
347.4927985023444
 20
122.2099183655784
 10
350.4884868171423
 20
122.3294754623442
 10
353.4840296246725
 20
122.4526650414062
 10
356.4794165669287
 20
122.5795691421591
 10
359.4746372859049
 20
122.7102698039972
 10
362.469681423595
 20
122.8448490663153
 10
365.464538621993
 20
122.9833889685078
  0
LINE
  5
85
330
1F
100
AcDbEntity
  8
Geometries
  6
Continuous
370
    40
100
AcDbLine
 10
365.1732590906635
 20
181.1464383579947
 30
0.0
 11
366.1507310083206
 21
185.7960912566312
 31
0.0
  0
CIRCLE
  5
86
330
1F
100
AcDbEntity
  8
Geometries
  6
Continuous
370
    40
100
AcDbCircle
 10
90.95147440362103
 20
163.0533995870193
 30
0.0
 40
8.1
  0
CIRCLE
  5
87
330
1F
100
AcDbEntity
  8
Geometries
  6
Continuous
370
    40
100
AcDbCircle
 10
170.101474403621
 20
161.5533995870193
 30
0.0
 40
2.825
  0
CIRCLE
  5
88
330
1F
100
AcDbEntity
  8
Geometries
  6
Continuous
370
    40
100
AcDbCircle
 10
409.301474403621
 20
153.9533995870193
 30
0.0
 40
10.2
  0
LINE
  5
89
330
1F
100
AcDbEntity
  8
Geometries
  6
Continuous
370
    40
100
AcDbLine
 10
39.0870775689344
 20
201.5918517429383
 30
0.0
 11
45.23123088465323
 21
202.5941605509617
 31
0.0
  0
LINE
  5
8A
330
1F
100
AcDbEntity
  8
Geometries
  6
Continuous
370
    40
100
AcDbLine
 10
365.189926583445
 20
127.8822227470833
 30
0.0
 11
365.464538621993
 21
122.9833889685078
 31
0.0
  0
ARC
  5
8B
330
1F
100
AcDbEntity
  8
Geometries
  6
Continuous
370
    40
100
AcDbCircle
 10
176.3098205958055
 20
158.1843703722484
 30
0.0
 40
1.600000000000018
100
AcDbArc
 50
180.0
 51
270.0
  0
LINE
  5
8C
330
1F
100
AcDbEntity
  8
Geometries
  6
Continuous
370
    40
100
AcDbLine
 10
194.909820595805
 20
158.1843703722484
 30
0.0
 11
194.909820595805
 21
164.5843703722484
 31
0.0
  0
LWPOLYLINE
  5
8D
330
1F
100
AcDbEntity
  8
Geometries
  6
Continuous
370
    40
100
AcDbPolyline
 90
      367
 70
   128
 43
0.0
 10
38.15213912085761
 20
206.5979965239498
 10
36.98654283099418
 20
206.4077378757883
 10
35.82147274238162
 20
206.2142271946977
 10
34.63821670646792
 20
206.0142401246309
 10
33.45553683933019
 20
205.8108271042804
 10
32.27345536313021
 20
205.6039517074064
 10
31.09199450002933
 20
205.3935775077692
 10
29.9111764721892
 20
205.1796680791292
 10
28.73100655236763
 20
204.9621829759159
 10
27.55150021233146
 20
204.7410793161804
 10
26.37268337987203
 20
204.5163149009597
 10
25.19458198278051
 20
204.2878475312905
 10
24.01722194884812
 20
204.0556350082099
 10
22.84060971538341
 20
203.8196301691024
 10
21.66476437497849
 20
203.5797832525662
 10
20.48971650090462
 20
203.3360453097685
 10
19.31549666643312
 20
203.0883673918763
 10
18.14213544483533
 20
202.8367005500567
 10
16.96676135293467
 20
202.5803564119355
 10
15.79228190381096
 20
202.3198899928499
 10
14.6187338262213
 20
202.0552439488386
 10
13.44615384892259
 20
201.7863609359403
 10
12.27457870067181
 20
201.5131836101937
 10
11.3014300986861
 20
201.2827783016351
 10
10.32899821647675
 20
201.0493210843202
 10
9.357308510077132
 20
200.8127735233728
 10
8.386386435520848
 20
200.5730971839167
 10
7.416257448841378
 20
200.3302536310757
 10
6.446947006072207
 20
200.0842044299734
 10
5.478456818906267
 20
199.8349040163027
 10
4.510808312156456
 20
199.5823065156347
 10
3.544032573951142
 20
199.326366909072
 10
2.578160692418862
 20
199.067040177717
 10
1.613223755688068
 20
198.8042813026723
 10
0.6492528518871836
 20
198.5380452650404
 10
-0.3137498814809305
 20
198.2682776835741
 10
-1.275756775709311
 20
197.9949246020268
 10
-2.236729357266057
 20
197.7179330410483
 10
-3.196629152619266
 20
197.4372500212883
 10
-4.155417688237151
 20
197.1528225633965
 10
-5.113056490587809
 20
196.8645976880226
 10
-5.936646153109251
 20
196.6133483363085
 10
-6.759359905260624
 20
196.3591946027937
 10
-7.581166902973621
 20
196.1020964751032
 10
-8.402036302180107
 20
195.8420139408618
 10
-9.221937258811835
 20
195.5789069876945
 10
-10.04083892880058
 20
195.312735603226
 10
-10.85871046807819
 20
195.0434597750812
 10
-11.67191518622636
 20
194.7722487415884
 10
-12.48407301738146
 20
194.4978607413788
 10
-13.29514513491984
 20
194.220248814307
 10
-14.10509271221764
 20
193.9393660002279
 10
-14.91387692265133
 20
193.655165338996
 10
-15.72145893959711
 20
193.367599870466
 10
-16.52779993643131
 20
193.0766226344925
 10
-17.33290729493834
 20
192.7821682548462
 10
-18.13673880374898
 20
192.4841804863357
 10
-18.93924411241258
 20
192.1826032273432
 10
-19.7403728704785
 20
191.8773803762509
 10
-20.54007472749603
 20
191.568455831441
 10
-21.33829933301453
 20
191.2557734912955
 10
-22.1349963365833
 20
190.9392772541968
 10
-22.83086265225677
 20
190.6591467472244
 10
-23.52552805696109
 20
190.3759851273155
 10
-24.21894890455087
 20
190.0897493627788
 10
-24.91108154888079
 20
189.8003964219227
 10
-25.6018823438055
 20
189.5078832730559
 10
-26.29130764317966
 20
189.2121668844871
 10
-26.97931380085794
 20
188.9132042245247
 10
-27.66585717069495
 20
188.6109522614775
 10
-28.35803787976971
 20
188.3021760404786
 10
-29.04869110430937
 20
187.9899753503566
 10
-29.73777476466532
 20
187.6743263166624
 10
-30.42524678118914
 20
187.3552050649472
 10
-31.11136437130469
 20
187.0324449870332
 10
-31.79581483541523
 20
186.7061405772935
 10
-32.47854987814566
 20
186.3762630453266
 10
-33.15952120412081
 20
186.0427836007308
 10
-33.74176160090599
 20
185.7540592700197
 10
-34.32266579177286
 20
185.462631470116
 10
-34.90219826338185
 20
185.1684782733083
 10
-35.48032350239345
 20
184.8715777518848
 10
-36.0570059954681
 20
184.5719079781339
 10
-36.63256057585349
 20
184.2692607189423
 10
-37.20662756269763
 20
183.9637747141361
 10
-37.77916453250876
 20
183.655423231855
 10
-38.35012906179537
 20
183.3441795402387
 10
-38.91947872706584
 20
183.0300169074267
 10
-39.48687140577198
 20
182.7130757766122
 10
-40.05259664813428
 20
182.3931387220534
 10
-40.61660306595428
 20
182.0701732162221
 10
-41.17883927103372
 20
181.7441467315903
 10
-41.73925387517426
 20
181.4150267406299
 10
-42.29824603942734
 20
181.0825093284776
 10
-42.85534418737632
 20
180.7467954739904
 10
-43.4104846129672
 20
180.4078453128327
 10
-43.96360361014621
 20
180.0656189806694
 10
-44.51463747285948
 20
179.7200766131649
 10
-44.97183857399284
 20
179.4297869545908
 10
-45.42753280805215
 20
179.1371236961174
 10
-45.88167560336126
 20
178.8420595580327
 10
-46.33422238824437
 20
178.5445672606249
 10
-46.78514455372357
 20
178.2446076080127
 10
-47.23440093557952
 20
177.9421434429948
 10
-47.68193890155646
 20
177.6371434205546
 10
-48.12770581939878
 20
177.3295761956751
 10
-48.57252974635827
 20
177.0187896716315
 10
-49.01549114192449
 20
176.7053368607422
 10
-49.45652676196414
 20
176.3891814588609
 10
-49.89557336234361
 20
176.0702871618413
 10
-50.34686644174599
 20
175.7380168395511
 10
-50.79592603130061
 20
175.4027122839103
 10
-51.24266756313057
 20
175.0643272624388
 10
-51.68700646935946
 20
174.7228155426564
 10
-52.12888708476771
 20
174.3781052924112
 10
-52.56822356476812
 20
174.030132854883
 10
-53.00491141779389
 20
173.6788446361972
 10
-53.43884615227853
 20
173.3241870424793
 10
-53.78514622713521
 20
173.0369914836374
 10
-54.12957390328359
 20
172.7475287377119
 10
-54.47206127213832
 20
172.4557667278208
 10
-54.81254042511461
 20
172.1616733770821
 10
-55.15094345362706
 20
171.8652166086139
 10
-55.52315878816307
 20
171.5341440627195
 10
-55.89267910891056
 20
171.2000406166362
 10
-56.2593882242823
 20
170.8628566218177
 10
-56.62316994269116
 20
170.5225424297182
 10
-56.91203588667344
 20
170.2479766316888
 10
-57.19891668770788
 20
169.971312592271
 10
-57.4837371942254
 20
169.6925219201886
 10
-57.76642225465673
 20
169.411576224165
 10
-58.04689671743267
 20
169.1284471129241
 10
-58.3251188764379
 20
168.8430687902808
 10
-58.60100566062067
 20
168.5554013939215
 10
-58.87446056750025
 20
168.265414025037
 10
-59.14538709459612
 20
167.9730757848185
 10
-59.41368873942764
 20
167.6783557744569
 10
-59.68316367539188
 20
167.3768202704959
 10
-59.94976703188792
 20
167.0727018138162
 10
-60.21336690980064
 20
166.7659671477353
 10
-60.47383141001478
 20
166.4565830155706
 10
-60.73102863341524
 20
166.1445161606399
 10
-60.93978837866229
 20
165.886107505059
 10
-61.14621011675183
 20
165.6257863740835
 10
-61.35019660614438
 20
165.3635361058492
 10
-61.55165060530084
 20
165.0993400384916
 10
-61.75047487268171
 20
164.8331815101464
 10
-61.94657216674773
 20
164.5650438589492
 10
-62.1398086682571
 20
164.2949521512883
 10
-62.33013744668722
 20
164.02279236999
 10
-62.51743751208352
 20
163.7485522123459
 10
-62.70181102665799
 20
163.4718770155078
 10
-62.88292349178562
 20
163.1930430807478
 10
-63.06063378674986
 20
162.9120436548091
 10
-63.19146867521351
 20
162.700080619077
 10
-63.32026930137738
 20
162.4868614712448
 10
-63.44696663840398
 20
162.2723870840315
 10
-63.57149165945577
 20
162.0566583301565
 10
-63.69398768885407
 20
161.8392927223483
 10
-63.81418114695805
 20
161.6206289363856
 10
-63.93199146134037
 20
161.4006735419449
 10
-64.04733805957375
 20
161.1794331087031
 10
-64.16562934098448
 20
160.9459185838496
 10
-64.28104670148986
 20
160.7109473641369
 10
-64.39348220634679
 20
160.4745371031615
 10
-64.50282792081248
 20
160.23670545452
 10
-64.60928212009247
 20
159.9967639861047
 10
-64.71243426243979
 20
159.7553564289201
 10
-64.81215898546998
 20
159.5125158412877
 10
-64.90833092679839
 20
159.2682752815287
 10
-64.99965998208728
 20
159.0258294505543
 10
-65.0873103178202
 20
158.7819966014067
 10
-65.17114587212978
 20
158.5368293245095
 10
-65.25103058314875
 20
158.2903802102863
 10
-65.31202112258046
 20
158.092269106995
 10
-65.37034534534035
 20
157.8933249024859
 10
-65.42592710798834
 20
157.6935890104717
 10
-65.47869026708406
 20
157.4931028446655
 10
-65.52855867918726
 20
157.2919078187801
 10
-65.5754740688779
 20
157.0899651842361
 10
-65.61936278511558
 20
156.8873046529297
 10
-65.66014578524658
 20
156.6839863587662
 10
-65.69774402661716
 20
156.4800704356513
 10
-65.73207846657374
 20
156.2756170174904
 10
-65.76456077245268
 20
156.0602174415836
 10
-65.79328591699829
 20
155.844230872558
 10
-65.81816674275944
 20
155.6277535485759
 10
-65.83911609228517
 20
155.4108817077995
 10
-65.8560468081244
 20
155.1937115883912
 10
-65.86698482676951
 20
155.0133485248921
 10
-65.8750640253669
 20
154.8327990338266
 10
-65.88024313615477
 20
154.6521328882993
 10
-65.8824808913713
 20
154.4714198614151
 10
-65.8817360232548
 20
154.2907297262788
 10
-65.87796708604964
 20
154.1100526176047
 10
-65.87114233600795
 20
153.9294248891816
 10
-65.86123434150034
 20
153.7489280818707
 10
-65.84821567089739
 20
153.568643736533
 10
-65.83205889256959
 20
153.3886533940296
 10
-65.81212443976716
 20
153.2037712984561
 10
-65.78881248478763
 20
153.0192367003169
 10
-65.7621144265903
 20
152.8351465945308
 10
-65.73202166413438
 20
152.6515979760164
 10
-65.698525596379
 20
152.4686878396924
 10
-65.66558678890408
 20
152.3052430651442
 10
-65.62991468759373
 20
152.1423609971544
 10
-65.5915306105141
 20
151.980108526062
 10
-65.55034281625728
 20
151.8181135949844
 10
-65.50646547541459
 20
151.6568143195885
 10
-65.45992960242933
 20
151.4962736978128
 10
-65.4108852571714
 20
151.3369229805073
 10
-65.35924661537967
 20
151.1783821987356
 10
-65.30505261321247
 20
151.0207080663316
 10
-65.24819670825354
 20
150.863559032369
 10
-65.18883715819402
 20
150.7073269714065
 10
-65.1270197486727
 20
150.5520621161144
 10
-65.06035589100429
 20
150.3920939203527
 10
-64.99112958679649
 20
150.233205466926
 10
-64.91939731684727
 20
150.0754442974689
 10
-64.84503386998603
 20
149.9184777321679
 10
-64.76824372572958
 20
149.7626721343836
 10
-64.68908718133446
 20
149.6080665198564
 10
-64.60065238365712
 20
149.4418225771584
 10
-64.50955289278517
 20
149.2770095861023
 10
-64.4158674315861
 20
149.113665934154
 10
-64.31944190239096
 20
148.9514418203753
 10
-64.22054279226052
 20
148.7907004974304
 10
-64.11924888331032
 20
148.6314697205096
 10
-63.99481350529902
 20
148.4426741090785
 10
-63.86711536963037
 20
148.2560137135601
 10
-63.73628271039962
 20
148.0715127737795
 10
-63.60244376170203
 20
147.8891955295618
 10
-63.46572675763304
 20
147.709086220732
 10
-63.32624383148021
 20
147.5311835325746
 10
-63.18404192440158
 20
147.3554002179372
 10
-63.03923340484749
 20
147.181737791063
 10
-62.89193064126823
 20
147.0101977661949
 10
-62.74224600211409
 20
146.8407816575758
 10
-62.57907375469858
 20
146.6613168849244
 10
-62.41332116938639
 20
146.4841860504134
 10
-62.24510399183288
 20
146.3093734375892
 10
-62.07453796769346
 20
146.1368633299977
 10
-61.9017388426235
 20
145.9666400111854
 10
-61.71836740047019
 20
145.7906762132518
 10
-61.53270399117127
 20
145.6171020134632
 10
-61.34485788008448
 20
145.4458890976046
 10
-61.1549383325675
 20
145.2770091514609
 10
-60.96256437516138
 20
145.1100144437518
 10
-60.76825232445503
 20
144.9452533223129
 10
-60.57209309450769
 20
144.7826930673371
 10
-60.37417759937836
 20
144.6223009590179
 10
-60.17507221999864
 20
144.4644187269542
 10
-59.97433838769183
 20
144.3085909048025
 10
-59.7720503378651
 20
144.1547838876062
 10
-59.56828230592532
 20
144.0029640704086
 10
-59.29396609189297
 20
143.8032496145487
 10
-59.01722164742671
 20
143.6068908842137
 10
-58.73819436411719
 20
143.4138094760824
 10
-58.45733233925034
 20
143.2241272341649
 10
-58.17438476324975
 20
143.0375093856124
 10
-57.8894605585391
 20
142.8538842535972
 10
-57.6026686475422
 20
142.6731801612917
 10
-57.31411795268298
 20
142.4953254318679
 10
-57.02391739638529
 20
142.3202483884984
 10
-56.71341192113636
 20
142.1369174090348
 10
-56.40116007375502
 20
141.9565231965932
 10
-56.08725156803985
 20
141.7789929330669
 10
-55.77177611778939
 20
141.6042538003495
 10
-55.45482343680226
 20
141.4322329803344
 10
-55.13648323887696
 20
141.2628576549149
 10
-54.75529043946381
 20
141.064306385715
 10
-54.37226889068762
 20
140.8692678679737
 10
-53.98752750187998
 20
140.6776391436129
 10
-53.60117518237257
 20
140.4893172545544
 10
-53.21284084050677
 20
140.303977727249
 10
-52.82302835130776
 20
140.121736653657
 10
-52.43182061254441
 20
139.9425064043383
 10
-52.03930052198541
 20
139.7661993498529
 10
-51.5896061603658
 20
139.5683441281991
 10
-51.13833549613196
 20
139.3740370732088
 10
-50.68557291042458
 20
139.1831758056868
 10
-50.23140278438427
 20
138.9956579464381
 10
-49.77590949915168
 20
138.8113811162677
 10
-49.3191774358674
 20
138.6302429359804
 10
-48.86129097567209
 20
138.4521410263812
 10
-48.32575532253082
 20
138.2480759598931
 10
-47.7887448605801
 20
138.04785496565
 10
-47.25034362796367
 20
137.8513590114563
 10
-46.71063566282533
 20
137.6584690651161
 10
-46.16970500330865
 20
137.4690660944338
 10
-45.62763568755753
 20
137.2830310672136
 10
-45.06888207458786
 20
137.095046481552
 10
-44.50900309301579
 20
136.9103852222608
 10
-43.94805864841527
 20
136.7289506364152
 10
-43.38610864636053
 20
136.5506460710906
 10
-42.82321299242562
 20
136.3753748733621
 10
-42.25943159218474
 20
136.2030403903052
 10
-41.60075687663942
 20
136.0056095046049
 10
-40.9409591069498
 20
135.8119127012145
 10
-40.28010313254524
 20
135.6218329419342
 10
-39.61825380285518
 20
135.4352531885645
 10
-38.95547596730893
 20
135.2520564029057
 10
-38.29137779926185
 20
135.0720095930696
 10
-37.62641742294335
 20
134.8951327223743
 10
-36.96064094827301
 20
134.7213340683833
 10
-36.2940944851708
 20
134.5505219086601
 10
-35.62682414355629
 20
134.3826045207683
 10
-34.95932325044501
 20
134.2176044277518
 10
-34.29114774552639
 20
134.0553249800422
 10
-33.62233122237291
 20
133.8956932448742
 10
-32.95290727455705
 20
133.7386362894825
 10
-32.28290949565135
 20
133.5840811811017
 10
-31.44434401616601
 20
133.3942306140999
 10
-30.60494656891163
 20
133.2080563946907
 10
-29.76476628111064
 20
133.0254430118452
 10
-28.92385227998554
 20
132.8462749545345
 10
-27.96222906910307
 20
132.6456324226582
 10
-26.99972325204726
 20
132.44917797081
 10
-26.03638434741657
 20
132.2567821325732
 10
-25.07226187380948
 20
132.0683154415315
 10
-24.10740534982449
 20
131.8836484312681
 10
-23.14186429406004
 20
131.7026516353665
 10
-22.17568822511467
 20
131.5251955874101
 10
-21.19430399234668
 20
131.3485561077973
 10
-20.2122983825771
 20
131.1753355880126
 10
-19.22970353924592
 20
131.0054382896899
 10
-18.2465516057932
 20
130.8387684744628
 10
-17.26287472565903
 20
130.6752304039652
 10
-16.27870504228343
 20
130.5147283398309
 10
-15.29407469910637
 20
130.3571665436936
 10
-14.16196518795809
 20
130.1796106205588
 10
-13.02928269421949
 20
130.0057096219925
 10
-11.89606125061061
 20
129.8353515555897
 10
-10.76233488985147
 20
129.6684244289456
 10
-9.628131369253737
 20
129.5048194198651
 10
-8.493462887901728
 20
129.3444390061734
 10
-7.35835565719475
 20
129.1871904065902
 10
-6.222835888532188
 20
129.032980839835
 10
-5.086306690154544
 20
128.8816384603498
 10
-3.949395402528495
 20
128.733166424356
 10
-2.812122576248782
 20
128.5874867565336
 10
-1.674508761910261
 20
128.4445214815627
 10
-0.3096695696801248
 20
128.2765255429243
 10
1.055623702276051
 20
128.1122045865441
 10
2.4213443820137
 20
127.9514487500935
 10
3.787465797588226
 20
127.7941481712437
 10
5.153961277055004
 20
127.6401929876658
 10
6.520807638264586
 20
127.4894779486473
 10
7.88800239976544
 20
127.3419107615891
 10
9.255526183483397
 20
127.1974036491284
 10
10.62335961134417
 20
127.0558688339023
 10
11.9914833052735
 20
126.917218538548
 10
13.70202315173213
 20
126.7478343693809
 10
15.41298168993291
 20
126.5826806638157
 10
17.12433079590585
 20
126.4216178264655
 10
18.83604234568105
 20
126.2645062619434
 10
20.55025112564331
 20
126.1110200614697
 10
22.26479151901651
 20
125.9612393032273
 10
23.97964215192243
 20
125.8150480121895
 10
25.69478165048281
 20
125.6723302133298
 10
27.2302727425257
 20
125.547434343528
 10
28.76597692626169
 20
125.4251592242913
 10
30.30188225565908
 20
125.3054344088882
 10
31.83797678468611
 20
125.1881894505872
 10
33.88646847677643
 20
125.0355962062319
 10
35.93526650821912
 20
124.8871423274011
 10
37.98434823909483
 20
124.7426834881588
  0
ARC
  5
8E
330
1F
100
AcDbEntity
  8
Geometries
  6
Continuous
370
    40
100
AcDbCircle
 10
176.3098205958055
 20
164.5843703722484
 30
0.0
 40
1.600000000000001
100
AcDbArc
 50
90.0
 51
180.0
  0
LINE
  5
8F
330
1F
100
AcDbEntity
  8
Geometries
  6
Continuous
370
    40
100
AcDbLine
 10
44.57610965895785
 20
129.3999917186947
 30
0.0
 11
38.3206008513886
 21
129.733609069372
 31
0.0
  0
ELLIPSE
  5
90
330
1F
100
AcDbEntity
  8
Geometries
  6
Continuous
370
    40
100
AcDbEllipse
 10
42.361938187465
 20
188.1796032405589
 30
0.0
 11
2.036040969763004
 21
0.2402700819884616
 31
0.0
210
0.0
220
0.0
230
1.0
 40
0.9999176136502946
 41
0.0
 42
6.283185307179586
  0
ARC
  5
91
330
1F
100
AcDbEntity
  8
Geometries
  6
Continuous
370
    40
100
AcDbCircle
 10
193.309820595805
 20
164.5843703722484
 30
0.0
 40
1.59999999999999
100
AcDbArc
 50
0.0
 51
90.0
  0
LINE
  5
92
330
1F
100
AcDbEntity
  8
Geometries
  6
Continuous
370
    40
100
AcDbLine
 10
44.30523204981844
 20
124.3208875822273
 30
0.0
 11
44.57610965895785
 21
129.3999917186947
 31
0.0
  0
ELLIPSE
  5
93
330
1F
100
AcDbEntity
  8
Geometries
  6
Continuous
370
    40
100
AcDbEllipse
 10
42.361938187465
 20
141.1795500596109
 30
0.0
 11
2.036040969763004
 21
0.2402700819884616
 31
0.0
210
0.0
220
0.0
230
1.0
 40
0.9999176136502946
 41
0.0
 42
6.283185307179586
  0
LINE
  5
94
330
1F
100
AcDbEntity
  8
Geometries
  6
Continuous
370
    40
100
AcDbLine
 10
176.3098205958055
 20
156.5843703722484
 30
0.0
 11
193.309820595805
 21
156.5843703722484
 31
0.0
  0
LINE
  5
95
330
1F
100
AcDbEntity
  8
Geometries
  6
Continuous
370
    40
100
AcDbLine
 10
38.15213912085761
 20
206.5979965239498
 30
0.0
 11
39.0870775689344
 21
201.5918517429383
 31
0.0
  0
LINE
  5
96
330
1F
100
AcDbEntity
  8
Geometries
  6
Continuous
370
    40
100
AcDbLine
 10
244.9208296289445
 20
151.5598195652026
 30
0.0
 11
242.1820637004185
 21
151.5598195647075
 31
0.0
  0
LINE
  5
97
330
1F
100
AcDbEntity
  8
Geometries
  6
Continuous
370
    40
100
AcDbLine
 10
174.7098205958055
 20
164.5843703722484
 30
0.0
 11
174.7098205958055
 21
158.1843703722484
 31
0.0
  0
LINE
  5
98
330
1F
100
AcDbEntity
  8
Geometries
  6
Continuous
370
    40
100
AcDbLine
 10
371.597300605429
 20
123.2799118791579
 30
0.0
 11
371.3200476877701
 21
128.2258565850727
 31
0.0
  0
CIRCLE
  5
99
330
1F
100
AcDbEntity
  8
Geometries
  6
Continuous
370
    40
100
AcDbCircle
 10
-15.69852559637897
 20
167.7533995870193
 30
0.0
 40
10.2
  0
LINE
  5
9A
330
1F
100
AcDbEntity
  8
Geometries
  6
Continuous
370
    40
100
AcDbLine
 10
45.23123088465323
 20
202.5941605509617
 30
0.0
 11
44.34499948437485
 21
207.5543504525557
 31
0.0
  0
LINE
  5
9B
330
1F
100
AcDbEntity
  8
Geometries
  6
Continuous
370
    40
100
AcDbLine
 10
372.2513331745615
 20
184.5653876432276
 30
0.0
 11
371.2289230696195
 21
179.8782271554197
 31
0.0
  0
CIRCLE
  5
9C
330
1F
100
AcDbEntity
  8
Geometries
  6
Continuous
370
    40
100
AcDbCircle
 10
199.5199439756885
 20
161.5533995870193
 30
0.0
 40
2.825
  0
LINE
  5
9D
330
1F
100
AcDbEntity
  8
Geometries
  6
Continuous
370
    40
100
AcDbLine
 10
38.3206008513886
 20
129.733609069372
 30
0.0
 11
37.98434823909483
 21
124.7426834881588
 31
0.0
  0
LINE
  5
9E
330
1F
100
AcDbEntity
  8
Geometries
  6
Continuous
370
    40
100
AcDbLine
 10
193.309820595805
 20
166.1843703722484
 30
0.0
 11
176.3098205958055
 21
166.1843703722484
 31
0.0
  0
LINE
  5
9F
330
1F
100
AcDbEntity
  8
Geometries
  6
Continuous
370
    40
100
AcDbLine
 10
371.2289230696195
 20
179.8782271554197
 30
0.0
 11
365.1732590906635
 21
181.1464383579947
 31
0.0
  0
ARC
  5
A0
330
1F
100
AcDbEntity
  8
Geometries
  6
Continuous
370
    40
100
AcDbCircle
 10
193.309820595805
 20
158.1843703722484
 30
0.0
 40
1.600000000000001
100
AcDbArc
 50
270.0
 51
0.0
  0
VIEWPORT
  5
79
330
75
100
AcDbEntity
 67
     1
  8
0
100
AcDbViewport
 10
210.0
 20
148.5
 30
0.0
 40
420.0
 41
297.0
 68
     1
 69
     1
 12
210.0
 22
148.5
 13
0.0
 23
0.0
 14
10.0
 24
10.0
 15
10.0
 25
10.0
 16
0.0
 26
0.0
 36
1.0
 17
0.0
 27
0.0
 37
0.0
 42
50.0
 43
0.0
 44
0.0
 45
297.0
 50
0.0
 51
0.0
 72
   100
 90
   557152
  1

281
     0
 71
     1
 74
     0
110
0.0
120
0.0
130
0.0
111
1.0
121
0.0
131
0.0
112
0.0
122
1.0
132
0.0
 79
     0
146
0.0
170
     0
 61
     5
348
2F
292
     1
282
     1
141
0.0
142
0.0
 63
   256
361
7A
  0
VIEWPORT
  5
7B
330
75
100
AcDbEntity
 67
     1
  8
0
100
AcDbViewport
 10
210.0
 20
148.5
 30
0.0
 40
420.0
 41
297.0
 68
     2
 69
     2
 12
210.0
 22
148.5
 13
0.0
 23
0.0
 14
10.0
 24
10.0
 15
10.0
 25
10.0
 16
0.0
 26
0.0
 36
1.0
 17
0.0
 27
0.0
 37
0.0
 42
50.0
 43
0.0
 44
0.0
 45
297.0
 50
0.0
 51
0.0
 72
   100
 90
   557152
  1

281
     0
 71
     1
 74
     0
110
0.0
120
0.0
130
0.0
111
1.0
121
0.0
131
0.0
112
0.0
122
1.0
132
0.0
 79
     0
146
0.0
170
     0
 61
     5
348
2F
292
     1
282
     1
141
0.0
142
0.0
 63
   256
361
7C
  0
ENDSEC
  0
SECTION
  2
OBJECTS
  0
DICTIONARY
  5
C
330
0
100
AcDbDictionary
281
     1
  3
ACAD_DETAILVIEWSTYLE
350
D8
  3
ACAD_GROUP
350
D
  3
ACAD_LAYOUT
350
1A
  3
ACAD_MATERIAL
350
43
  3
ACAD_MLEADERSTYLE
350
5B
  3
ACAD_MLINESTYLE
350
17
  3
ACAD_PLOTSETTINGS
350
19
  3
ACAD_PLOTSTYLENAME
350
E
  3
ACAD_SCALELIST
350
47
  3
ACAD_SECTIONVIEWSTYLE
350
D9
  3
ACAD_TABLESTYLE
350
59
  3
ACAD_VISUALSTYLE
350
2A
  3
AcDbVariableDictionary
350
A1
  3
ACDB_RECOMPOSE_DATA
350
D5
  0
SUN
  5
5D
330
29
100
AcDbSun
 90
        1
290
     0
 63
     7
421
 16777215
 40
1.0
291
     1
 91
  2455826
 92
 54000000
292
     0
 70
     2
 71
   256
280
     1
  0
SUN
  5
7A
330
79
100
AcDbSun
 90
        1
290
     0
 63
     7
421
 16777215
 40
1.0
291
     1
 91
  2455826
 92
 54000000
292
     0
 70
     2
 71
   256
280
     1
  0
SUN
  5
7C
330
7B
100
AcDbSun
 90
        1
290
     0
 63
     7
421
 16777215
 40
1.0
291
     1
 91
  2455826
 92
 54000000
292
     0
 70
     2
 71
   256
280
     1
  0
DICTIONARY
  5
D8
102
{ACAD_REACTORS
330
C
102
}
330
C
100
AcDbDictionary
281
     1
  0
DICTIONARY
  5
D
102
{ACAD_REACTORS
330
C
102
}
330
C
100
AcDbDictionary
281
     1
  0
DICTIONARY
  5
1A
102
{ACAD_REACTORS
330
C
102
}
330
C
100
AcDbDictionary
281
     1
  3
Layout1
350
1E
  3
Layout2
350
26
  3
Model
350
22
  3
Sheet
350
76
  0
DICTIONARY
  5
43
102
{ACAD_REACTORS
330
C
102
}
330
C
100
AcDbDictionary
281
     1
  3
ByBlock
350
45
  3
ByLayer
350
44
  3
Global
350
46
  0
DICTIONARY
  5
5B
102
{ACAD_REACTORS
330
C
102
}
330
C
100
AcDbDictionary
281
     1
  3
Standard
350
5C
  0
DICTIONARY
  5
17
102
{ACAD_REACTORS
330
C
102
}
330
C
100
AcDbDictionary
281
     1
  3
Standard
350
18
  0
DICTIONARY
  5
19
102
{ACAD_REACTORS
330
C
102
}
330
C
100
AcDbDictionary
281
     1
  0
ACDBDICTIONARYWDFLT
  5
E
102
{ACAD_REACTORS
330
C
102
}
330
C
100
AcDbDictionary
281
     1
  3
Normal
350
F
100
AcDbDictionaryWithDefault
340
F
  0
DICTIONARY
  5
47
102
{ACAD_REACTORS
330
C
102
}
330
C
100
AcDbDictionary
281
     1
  3
A0
350
48
  3
A1
350
49
  3
A2
350
4A
  3
A3
350
4B
  3
A4
350
4C
  3
A5
350
4D
  3
A6
350
4E
  3
A7
350
4F
  3
A8
350
50
  3
A9
350
51
  3
B0
350
52
  3
B1
350
53
  3
B2
350
54
  3
B3
350
55
  3
B4
350
56
  3
B5
350
57
  3
B6
350
58
  0
DICTIONARY
  5
D9
102
{ACAD_REACTORS
330
C
102
}
330
C
100
AcDbDictionary
281
     1
  0
DICTIONARY
  5
59
102
{ACAD_REACTORS
330
C
102
}
330
C
100
AcDbDictionary
281
     1
  3
Standard
350
5A
  0
DICTIONARY
  5
2A
102
{ACAD_REACTORS
330
C
102
}
330
C
100
AcDbDictionary
281
     1
  3
2dWireframe
350
2F
  3
Basic
350
32
  3
Brighten
350
36
  3
ColorChange
350
3A
  3
Conceptual
350
34
  3
Dim
350
35
  3
EdgeColorOff
350
3D
  3
Facepattern
350
39
  3
Flat
350
2B
  3
FlatWithEdges
350
2C
  3
Gouraud
350
2D
  3
GouraudWithEdges
350
2E
  3
Hidden
350
31
  3
JitterOff
350
3B
  3
Linepattern
350
38
  3
OverhangOff
350
3C
  3
Realistic
350
33
  3
Shaded
350
42
  3
Shaded with edges
350
41
  3
Shades of Gray
350
3E
  3
Sketchy
350
3F
  3
Thicken
350
37
  3
Wireframe
350
30
  3
X-Ray
350
40
  0
DICTIONARY
  5
A1
102
{ACAD_REACTORS
330
C
102
}
330
C
100
AcDbDictionary
281
     1
  3
CANNOSCALE
350
A2
  3
CENTEREXE
350
DA
  3
CENTERLTYPEFILE
350
DB
  3
CMLEADERSTYLE
350
D7
  3
CTABLESTYLE
350
D6
  0
XRECORD
  5
D5
102
{ACAD_REACTORS
330
C
102
}
330
C
100
AcDbXrecord
280
     1
 90
        1
330
5A
  0
LAYOUT
  5
1E
102
{ACAD_REACTORS
330
1A
102
}
330
1A
100
AcDbPlotSettings
  1

  2
none_device
  4

  6

 40
0.0
 41
0.0
 42
0.0
 43
0.0
 44
0.0
 45
0.0
 46
0.0
 47
0.0
 48
0.0
 49
0.0
140
0.0
141
0.0
142
1.0
143
1.0
 70
   688
 72
     1
 73
     0
 74
     5
  7

 75
    16
 76
     0
 77
     2
 78
   300
147
1.0
148
0.0
149
0.0
100
AcDbLayout
  1
Layout1
 70
     1
 71
     1
 10
0.0
 20
0.0
 11
420.0
 21
297.0
 12
0.0
 22
0.0
 32
0.0
 14
1.000000000000000E+20
 24
1.000000000000000E+20
 34
1.000000000000000E+20
 15
-1.000000000000000E+20
 25
-1.000000000000000E+20
 35
-1.000000000000000E+20
146
0.0
 13
0.0
 23
0.0
 33
0.0
 16
1.0
 26
0.0
 36
0.0
 17
0.0
 27
1.0
 37
0.0
 76
     0
330
1B
  0
LAYOUT
  5
26
102
{ACAD_REACTORS
330
1A
102
}
330
1A
100
AcDbPlotSettings
  1

  2
none_device
  4

  6

 40
0.0
 41
0.0
 42
0.0
 43
0.0
 44
0.0
 45
0.0
 46
0.0
 47
0.0
 48
0.0
 49
0.0
140
0.0
141
0.0
142
1.0
143
1.0
 70
   688
 72
     1
 73
     0
 74
     5
  7

 75
    16
 76
     0
 77
     2
 78
   300
147
1.0
148
0.0
149
0.0
100
AcDbLayout
  1
Layout2
 70
     1
 71
     2
 10
0.0
 20
0.0
 11
0.0
 21
0.0
 12
0.0
 22
0.0
 32
0.0
 14
0.0
 24
0.0
 34
0.0
 15
0.0
 25
0.0
 35
0.0
146
0.0
 13
0.0
 23
0.0
 33
0.0
 16
1.0
 26
0.0
 36
0.0
 17
0.0
 27
1.0
 37
0.0
 76
     0
330
23
  0
LAYOUT
  5
22
102
{ACAD_REACTORS
330
1A
102
}
330
1A
100
AcDbPlotSettings
  1

  2
none_device
  4
Letter_(8.50_x_11.00_Inches)
  6

 40
6.35
 41
6.35
 42
6.35000508
 43
6.35000508
 44
215.9
 45
279.4
 46
0.0
 47
0.0
 48
0.0
 49
0.0
140
0.0
141
0.0
142
1.0
143
1.0
 70
  1712
 72
     1
 73
     0
 74
     0
  7

 75
     0
 76
     0
 77
     2
 78
   300
147
1.0
148
0.0
149
0.0
100
AcDbLayout
  1
Model
 70
     1
 71
     0
 10
0.0
 20
0.0
 11
420.0
 21
297.0
 12
0.0
 22
0.0
 32
0.0
 14
1.000000000000000E+20
 24
1.000000000000000E+20
 34
1.000000000000000E+20
 15
-1.000000000000000E+20
 25
-1.000000000000000E+20
 35
-1.000000000000000E+20
146
0.0
 13
0.0
 23
0.0
 33
0.0
 16
1.0
 26
0.0
 36
0.0
 17
0.0
 27
1.0
 37
0.0
 76
     0
330
1F
331
29
  0
LAYOUT
  5
76
102
{ACAD_REACTORS
330
1A
102
}
330
1A
100
AcDbPlotSettings
  1

  2
Custom Device
  4
CustomPaper_420.000000x297.000000mm
  6

 40
0.0
 41
0.0
 42
0.0
 43
0.0
 44
297.0
 45
420.0
 46
0.0
 47
0.0
 48
0.0
 49
0.0
140
0.0
141
0.0
142
1.0
143
1.0
 70
   672
 72
     1
 73
     1
 74
     5
  7

 75
    16
 76
     0
 77
     2
 78
   300
147
1.0
148
0.0
149
0.0
100
AcDbLayout
  1
Sheet
 70
     1
 71
     3
 10
-20.0
 20
-7.5
 11
277.0
 21
202.5
 12
0.0
 22
0.0
 32
0.0
 14
0.0
 24
0.0
 34
0.0
 15
0.0
 25
0.0
 35
0.0
146
0.0
 13
0.0
 23
0.0
 33
0.0
 16
1.0
 26
0.0
 36
0.0
 17
0.0
 27
1.0
 37
0.0
 76
     0
330
75
331
79
  0
MATERIAL
  5
45
102
{ACAD_REACTORS
330
43
102
}
330
43
100
AcDbMaterial
  1
ByBlock
 72
     1
 94
      127
  0
MATERIAL
  5
44
102
{ACAD_REACTORS
330
43
102
}
330
43
100
AcDbMaterial
  1
ByLayer
 72
     1
 94
      127
  0
MATERIAL
  5
46
102
{ACAD_REACTORS
330
43
102
}
330
43
100
AcDbMaterial
  1
Global
 72
     1
 94
      127
  0
MLEADERSTYLE
  5
5C
102
{ACAD_REACTORS
330
5B
102
}
330
5B
100
AcDbMLeaderStyle
179
     2
170
     2
171
     1
172
     0
 90
        2
 40
0.0
 41
0.0
173
     1
 91
-1056964608
340
14
 92
       -2
290
     1
 42
2.0
291
     1
 43
8.0
  3
Standard
341
0
 44
4.0
300

342
11
174
     1
178
     6
175
     1
176
     0
 93
-1056964608
 45
4.0
292
     0
297
     0
 46
4.0
343
0
 94
-1056964608
 47
1.0
 49
1.0
140
1.0
293
     1
141
0.0
294
     1
177
     0
142
1.0
295
     0
296
     0
143
3.75
271
     0
272
     9
273
     9
  0
MLINESTYLE
  5
18
102
{ACAD_REACTORS
330
17
102
}
330
17
100
AcDbMlineStyle
  2
Standard
 70
     0
  3

 62
   256
 51
90.0
 52
90.0
 71
     2
 49
0.5
 62
   256
  6
BYLAYER
 49
-0.5
 62
   256
  6
BYLAYER
  0
ACDBPLACEHOLDER
  5
F
102
{ACAD_REACTORS
330
E
102
}
330
E
  0
SCALE
  5
48
102
{ACAD_REACTORS
330
47
102
}
330
47
100
AcDbScale
 70
     0
300
1:1
140
1.0
141
1.0
290
     1
  0
SCALE
  5
49
102
{ACAD_REACTORS
330
47
102
}
330
47
100
AcDbScale
 70
     0
300
1:2
140
1.0
141
2.0
290
     0
  0
SCALE
  5
4A
102
{ACAD_REACTORS
330
47
102
}
330
47
100
AcDbScale
 70
     0
300
1:4
140
1.0
141
4.0
290
     0
  0
SCALE
  5
4B
102
{ACAD_REACTORS
330
47
102
}
330
47
100
AcDbScale
 70
     0
300
1:5
140
1.0
141
5.0
290
     0
  0
SCALE
  5
4C
102
{ACAD_REACTORS
330
47
102
}
330
47
100
AcDbScale
 70
     0
300
1:8
140
1.0
141
8.0
290
     0
  0
SCALE
  5
4D
102
{ACAD_REACTORS
330
47
102
}
330
47
100
AcDbScale
 70
     0
300
1:10
140
1.0
141
10.0
290
     0
  0
SCALE
  5
4E
102
{ACAD_REACTORS
330
47
102
}
330
47
100
AcDbScale
 70
     0
300
1:16
140
1.0
141
16.0
290
     0
  0
SCALE
  5
4F
102
{ACAD_REACTORS
330
47
102
}
330
47
100
AcDbScale
 70
     0
300
1:20
140
1.0
141
20.0
290
     0
  0
SCALE
  5
50
102
{ACAD_REACTORS
330
47
102
}
330
47
100
AcDbScale
 70
     0
300
1:30
140
1.0
141
30.0
290
     0
  0
SCALE
  5
51
102
{ACAD_REACTORS
330
47
102
}
330
47
100
AcDbScale
 70
     0
300
1:40
140
1.0
141
40.0
290
     0
  0
SCALE
  5
52
102
{ACAD_REACTORS
330
47
102
}
330
47
100
AcDbScale
 70
     0
300
1:50
140
1.0
141
50.0
290
     0
  0
SCALE
  5
53
102
{ACAD_REACTORS
330
47
102
}
330
47
100
AcDbScale
 70
     0
300
1:100
140
1.0
141
100.0
290
     0
  0
SCALE
  5
54
102
{ACAD_REACTORS
330
47
102
}
330
47
100
AcDbScale
 70
     0
300
2:1
140
2.0
141
1.0
290
     0
  0
SCALE
  5
55
102
{ACAD_REACTORS
330
47
102
}
330
47
100
AcDbScale
 70
     0
300
4:1
140
4.0
141
1.0
290
     0
  0
SCALE
  5
56
102
{ACAD_REACTORS
330
47
102
}
330
47
100
AcDbScale
 70
     0
300
8:1
140
8.0
141
1.0
290
     0
  0
SCALE
  5
57
102
{ACAD_REACTORS
330
47
102
}
330
47
100
AcDbScale
 70
     0
300
10:1
140
10.0
141
1.0
290
     0
  0
SCALE
  5
58
102
{ACAD_REACTORS
330
47
102
}
330
47
100
AcDbScale
 70
     0
300
100:1
140
100.0
141
1.0
290
     0
  0
TABLESTYLE
  5
5A
102
{ACAD_REACTORS
330
59
102
}
102
{ACAD_XDICTIONARY
360
D3
102
}
330
59
100
AcDbTableStyle
  3
Standard
 70
     0
 71
     0
 40
0.06
 41
0.06
280
     0
281
     0
  7
Standard
140
4.5
170
     2
 62
     0
 63
   257
283
     0
 90
        4
 91
        0
  1

274
    -2
284
     1
 64
     0
275
    -2
285
     1
 65
     0
276
    -2
286
     1
 66
     0
277
    -2
287
     1
 67
     0
278
    -2
288
     1
 68
     0
279
    -2
289
     1
 69
     0
  7
Standard
140
6.0
170
     5
 62
     0
 63
   257
283
     0
 90
        4
 91
        0
  1

274
    -2
284
     1
 64
     0
275
    -2
285
     1
 65
     0
276
    -2
286
     1
 66
     0
277
    -2
287
     1
 67
     0
278
    -2
288
     1
 68
     0
279
    -2
289
     1
 69
     0
  7
Standard
140
4.5
170
     5
 62
     0
 63
   257
283
     0
 90
        4
 91
        0
  1

274
    -2
284
     1
 64
     0
275
    -2
285
     1
 65
     0
276
    -2
286
     1
 66
     0
277
    -2
287
     1
 67
     0
278
    -2
288
     1
 68
     0
279
    -2
289
     1
 69
     0
  0
VISUALSTYLE
  5
2F
102
{ACAD_REACTORS
330
2A
102
}
102
{ACAD_XDICTIONARY
360
AB
102
}
330
2A
100
AcDbVisualStyle
  2
2dWireframe
 70
     4
177
     2
291
     0
 71
     0
176
     1
 72
     2
176
     1
 73
     0
176
     1
 90
        0
176
     1
 40
0.6
176
     1
 41
30.0
176
     1
 62
     5
 63
     7
421
 16777215
176
     1
 74
     1
176
     1
 91
        4
176
     1
 64
     7
176
     1
 65
   257
176
     1
 75
     1
176
     1
175
     1
176
     1
 42
1.0
176
     1
 92
        0
176
     1
 66
   257
176
     1
 43
1.0
176
     1
 76
     1
176
     1
 77
     6
176
     1
 78
     2
176
     1
 67
     7
176
     1
 79
     5
176
     1
170
     0
176
     1
171
     0
176
     1
290
     0
176
     1
 93
        1
176
     1
 44
0.0
176
     1
173
     0
176
     1
  0
VISUALSTYLE
  5
32
102
{ACAD_REACTORS
330
2A
102
}
102
{ACAD_XDICTIONARY
360
B1
102
}
330
2A
100
AcDbVisualStyle
  2
Basic
 70
     7
177
     2
291
     1
 71
     1
176
     1
 72
     0
176
     1
 73
     1
176
     1
 90
        0
176
     1
 40
0.6
176
     1
 41
30.0
176
     1
 62
     5
 63
     7
421
 16777215
176
     1
 74
     0
176
     1
 91
        4
176
     1
 64
     7
176
     1
 65
   257
176
     1
 75
     1
176
     1
175
     1
176
     1
 42
1.0
176
     1
 92
        8
176
     1
 66
     7
176
     1
 43
1.0
176
     1
 76
     1
176
     1
 77
     6
176
     1
 78
     2
176
     1
 67
     7
176
     1
 79
     5
176
     1
170
     0
176
     1
171
     0
176
     1
290
     0
176
     1
 93
        1
176
     1
 44
0.0
176
     1
173
     0
176
     1
  0
VISUALSTYLE
  5
36
102
{ACAD_REACTORS
330
2A
102
}
102
{ACAD_XDICTIONARY
360
B9
102
}
330
2A
100
AcDbVisualStyle
  2
Brighten
 70
    12
177
     2
291
     1
 71
     2
176
     1
 72
     2
176
     1
 73
     0
176
     1
 90
        0
176
     1
 40
0.6
176
     1
 41
30.0
176
     1
 62
     5
 63
     7
421
 16777215
176
     1
 74
     1
176
     1
 91
        4
176
     1
 64
     7
176
     1
 65
   257
176
     1
 75
     1
176
     1
175
     1
176
     1
 42
1.0
176
     1
 92
        8
176
     1
 66
     7
176
     1
 43
1.0
176
     1
 76
     1
176
     1
 77
     6
176
     1
 78
     2
176
     1
 67
     7
176
     1
 79
     5
176
     1
170
     0
176
     1
171
     0
176
     1
290
     0
176
     1
 93
        1
176
     1
 44
50.0
176
     1
173
     0
176
     1
  0
VISUALSTYLE
  5
3A
102
{ACAD_REACTORS
330
2A
102
}
102
{ACAD_XDICTIONARY
360
C1
102
}
330
2A
100
AcDbVisualStyle
  2
ColorChange
 70
    16
177
     2
291
     1
 71
     2
176
     1
 72
     2
176
     1
 73
     3
176
     1
 90
        0
176
     1
 40
0.6
176
     1
 41
30.0
176
     1
 62
     5
 63
     8
421
  8421504
176
     1
 74
     1
176
     1
 91
        4
176
     1
 64
     7
176
     1
 65
   257
176
     1
 75
     1
176
     1
175
     1
176
     1
 42
1.0
176
     1
 92
        8
176
     1
 66
     8
424
  8421504
176
     1
 43
1.0
176
     1
 76
     1
176
     1
 77
     6
176
     1
 78
     2
176
     1
 67
     7
176
     1
 79
     5
176
     1
170
     0
176
     1
171
     0
176
     1
290
     0
176
     1
 93
        1
176
     1
 44
0.0
176
     1
173
     0
176
     1
  0
VISUALSTYLE
  5
34
102
{ACAD_REACTORS
330
2A
102
}
102
{ACAD_XDICTIONARY
360
B5
102
}
330
2A
100
AcDbVisualStyle
  2
Conceptual
 70
     9
177
     2
291
     0
 71
     3
176
     1
 72
     2
176
     1
 73
     0
176
     1
 90
        0
176
     1
 40
0.6
176
     1
 41
30.0
176
     1
 62
     5
 63
     7
421
 16777215
176
     1
 74
     2
176
     1
 91
        2
176
     1
 64
     7
176
     1
 65
   257
176
     1
 75
     1
176
     1
175
     1
176
     1
 42
179.0
176
     1
 92
        8
176
     1
 66
     7
176
     1
 43
1.0
176
     1
 76
     1
176
     1
 77
     6
176
     1
 78
     2
176
     1
 67
     7
176
     1
 79
     3
176
     1
170
     0
176
     1
171
     0
176
     1
290
     0
176
     1
 93
        1
176
     1
 44
0.0
176
     1
173
     0
176
     1
  0
VISUALSTYLE
  5
35
102
{ACAD_REACTORS
330
2A
102
}
102
{ACAD_XDICTIONARY
360
B7
102
}
330
2A
100
AcDbVisualStyle
  2
Dim
 70
    11
177
     2
291
     1
 71
     2
176
     1
 72
     2
176
     1
 73
     0
176
     1
 90
        0
176
     1
 40
0.6
176
     1
 41
30.0
176
     1
 62
     5
 63
     7
421
 16777215
176
     1
 74
     1
176
     1
 91
        4
176
     1
 64
     7
176
     1
 65
   257
176
     1
 75
     1
176
     1
175
     1
176
     1
 42
1.0
176
     1
 92
        8
176
     1
 66
     7
176
     1
 43
1.0
176
     1
 76
     1
176
     1
 77
     6
176
     1
 78
     2
176
     1
 67
     7
176
     1
 79
     5
176
     1
170
     0
176
     1
171
     0
176
     1
290
     0
176
     1
 93
        1
176
     1
 44
-50.0
176
     1
173
     0
176
     1
  0
VISUALSTYLE
  5
3D
102
{ACAD_REACTORS
330
2A
102
}
102
{ACAD_XDICTIONARY
360
C7
102
}
330
2A
100
AcDbVisualStyle
  2
EdgeColorOff
 70
    22
177
     2
291
     1
 71
     2
176
     0
 72
     2
176
     0
 73
     0
176
     0
 90
        0
176
     0
 40
0.6
176
     0
 41
30.0
176
     0
 62
     5
 63
     7
421
 16777215
176
     0
 74
     1
176
     0
 91
        4
176
     0
 64
     7
176
     0
 65
   257
176
     0
 75
     1
176
     0
175
     1
176
     0
 42
1.0
176
     0
 92
        8
176
     2
 66
     7
176
     0
 43
1.0
176
     0
 76
     1
176
     0
 77
     6
176
     0
 78
     2
176
     0
 67
     7
176
     0
 79
     5
176
     0
170
     0
176
     0
171
     0
176
     0
290
     0
176
     0
 93
        1
176
     0
 44
0.0
176
     0
173
     0
176
     0
  0
VISUALSTYLE
  5
39
102
{ACAD_REACTORS
330
2A
102
}
102
{ACAD_XDICTIONARY
360
BF
102
}
330
2A
100
AcDbVisualStyle
  2
Facepattern
 70
    15
177
     2
291
     1
 71
     2
176
     1
 72
     2
176
     1
 73
     0
176
     1
 90
        0
176
     1
 40
0.6
176
     1
 41
30.0
176
     1
 62
     5
 63
     7
421
 16777215
176
     1
 74
     1
176
     1
 91
        4
176
     1
 64
     7
176
     1
 65
   257
176
     1
 75
     1
176
     1
175
     1
176
     1
 42
1.0
176
     1
 92
        8
176
     1
 66
     7
176
     1
 43
1.0
176
     1
 76
     1
176
     1
 77
     6
176
     1
 78
     2
176
     1
 67
     7
176
     1
 79
     5
176
     1
170
     0
176
     1
171
     0
176
     1
290
     0
176
     1
 93
        1
176
     1
 44
0.0
176
     1
173
     0
176
     1
  0
VISUALSTYLE
  5
2B
102
{ACAD_REACTORS
330
2A
102
}
102
{ACAD_XDICTIONARY
360
A3
102
}
330
2A
100
AcDbVisualStyle
  2
Flat
 70
     0
177
     2
291
     1
 71
     2
176
     1
 72
     1
176
     1
 73
     1
176
     1
 90
        2
176
     1
 40
0.6
176
     1
 41
30.0
176
     1
 62
     5
 63
     7
421
 16777215
176
     1
 74
     0
176
     1
 91
        0
176
     1
 64
     7
176
     1
 65
   257
176
     1
 75
     1
176
     1
175
     1
176
     1
 42
1.0
176
     1
 92
        8
176
     1
 66
     7
176
     1
 43
1.0
176
     1
 76
     1
176
     1
 77
     6
176
     1
 78
     2
176
     1
 67
     7
176
     1
 79
     5
176
     1
170
     0
176
     1
171
     0
176
     1
290
     0
176
     1
 93
       13
176
     1
 44
0.0
176
     1
173
     0
176
     1
  0
VISUALSTYLE
  5
2C
102
{ACAD_REACTORS
330
2A
102
}
102
{ACAD_XDICTIONARY
360
A5
102
}
330
2A
100
AcDbVisualStyle
  2
FlatWithEdges
 70
     1
177
     2
291
     1
 71
     2
176
     1
 72
     1
176
     1
 73
     1
176
     1
 90
        2
176
     1
 40
0.6
176
     1
 41
30.0
176
     1
 62
     5
 63
     7
421
 16777215
176
     1
 74
     1
176
     1
 91
        0
176
     1
 64
     7
176
     1
 65
   257
176
     1
 75
     1
176
     1
175
     1
176
     1
 42
1.0
176
     1
 92
        0
176
     1
 66
   257
176
     1
 43
1.0
176
     1
 76
     1
176
     1
 77
     6
176
     1
 78
     2
176
     1
 67
     7
176
     1
 79
     5
176
     1
170
     0
176
     1
171
     0
176
     1
290
     0
176
     1
 93
       13
176
     1
 44
0.0
176
     1
173
     0
176
     1
  0
VISUALSTYLE
  5
2D
102
{ACAD_REACTORS
330
2A
102
}
102
{ACAD_XDICTIONARY
360
A7
102
}
330
2A
100
AcDbVisualStyle
  2
Gouraud
 70
     2
177
     2
291
     1
 71
     2
176
     1
 72
     2
176
     1
 73
     1
176
     1
 90
        2
176
     1
 40
0.6
176
     1
 41
30.0
176
     1
 62
     5
 63
     7
421
 16777215
176
     1
 74
     0
176
     1
 91
        0
176
     1
 64
     7
176
     1
 65
   257
176
     1
 75
     1
176
     1
175
     1
176
     1
 42
1.0
176
     1
 92
        0
176
     1
 66
     7
176
     1
 43
1.0
176
     1
 76
     1
176
     1
 77
     6
176
     1
 78
     2
176
     1
 67
     7
176
     1
 79
     5
176
     1
170
     0
176
     1
171
     0
176
     1
290
     0
176
     1
 93
       13
176
     1
 44
0.0
176
     1
173
     0
176
     1
  0
VISUALSTYLE
  5
2E
102
{ACAD_REACTORS
330
2A
102
}
102
{ACAD_XDICTIONARY
360
A9
102
}
330
2A
100
AcDbVisualStyle
  2
GouraudWithEdges
 70
     3
177
     2
291
     1
 71
     2
176
     1
 72
     2
176
     1
 73
     1
176
     1
 90
        2
176
     1
 40
0.6
176
     1
 41
30.0
176
     1
 62
     5
 63
     7
421
 16777215
176
     1
 74
     1
176
     1
 91
        0
176
     1
 64
     7
176
     1
 65
   257
176
     1
 75
     1
176
     1
175
     1
176
     1
 42
1.0
176
     1
 92
        0
176
     1
 66
   257
176
     1
 43
1.0
176
     1
 76
     1
176
     1
 77
     6
176
     1
 78
     2
176
     1
 67
     7
176
     1
 79
     5
176
     1
170
     0
176
     1
171
     0
176
     1
290
     0
176
     1
 93
       13
176
     1
 44
0.0
176
     1
173
     0
176
     1
  0
VISUALSTYLE
  5
31
102
{ACAD_REACTORS
330
2A
102
}
102
{ACAD_XDICTIONARY
360
AF
102
}
330
2A
100
AcDbVisualStyle
  2
Hidden
 70
     6
177
     2
291
     0
 71
     1
176
     1
 72
     2
176
     1
 73
     2
176
     1
 90
        0
176
     1
 40
0.6
176
     1
 41
30.0
176
     1
 62
     5
 63
     7
421
 16777215
176
     1
 74
     2
176
     1
 91
        2
176
     1
 64
     7
176
     1
 65
   257
176
     1
 75
     2
176
     1
175
     1
176
     1
 42
40.0
176
     1
 92
        0
176
     1
 66
   257
176
     1
 43
1.0
176
     1
 76
     1
176
     1
 77
     6
176
     1
 78
     2
176
     1
 67
     7
176
     1
 79
     3
176
     1
170
     0
176
     1
171
     0
176
     1
290
     0
176
     1
 93
        1
176
     1
 44
0.0
176
     1
173
     0
176
     1
  0
VISUALSTYLE
  5
3B
102
{ACAD_REACTORS
330
2A
102
}
102
{ACAD_XDICTIONARY
360
C3
102
}
330
2A
100
AcDbVisualStyle
  2
JitterOff
 70
    20
177
     2
291
     1
 71
     2
176
     0
 72
     2
176
     0
 73
     0
176
     0
 90
        0
176
     0
 40
0.6
176
     0
 41
30.0
176
     0
 62
     5
 63
     7
421
 16777215
176
     0
 74
     1
176
     0
 91
        4
176
     0
 64
     7
176
     0
 65
   257
176
     0
 75
     1
176
     0
175
     1
176
     0
 42
1.0
176
     0
 92
       10
176
     2
 66
     7
176
     0
 43
1.0
176
     0
 76
     1
176
     0
 77
     6
176
     0
 78
     2
176
     0
 67
     7
176
     0
 79
     5
176
     0
170
     0
176
     0
171
     0
176
     0
290
     0
176
     0
 93
        1
176
     0
 44
0.0
176
     0
173
     0
176
     0
  0
VISUALSTYLE
  5
38
102
{ACAD_REACTORS
330
2A
102
}
102
{ACAD_XDICTIONARY
360
BD
102
}
330
2A
100
AcDbVisualStyle
  2
Linepattern
 70
    14
177
     2
291
     1
 71
     2
176
     1
 72
     2
176
     1
 73
     0
176
     1
 90
        0
176
     1
 40
0.6
176
     1
 41
30.0
176
     1
 62
     5
 63
     7
421
 16777215
176
     1
 74
     1
176
     1
 91
        4
176
     1
 64
     7
176
     1
 65
   257
176
     1
 75
     7
176
     1
175
     7
176
     1
 42
1.0
176
     1
 92
        8
176
     1
 66
     7
176
     1
 43
1.0
176
     1
 76
     1
176
     1
 77
     6
176
     1
 78
     2
176
     1
 67
     7
176
     1
 79
     5
176
     1
170
     0
176
     1
171
     0
176
     1
290
     0
176
     1
 93
        1
176
     1
 44
0.0
176
     1
173
     0
176
     1
  0
VISUALSTYLE
  5
3C
102
{ACAD_REACTORS
330
2A
102
}
102
{ACAD_XDICTIONARY
360
C5
102
}
330
2A
100
AcDbVisualStyle
  2
OverhangOff
 70
    21
177
     2
291
     1
 71
     2
176
     0
 72
     2
176
     0
 73
     0
176
     0
 90
        0
176
     0
 40
0.6
176
     0
 41
30.0
176
     0
 62
     5
 63
     7
421
 16777215
176
     0
 74
     1
176
     0
 91
        4
176
     0
 64
     7
176
     0
 65
   257
176
     0
 75
     1
176
     0
175
     1
176
     0
 42
1.0
176
     0
 92
        9
176
     2
 66
     7
176
     0
 43
1.0
176
     0
 76
     1
176
     0
 77
     6
176
     0
 78
     2
176
     0
 67
     7
176
     0
 79
     5
176
     0
170
     0
176
     0
171
     0
176
     0
290
     0
176
     0
 93
        1
176
     0
 44
0.0
176
     0
173
     0
176
     0
  0
VISUALSTYLE
  5
33
102
{ACAD_REACTORS
330
2A
102
}
102
{ACAD_XDICTIONARY
360
B3
102
}
330
2A
100
AcDbVisualStyle
  2
Realistic
 70
     8
177
     2
291
     0
 71
     2
176
     1
 72
     3
176
     1
 73
     0
176
     1
 90
        2
176
     1
 40
0.6
176
     1
 41
30.0
176
     1
 62
     5
 63
     7
421
 16777215
176
     1
 74
     0
176
     1
 91
        0
176
     1
 64
     7
176
     1
 65
   257
176
     1
 75
     1
176
     1
175
     1
176
     1
 42
1.0
176
     1
 92
        8
176
     1
 66
   257
176
     1
 43
1.0
176
     1
 76
     1
176
     1
 77
     6
176
     1
 78
     2
176
     1
 67
     7
176
     1
 79
     3
176
     1
170
     0
176
     1
171
     0
176
     1
290
     0
176
     1
 93
       13
176
     1
 44
0.0
176
     1
173
     0
176
     1
  0
VISUALSTYLE
  5
42
102
{ACAD_REACTORS
330
2A
102
}
102
{ACAD_XDICTIONARY
360
D1
102
}
330
2A
100
AcDbVisualStyle
  2
Shaded
 70
    27
177
     2
291
     0
 71
     2
176
     1
 72
     2
176
     1
 73
     1
176
     1
 90
        2
176
     1
 40
0.6
176
     1
 41
30.0
176
     1
 62
     5
 63
     7
421
 16777215
176
     1
 74
     0
176
     1
 91
        4
176
     1
 64
     7
176
     1
 65
   257
176
     1
 75
     1
176
     1
175
     1
176
     1
 42
1.0
176
     1
 92
        8
176
     1
 66
   257
176
     1
 43
1.0
176
     1
 76
     1
176
     1
 77
     6
176
     1
 78
     2
176
     1
 67
     8
425
  7895160
176
     1
 79
     3
176
     1
170
     0
176
     1
171
     0
176
     1
290
     0
176
     1
 93
        5
176
     1
 44
0.0
176
     1
173
     0
176
     1
  0
VISUALSTYLE
  5
41
102
{ACAD_REACTORS
330
2A
102
}
102
{ACAD_XDICTIONARY
360
CF
102
}
330
2A
100
AcDbVisualStyle
  2
Shaded with edges
 70
    26
177
     2
291
     0
 71
     2
176
     1
 72
     2
176
     1
 73
     1
176
     1
 90
        2
176
     1
 40
0.6
176
     1
 41
30.0
176
     1
 62
     5
 63
     7
421
 16777215
176
     1
 74
     1
176
     1
 91
       10
176
     1
 64
     7
176
     1
 65
   257
176
     1
 75
     2
176
     1
175
     1
176
     1
 42
1.0
176
     1
 92
        8
176
     1
 66
   257
176
     1
 43
1.0
176
     1
 76
     1
176
     1
 77
     6
176
     1
 78
     2
176
     1
 67
     7
176
     1
 79
     3
176
     1
170
     0
176
     1
171
     0
176
     1
290
     0
176
     1
 93
        5
176
     1
 44
0.0
176
     1
173
     0
176
     1
  0
VISUALSTYLE
  5
3E
102
{ACAD_REACTORS
330
2A
102
}
102
{ACAD_XDICTIONARY
360
C9
102
}
330
2A
100
AcDbVisualStyle
  2
Shades of Gray
 70
    23
177
     2
291
     0
 71
     2
176
     1
 72
     2
176
     1
 73
     3
176
     1
 90
        0
176
     1
 40
0.6
176
     1
 41
30.0
176
     1
 62
     5
 63
     7
421
 16777215
176
     1
 74
     2
176
     1
 91
        2
176
     1
 64
     7
176
     1
 65
     7
176
     1
 75
     1
176
     1
175
     1
176
     1
 42
40.0
176
     1
 92
        8
176
     1
 66
     7
176
     1
 43
1.0
176
     1
 76
     1
176
     1
 77
     6
176
     1
 78
     2
176
     1
 67
     7
176
     1
 79
     3
176
     1
170
     0
176
     1
171
     0
176
     1
290
     0
176
     1
 93
        1
176
     1
 44
0.0
176
     1
173
     0
176
     1
  0
VISUALSTYLE
  5
3F
102
{ACAD_REACTORS
330
2A
102
}
102
{ACAD_XDICTIONARY
360
CB
102
}
330
2A
100
AcDbVisualStyle
  2
Sketchy
 70
    24
177
     2
291
     0
 71
     1
176
     1
 72
     2
176
     1
 73
     2
176
     1
 90
        0
176
     1
 40
0.6
176
     1
 41
30.0
176
     1
 62
     5
 63
     7
421
 16777215
176
     1
 74
     2
176
     1
 91
        2
176
     1
 64
     7
176
     1
 65
     7
176
     1
 75
     1
176
     1
175
     1
176
     1
 42
40.0
176
     1
 92
       11
176
     1
 66
     7
176
     1
 43
1.0
176
     1
 76
     1
176
     1
 77
     6
176
     1
 78
     2
176
     1
 67
     7
176
     1
 79
     6
176
     1
170
     0
176
     1
171
     0
176
     1
290
     0
176
     1
 93
        1
176
     1
 44
0.0
176
     1
173
     0
176
     1
  0
VISUALSTYLE
  5
37
102
{ACAD_REACTORS
330
2A
102
}
102
{ACAD_XDICTIONARY
360
BB
102
}
330
2A
100
AcDbVisualStyle
  2
Thicken
 70
    13
177
     2
291
     1
 71
     2
176
     1
 72
     2
176
     1
 73
     0
176
     1
 90
        0
176
     1
 40
0.6
176
     1
 41
30.0
176
     1
 62
     5
 63
     7
421
 16777215
176
     1
 74
     1
176
     1
 91
        4
176
     1
 64
     7
176
     1
 65
   257
176
     1
 75
     1
176
     1
175
     1
176
     1
 42
1.0
176
     1
 92
       12
176
     1
 66
     7
176
     1
 43
1.0
176
     1
 76
     1
176
     1
 77
     6
176
     1
 78
     2
176
     1
 67
     7
176
     1
 79
     5
176
     1
170
     0
176
     1
171
     0
176
     1
290
     0
176
     1
 93
        1
176
     1
 44
0.0
176
     1
173
     0
176
     1
  0
VISUALSTYLE
  5
30
102
{ACAD_REACTORS
330
2A
102
}
102
{ACAD_XDICTIONARY
360
AD
102
}
330
2A
100
AcDbVisualStyle
  2
Wireframe
 70
     5
177
     2
291
     0
 71
     0
176
     1
 72
     2
176
     1
 73
     0
176
     1
 90
        0
176
     1
 40
0.6
176
     1
 41
30.0
176
     1
 62
     5
 63
     7
421
 16777215
176
     1
 74
     1
176
     1
 91
        4
176
     1
 64
     7
176
     1
 65
   257
176
     1
 75
     1
176
     1
175
     1
176
     1
 42
1.0
176
     1
 92
        0
176
     1
 66
   257
176
     1
 43
1.0
176
     1
 76
     1
176
     1
 77
     6
176
     1
 78
     2
176
     1
 67
     7
176
     1
 79
     3
176
     1
170
     0
176
     1
171
     0
176
     1
290
     0
176
     1
 93
        1
176
     1
 44
0.0
176
     1
173
     0
176
     1
  0
VISUALSTYLE
  5
40
102
{ACAD_REACTORS
330
2A
102
}
102
{ACAD_XDICTIONARY
360
CD
102
}
330
2A
100
AcDbVisualStyle
  2
X-Ray
 70
    25
177
     2
291
     0
 71
     2
176
     1
 72
     2
176
     1
 73
     1
176
     1
 90
        1
176
     1
 40
0.5
176
     1
 41
30.0
176
     1
 62
     5
 63
     7
421
 16777215
176
     1
 74
     1
176
     1
 91
        0
176
     1
 64
     7
176
     1
 65
   257
176
     1
 75
     1
176
     1
175
     1
176
     1
 42
1.0
176
     1
 92
        8
176
     1
 66
     7
176
     1
 43
1.0
176
     1
 76
     1
176
     1
 77
     6
176
     1
 78
     2
176
     1
 67
     7
176
     1
 79
     3
176
     1
170
     0
176
     1
171
     0
176
     1
290
     0
176
     1
 93
       13
176
     1
 44
0.0
176
     1
173
     0
176
     1
  0
DICTIONARYVAR
  5
A2
102
{ACAD_REACTORS
330
A1
102
}
330
A1
100
DictionaryVariables
280
     0
  1
1:1
  0
DICTIONARYVAR
  5
DA
102
{ACAD_REACTORS
330
A1
102
}
330
A1
100
DictionaryVariables
280
     0
  1
3.500000
  0
DICTIONARYVAR
  5
DB
102
{ACAD_REACTORS
330
A1
102
}
330
A1
100
DictionaryVariables
280
     0
  1
acadiso.lin
  0
DICTIONARYVAR
  5
D7
102
{ACAD_REACTORS
330
A1
102
}
330
A1
100
DictionaryVariables
280
     0
  1
Standard
  0
DICTIONARYVAR
  5
D6
102
{ACAD_REACTORS
330
A1
102
}
330
A1
100
DictionaryVariables
280
     0
  1
Standard
  0
DICTIONARY
  5
D3
330
5A
100
AcDbDictionary
280
     1
281
     1
  3
ACAD_ROUNDTRIP_2008_TABLESTYLE_CELLSTYLEMAP
360
D4
  0
DICTIONARY
  5
AB
330
2F
100
AcDbDictionary
280
     1
281
     1
  3
ACAD_XREC_ROUNDTRIP
360
AC
  0
DICTIONARY
  5
B1
330
32
100
AcDbDictionary
280
     1
281
     1
  3
ACAD_XREC_ROUNDTRIP
360
B2
  0
DICTIONARY
  5
B9
330
36
100
AcDbDictionary
280
     1
281
     1
  3
ACAD_XREC_ROUNDTRIP
360
BA
  0
DICTIONARY
  5
C1
330
3A
100
AcDbDictionary
280
     1
281
     1
  3
ACAD_XREC_ROUNDTRIP
360
C2
  0
DICTIONARY
  5
B5
330
34
100
AcDbDictionary
280
     1
281
     1
  3
ACAD_XREC_ROUNDTRIP
360
B6
  0
DICTIONARY
  5
B7
330
35
100
AcDbDictionary
280
     1
281
     1
  3
ACAD_XREC_ROUNDTRIP
360
B8
  0
DICTIONARY
  5
C7
330
3D
100
AcDbDictionary
280
     1
281
     1
  3
ACAD_XREC_ROUNDTRIP
360
C8
  0
DICTIONARY
  5
BF
330
39
100
AcDbDictionary
280
     1
281
     1
  3
ACAD_XREC_ROUNDTRIP
360
C0
  0
DICTIONARY
  5
A3
330
2B
100
AcDbDictionary
280
     1
281
     1
  3
ACAD_XREC_ROUNDTRIP
360
A4
  0
DICTIONARY
  5
A5
330
2C
100
AcDbDictionary
280
     1
281
     1
  3
ACAD_XREC_ROUNDTRIP
360
A6
  0
DICTIONARY
  5
A7
330
2D
100
AcDbDictionary
280
     1
281
     1
  3
ACAD_XREC_ROUNDTRIP
360
A8
  0
DICTIONARY
  5
A9
330
2E
100
AcDbDictionary
280
     1
281
     1
  3
ACAD_XREC_ROUNDTRIP
360
AA
  0
DICTIONARY
  5
AF
330
31
100
AcDbDictionary
280
     1
281
     1
  3
ACAD_XREC_ROUNDTRIP
360
B0
  0
DICTIONARY
  5
C3
330
3B
100
AcDbDictionary
280
     1
281
     1
  3
ACAD_XREC_ROUNDTRIP
360
C4
  0
DICTIONARY
  5
BD
330
38
100
AcDbDictionary
280
     1
281
     1
  3
ACAD_XREC_ROUNDTRIP
360
BE
  0
DICTIONARY
  5
C5
330
3C
100
AcDbDictionary
280
     1
281
     1
  3
ACAD_XREC_ROUNDTRIP
360
C6
  0
DICTIONARY
  5
B3
330
33
100
AcDbDictionary
280
     1
281
     1
  3
ACAD_XREC_ROUNDTRIP
360
B4
  0
DICTIONARY
  5
D1
330
42
100
AcDbDictionary
280
     1
281
     1
  3
ACAD_XREC_ROUNDTRIP
360
D2
  0
DICTIONARY
  5
CF
330
41
100
AcDbDictionary
280
     1
281
     1
  3
ACAD_XREC_ROUNDTRIP
360
D0
  0
DICTIONARY
  5
C9
330
3E
100
AcDbDictionary
280
     1
281
     1
  3
ACAD_XREC_ROUNDTRIP
360
CA
  0
DICTIONARY
  5
CB
330
3F
100
AcDbDictionary
280
     1
281
     1
  3
ACAD_XREC_ROUNDTRIP
360
CC
  0
DICTIONARY
  5
BB
330
37
100
AcDbDictionary
280
     1
281
     1
  3
ACAD_XREC_ROUNDTRIP
360
BC
  0
DICTIONARY
  5
AD
330
30
100
AcDbDictionary
280
     1
281
     1
  3
ACAD_XREC_ROUNDTRIP
360
AE
  0
DICTIONARY
  5
CD
330
40
100
AcDbDictionary
280
     1
281
     1
  3
ACAD_XREC_ROUNDTRIP
360
CE
  0
CELLSTYLEMAP
  5
D4
102
{ACAD_REACTORS
330
D3
102
}
330
D3
100
AcDbCellStyleMap
 90
        3
300
CELLSTYLE
  1
TABLEFORMAT_BEGIN
 90
        5
170
     1
 91
        0
 92
    32768
 62
   257
 93
        1
300
CONTENTFORMAT
  1
CONTENTFORMAT_BEGIN
 90
        0
 91
        0
 92
        4
 93
        0
300

 40
0.0
140
1.0
 94
        5
 62
     0
340
11
144
6.0
309
CONTENTFORMAT_END
171
     1
301
MARGIN
  1
CELLMARGIN_BEGIN
 40
1.5
 40
1.5
 40
1.5
 40
1.5
 40
1.5
 40
1.5
309
CELLMARGIN_END
 94
        6
 95
        1
302
GRIDFORMAT
  1
GRIDFORMAT_BEGIN
 90
        0
 91
        1
 62
     0
 92
       -2
340
14
 93
        0
 40
0.045
309
GRIDFORMAT_END
 95
        2
302
GRIDFORMAT
  1
GRIDFORMAT_BEGIN
 90
        0
 91
        1
 62
     0
 92
       -2
340
14
 93
        0
 40
0.045
309
GRIDFORMAT_END
 95
        4
302
GRIDFORMAT
  1
GRIDFORMAT_BEGIN
 90
        0
 91
        1
 62
     0
 92
       -2
340
14
 93
        0
 40
0.045
309
GRIDFORMAT_END
 95
        8
302
GRIDFORMAT
  1
GRIDFORMAT_BEGIN
 90
        0
 91
        1
 62
     0
 92
       -2
340
14
 93
        0
 40
0.045
309
GRIDFORMAT_END
 95
       16
302
GRIDFORMAT
  1
GRIDFORMAT_BEGIN
 90
        0
 91
        1
 62
     0
 92
       -2
340
14
 93
        0
 40
0.045
309
GRIDFORMAT_END
 95
       32
302
GRIDFORMAT
  1
GRIDFORMAT_BEGIN
 90
        0
 91
        1
 62
     0
 92
       -2
340
14
 93
        0
 40
0.045
309
GRIDFORMAT_END
309
TABLEFORMAT_END
  1
CELLSTYLE_BEGIN
 90
        1
 91
        1
300
_TITLE
309
CELLSTYLE_END
300
CELLSTYLE
  1
TABLEFORMAT_BEGIN
 90
        5
170
     1
 91
        0
 92
        0
 62
   257
 93
        1
300
CONTENTFORMAT
  1
CONTENTFORMAT_BEGIN
 90
        0
 91
        0
 92
        4
 93
        0
300

 40
0.0
140
1.0
 94
        5
 62
     0
340
11
144
4.5
309
CONTENTFORMAT_END
171
     1
301
MARGIN
  1
CELLMARGIN_BEGIN
 40
1.5
 40
1.5
 40
1.5
 40
1.5
 40
1.5
 40
1.5
309
CELLMARGIN_END
 94
        6
 95
        1
302
GRIDFORMAT
  1
GRIDFORMAT_BEGIN
 90
        0
 91
        1
 62
     0
 92
       -2
340
14
 93
        0
 40
0.045
309
GRIDFORMAT_END
 95
        2
302
GRIDFORMAT
  1
GRIDFORMAT_BEGIN
 90
        0
 91
        1
 62
     0
 92
       -2
340
14
 93
        0
 40
0.045
309
GRIDFORMAT_END
 95
        4
302
GRIDFORMAT
  1
GRIDFORMAT_BEGIN
 90
        0
 91
        1
 62
     0
 92
       -2
340
14
 93
        0
 40
0.045
309
GRIDFORMAT_END
 95
        8
302
GRIDFORMAT
  1
GRIDFORMAT_BEGIN
 90
        0
 91
        1
 62
     0
 92
       -2
340
14
 93
        0
 40
0.045
309
GRIDFORMAT_END
 95
       16
302
GRIDFORMAT
  1
GRIDFORMAT_BEGIN
 90
        0
 91
        1
 62
     0
 92
       -2
340
14
 93
        0
 40
0.045
309
GRIDFORMAT_END
 95
       32
302
GRIDFORMAT
  1
GRIDFORMAT_BEGIN
 90
        0
 91
        1
 62
     0
 92
       -2
340
14
 93
        0
 40
0.045
309
GRIDFORMAT_END
309
TABLEFORMAT_END
  1
CELLSTYLE_BEGIN
 90
        2
 91
        1
300
_HEADER
309
CELLSTYLE_END
300
CELLSTYLE
  1
TABLEFORMAT_BEGIN
 90
        5
170
     1
 91
        0
 92
        0
 62
   257
 93
        1
300
CONTENTFORMAT
  1
CONTENTFORMAT_BEGIN
 90
        0
 91
        0
 92
        4
 93
        0
300

 40
0.0
140
1.0
 94
        2
 62
     0
340
11
144
4.5
309
CONTENTFORMAT_END
171
     1
301
MARGIN
  1
CELLMARGIN_BEGIN
 40
1.5
 40
1.5
 40
1.5
 40
1.5
 40
1.5
 40
1.5
309
CELLMARGIN_END
 94
        6
 95
        1
302
GRIDFORMAT
  1
GRIDFORMAT_BEGIN
 90
        0
 91
        1
 62
     0
 92
       -2
340
14
 93
        0
 40
0.045
309
GRIDFORMAT_END
 95
        2
302
GRIDFORMAT
  1
GRIDFORMAT_BEGIN
 90
        0
 91
        1
 62
     0
 92
       -2
340
14
 93
        0
 40
0.045
309
GRIDFORMAT_END
 95
        4
302
GRIDFORMAT
  1
GRIDFORMAT_BEGIN
 90
        0
 91
        1
 62
     0
 92
       -2
340
14
 93
        0
 40
0.045
309
GRIDFORMAT_END
 95
        8
302
GRIDFORMAT
  1
GRIDFORMAT_BEGIN
 90
        0
 91
        1
 62
     0
 92
       -2
340
14
 93
        0
 40
0.045
309
GRIDFORMAT_END
 95
       16
302
GRIDFORMAT
  1
GRIDFORMAT_BEGIN
 90
        0
 91
        1
 62
     0
 92
       -2
340
14
 93
        0
 40
0.045
309
GRIDFORMAT_END
 95
       32
302
GRIDFORMAT
  1
GRIDFORMAT_BEGIN
 90
        0
 91
        1
 62
     0
 92
       -2
340
14
 93
        0
 40
0.045
309
GRIDFORMAT_END
309
TABLEFORMAT_END
  1
CELLSTYLE_BEGIN
 90
        3
 91
        2
300
_DATA
309
CELLSTYLE_END
  0
XRECORD
  5
AC
102
{ACAD_REACTORS
330
AB
102
}
330
AB
100
AcDbXrecord
280
     1
102
RTVSPost2010Prop28
280
     1
102
RTVSPost2010PropOp28
 70
     1
102
RTVSPost2010Prop29
280
     1
102
RTVSPost2010PropOp29
 70
     1
102
RTVSPost2010Prop30
280
     0
102
RTVSPost2010PropOp30
 70
     1
102
RTVSPost2010Prop31
280
     0
102
RTVSPost2010PropOp31
 70
     1
102
RTVSPost2010Prop32
280
     0
102
RTVSPost2010PropOp32
 70
     1
102
RTVSPost2010Prop33
280
     0
102
RTVSPost2010PropOp33
 70
     1
102
RTVSPost2010Prop34
280
     0
102
RTVSPost2010PropOp34
 70
     1
102
RTVSPost2010Prop35
280
     0
102
RTVSPost2010PropOp35
 70
     1
102
RTVSPost2010Prop36
280
     0
102
RTVSPost2010PropOp36
 70
     1
102
RTVSPost2010Prop37
 90
       50
102
RTVSPost2010PropOp37
 70
     1
102
RTVSPost2010Prop38
140
0.0
102
RTVSPost2010PropOp38
 70
     1
102
RTVSPost2010Prop39
140
1.0
102
RTVSPost2010PropOp39
 70
     1
102
RTVSPost2010Prop40
 90
        0
102
RTVSPost2010PropOp40
 70
     1
102
RTVSPost2010Prop41ColorIndex
 90
       18
102
RTVSPost2010Prop41ColorRGB
 90
        0
102
RTVSPost2010PropOp41
 70
     1
102
RTVSPost2010Prop42
 90
       50
102
RTVSPost2010PropOp42
 70
     1
102
RTVSPost2010Prop43
 90
        3
102
RTVSPost2010PropOp43
 70
     1
102
RTVSPost2010Prop44ColorIndex
 90
        5
102
RTVSPost2010Prop44ColorRGB
 90
      255
102
RTVSPost2010PropOp44
 70
     1
102
RTVSPost2010Prop45
280
     0
102
RTVSPost2010PropOp45
 70
     1
102
RTVSPost2010Prop46
 90
       50
102
RTVSPost2010PropOp46
 70
     1
102
RTVSPost2010Prop47
 90
       50
102
RTVSPost2010PropOp47
 70
     1
102
RTVSPost2010Prop48
 90
       50
102
RTVSPost2010PropOp48
 70
     1
102
RTVSPost2010Prop49
280
     0
102
RTVSPost2010PropOp49
 70
     1
102
RTVSPost2010Prop50
 90
       50
102
RTVSPost2010PropOp50
 70
     1
102
RTVSPost2010Prop51ColorIndex
 90
      256
102
RTVSPost2010Prop51ColorRGB
 90
-16777216
102
RTVSPost2010PropOp51
 70
     0
102
RTVSPost2010Prop52
140
1.0
102
RTVSPost2010PropOp52
 70
     0
102
RTVSPost2010Prop53
 90
        2
102
RTVSPost2010PropOp53
 70
     1
102
RTVSPost2010Prop54
  1
strokes_ogs.tif
102
RTVSPost2010PropOp54
 70
     1
102
RTVSPost2010Prop55
280
     0
102
RTVSPost2010PropOp55
 70
     1
102
RTVSPost2010Prop56
140
1.0
102
RTVSPost2010PropOp56
 70
     1
102
RTVSPost2010Prop57
140
1.0
102
RTVSPost2010PropOp57
 70
     1
  0
XRECORD
  5
B2
102
{ACAD_REACTORS
330
B1
102
}
330
B1
100
AcDbXrecord
280
     1
102
RTVSPost2010Prop28
280
     0
102
RTVSPost2010PropOp28
 70
     1
102
RTVSPost2010Prop29
280
     1
102
RTVSPost2010PropOp29
 70
     1
102
RTVSPost2010Prop30
280
     1
102
RTVSPost2010PropOp30
 70
     1
102
RTVSPost2010Prop31
280
     0
102
RTVSPost2010PropOp31
 70
     1
102
RTVSPost2010Prop32
280
     0
102
RTVSPost2010PropOp32
 70
     1
102
RTVSPost2010Prop33
280
     0
102
RTVSPost2010PropOp33
 70
     1
102
RTVSPost2010Prop34
280
     0
102
RTVSPost2010PropOp34
 70
     1
102
RTVSPost2010Prop35
280
     0
102
RTVSPost2010PropOp35
 70
     1
102
RTVSPost2010Prop36
280
     0
102
RTVSPost2010PropOp36
 70
     1
102
RTVSPost2010Prop37
 90
       50
102
RTVSPost2010PropOp37
 70
     1
102
RTVSPost2010Prop38
140
0.0
102
RTVSPost2010PropOp38
 70
     1
102
RTVSPost2010Prop39
140
1.0
102
RTVSPost2010PropOp39
 70
     1
102
RTVSPost2010Prop40
 90
        0
102
RTVSPost2010PropOp40
 70
     1
102
RTVSPost2010Prop41ColorIndex
 90
       18
102
RTVSPost2010Prop41ColorRGB
 90
        0
102
RTVSPost2010PropOp41
 70
     1
102
RTVSPost2010Prop42
 90
       50
102
RTVSPost2010PropOp42
 70
     1
102
RTVSPost2010Prop43
 90
        3
102
RTVSPost2010PropOp43
 70
     1
102
RTVSPost2010Prop44ColorIndex
 90
        5
102
RTVSPost2010Prop44ColorRGB
 90
      255
102
RTVSPost2010PropOp44
 70
     1
102
RTVSPost2010Prop45
280
     0
102
RTVSPost2010PropOp45
 70
     1
102
RTVSPost2010Prop46
 90
       50
102
RTVSPost2010PropOp46
 70
     1
102
RTVSPost2010Prop47
 90
       50
102
RTVSPost2010PropOp47
 70
     1
102
RTVSPost2010Prop48
 90
       50
102
RTVSPost2010PropOp48
 70
     1
102
RTVSPost2010Prop49
280
     0
102
RTVSPost2010PropOp49
 70
     1
102
RTVSPost2010Prop50
 90
       50
102
RTVSPost2010PropOp50
 70
     1
102
RTVSPost2010Prop51ColorIndex
 90
      256
102
RTVSPost2010Prop51ColorRGB
 90
-16777216
102
RTVSPost2010PropOp51
 70
     0
102
RTVSPost2010Prop52
140
1.0
102
RTVSPost2010PropOp52
 70
     0
102
RTVSPost2010Prop53
 90
        2
102
RTVSPost2010PropOp53
 70
     1
102
RTVSPost2010Prop54
  1
strokes_ogs.tif
102
RTVSPost2010PropOp54
 70
     1
102
RTVSPost2010Prop55
280
     0
102
RTVSPost2010PropOp55
 70
     1
102
RTVSPost2010Prop56
140
1.0
102
RTVSPost2010PropOp56
 70
     1
102
RTVSPost2010Prop57
140
1.0
102
RTVSPost2010PropOp57
 70
     1
  0
XRECORD
  5
BA
102
{ACAD_REACTORS
330
B9
102
}
330
B9
100
AcDbXrecord
280
     1
102
RTVSPost2010Prop28
280
     0
102
RTVSPost2010PropOp28
 70
     1
102
RTVSPost2010Prop29
280
     1
102
RTVSPost2010PropOp29
 70
     1
102
RTVSPost2010Prop30
280
     1
102
RTVSPost2010PropOp30
 70
     1
102
RTVSPost2010Prop31
280
     0
102
RTVSPost2010PropOp31
 70
     1
102
RTVSPost2010Prop32
280
     0
102
RTVSPost2010PropOp32
 70
     1
102
RTVSPost2010Prop33
280
     0
102
RTVSPost2010PropOp33
 70
     1
102
RTVSPost2010Prop34
280
     0
102
RTVSPost2010PropOp34
 70
     1
102
RTVSPost2010Prop35
280
     0
102
RTVSPost2010PropOp35
 70
     1
102
RTVSPost2010Prop36
280
     0
102
RTVSPost2010PropOp36
 70
     1
102
RTVSPost2010Prop37
 90
       50
102
RTVSPost2010PropOp37
 70
     1
102
RTVSPost2010Prop38
140
0.0
102
RTVSPost2010PropOp38
 70
     1
102
RTVSPost2010Prop39
140
1.0
102
RTVSPost2010PropOp39
 70
     1
102
RTVSPost2010Prop40
 90
        0
102
RTVSPost2010PropOp40
 70
     1
102
RTVSPost2010Prop41ColorIndex
 90
       18
102
RTVSPost2010Prop41ColorRGB
 90
        0
102
RTVSPost2010PropOp41
 70
     1
102
RTVSPost2010Prop42
 90
       50
102
RTVSPost2010PropOp42
 70
     1
102
RTVSPost2010Prop43
 90
        3
102
RTVSPost2010PropOp43
 70
     1
102
RTVSPost2010Prop44ColorIndex
 90
        5
102
RTVSPost2010Prop44ColorRGB
 90
      255
102
RTVSPost2010PropOp44
 70
     1
102
RTVSPost2010Prop45
280
     0
102
RTVSPost2010PropOp45
 70
     1
102
RTVSPost2010Prop46
 90
       50
102
RTVSPost2010PropOp46
 70
     1
102
RTVSPost2010Prop47
 90
       50
102
RTVSPost2010PropOp47
 70
     1
102
RTVSPost2010Prop48
 90
       50
102
RTVSPost2010PropOp48
 70
     1
102
RTVSPost2010Prop49
280
     0
102
RTVSPost2010PropOp49
 70
     1
102
RTVSPost2010Prop50
 90
       50
102
RTVSPost2010PropOp50
 70
     1
102
RTVSPost2010Prop51ColorIndex
 90
      256
102
RTVSPost2010Prop51ColorRGB
 90
-16777216
102
RTVSPost2010PropOp51
 70
     0
102
RTVSPost2010Prop52
140
1.0
102
RTVSPost2010PropOp52
 70
     0
102
RTVSPost2010Prop53
 90
        2
102
RTVSPost2010PropOp53
 70
     1
102
RTVSPost2010Prop54
  1
strokes_ogs.tif
102
RTVSPost2010PropOp54
 70
     1
102
RTVSPost2010Prop55
280
     0
102
RTVSPost2010PropOp55
 70
     1
102
RTVSPost2010Prop56
140
1.0
102
RTVSPost2010PropOp56
 70
     1
102
RTVSPost2010Prop57
140
1.0
102
RTVSPost2010PropOp57
 70
     1
  0
XRECORD
  5
C2
102
{ACAD_REACTORS
330
C1
102
}
330
C1
100
AcDbXrecord
280
     1
102
RTVSPost2010Prop28
280
     0
102
RTVSPost2010PropOp28
 70
     1
102
RTVSPost2010Prop29
280
     1
102
RTVSPost2010PropOp29
 70
     1
102
RTVSPost2010Prop30
280
     1
102
RTVSPost2010PropOp30
 70
     1
102
RTVSPost2010Prop31
280
     0
102
RTVSPost2010PropOp31
 70
     1
102
RTVSPost2010Prop32
280
     0
102
RTVSPost2010PropOp32
 70
     1
102
RTVSPost2010Prop33
280
     0
102
RTVSPost2010PropOp33
 70
     1
102
RTVSPost2010Prop34
280
     0
102
RTVSPost2010PropOp34
 70
     1
102
RTVSPost2010Prop35
280
     0
102
RTVSPost2010PropOp35
 70
     1
102
RTVSPost2010Prop36
280
     0
102
RTVSPost2010PropOp36
 70
     1
102
RTVSPost2010Prop37
 90
       50
102
RTVSPost2010PropOp37
 70
     1
102
RTVSPost2010Prop38
140
0.0
102
RTVSPost2010PropOp38
 70
     1
102
RTVSPost2010Prop39
140
1.0
102
RTVSPost2010PropOp39
 70
     1
102
RTVSPost2010Prop40
 90
        0
102
RTVSPost2010PropOp40
 70
     1
102
RTVSPost2010Prop41ColorIndex
 90
       18
102
RTVSPost2010Prop41ColorRGB
 90
        0
102
RTVSPost2010PropOp41
 70
     1
102
RTVSPost2010Prop42
 90
       50
102
RTVSPost2010PropOp42
 70
     1
102
RTVSPost2010Prop43
 90
        3
102
RTVSPost2010PropOp43
 70
     1
102
RTVSPost2010Prop44ColorIndex
 90
        5
102
RTVSPost2010Prop44ColorRGB
 90
      255
102
RTVSPost2010PropOp44
 70
     1
102
RTVSPost2010Prop45
280
     0
102
RTVSPost2010PropOp45
 70
     1
102
RTVSPost2010Prop46
 90
       50
102
RTVSPost2010PropOp46
 70
     1
102
RTVSPost2010Prop47
 90
       50
102
RTVSPost2010PropOp47
 70
     1
102
RTVSPost2010Prop48
 90
       50
102
RTVSPost2010PropOp48
 70
     1
102
RTVSPost2010Prop49
280
     0
102
RTVSPost2010PropOp49
 70
     1
102
RTVSPost2010Prop50
 90
       50
102
RTVSPost2010PropOp50
 70
     1
102
RTVSPost2010Prop51ColorIndex
 90
      256
102
RTVSPost2010Prop51ColorRGB
 90
-16777216
102
RTVSPost2010PropOp51
 70
     0
102
RTVSPost2010Prop52
140
1.0
102
RTVSPost2010PropOp52
 70
     0
102
RTVSPost2010Prop53
 90
        2
102
RTVSPost2010PropOp53
 70
     1
102
RTVSPost2010Prop54
  1
strokes_ogs.tif
102
RTVSPost2010PropOp54
 70
     1
102
RTVSPost2010Prop55
280
     0
102
RTVSPost2010PropOp55
 70
     1
102
RTVSPost2010Prop56
140
1.0
102
RTVSPost2010PropOp56
 70
     1
102
RTVSPost2010Prop57
140
1.0
102
RTVSPost2010PropOp57
 70
     1
  0
XRECORD
  5
B6
102
{ACAD_REACTORS
330
B5
102
}
330
B5
100
AcDbXrecord
280
     1
102
RTVSPost2010Prop28
280
     0
102
RTVSPost2010PropOp28
 70
     1
102
RTVSPost2010Prop29
280
     1
102
RTVSPost2010PropOp29
 70
     1
102
RTVSPost2010Prop30
280
     1
102
RTVSPost2010PropOp30
 70
     1
102
RTVSPost2010Prop31
280
     0
102
RTVSPost2010PropOp31
 70
     1
102
RTVSPost2010Prop32
280
     0
102
RTVSPost2010PropOp32
 70
     1
102
RTVSPost2010Prop33
280
     0
102
RTVSPost2010PropOp33
 70
     1
102
RTVSPost2010Prop34
280
     0
102
RTVSPost2010PropOp34
 70
     1
102
RTVSPost2010Prop35
280
     0
102
RTVSPost2010PropOp35
 70
     1
102
RTVSPost2010Prop36
280
     0
102
RTVSPost2010PropOp36
 70
     1
102
RTVSPost2010Prop37
 90
       50
102
RTVSPost2010PropOp37
 70
     1
102
RTVSPost2010Prop38
140
0.0
102
RTVSPost2010PropOp38
 70
     1
102
RTVSPost2010Prop39
140
1.0
102
RTVSPost2010PropOp39
 70
     1
102
RTVSPost2010Prop40
 90
        0
102
RTVSPost2010PropOp40
 70
     1
102
RTVSPost2010Prop41ColorIndex
 90
       18
102
RTVSPost2010Prop41ColorRGB
 90
        0
102
RTVSPost2010PropOp41
 70
     1
102
RTVSPost2010Prop42
 90
       50
102
RTVSPost2010PropOp42
 70
     1
102
RTVSPost2010Prop43
 90
        3
102
RTVSPost2010PropOp43
 70
     1
102
RTVSPost2010Prop44ColorIndex
 90
        5
102
RTVSPost2010Prop44ColorRGB
 90
      255
102
RTVSPost2010PropOp44
 70
     1
102
RTVSPost2010Prop45
280
     0
102
RTVSPost2010PropOp45
 70
     1
102
RTVSPost2010Prop46
 90
       50
102
RTVSPost2010PropOp46
 70
     1
102
RTVSPost2010Prop47
 90
       50
102
RTVSPost2010PropOp47
 70
     1
102
RTVSPost2010Prop48
 90
       50
102
RTVSPost2010PropOp48
 70
     1
102
RTVSPost2010Prop49
280
     0
102
RTVSPost2010PropOp49
 70
     1
102
RTVSPost2010Prop50
 90
       50
102
RTVSPost2010PropOp50
 70
     1
102
RTVSPost2010Prop51ColorIndex
 90
      256
102
RTVSPost2010Prop51ColorRGB
 90
-16777216
102
RTVSPost2010PropOp51
 70
     0
102
RTVSPost2010Prop52
140
1.0
102
RTVSPost2010PropOp52
 70
     0
102
RTVSPost2010Prop53
 90
        2
102
RTVSPost2010PropOp53
 70
     1
102
RTVSPost2010Prop54
  1
strokes_ogs.tif
102
RTVSPost2010PropOp54
 70
     1
102
RTVSPost2010Prop55
280
     0
102
RTVSPost2010PropOp55
 70
     1
102
RTVSPost2010Prop56
140
1.0
102
RTVSPost2010PropOp56
 70
     1
102
RTVSPost2010Prop57
140
1.0
102
RTVSPost2010PropOp57
 70
     1
  0
XRECORD
  5
B8
102
{ACAD_REACTORS
330
B7
102
}
330
B7
100
AcDbXrecord
280
     1
102
RTVSPost2010Prop28
280
     0
102
RTVSPost2010PropOp28
 70
     1
102
RTVSPost2010Prop29
280
     1
102
RTVSPost2010PropOp29
 70
     1
102
RTVSPost2010Prop30
280
     1
102
RTVSPost2010PropOp30
 70
     1
102
RTVSPost2010Prop31
280
     0
102
RTVSPost2010PropOp31
 70
     1
102
RTVSPost2010Prop32
280
     0
102
RTVSPost2010PropOp32
 70
     1
102
RTVSPost2010Prop33
280
     0
102
RTVSPost2010PropOp33
 70
     1
102
RTVSPost2010Prop34
280
     0
102
RTVSPost2010PropOp34
 70
     1
102
RTVSPost2010Prop35
280
     0
102
RTVSPost2010PropOp35
 70
     1
102
RTVSPost2010Prop36
280
     0
102
RTVSPost2010PropOp36
 70
     1
102
RTVSPost2010Prop37
 90
       50
102
RTVSPost2010PropOp37
 70
     1
102
RTVSPost2010Prop38
140
0.0
102
RTVSPost2010PropOp38
 70
     1
102
RTVSPost2010Prop39
140
1.0
102
RTVSPost2010PropOp39
 70
     1
102
RTVSPost2010Prop40
 90
        0
102
RTVSPost2010PropOp40
 70
     1
102
RTVSPost2010Prop41ColorIndex
 90
       18
102
RTVSPost2010Prop41ColorRGB
 90
        0
102
RTVSPost2010PropOp41
 70
     1
102
RTVSPost2010Prop42
 90
       50
102
RTVSPost2010PropOp42
 70
     1
102
RTVSPost2010Prop43
 90
        3
102
RTVSPost2010PropOp43
 70
     1
102
RTVSPost2010Prop44ColorIndex
 90
        5
102
RTVSPost2010Prop44ColorRGB
 90
      255
102
RTVSPost2010PropOp44
 70
     1
102
RTVSPost2010Prop45
280
     0
102
RTVSPost2010PropOp45
 70
     1
102
RTVSPost2010Prop46
 90
       50
102
RTVSPost2010PropOp46
 70
     1
102
RTVSPost2010Prop47
 90
       50
102
RTVSPost2010PropOp47
 70
     1
102
RTVSPost2010Prop48
 90
       50
102
RTVSPost2010PropOp48
 70
     1
102
RTVSPost2010Prop49
280
     0
102
RTVSPost2010PropOp49
 70
     1
102
RTVSPost2010Prop50
 90
       50
102
RTVSPost2010PropOp50
 70
     1
102
RTVSPost2010Prop51ColorIndex
 90
      256
102
RTVSPost2010Prop51ColorRGB
 90
-16777216
102
RTVSPost2010PropOp51
 70
     0
102
RTVSPost2010Prop52
140
1.0
102
RTVSPost2010PropOp52
 70
     0
102
RTVSPost2010Prop53
 90
        2
102
RTVSPost2010PropOp53
 70
     1
102
RTVSPost2010Prop54
  1
strokes_ogs.tif
102
RTVSPost2010PropOp54
 70
     1
102
RTVSPost2010Prop55
280
     0
102
RTVSPost2010PropOp55
 70
     1
102
RTVSPost2010Prop56
140
1.0
102
RTVSPost2010PropOp56
 70
     1
102
RTVSPost2010Prop57
140
1.0
102
RTVSPost2010PropOp57
 70
     1
  0
XRECORD
  5
C8
102
{ACAD_REACTORS
330
C7
102
}
330
C7
100
AcDbXrecord
280
     1
102
RTVSPost2010Prop28
280
     0
102
RTVSPost2010PropOp28
 70
     0
102
RTVSPost2010Prop29
280
     1
102
RTVSPost2010PropOp29
 70
     0
102
RTVSPost2010Prop30
280
     1
102
RTVSPost2010PropOp30
 70
     0
102
RTVSPost2010Prop31
280
     0
102
RTVSPost2010PropOp31
 70
     0
102
RTVSPost2010Prop32
280
     0
102
RTVSPost2010PropOp32
 70
     0
102
RTVSPost2010Prop33
280
     0
102
RTVSPost2010PropOp33
 70
     0
102
RTVSPost2010Prop34
280
     0
102
RTVSPost2010PropOp34
 70
     0
102
RTVSPost2010Prop35
280
     0
102
RTVSPost2010PropOp35
 70
     0
102
RTVSPost2010Prop36
280
     0
102
RTVSPost2010PropOp36
 70
     0
102
RTVSPost2010Prop37
 90
       50
102
RTVSPost2010PropOp37
 70
     0
102
RTVSPost2010Prop38
140
0.0
102
RTVSPost2010PropOp38
 70
     0
102
RTVSPost2010Prop39
140
1.0
102
RTVSPost2010PropOp39
 70
     0
102
RTVSPost2010Prop40
 90
        0
102
RTVSPost2010PropOp40
 70
     0
102
RTVSPost2010Prop41ColorIndex
 90
       18
102
RTVSPost2010Prop41ColorRGB
 90
        0
102
RTVSPost2010PropOp41
 70
     0
102
RTVSPost2010Prop42
 90
       50
102
RTVSPost2010PropOp42
 70
     0
102
RTVSPost2010Prop43
 90
        3
102
RTVSPost2010PropOp43
 70
     0
102
RTVSPost2010Prop44ColorIndex
 90
        5
102
RTVSPost2010Prop44ColorRGB
 90
      255
102
RTVSPost2010PropOp44
 70
     0
102
RTVSPost2010Prop45
280
     0
102
RTVSPost2010PropOp45
 70
     0
102
RTVSPost2010Prop46
 90
       50
102
RTVSPost2010PropOp46
 70
     0
102
RTVSPost2010Prop47
 90
       50
102
RTVSPost2010PropOp47
 70
     0
102
RTVSPost2010Prop48
 90
       50
102
RTVSPost2010PropOp48
 70
     0
102
RTVSPost2010Prop49
280
     0
102
RTVSPost2010PropOp49
 70
     0
102
RTVSPost2010Prop50
 90
       50
102
RTVSPost2010PropOp50
 70
     0
102
RTVSPost2010Prop51ColorIndex
 90
      256
102
RTVSPost2010Prop51ColorRGB
 90
-16777216
102
RTVSPost2010PropOp51
 70
     0
102
RTVSPost2010Prop52
140
1.0
102
RTVSPost2010PropOp52
 70
     0
102
RTVSPost2010Prop53
 90
        2
102
RTVSPost2010PropOp53
 70
     0
102
RTVSPost2010Prop54
  1
strokes_ogs.tif
102
RTVSPost2010PropOp54
 70
     0
102
RTVSPost2010Prop55
280
     0
102
RTVSPost2010PropOp55
 70
     0
102
RTVSPost2010Prop56
140
1.0
102
RTVSPost2010PropOp56
 70
     0
102
RTVSPost2010Prop57
140
1.0
102
RTVSPost2010PropOp57
 70
     0
  0
XRECORD
  5
C0
102
{ACAD_REACTORS
330
BF
102
}
330
BF
100
AcDbXrecord
280
     1
102
RTVSPost2010Prop28
280
     0
102
RTVSPost2010PropOp28
 70
     1
102
RTVSPost2010Prop29
280
     1
102
RTVSPost2010PropOp29
 70
     1
102
RTVSPost2010Prop30
280
     1
102
RTVSPost2010PropOp30
 70
     1
102
RTVSPost2010Prop31
280
     0
102
RTVSPost2010PropOp31
 70
     1
102
RTVSPost2010Prop32
280
     0
102
RTVSPost2010PropOp32
 70
     1
102
RTVSPost2010Prop33
280
     0
102
RTVSPost2010PropOp33
 70
     1
102
RTVSPost2010Prop34
280
     0
102
RTVSPost2010PropOp34
 70
     1
102
RTVSPost2010Prop35
280
     0
102
RTVSPost2010PropOp35
 70
     1
102
RTVSPost2010Prop36
280
     0
102
RTVSPost2010PropOp36
 70
     1
102
RTVSPost2010Prop37
 90
       50
102
RTVSPost2010PropOp37
 70
     1
102
RTVSPost2010Prop38
140
0.0
102
RTVSPost2010PropOp38
 70
     1
102
RTVSPost2010Prop39
140
1.0
102
RTVSPost2010PropOp39
 70
     1
102
RTVSPost2010Prop40
 90
        0
102
RTVSPost2010PropOp40
 70
     1
102
RTVSPost2010Prop41ColorIndex
 90
       18
102
RTVSPost2010Prop41ColorRGB
 90
        0
102
RTVSPost2010PropOp41
 70
     1
102
RTVSPost2010Prop42
 90
       50
102
RTVSPost2010PropOp42
 70
     1
102
RTVSPost2010Prop43
 90
        3
102
RTVSPost2010PropOp43
 70
     1
102
RTVSPost2010Prop44ColorIndex
 90
        5
102
RTVSPost2010Prop44ColorRGB
 90
      255
102
RTVSPost2010PropOp44
 70
     1
102
RTVSPost2010Prop45
280
     0
102
RTVSPost2010PropOp45
 70
     1
102
RTVSPost2010Prop46
 90
       50
102
RTVSPost2010PropOp46
 70
     1
102
RTVSPost2010Prop47
 90
       50
102
RTVSPost2010PropOp47
 70
     1
102
RTVSPost2010Prop48
 90
       50
102
RTVSPost2010PropOp48
 70
     1
102
RTVSPost2010Prop49
280
     0
102
RTVSPost2010PropOp49
 70
     1
102
RTVSPost2010Prop50
 90
       50
102
RTVSPost2010PropOp50
 70
     1
102
RTVSPost2010Prop51ColorIndex
 90
      256
102
RTVSPost2010Prop51ColorRGB
 90
-16777216
102
RTVSPost2010PropOp51
 70
     0
102
RTVSPost2010Prop52
140
1.0
102
RTVSPost2010PropOp52
 70
     0
102
RTVSPost2010Prop53
 90
        2
102
RTVSPost2010PropOp53
 70
     1
102
RTVSPost2010Prop54
  1
strokes_ogs.tif
102
RTVSPost2010PropOp54
 70
     1
102
RTVSPost2010Prop55
280
     0
102
RTVSPost2010PropOp55
 70
     1
102
RTVSPost2010Prop56
140
1.0
102
RTVSPost2010PropOp56
 70
     1
102
RTVSPost2010Prop57
140
1.0
102
RTVSPost2010PropOp57
 70
     1
  0
XRECORD
  5
A4
102
{ACAD_REACTORS
330
A3
102
}
330
A3
100
AcDbXrecord
280
     1
102
RTVSPost2010Prop28
280
     0
102
RTVSPost2010PropOp28
 70
     1
102
RTVSPost2010Prop29
280
     1
102
RTVSPost2010PropOp29
 70
     1
102
RTVSPost2010Prop30
280
     1
102
RTVSPost2010PropOp30
 70
     1
102
RTVSPost2010Prop31
280
     0
102
RTVSPost2010PropOp31
 70
     1
102
RTVSPost2010Prop32
280
     0
102
RTVSPost2010PropOp32
 70
     1
102
RTVSPost2010Prop33
280
     0
102
RTVSPost2010PropOp33
 70
     1
102
RTVSPost2010Prop34
280
     0
102
RTVSPost2010PropOp34
 70
     1
102
RTVSPost2010Prop35
280
     0
102
RTVSPost2010PropOp35
 70
     1
102
RTVSPost2010Prop36
280
     0
102
RTVSPost2010PropOp36
 70
     1
102
RTVSPost2010Prop37
 90
       50
102
RTVSPost2010PropOp37
 70
     1
102
RTVSPost2010Prop38
140
0.0
102
RTVSPost2010PropOp38
 70
     1
102
RTVSPost2010Prop39
140
1.0
102
RTVSPost2010PropOp39
 70
     1
102
RTVSPost2010Prop40
 90
        0
102
RTVSPost2010PropOp40
 70
     1
102
RTVSPost2010Prop41ColorIndex
 90
       18
102
RTVSPost2010Prop41ColorRGB
 90
        0
102
RTVSPost2010PropOp41
 70
     1
102
RTVSPost2010Prop42
 90
       50
102
RTVSPost2010PropOp42
 70
     1
102
RTVSPost2010Prop43
 90
        3
102
RTVSPost2010PropOp43
 70
     1
102
RTVSPost2010Prop44ColorIndex
 90
        5
102
RTVSPost2010Prop44ColorRGB
 90
      255
102
RTVSPost2010PropOp44
 70
     1
102
RTVSPost2010Prop45
280
     0
102
RTVSPost2010PropOp45
 70
     1
102
RTVSPost2010Prop46
 90
       50
102
RTVSPost2010PropOp46
 70
     1
102
RTVSPost2010Prop47
 90
       50
102
RTVSPost2010PropOp47
 70
     1
102
RTVSPost2010Prop48
 90
       50
102
RTVSPost2010PropOp48
 70
     1
102
RTVSPost2010Prop49
280
     0
102
RTVSPost2010PropOp49
 70
     1
102
RTVSPost2010Prop50
 90
       50
102
RTVSPost2010PropOp50
 70
     1
102
RTVSPost2010Prop51ColorIndex
 90
      256
102
RTVSPost2010Prop51ColorRGB
 90
-16777216
102
RTVSPost2010PropOp51
 70
     0
102
RTVSPost2010Prop52
140
1.0
102
RTVSPost2010PropOp52
 70
     0
102
RTVSPost2010Prop53
 90
        2
102
RTVSPost2010PropOp53
 70
     1
102
RTVSPost2010Prop54
  1
strokes_ogs.tif
102
RTVSPost2010PropOp54
 70
     1
102
RTVSPost2010Prop55
280
     0
102
RTVSPost2010PropOp55
 70
     1
102
RTVSPost2010Prop56
140
1.0
102
RTVSPost2010PropOp56
 70
     1
102
RTVSPost2010Prop57
140
1.0
102
RTVSPost2010PropOp57
 70
     1
  0
XRECORD
  5
A6
102
{ACAD_REACTORS
330
A5
102
}
330
A5
100
AcDbXrecord
280
     1
102
RTVSPost2010Prop28
280
     0
102
RTVSPost2010PropOp28
 70
     1
102
RTVSPost2010Prop29
280
     1
102
RTVSPost2010PropOp29
 70
     1
102
RTVSPost2010Prop30
280
     1
102
RTVSPost2010PropOp30
 70
     1
102
RTVSPost2010Prop31
280
     0
102
RTVSPost2010PropOp31
 70
     1
102
RTVSPost2010Prop32
280
     0
102
RTVSPost2010PropOp32
 70
     1
102
RTVSPost2010Prop33
280
     0
102
RTVSPost2010PropOp33
 70
     1
102
RTVSPost2010Prop34
280
     0
102
RTVSPost2010PropOp34
 70
     1
102
RTVSPost2010Prop35
280
     0
102
RTVSPost2010PropOp35
 70
     1
102
RTVSPost2010Prop36
280
     0
102
RTVSPost2010PropOp36
 70
     1
102
RTVSPost2010Prop37
 90
       50
102
RTVSPost2010PropOp37
 70
     1
102
RTVSPost2010Prop38
140
0.0
102
RTVSPost2010PropOp38
 70
     1
102
RTVSPost2010Prop39
140
1.0
102
RTVSPost2010PropOp39
 70
     1
102
RTVSPost2010Prop40
 90
        0
102
RTVSPost2010PropOp40
 70
     1
102
RTVSPost2010Prop41ColorIndex
 90
       18
102
RTVSPost2010Prop41ColorRGB
 90
        0
102
RTVSPost2010PropOp41
 70
     1
102
RTVSPost2010Prop42
 90
       50
102
RTVSPost2010PropOp42
 70
     1
102
RTVSPost2010Prop43
 90
        3
102
RTVSPost2010PropOp43
 70
     1
102
RTVSPost2010Prop44ColorIndex
 90
        5
102
RTVSPost2010Prop44ColorRGB
 90
      255
102
RTVSPost2010PropOp44
 70
     1
102
RTVSPost2010Prop45
280
     0
102
RTVSPost2010PropOp45
 70
     1
102
RTVSPost2010Prop46
 90
       50
102
RTVSPost2010PropOp46
 70
     1
102
RTVSPost2010Prop47
 90
       50
102
RTVSPost2010PropOp47
 70
     1
102
RTVSPost2010Prop48
 90
       50
102
RTVSPost2010PropOp48
 70
     1
102
RTVSPost2010Prop49
280
     0
102
RTVSPost2010PropOp49
 70
     1
102
RTVSPost2010Prop50
 90
       50
102
RTVSPost2010PropOp50
 70
     1
102
RTVSPost2010Prop51ColorIndex
 90
      256
102
RTVSPost2010Prop51ColorRGB
 90
-16777216
102
RTVSPost2010PropOp51
 70
     0
102
RTVSPost2010Prop52
140
1.0
102
RTVSPost2010PropOp52
 70
     0
102
RTVSPost2010Prop53
 90
        2
102
RTVSPost2010PropOp53
 70
     1
102
RTVSPost2010Prop54
  1
strokes_ogs.tif
102
RTVSPost2010PropOp54
 70
     1
102
RTVSPost2010Prop55
280
     0
102
RTVSPost2010PropOp55
 70
     1
102
RTVSPost2010Prop56
140
1.0
102
RTVSPost2010PropOp56
 70
     1
102
RTVSPost2010Prop57
140
1.0
102
RTVSPost2010PropOp57
 70
     1
  0
XRECORD
  5
A8
102
{ACAD_REACTORS
330
A7
102
}
330
A7
100
AcDbXrecord
280
     1
102
RTVSPost2010Prop28
280
     0
102
RTVSPost2010PropOp28
 70
     1
102
RTVSPost2010Prop29
280
     1
102
RTVSPost2010PropOp29
 70
     1
102
RTVSPost2010Prop30
280
     1
102
RTVSPost2010PropOp30
 70
     1
102
RTVSPost2010Prop31
280
     0
102
RTVSPost2010PropOp31
 70
     1
102
RTVSPost2010Prop32
280
     0
102
RTVSPost2010PropOp32
 70
     1
102
RTVSPost2010Prop33
280
     0
102
RTVSPost2010PropOp33
 70
     1
102
RTVSPost2010Prop34
280
     0
102
RTVSPost2010PropOp34
 70
     1
102
RTVSPost2010Prop35
280
     0
102
RTVSPost2010PropOp35
 70
     1
102
RTVSPost2010Prop36
280
     0
102
RTVSPost2010PropOp36
 70
     1
102
RTVSPost2010Prop37
 90
       50
102
RTVSPost2010PropOp37
 70
     1
102
RTVSPost2010Prop38
140
0.0
102
RTVSPost2010PropOp38
 70
     1
102
RTVSPost2010Prop39
140
1.0
102
RTVSPost2010PropOp39
 70
     1
102
RTVSPost2010Prop40
 90
        0
102
RTVSPost2010PropOp40
 70
     1
102
RTVSPost2010Prop41ColorIndex
 90
       18
102
RTVSPost2010Prop41ColorRGB
 90
        0
102
RTVSPost2010PropOp41
 70
     1
102
RTVSPost2010Prop42
 90
       50
102
RTVSPost2010PropOp42
 70
     1
102
RTVSPost2010Prop43
 90
        3
102
RTVSPost2010PropOp43
 70
     1
102
RTVSPost2010Prop44ColorIndex
 90
        5
102
RTVSPost2010Prop44ColorRGB
 90
      255
102
RTVSPost2010PropOp44
 70
     1
102
RTVSPost2010Prop45
280
     0
102
RTVSPost2010PropOp45
 70
     1
102
RTVSPost2010Prop46
 90
       50
102
RTVSPost2010PropOp46
 70
     1
102
RTVSPost2010Prop47
 90
       50
102
RTVSPost2010PropOp47
 70
     1
102
RTVSPost2010Prop48
 90
       50
102
RTVSPost2010PropOp48
 70
     1
102
RTVSPost2010Prop49
280
     0
102
RTVSPost2010PropOp49
 70
     1
102
RTVSPost2010Prop50
 90
       50
102
RTVSPost2010PropOp50
 70
     1
102
RTVSPost2010Prop51ColorIndex
 90
      256
102
RTVSPost2010Prop51ColorRGB
 90
-16777216
102
RTVSPost2010PropOp51
 70
     0
102
RTVSPost2010Prop52
140
1.0
102
RTVSPost2010PropOp52
 70
     0
102
RTVSPost2010Prop53
 90
        2
102
RTVSPost2010PropOp53
 70
     1
102
RTVSPost2010Prop54
  1
strokes_ogs.tif
102
RTVSPost2010PropOp54
 70
     1
102
RTVSPost2010Prop55
280
     0
102
RTVSPost2010PropOp55
 70
     1
102
RTVSPost2010Prop56
140
1.0
102
RTVSPost2010PropOp56
 70
     1
102
RTVSPost2010Prop57
140
1.0
102
RTVSPost2010PropOp57
 70
     1
  0
XRECORD
  5
AA
102
{ACAD_REACTORS
330
A9
102
}
330
A9
100
AcDbXrecord
280
     1
102
RTVSPost2010Prop28
280
     0
102
RTVSPost2010PropOp28
 70
     1
102
RTVSPost2010Prop29
280
     1
102
RTVSPost2010PropOp29
 70
     1
102
RTVSPost2010Prop30
280
     1
102
RTVSPost2010PropOp30
 70
     1
102
RTVSPost2010Prop31
280
     0
102
RTVSPost2010PropOp31
 70
     1
102
RTVSPost2010Prop32
280
     0
102
RTVSPost2010PropOp32
 70
     1
102
RTVSPost2010Prop33
280
     0
102
RTVSPost2010PropOp33
 70
     1
102
RTVSPost2010Prop34
280
     0
102
RTVSPost2010PropOp34
 70
     1
102
RTVSPost2010Prop35
280
     0
102
RTVSPost2010PropOp35
 70
     1
102
RTVSPost2010Prop36
280
     0
102
RTVSPost2010PropOp36
 70
     1
102
RTVSPost2010Prop37
 90
       50
102
RTVSPost2010PropOp37
 70
     1
102
RTVSPost2010Prop38
140
0.0
102
RTVSPost2010PropOp38
 70
     1
102
RTVSPost2010Prop39
140
1.0
102
RTVSPost2010PropOp39
 70
     1
102
RTVSPost2010Prop40
 90
        0
102
RTVSPost2010PropOp40
 70
     1
102
RTVSPost2010Prop41ColorIndex
 90
       18
102
RTVSPost2010Prop41ColorRGB
 90
        0
102
RTVSPost2010PropOp41
 70
     1
102
RTVSPost2010Prop42
 90
       50
102
RTVSPost2010PropOp42
 70
     1
102
RTVSPost2010Prop43
 90
        3
102
RTVSPost2010PropOp43
 70
     1
102
RTVSPost2010Prop44ColorIndex
 90
        5
102
RTVSPost2010Prop44ColorRGB
 90
      255
102
RTVSPost2010PropOp44
 70
     1
102
RTVSPost2010Prop45
280
     0
102
RTVSPost2010PropOp45
 70
     1
102
RTVSPost2010Prop46
 90
       50
102
RTVSPost2010PropOp46
 70
     1
102
RTVSPost2010Prop47
 90
       50
102
RTVSPost2010PropOp47
 70
     1
102
RTVSPost2010Prop48
 90
       50
102
RTVSPost2010PropOp48
 70
     1
102
RTVSPost2010Prop49
280
     0
102
RTVSPost2010PropOp49
 70
     1
102
RTVSPost2010Prop50
 90
       50
102
RTVSPost2010PropOp50
 70
     1
102
RTVSPost2010Prop51ColorIndex
 90
      256
102
RTVSPost2010Prop51ColorRGB
 90
-16777216
102
RTVSPost2010PropOp51
 70
     0
102
RTVSPost2010Prop52
140
1.0
102
RTVSPost2010PropOp52
 70
     0
102
RTVSPost2010Prop53
 90
        2
102
RTVSPost2010PropOp53
 70
     1
102
RTVSPost2010Prop54
  1
strokes_ogs.tif
102
RTVSPost2010PropOp54
 70
     1
102
RTVSPost2010Prop55
280
     0
102
RTVSPost2010PropOp55
 70
     1
102
RTVSPost2010Prop56
140
1.0
102
RTVSPost2010PropOp56
 70
     1
102
RTVSPost2010Prop57
140
1.0
102
RTVSPost2010PropOp57
 70
     1
  0
XRECORD
  5
B0
102
{ACAD_REACTORS
330
AF
102
}
330
AF
100
AcDbXrecord
280
     1
102
RTVSPost2010Prop28
280
     0
102
RTVSPost2010PropOp28
 70
     1
102
RTVSPost2010Prop29
280
     1
102
RTVSPost2010PropOp29
 70
     1
102
RTVSPost2010Prop30
280
     1
102
RTVSPost2010PropOp30
 70
     1
102
RTVSPost2010Prop31
280
     0
102
RTVSPost2010PropOp31
 70
     1
102
RTVSPost2010Prop32
280
     0
102
RTVSPost2010PropOp32
 70
     1
102
RTVSPost2010Prop33
280
     0
102
RTVSPost2010PropOp33
 70
     1
102
RTVSPost2010Prop34
280
     0
102
RTVSPost2010PropOp34
 70
     1
102
RTVSPost2010Prop35
280
     0
102
RTVSPost2010PropOp35
 70
     1
102
RTVSPost2010Prop36
280
     0
102
RTVSPost2010PropOp36
 70
     1
102
RTVSPost2010Prop37
 90
       50
102
RTVSPost2010PropOp37
 70
     1
102
RTVSPost2010Prop38
140
0.0
102
RTVSPost2010PropOp38
 70
     1
102
RTVSPost2010Prop39
140
1.0
102
RTVSPost2010PropOp39
 70
     1
102
RTVSPost2010Prop40
 90
        0
102
RTVSPost2010PropOp40
 70
     1
102
RTVSPost2010Prop41ColorIndex
 90
       18
102
RTVSPost2010Prop41ColorRGB
 90
        0
102
RTVSPost2010PropOp41
 70
     1
102
RTVSPost2010Prop42
 90
       50
102
RTVSPost2010PropOp42
 70
     1
102
RTVSPost2010Prop43
 90
        3
102
RTVSPost2010PropOp43
 70
     1
102
RTVSPost2010Prop44ColorIndex
 90
        5
102
RTVSPost2010Prop44ColorRGB
 90
      255
102
RTVSPost2010PropOp44
 70
     1
102
RTVSPost2010Prop45
280
     0
102
RTVSPost2010PropOp45
 70
     1
102
RTVSPost2010Prop46
 90
       50
102
RTVSPost2010PropOp46
 70
     1
102
RTVSPost2010Prop47
 90
       50
102
RTVSPost2010PropOp47
 70
     1
102
RTVSPost2010Prop48
 90
       50
102
RTVSPost2010PropOp48
 70
     1
102
RTVSPost2010Prop49
280
     0
102
RTVSPost2010PropOp49
 70
     1
102
RTVSPost2010Prop50
 90
       50
102
RTVSPost2010PropOp50
 70
     1
102
RTVSPost2010Prop51ColorIndex
 90
      256
102
RTVSPost2010Prop51ColorRGB
 90
-16777216
102
RTVSPost2010PropOp51
 70
     0
102
RTVSPost2010Prop52
140
1.0
102
RTVSPost2010PropOp52
 70
     0
102
RTVSPost2010Prop53
 90
        2
102
RTVSPost2010PropOp53
 70
     1
102
RTVSPost2010Prop54
  1
strokes_ogs.tif
102
RTVSPost2010PropOp54
 70
     1
102
RTVSPost2010Prop55
280
     0
102
RTVSPost2010PropOp55
 70
     1
102
RTVSPost2010Prop56
140
1.0
102
RTVSPost2010PropOp56
 70
     1
102
RTVSPost2010Prop57
140
1.0
102
RTVSPost2010PropOp57
 70
     1
  0
XRECORD
  5
C4
102
{ACAD_REACTORS
330
C3
102
}
330
C3
100
AcDbXrecord
280
     1
102
RTVSPost2010Prop28
280
     0
102
RTVSPost2010PropOp28
 70
     0
102
RTVSPost2010Prop29
280
     1
102
RTVSPost2010PropOp29
 70
     0
102
RTVSPost2010Prop30
280
     1
102
RTVSPost2010PropOp30
 70
     0
102
RTVSPost2010Prop31
280
     0
102
RTVSPost2010PropOp31
 70
     0
102
RTVSPost2010Prop32
280
     0
102
RTVSPost2010PropOp32
 70
     0
102
RTVSPost2010Prop33
280
     0
102
RTVSPost2010PropOp33
 70
     0
102
RTVSPost2010Prop34
280
     0
102
RTVSPost2010PropOp34
 70
     0
102
RTVSPost2010Prop35
280
     0
102
RTVSPost2010PropOp35
 70
     0
102
RTVSPost2010Prop36
280
     0
102
RTVSPost2010PropOp36
 70
     0
102
RTVSPost2010Prop37
 90
       50
102
RTVSPost2010PropOp37
 70
     0
102
RTVSPost2010Prop38
140
0.0
102
RTVSPost2010PropOp38
 70
     0
102
RTVSPost2010Prop39
140
1.0
102
RTVSPost2010PropOp39
 70
     0
102
RTVSPost2010Prop40
 90
        0
102
RTVSPost2010PropOp40
 70
     0
102
RTVSPost2010Prop41ColorIndex
 90
       18
102
RTVSPost2010Prop41ColorRGB
 90
        0
102
RTVSPost2010PropOp41
 70
     0
102
RTVSPost2010Prop42
 90
       50
102
RTVSPost2010PropOp42
 70
     0
102
RTVSPost2010Prop43
 90
        3
102
RTVSPost2010PropOp43
 70
     0
102
RTVSPost2010Prop44ColorIndex
 90
        5
102
RTVSPost2010Prop44ColorRGB
 90
      255
102
RTVSPost2010PropOp44
 70
     0
102
RTVSPost2010Prop45
280
     0
102
RTVSPost2010PropOp45
 70
     0
102
RTVSPost2010Prop46
 90
       50
102
RTVSPost2010PropOp46
 70
     0
102
RTVSPost2010Prop47
 90
       50
102
RTVSPost2010PropOp47
 70
     0
102
RTVSPost2010Prop48
 90
       50
102
RTVSPost2010PropOp48
 70
     0
102
RTVSPost2010Prop49
280
     0
102
RTVSPost2010PropOp49
 70
     0
102
RTVSPost2010Prop50
 90
       50
102
RTVSPost2010PropOp50
 70
     0
102
RTVSPost2010Prop51ColorIndex
 90
      256
102
RTVSPost2010Prop51ColorRGB
 90
-16777216
102
RTVSPost2010PropOp51
 70
     0
102
RTVSPost2010Prop52
140
1.0
102
RTVSPost2010PropOp52
 70
     0
102
RTVSPost2010Prop53
 90
        2
102
RTVSPost2010PropOp53
 70
     0
102
RTVSPost2010Prop54
  1
strokes_ogs.tif
102
RTVSPost2010PropOp54
 70
     0
102
RTVSPost2010Prop55
280
     0
102
RTVSPost2010PropOp55
 70
     0
102
RTVSPost2010Prop56
140
1.0
102
RTVSPost2010PropOp56
 70
     0
102
RTVSPost2010Prop57
140
1.0
102
RTVSPost2010PropOp57
 70
     0
  0
XRECORD
  5
BE
102
{ACAD_REACTORS
330
BD
102
}
330
BD
100
AcDbXrecord
280
     1
102
RTVSPost2010Prop28
280
     0
102
RTVSPost2010PropOp28
 70
     1
102
RTVSPost2010Prop29
280
     1
102
RTVSPost2010PropOp29
 70
     1
102
RTVSPost2010Prop30
280
     1
102
RTVSPost2010PropOp30
 70
     1
102
RTVSPost2010Prop31
280
     0
102
RTVSPost2010PropOp31
 70
     1
102
RTVSPost2010Prop32
280
     0
102
RTVSPost2010PropOp32
 70
     1
102
RTVSPost2010Prop33
280
     0
102
RTVSPost2010PropOp33
 70
     1
102
RTVSPost2010Prop34
280
     0
102
RTVSPost2010PropOp34
 70
     1
102
RTVSPost2010Prop35
280
     0
102
RTVSPost2010PropOp35
 70
     1
102
RTVSPost2010Prop36
280
     0
102
RTVSPost2010PropOp36
 70
     1
102
RTVSPost2010Prop37
 90
       50
102
RTVSPost2010PropOp37
 70
     1
102
RTVSPost2010Prop38
140
0.0
102
RTVSPost2010PropOp38
 70
     1
102
RTVSPost2010Prop39
140
1.0
102
RTVSPost2010PropOp39
 70
     1
102
RTVSPost2010Prop40
 90
        0
102
RTVSPost2010PropOp40
 70
     1
102
RTVSPost2010Prop41ColorIndex
 90
       18
102
RTVSPost2010Prop41ColorRGB
 90
        0
102
RTVSPost2010PropOp41
 70
     1
102
RTVSPost2010Prop42
 90
       50
102
RTVSPost2010PropOp42
 70
     1
102
RTVSPost2010Prop43
 90
        3
102
RTVSPost2010PropOp43
 70
     1
102
RTVSPost2010Prop44ColorIndex
 90
        5
102
RTVSPost2010Prop44ColorRGB
 90
      255
102
RTVSPost2010PropOp44
 70
     1
102
RTVSPost2010Prop45
280
     0
102
RTVSPost2010PropOp45
 70
     1
102
RTVSPost2010Prop46
 90
       50
102
RTVSPost2010PropOp46
 70
     1
102
RTVSPost2010Prop47
 90
       50
102
RTVSPost2010PropOp47
 70
     1
102
RTVSPost2010Prop48
 90
       50
102
RTVSPost2010PropOp48
 70
     1
102
RTVSPost2010Prop49
280
     0
102
RTVSPost2010PropOp49
 70
     1
102
RTVSPost2010Prop50
 90
       50
102
RTVSPost2010PropOp50
 70
     1
102
RTVSPost2010Prop51ColorIndex
 90
      256
102
RTVSPost2010Prop51ColorRGB
 90
-16777216
102
RTVSPost2010PropOp51
 70
     0
102
RTVSPost2010Prop52
140
1.0
102
RTVSPost2010PropOp52
 70
     0
102
RTVSPost2010Prop53
 90
        2
102
RTVSPost2010PropOp53
 70
     1
102
RTVSPost2010Prop54
  1
strokes_ogs.tif
102
RTVSPost2010PropOp54
 70
     1
102
RTVSPost2010Prop55
280
     0
102
RTVSPost2010PropOp55
 70
     1
102
RTVSPost2010Prop56
140
1.0
102
RTVSPost2010PropOp56
 70
     1
102
RTVSPost2010Prop57
140
1.0
102
RTVSPost2010PropOp57
 70
     1
  0
XRECORD
  5
C6
102
{ACAD_REACTORS
330
C5
102
}
330
C5
100
AcDbXrecord
280
     1
102
RTVSPost2010Prop28
280
     0
102
RTVSPost2010PropOp28
 70
     0
102
RTVSPost2010Prop29
280
     1
102
RTVSPost2010PropOp29
 70
     0
102
RTVSPost2010Prop30
280
     1
102
RTVSPost2010PropOp30
 70
     0
102
RTVSPost2010Prop31
280
     0
102
RTVSPost2010PropOp31
 70
     0
102
RTVSPost2010Prop32
280
     0
102
RTVSPost2010PropOp32
 70
     0
102
RTVSPost2010Prop33
280
     0
102
RTVSPost2010PropOp33
 70
     0
102
RTVSPost2010Prop34
280
     0
102
RTVSPost2010PropOp34
 70
     0
102
RTVSPost2010Prop35
280
     0
102
RTVSPost2010PropOp35
 70
     0
102
RTVSPost2010Prop36
280
     0
102
RTVSPost2010PropOp36
 70
     0
102
RTVSPost2010Prop37
 90
       50
102
RTVSPost2010PropOp37
 70
     0
102
RTVSPost2010Prop38
140
0.0
102
RTVSPost2010PropOp38
 70
     0
102
RTVSPost2010Prop39
140
1.0
102
RTVSPost2010PropOp39
 70
     0
102
RTVSPost2010Prop40
 90
        0
102
RTVSPost2010PropOp40
 70
     0
102
RTVSPost2010Prop41ColorIndex
 90
       18
102
RTVSPost2010Prop41ColorRGB
 90
        0
102
RTVSPost2010PropOp41
 70
     0
102
RTVSPost2010Prop42
 90
       50
102
RTVSPost2010PropOp42
 70
     0
102
RTVSPost2010Prop43
 90
        3
102
RTVSPost2010PropOp43
 70
     0
102
RTVSPost2010Prop44ColorIndex
 90
        5
102
RTVSPost2010Prop44ColorRGB
 90
      255
102
RTVSPost2010PropOp44
 70
     0
102
RTVSPost2010Prop45
280
     0
102
RTVSPost2010PropOp45
 70
     0
102
RTVSPost2010Prop46
 90
       50
102
RTVSPost2010PropOp46
 70
     0
102
RTVSPost2010Prop47
 90
       50
102
RTVSPost2010PropOp47
 70
     0
102
RTVSPost2010Prop48
 90
       50
102
RTVSPost2010PropOp48
 70
     0
102
RTVSPost2010Prop49
280
     0
102
RTVSPost2010PropOp49
 70
     0
102
RTVSPost2010Prop50
 90
       50
102
RTVSPost2010PropOp50
 70
     0
102
RTVSPost2010Prop51ColorIndex
 90
      256
102
RTVSPost2010Prop51ColorRGB
 90
-16777216
102
RTVSPost2010PropOp51
 70
     0
102
RTVSPost2010Prop52
140
1.0
102
RTVSPost2010PropOp52
 70
     0
102
RTVSPost2010Prop53
 90
        2
102
RTVSPost2010PropOp53
 70
     0
102
RTVSPost2010Prop54
  1
strokes_ogs.tif
102
RTVSPost2010PropOp54
 70
     0
102
RTVSPost2010Prop55
280
     0
102
RTVSPost2010PropOp55
 70
     0
102
RTVSPost2010Prop56
140
1.0
102
RTVSPost2010PropOp56
 70
     0
102
RTVSPost2010Prop57
140
1.0
102
RTVSPost2010PropOp57
 70
     0
  0
XRECORD
  5
B4
102
{ACAD_REACTORS
330
B3
102
}
330
B3
100
AcDbXrecord
280
     1
102
RTVSPost2010Prop28
280
     0
102
RTVSPost2010PropOp28
 70
     1
102
RTVSPost2010Prop29
280
     1
102
RTVSPost2010PropOp29
 70
     1
102
RTVSPost2010Prop30
280
     1
102
RTVSPost2010PropOp30
 70
     1
102
RTVSPost2010Prop31
280
     0
102
RTVSPost2010PropOp31
 70
     1
102
RTVSPost2010Prop32
280
     0
102
RTVSPost2010PropOp32
 70
     1
102
RTVSPost2010Prop33
280
     0
102
RTVSPost2010PropOp33
 70
     1
102
RTVSPost2010Prop34
280
     0
102
RTVSPost2010PropOp34
 70
     1
102
RTVSPost2010Prop35
280
     0
102
RTVSPost2010PropOp35
 70
     1
102
RTVSPost2010Prop36
280
     0
102
RTVSPost2010PropOp36
 70
     1
102
RTVSPost2010Prop37
 90
       50
102
RTVSPost2010PropOp37
 70
     1
102
RTVSPost2010Prop38
140
0.0
102
RTVSPost2010PropOp38
 70
     1
102
RTVSPost2010Prop39
140
1.0
102
RTVSPost2010PropOp39
 70
     1
102
RTVSPost2010Prop40
 90
        0
102
RTVSPost2010PropOp40
 70
     1
102
RTVSPost2010Prop41ColorIndex
 90
       18
102
RTVSPost2010Prop41ColorRGB
 90
        0
102
RTVSPost2010PropOp41
 70
     1
102
RTVSPost2010Prop42
 90
       50
102
RTVSPost2010PropOp42
 70
     1
102
RTVSPost2010Prop43
 90
        3
102
RTVSPost2010PropOp43
 70
     1
102
RTVSPost2010Prop44ColorIndex
 90
        5
102
RTVSPost2010Prop44ColorRGB
 90
      255
102
RTVSPost2010PropOp44
 70
     1
102
RTVSPost2010Prop45
280
     0
102
RTVSPost2010PropOp45
 70
     1
102
RTVSPost2010Prop46
 90
       50
102
RTVSPost2010PropOp46
 70
     1
102
RTVSPost2010Prop47
 90
       50
102
RTVSPost2010PropOp47
 70
     1
102
RTVSPost2010Prop48
 90
       50
102
RTVSPost2010PropOp48
 70
     1
102
RTVSPost2010Prop49
280
     0
102
RTVSPost2010PropOp49
 70
     1
102
RTVSPost2010Prop50
 90
       50
102
RTVSPost2010PropOp50
 70
     1
102
RTVSPost2010Prop51ColorIndex
 90
      256
102
RTVSPost2010Prop51ColorRGB
 90
-16777216
102
RTVSPost2010PropOp51
 70
     0
102
RTVSPost2010Prop52
140
1.0
102
RTVSPost2010PropOp52
 70
     0
102
RTVSPost2010Prop53
 90
        2
102
RTVSPost2010PropOp53
 70
     1
102
RTVSPost2010Prop54
  1
strokes_ogs.tif
102
RTVSPost2010PropOp54
 70
     1
102
RTVSPost2010Prop55
280
     0
102
RTVSPost2010PropOp55
 70
     1
102
RTVSPost2010Prop56
140
1.0
102
RTVSPost2010PropOp56
 70
     1
102
RTVSPost2010Prop57
140
1.0
102
RTVSPost2010PropOp57
 70
     1
  0
XRECORD
  5
D2
102
{ACAD_REACTORS
330
D1
102
}
330
D1
100
AcDbXrecord
280
     1
102
RTVSPost2010Prop28
280
     0
102
RTVSPost2010PropOp28
 70
     1
102
RTVSPost2010Prop29
280
     1
102
RTVSPost2010PropOp29
 70
     1
102
RTVSPost2010Prop30
280
     1
102
RTVSPost2010PropOp30
 70
     1
102
RTVSPost2010Prop31
280
     0
102
RTVSPost2010PropOp31
 70
     1
102
RTVSPost2010Prop32
280
     0
102
RTVSPost2010PropOp32
 70
     1
102
RTVSPost2010Prop33
280
     0
102
RTVSPost2010PropOp33
 70
     1
102
RTVSPost2010Prop34
280
     0
102
RTVSPost2010PropOp34
 70
     1
102
RTVSPost2010Prop35
280
     0
102
RTVSPost2010PropOp35
 70
     1
102
RTVSPost2010Prop36
280
     0
102
RTVSPost2010PropOp36
 70
     1
102
RTVSPost2010Prop37
 90
       50
102
RTVSPost2010PropOp37
 70
     1
102
RTVSPost2010Prop38
140
0.0
102
RTVSPost2010PropOp38
 70
     1
102
RTVSPost2010Prop39
140
1.0
102
RTVSPost2010PropOp39
 70
     1
102
RTVSPost2010Prop40
 90
        0
102
RTVSPost2010PropOp40
 70
     1
102
RTVSPost2010Prop41ColorIndex
 90
       18
102
RTVSPost2010Prop41ColorRGB
 90
        0
102
RTVSPost2010PropOp41
 70
     1
102
RTVSPost2010Prop42
 90
       50
102
RTVSPost2010PropOp42
 70
     1
102
RTVSPost2010Prop43
 90
        3
102
RTVSPost2010PropOp43
 70
     1
102
RTVSPost2010Prop44ColorIndex
 90
        5
102
RTVSPost2010Prop44ColorRGB
 90
      255
102
RTVSPost2010PropOp44
 70
     1
102
RTVSPost2010Prop45
280
     0
102
RTVSPost2010PropOp45
 70
     1
102
RTVSPost2010Prop46
 90
       50
102
RTVSPost2010PropOp46
 70
     1
102
RTVSPost2010Prop47
 90
       50
102
RTVSPost2010PropOp47
 70
     1
102
RTVSPost2010Prop48
 90
       50
102
RTVSPost2010PropOp48
 70
     1
102
RTVSPost2010Prop49
280
     0
102
RTVSPost2010PropOp49
 70
     1
102
RTVSPost2010Prop50
 90
       50
102
RTVSPost2010PropOp50
 70
     1
102
RTVSPost2010Prop51ColorIndex
 90
      256
102
RTVSPost2010Prop51ColorRGB
 90
-16777216
102
RTVSPost2010PropOp51
 70
     0
102
RTVSPost2010Prop52
140
1.0
102
RTVSPost2010PropOp52
 70
     0
102
RTVSPost2010Prop53
 90
        2
102
RTVSPost2010PropOp53
 70
     1
102
RTVSPost2010Prop54
  1
strokes_ogs.tif
102
RTVSPost2010PropOp54
 70
     1
102
RTVSPost2010Prop55
280
     0
102
RTVSPost2010PropOp55
 70
     1
102
RTVSPost2010Prop56
140
1.0
102
RTVSPost2010PropOp56
 70
     1
102
RTVSPost2010Prop57
140
1.0
102
RTVSPost2010PropOp57
 70
     1
  0
XRECORD
  5
D0
102
{ACAD_REACTORS
330
CF
102
}
330
CF
100
AcDbXrecord
280
     1
102
RTVSPost2010Prop28
280
     0
102
RTVSPost2010PropOp28
 70
     1
102
RTVSPost2010Prop29
280
     1
102
RTVSPost2010PropOp29
 70
     1
102
RTVSPost2010Prop30
280
     1
102
RTVSPost2010PropOp30
 70
     1
102
RTVSPost2010Prop31
280
     0
102
RTVSPost2010PropOp31
 70
     1
102
RTVSPost2010Prop32
280
     0
102
RTVSPost2010PropOp32
 70
     1
102
RTVSPost2010Prop33
280
     0
102
RTVSPost2010PropOp33
 70
     1
102
RTVSPost2010Prop34
280
     0
102
RTVSPost2010PropOp34
 70
     1
102
RTVSPost2010Prop35
280
     0
102
RTVSPost2010PropOp35
 70
     1
102
RTVSPost2010Prop36
280
     0
102
RTVSPost2010PropOp36
 70
     1
102
RTVSPost2010Prop37
 90
       50
102
RTVSPost2010PropOp37
 70
     1
102
RTVSPost2010Prop38
140
0.0
102
RTVSPost2010PropOp38
 70
     1
102
RTVSPost2010Prop39
140
1.0
102
RTVSPost2010PropOp39
 70
     1
102
RTVSPost2010Prop40
 90
        0
102
RTVSPost2010PropOp40
 70
     1
102
RTVSPost2010Prop41ColorIndex
 90
       18
102
RTVSPost2010Prop41ColorRGB
 90
        0
102
RTVSPost2010PropOp41
 70
     1
102
RTVSPost2010Prop42
 90
       50
102
RTVSPost2010PropOp42
 70
     1
102
RTVSPost2010Prop43
 90
        3
102
RTVSPost2010PropOp43
 70
     1
102
RTVSPost2010Prop44ColorIndex
 90
        5
102
RTVSPost2010Prop44ColorRGB
 90
      255
102
RTVSPost2010PropOp44
 70
     1
102
RTVSPost2010Prop45
280
     0
102
RTVSPost2010PropOp45
 70
     1
102
RTVSPost2010Prop46
 90
       50
102
RTVSPost2010PropOp46
 70
     1
102
RTVSPost2010Prop47
 90
       50
102
RTVSPost2010PropOp47
 70
     1
102
RTVSPost2010Prop48
 90
       50
102
RTVSPost2010PropOp48
 70
     1
102
RTVSPost2010Prop49
280
     0
102
RTVSPost2010PropOp49
 70
     1
102
RTVSPost2010Prop50
 90
       50
102
RTVSPost2010PropOp50
 70
     1
102
RTVSPost2010Prop51ColorIndex
 90
      256
102
RTVSPost2010Prop51ColorRGB
 90
-16777216
102
RTVSPost2010PropOp51
 70
     0
102
RTVSPost2010Prop52
140
1.0
102
RTVSPost2010PropOp52
 70
     0
102
RTVSPost2010Prop53
 90
        2
102
RTVSPost2010PropOp53
 70
     1
102
RTVSPost2010Prop54
  1
strokes_ogs.tif
102
RTVSPost2010PropOp54
 70
     1
102
RTVSPost2010Prop55
280
     0
102
RTVSPost2010PropOp55
 70
     1
102
RTVSPost2010Prop56
140
1.0
102
RTVSPost2010PropOp56
 70
     1
102
RTVSPost2010Prop57
140
1.0
102
RTVSPost2010PropOp57
 70
     1
  0
XRECORD
  5
CA
102
{ACAD_REACTORS
330
C9
102
}
330
C9
100
AcDbXrecord
280
     1
102
RTVSPost2010Prop28
280
     0
102
RTVSPost2010PropOp28
 70
     1
102
RTVSPost2010Prop29
280
     1
102
RTVSPost2010PropOp29
 70
     1
102
RTVSPost2010Prop30
280
     1
102
RTVSPost2010PropOp30
 70
     1
102
RTVSPost2010Prop31
280
     0
102
RTVSPost2010PropOp31
 70
     1
102
RTVSPost2010Prop32
280
     0
102
RTVSPost2010PropOp32
 70
     1
102
RTVSPost2010Prop33
280
     0
102
RTVSPost2010PropOp33
 70
     1
102
RTVSPost2010Prop34
280
     0
102
RTVSPost2010PropOp34
 70
     1
102
RTVSPost2010Prop35
280
     0
102
RTVSPost2010PropOp35
 70
     1
102
RTVSPost2010Prop36
280
     0
102
RTVSPost2010PropOp36
 70
     1
102
RTVSPost2010Prop37
 90
       50
102
RTVSPost2010PropOp37
 70
     1
102
RTVSPost2010Prop38
140
0.0
102
RTVSPost2010PropOp38
 70
     1
102
RTVSPost2010Prop39
140
1.0
102
RTVSPost2010PropOp39
 70
     1
102
RTVSPost2010Prop40
 90
        0
102
RTVSPost2010PropOp40
 70
     1
102
RTVSPost2010Prop41ColorIndex
 90
       18
102
RTVSPost2010Prop41ColorRGB
 90
        0
102
RTVSPost2010PropOp41
 70
     1
102
RTVSPost2010Prop42
 90
       50
102
RTVSPost2010PropOp42
 70
     1
102
RTVSPost2010Prop43
 90
        3
102
RTVSPost2010PropOp43
 70
     1
102
RTVSPost2010Prop44ColorIndex
 90
        5
102
RTVSPost2010Prop44ColorRGB
 90
      255
102
RTVSPost2010PropOp44
 70
     1
102
RTVSPost2010Prop45
280
     0
102
RTVSPost2010PropOp45
 70
     1
102
RTVSPost2010Prop46
 90
       50
102
RTVSPost2010PropOp46
 70
     1
102
RTVSPost2010Prop47
 90
       50
102
RTVSPost2010PropOp47
 70
     1
102
RTVSPost2010Prop48
 90
       50
102
RTVSPost2010PropOp48
 70
     1
102
RTVSPost2010Prop49
280
     0
102
RTVSPost2010PropOp49
 70
     1
102
RTVSPost2010Prop50
 90
       50
102
RTVSPost2010PropOp50
 70
     1
102
RTVSPost2010Prop51ColorIndex
 90
      256
102
RTVSPost2010Prop51ColorRGB
 90
-16777216
102
RTVSPost2010PropOp51
 70
     0
102
RTVSPost2010Prop52
140
1.0
102
RTVSPost2010PropOp52
 70
     0
102
RTVSPost2010Prop53
 90
        2
102
RTVSPost2010PropOp53
 70
     1
102
RTVSPost2010Prop54
  1
strokes_ogs.tif
102
RTVSPost2010PropOp54
 70
     1
102
RTVSPost2010Prop55
280
     0
102
RTVSPost2010PropOp55
 70
     1
102
RTVSPost2010Prop56
140
1.0
102
RTVSPost2010PropOp56
 70
     1
102
RTVSPost2010Prop57
140
1.0
102
RTVSPost2010PropOp57
 70
     1
  0
XRECORD
  5
CC
102
{ACAD_REACTORS
330
CB
102
}
330
CB
100
AcDbXrecord
280
     1
102
RTVSPost2010Prop28
280
     0
102
RTVSPost2010PropOp28
 70
     1
102
RTVSPost2010Prop29
280
     1
102
RTVSPost2010PropOp29
 70
     1
102
RTVSPost2010Prop30
280
     1
102
RTVSPost2010PropOp30
 70
     1
102
RTVSPost2010Prop31
280
     0
102
RTVSPost2010PropOp31
 70
     1
102
RTVSPost2010Prop32
280
     0
102
RTVSPost2010PropOp32
 70
     1
102
RTVSPost2010Prop33
280
     0
102
RTVSPost2010PropOp33
 70
     1
102
RTVSPost2010Prop34
280
     0
102
RTVSPost2010PropOp34
 70
     1
102
RTVSPost2010Prop35
280
     0
102
RTVSPost2010PropOp35
 70
     1
102
RTVSPost2010Prop36
280
     0
102
RTVSPost2010PropOp36
 70
     1
102
RTVSPost2010Prop37
 90
       50
102
RTVSPost2010PropOp37
 70
     1
102
RTVSPost2010Prop38
140
0.0
102
RTVSPost2010PropOp38
 70
     1
102
RTVSPost2010Prop39
140
1.0
102
RTVSPost2010PropOp39
 70
     1
102
RTVSPost2010Prop40
 90
        0
102
RTVSPost2010PropOp40
 70
     1
102
RTVSPost2010Prop41ColorIndex
 90
       18
102
RTVSPost2010Prop41ColorRGB
 90
        0
102
RTVSPost2010PropOp41
 70
     1
102
RTVSPost2010Prop42
 90
       50
102
RTVSPost2010PropOp42
 70
     1
102
RTVSPost2010Prop43
 90
        3
102
RTVSPost2010PropOp43
 70
     1
102
RTVSPost2010Prop44ColorIndex
 90
        5
102
RTVSPost2010Prop44ColorRGB
 90
      255
102
RTVSPost2010PropOp44
 70
     1
102
RTVSPost2010Prop45
280
     0
102
RTVSPost2010PropOp45
 70
     1
102
RTVSPost2010Prop46
 90
       50
102
RTVSPost2010PropOp46
 70
     1
102
RTVSPost2010Prop47
 90
       50
102
RTVSPost2010PropOp47
 70
     1
102
RTVSPost2010Prop48
 90
       50
102
RTVSPost2010PropOp48
 70
     1
102
RTVSPost2010Prop49
280
     0
102
RTVSPost2010PropOp49
 70
     1
102
RTVSPost2010Prop50
 90
       50
102
RTVSPost2010PropOp50
 70
     1
102
RTVSPost2010Prop51ColorIndex
 90
      256
102
RTVSPost2010Prop51ColorRGB
 90
-16777216
102
RTVSPost2010PropOp51
 70
     0
102
RTVSPost2010Prop52
140
1.0
102
RTVSPost2010PropOp52
 70
     0
102
RTVSPost2010Prop53
 90
        2
102
RTVSPost2010PropOp53
 70
     1
102
RTVSPost2010Prop54
  1
strokes_ogs.tif
102
RTVSPost2010PropOp54
 70
     1
102
RTVSPost2010Prop55
280
     0
102
RTVSPost2010PropOp55
 70
     1
102
RTVSPost2010Prop56
140
1.0
102
RTVSPost2010PropOp56
 70
     1
102
RTVSPost2010Prop57
140
1.0
102
RTVSPost2010PropOp57
 70
     1
  0
XRECORD
  5
BC
102
{ACAD_REACTORS
330
BB
102
}
330
BB
100
AcDbXrecord
280
     1
102
RTVSPost2010Prop28
280
     0
102
RTVSPost2010PropOp28
 70
     1
102
RTVSPost2010Prop29
280
     1
102
RTVSPost2010PropOp29
 70
     1
102
RTVSPost2010Prop30
280
     1
102
RTVSPost2010PropOp30
 70
     1
102
RTVSPost2010Prop31
280
     0
102
RTVSPost2010PropOp31
 70
     1
102
RTVSPost2010Prop32
280
     0
102
RTVSPost2010PropOp32
 70
     1
102
RTVSPost2010Prop33
280
     0
102
RTVSPost2010PropOp33
 70
     1
102
RTVSPost2010Prop34
280
     0
102
RTVSPost2010PropOp34
 70
     1
102
RTVSPost2010Prop35
280
     0
102
RTVSPost2010PropOp35
 70
     1
102
RTVSPost2010Prop36
280
     0
102
RTVSPost2010PropOp36
 70
     1
102
RTVSPost2010Prop37
 90
       50
102
RTVSPost2010PropOp37
 70
     1
102
RTVSPost2010Prop38
140
0.0
102
RTVSPost2010PropOp38
 70
     1
102
RTVSPost2010Prop39
140
1.0
102
RTVSPost2010PropOp39
 70
     1
102
RTVSPost2010Prop40
 90
        0
102
RTVSPost2010PropOp40
 70
     1
102
RTVSPost2010Prop41ColorIndex
 90
       18
102
RTVSPost2010Prop41ColorRGB
 90
        0
102
RTVSPost2010PropOp41
 70
     1
102
RTVSPost2010Prop42
 90
       50
102
RTVSPost2010PropOp42
 70
     1
102
RTVSPost2010Prop43
 90
        3
102
RTVSPost2010PropOp43
 70
     1
102
RTVSPost2010Prop44ColorIndex
 90
        5
102
RTVSPost2010Prop44ColorRGB
 90
      255
102
RTVSPost2010PropOp44
 70
     1
102
RTVSPost2010Prop45
280
     0
102
RTVSPost2010PropOp45
 70
     1
102
RTVSPost2010Prop46
 90
       50
102
RTVSPost2010PropOp46
 70
     1
102
RTVSPost2010Prop47
 90
       50
102
RTVSPost2010PropOp47
 70
     1
102
RTVSPost2010Prop48
 90
       50
102
RTVSPost2010PropOp48
 70
     1
102
RTVSPost2010Prop49
280
     0
102
RTVSPost2010PropOp49
 70
     1
102
RTVSPost2010Prop50
 90
       50
102
RTVSPost2010PropOp50
 70
     1
102
RTVSPost2010Prop51ColorIndex
 90
      256
102
RTVSPost2010Prop51ColorRGB
 90
-16777216
102
RTVSPost2010PropOp51
 70
     0
102
RTVSPost2010Prop52
140
1.0
102
RTVSPost2010PropOp52
 70
     0
102
RTVSPost2010Prop53
 90
        2
102
RTVSPost2010PropOp53
 70
     1
102
RTVSPost2010Prop54
  1
strokes_ogs.tif
102
RTVSPost2010PropOp54
 70
     1
102
RTVSPost2010Prop55
280
     0
102
RTVSPost2010PropOp55
 70
     1
102
RTVSPost2010Prop56
140
1.0
102
RTVSPost2010PropOp56
 70
     1
102
RTVSPost2010Prop57
140
1.0
102
RTVSPost2010PropOp57
 70
     1
  0
XRECORD
  5
AE
102
{ACAD_REACTORS
330
AD
102
}
330
AD
100
AcDbXrecord
280
     1
102
RTVSPost2010Prop28
280
     0
102
RTVSPost2010PropOp28
 70
     1
102
RTVSPost2010Prop29
280
     1
102
RTVSPost2010PropOp29
 70
     1
102
RTVSPost2010Prop30
280
     1
102
RTVSPost2010PropOp30
 70
     1
102
RTVSPost2010Prop31
280
     0
102
RTVSPost2010PropOp31
 70
     1
102
RTVSPost2010Prop32
280
     0
102
RTVSPost2010PropOp32
 70
     1
102
RTVSPost2010Prop33
280
     0
102
RTVSPost2010PropOp33
 70
     1
102
RTVSPost2010Prop34
280
     0
102
RTVSPost2010PropOp34
 70
     1
102
RTVSPost2010Prop35
280
     0
102
RTVSPost2010PropOp35
 70
     1
102
RTVSPost2010Prop36
280
     0
102
RTVSPost2010PropOp36
 70
     1
102
RTVSPost2010Prop37
 90
       50
102
RTVSPost2010PropOp37
 70
     1
102
RTVSPost2010Prop38
140
0.0
102
RTVSPost2010PropOp38
 70
     1
102
RTVSPost2010Prop39
140
1.0
102
RTVSPost2010PropOp39
 70
     1
102
RTVSPost2010Prop40
 90
        0
102
RTVSPost2010PropOp40
 70
     1
102
RTVSPost2010Prop41ColorIndex
 90
       18
102
RTVSPost2010Prop41ColorRGB
 90
        0
102
RTVSPost2010PropOp41
 70
     1
102
RTVSPost2010Prop42
 90
       50
102
RTVSPost2010PropOp42
 70
     1
102
RTVSPost2010Prop43
 90
        3
102
RTVSPost2010PropOp43
 70
     1
102
RTVSPost2010Prop44ColorIndex
 90
        5
102
RTVSPost2010Prop44ColorRGB
 90
      255
102
RTVSPost2010PropOp44
 70
     1
102
RTVSPost2010Prop45
280
     0
102
RTVSPost2010PropOp45
 70
     1
102
RTVSPost2010Prop46
 90
       50
102
RTVSPost2010PropOp46
 70
     1
102
RTVSPost2010Prop47
 90
       50
102
RTVSPost2010PropOp47
 70
     1
102
RTVSPost2010Prop48
 90
       50
102
RTVSPost2010PropOp48
 70
     1
102
RTVSPost2010Prop49
280
     0
102
RTVSPost2010PropOp49
 70
     1
102
RTVSPost2010Prop50
 90
       50
102
RTVSPost2010PropOp50
 70
     1
102
RTVSPost2010Prop51ColorIndex
 90
      256
102
RTVSPost2010Prop51ColorRGB
 90
-16777216
102
RTVSPost2010PropOp51
 70
     0
102
RTVSPost2010Prop52
140
1.0
102
RTVSPost2010PropOp52
 70
     0
102
RTVSPost2010Prop53
 90
        2
102
RTVSPost2010PropOp53
 70
     1
102
RTVSPost2010Prop54
  1
strokes_ogs.tif
102
RTVSPost2010PropOp54
 70
     1
102
RTVSPost2010Prop55
280
     0
102
RTVSPost2010PropOp55
 70
     1
102
RTVSPost2010Prop56
140
1.0
102
RTVSPost2010PropOp56
 70
     1
102
RTVSPost2010Prop57
140
1.0
102
RTVSPost2010PropOp57
 70
     1
  0
XRECORD
  5
CE
102
{ACAD_REACTORS
330
CD
102
}
330
CD
100
AcDbXrecord
280
     1
102
RTVSPost2010Prop28
280
     0
102
RTVSPost2010PropOp28
 70
     1
102
RTVSPost2010Prop29
280
     1
102
RTVSPost2010PropOp29
 70
     1
102
RTVSPost2010Prop30
280
     1
102
RTVSPost2010PropOp30
 70
     1
102
RTVSPost2010Prop31
280
     0
102
RTVSPost2010PropOp31
 70
     1
102
RTVSPost2010Prop32
280
     0
102
RTVSPost2010PropOp32
 70
     1
102
RTVSPost2010Prop33
280
     0
102
RTVSPost2010PropOp33
 70
     1
102
RTVSPost2010Prop34
280
     0
102
RTVSPost2010PropOp34
 70
     1
102
RTVSPost2010Prop35
280
     0
102
RTVSPost2010PropOp35
 70
     1
102
RTVSPost2010Prop36
280
     0
102
RTVSPost2010PropOp36
 70
     1
102
RTVSPost2010Prop37
 90
       50
102
RTVSPost2010PropOp37
 70
     1
102
RTVSPost2010Prop38
140
0.0
102
RTVSPost2010PropOp38
 70
     1
102
RTVSPost2010Prop39
140
1.0
102
RTVSPost2010PropOp39
 70
     1
102
RTVSPost2010Prop40
 90
        0
102
RTVSPost2010PropOp40
 70
     1
102
RTVSPost2010Prop41ColorIndex
 90
       18
102
RTVSPost2010Prop41ColorRGB
 90
        0
102
RTVSPost2010PropOp41
 70
     1
102
RTVSPost2010Prop42
 90
       50
102
RTVSPost2010PropOp42
 70
     1
102
RTVSPost2010Prop43
 90
        3
102
RTVSPost2010PropOp43
 70
     1
102
RTVSPost2010Prop44ColorIndex
 90
        5
102
RTVSPost2010Prop44ColorRGB
 90
      255
102
RTVSPost2010PropOp44
 70
     1
102
RTVSPost2010Prop45
280
     0
102
RTVSPost2010PropOp45
 70
     1
102
RTVSPost2010Prop46
 90
       50
102
RTVSPost2010PropOp46
 70
     1
102
RTVSPost2010Prop47
 90
       50
102
RTVSPost2010PropOp47
 70
     1
102
RTVSPost2010Prop48
 90
       50
102
RTVSPost2010PropOp48
 70
     1
102
RTVSPost2010Prop49
280
     0
102
RTVSPost2010PropOp49
 70
     1
102
RTVSPost2010Prop50
 90
       50
102
RTVSPost2010PropOp50
 70
     1
102
RTVSPost2010Prop51ColorIndex
 90
      256
102
RTVSPost2010Prop51ColorRGB
 90
-16777216
102
RTVSPost2010PropOp51
 70
     0
102
RTVSPost2010Prop52
140
1.0
102
RTVSPost2010PropOp52
 70
     0
102
RTVSPost2010Prop53
 90
        2
102
RTVSPost2010PropOp53
 70
     1
102
RTVSPost2010Prop54
  1
strokes_ogs.tif
102
RTVSPost2010PropOp54
 70
     1
102
RTVSPost2010Prop55
280
     0
102
RTVSPost2010PropOp55
 70
     1
102
RTVSPost2010Prop56
140
1.0
102
RTVSPost2010PropOp56
 70
     1
102
RTVSPost2010Prop57
140
1.0
102
RTVSPost2010PropOp57
 70
     1
  0
ENDSEC
  0
EOF
