  0
SECTION
  2
HEADER
  9
$ACADVER
  1
AC1024
  9
$ACADMAINTVER
 70
     6
  9
$DWGCODEPAGE
  3
ANSI_1251
  9
$INSBASE
 10
0.0
 20
0.0
 30
0.0
  9
$EXTMIN
 10
1.000000000000000E+20
 20
1.000000000000000E+20
 30
1.000000000000000E+20
  9
$EXTMAX
 10
-1.000000000000000E+20
 20
-1.000000000000000E+20
 30
-1.000000000000000E+20
  9
$LIMMIN
 10
0.0
 20
0.0
  9
$LIMMAX
 10
420.0
 20
297.0
  9
$ORTHOMODE
 70
     0
  9
$REGENMODE
 70
     1
  9
$FILLMODE
 70
     1
  9
$QTEXTMODE
 70
     0
  9
$MIRRTEXT
 70
     1
  9
$LTSCALE
 40
1.0
  9
$ATTMODE
 70
     1
  9
$TEXTSIZE
 40
2.5
  9
$TRACEWID
 40
1.0
  9
$TEXTSTYLE
  7
Standard
  9
$CLAYER
  8
0
  9
$CELTYPE
  6
ByLayer
  9
$CECOLOR
 62
   256
  9
$CELTSCALE
 40
1.0
  9
$DISPSILH
 70
     0
  9
$DIMSCALE
 40
1.0
  9
$DIMASZ
 40
2.5
  9
$DIMEXO
 40
0.625
  9
$DIMDLI
 40
3.75
  9
$DIMRND
 40
0.01
  9
$DIMDLE
 40
0.0
  9
$DIMEXE
 40
1.25
  9
$DIMTP
 40
0.0
  9
$DIMTM
 40
0.0
  9
$DIMTXT
 40
2.5
  9
$DIMCEN
 40
2.5
  9
$DIMTSZ
 40
0.0
  9
$DIMTOL
 70
     0
  9
$DIMLIM
 70
     0
  9
$DIMTIH
 70
     0
  9
$DIMTOH
 70
     0
  9
$DIMSE1
 70
     0
  9
$DIMSE2
 70
     0
  9
$DIMTAD
 70
     1
  9
$DIMZIN
 70
     8
  9
$DIMBLK
  1

  9
$DIMASO
 70
     1
  9
$DIMSHO
 70
     1
  9
$DIMPOST
  1

  9
$DIMAPOST
  1

  9
$DIMALT
 70
     0
  9
$DIMALTD
 70
     3
  9
$DIMALTF
 40
0.0393700787401575
  9
$DIMLFAC
 40
1.0
  9
$DIMTOFL
 70
     1
  9
$DIMTVP
 40
0.0
  9
$DIMTIX
 70
     0
  9
$DIMSOXD
 70
     0
  9
$DIMSAH
 70
     0
  9
$DIMBLK1
  1

  9
$DIMBLK2
  1

  9
$DIMSTYLE
  2
ISO-25
  9
$DIMCLRD
 70
     0
  9
$DIMCLRE
 70
     0
  9
$DIMCLRT
 70
     0
  9
$DIMTFAC
 40
1.0
  9
$DIMGAP
 40
0.7
  9
$DIMJUST
 70
     0
  9
$DIMSD1
 70
     0
  9
$DIMSD2
 70
     0
  9
$DIMTOLJ
 70
     0
  9
$DIMTZIN
 70
     8
  9
$DIMALTZ
 70
     0
  9
$DIMALTTZ
 70
     0
  9
$DIMUPT
 70
     0
  9
$DIMDEC
 70
     2
  9
$DIMTDEC
 70
     2
  9
$DIMALTU
 70
     2
  9
$DIMALTTD
 70
     3
  9
$DIMTXSTY
  7
Standard
  9
$DIMAUNIT
 70
     0
  9
$DIMADEC
 70
     2
  9
$DIMALTRND
 40
0.0
  9
$DIMAZIN
 70
     0
  9
$DIMDSEP
 70
    44
  9
$DIMATFIT
 70
     3
  9
$DIMFRAC
 70
     2
  9
$DIMLDRBLK
  1

  9
$DIMLUNIT
 70
     2
  9
$DIMLWD
 70
    15
  9
$DIMLWE
 70
    15
  9
$DIMTMOVE
 70
     0
  9
$DIMFXL
 40
1.0
  9
$DIMFXLON
 70
     0
  9
$DIMJOGANG
 40
0.7853981633974483
  9
$DIMTFILL
 70
     0
  9
$DIMTFILLCLR
 70
     0
  9
$DIMARCSYM
 70
     0
  9
$DIMLTYPE
  6

  9
$DIMLTEX1
  6

  9
$DIMLTEX2
  6

  9
$DIMTXTDIRECTION
 70
     0
  9
$LUNITS
 70
     2
  9
$LUPREC
 70
     4
  9
$SKETCHINC
 40
1.0
  9
$FILLETRAD
 40
0.0
  9
$AUNITS
 70
     0
  9
$AUPREC
 70
     0
  9
$MENU
  1
.
  9
$ELEVATION
 40
0.0
  9
$PELEVATION
 40
0.0
  9
$THICKNESS
 40
0.0
  9
$LIMCHECK
 70
     0
  9
$CHAMFERA
 40
0.0
  9
$CHAMFERB
 40
0.0
  9
$CHAMFERC
 40
0.0
  9
$CHAMFERD
 40
0.0
  9
$SKPOLY
 70
     0
  9
$TDCREATE
 40
2460907.680539155
  9
$TDUCREATE
 40
2460907.597205822
  9
$TDUPDATE
 40
2460907.68053934
  9
$TDUUPDATE
 40
2460907.597206007
  9
$TDINDWG
 40
0.0000000116
  9
$TDUSRTIMER
 40
0.0000000116
  9
$USRTIMER
 70
     1
  9
$ANGBASE
 50
0.0
  9
$ANGDIR
 70
     0
  9
$PDMODE
 70
     0
  9
$PDSIZE
 40
0.0
  9
$PLINEWID
 40
0.0
  9
$SPLFRAME
 70
     0
  9
$SPLINETYPE
 70
     6
  9
$SPLINESEGS
 70
     8
  9
$HANDSEED
  5
DA
  9
$SURFTAB1
 70
     6
  9
$SURFTAB2
 70
     6
  9
$SURFTYPE
 70
     6
  9
$SURFU
 70
     6
  9
$SURFV
 70
     6
  9
$UCSBASE
  2

  9
$UCSNAME
  2

  9
$UCSORG
 10
0.0
 20
0.0
 30
0.0
  9
$UCSXDIR
 10
1.0
 20
0.0
 30
0.0
  9
$UCSYDIR
 10
0.0
 20
1.0
 30
0.0
  9
$UCSORTHOREF
  2

  9
$UCSORTHOVIEW
 70
     0
  9
$UCSORGTOP
 10
0.0
 20
0.0
 30
0.0
  9
$UCSORGBOTTOM
 10
0.0
 20
0.0
 30
0.0
  9
$UCSORGLEFT
 10
0.0
 20
0.0
 30
0.0
  9
$UCSORGRIGHT
 10
0.0
 20
0.0
 30
0.0
  9
$UCSORGFRONT
 10
0.0
 20
0.0
 30
0.0
  9
$UCSORGBACK
 10
0.0
 20
0.0
 30
0.0
  9
$PUCSBASE
  2

  9
$PUCSNAME
  2

  9
$PUCSORG
 10
0.0
 20
0.0
 30
0.0
  9
$PUCSXDIR
 10
1.0
 20
0.0
 30
0.0
  9
$PUCSYDIR
 10
0.0
 20
1.0
 30
0.0
  9
$PUCSORTHOREF
  2

  9
$PUCSORTHOVIEW
 70
     0
  9
$PUCSORGTOP
 10
0.0
 20
0.0
 30
0.0
  9
$PUCSORGBOTTOM
 10
0.0
 20
0.0
 30
0.0
  9
$PUCSORGLEFT
 10
0.0
 20
0.0
 30
0.0
  9
$PUCSORGRIGHT
 10
0.0
 20
0.0
 30
0.0
  9
$PUCSORGFRONT
 10
0.0
 20
0.0
 30
0.0
  9
$PUCSORGBACK
 10
0.0
 20
0.0
 30
0.0
  9
$USERI1
 70
     0
  9
$USERI2
 70
     0
  9
$USERI3
 70
     0
  9
$USERI4
 70
     0
  9
$USERI5
 70
     0
  9
$USERR1
 40
0.0
  9
$USERR2
 40
0.0
  9
$USERR3
 40
0.0
  9
$USERR4
 40
0.0
  9
$USERR5
 40
0.0
  9
$WORLDVIEW
 70
     1
  9
$SHADEDGE
 70
     3
  9
$SHADEDIF
 70
    70
  9
$TILEMODE
 70
     0
  9
$MAXACTVP
 70
    64
  9
$PINSBASE
 10
0.0
 20
0.0
 30
0.0
  9
$PLIMCHECK
 70
     0
  9
$PEXTMIN
 10
0.0
 20
0.0
 30
0.0
  9
$PEXTMAX
 10
0.0
 20
0.0
 30
0.0
  9
$PLIMMIN
 10
-20.0
 20
-7.5
  9
$PLIMMAX
 10
277.0
 20
202.5
  9
$UNITMODE
 70
     0
  9
$VISRETAIN
 70
     1
  9
$PLINEGEN
 70
     0
  9
$PSLTSCALE
 70
     1
  9
$TREEDEPTH
 70
  3020
  9
$CMLSTYLE
  2
Standard
  9
$CMLJUST
 70
     0
  9
$CMLSCALE
 40
20.0
  9
$PROXYGRAPHICS
 70
     1
  9
$MEASUREMENT
 70
     1
  9
$CELWEIGHT
370
    -1
  9
$ENDCAPS
280
     0
  9
$JOINSTYLE
280
     0
  9
$LWDISPLAY
290
     0
  9
$INSUNITS
 70
     4
  9
$HYPERLINKBASE
  1

  9
$STYLESHEET
  1

  9
$XEDIT
290
     1
  9
$CEPSNTYPE
380
     0
  9
$PSTYLEMODE
290
     1
  9
$FINGERPRINTGUID
  2
{ddd5effb-eaf7-549b-4fbb-3102eb0a7ded}
  9
$VERSIONGUID
  2
{FAEB1C32-E019-11D5-929B-00C0DF256EC4}
  9
$EXTNAMES
290
     1
  9
$PSVPSCALE
 40
0.0
  9
$OLESTARTUP
290
     0
  9
$SORTENTS
280
   127
  9
$INDEXCTL
280
     0
  9
$HIDETEXT
280
     1
  9
$XCLIPFRAME
280
     2
  9
$HALOGAP
280
     0
  9
$OBSCOLOR
 70
   257
  9
$OBSLTYPE
280
     0
  9
$INTERSECTIONDISPLAY
280
     0
  9
$INTERSECTIONCOLOR
 70
   257
  9
$DIMASSOC
280
     2
  9
$PROJECTNAME
  1

  9
$CAMERADISPLAY
290
     0
  9
$LENSLENGTH
 40
50.0
  9
$CAMERAHEIGHT
 40
0.0
  9
$STEPSPERSEC
 40
2.0
  9
$STEPSIZE
 40
6.0
  9
$3DDWFPREC
 40
2.0
  9
$PSOLWIDTH
 40
5.0
  9
$PSOLHEIGHT
 40
80.0
  9
$LOFTANG1
 40
1.570796326794897
  9
$LOFTANG2
 40
1.570796326794897
  9
$LOFTMAG1
 40
0.0
  9
$LOFTMAG2
 40
0.0
  9
$LOFTPARAM
 70
     7
  9
$LOFTNORMALS
280
     1
  9
$LATITUDE
 40
37.795
  9
$LONGITUDE
 40
-122.394
  9
$NORTHDIRECTION
 40
0.0
  9
$TIMEZONE
 70
 -8000
  9
$LIGHTGLYPHDISPLAY
280
     1
  9
$TILEMODELIGHTSYNCH
280
     1
  9
$CMATERIAL
347
44
  9
$SOLIDHIST
280
     0
  9
$SHOWHIST
280
     1
  9
$DWFFRAME
280
     2
  9
$DGNFRAME
280
     2
  9
$REALWORLDSCALE
290
     1
  9
$INTERFERECOLOR
 62
   256
  9
$CSHADOW
280
     0
  9
$SHADOWPLANELOCATION
 40
0.0
  0
ENDSEC
  0
SECTION
  2
CLASSES
  0
CLASS
  1
ACDBDICTIONARYWDFLT
  2
AcDbDictionaryWithDefault
  3
ObjectDBX Classes
 90
        0
 91
        3
280
     0
281
     0
  0
CLASS
  1
VISUALSTYLE
  2
AcDbVisualStyle
  3
ObjectDBX Classes
 90
     4095
 91
        3
280
     0
281
     0
  0
CLASS
  1
MATERIAL
  2
AcDbMaterial
  3
ObjectDBX Classes
 90
     1153
 91
        3
280
     0
281
     0
  0
CLASS
  1
SCALE
  2
AcDbScale
  3
ObjectDBX Classes
 90
     1153
 91
        3
280
     0
281
     0
  0
CLASS
  1
TABLESTYLE
  2
AcDbTableStyle
  3
ObjectDBX Classes
 90
     4095
 91
        3
280
     0
281
     0
  0
CLASS
  1
MLEADERSTYLE
  2
AcDbMLeaderStyle
  3
ACDB_MLEADERSTYLE_CLASS
 90
     4095
 91
        3
280
     0
281
     0
  0
CLASS
  1
SUN
  2
AcDbSun
  3
SCENEOE
 90
     1153
 91
        3
280
     0
281
     0
  0
CLASS
  1
DICTIONARYVAR
  2
AcDbDictionaryVar
  3
ObjectDBX Classes
 90
        0
 91
        3
280
     0
281
     0
  0
CLASS
  1
CELLSTYLEMAP
  2
AcDbCellStyleMap
  3
ObjectDBX Classes
 90
     1152
 91
        3
280
     0
281
     0
  0
ENDSEC
  0
SECTION
  2
TABLES
  0
TABLE
  2
VPORT
  5
8
330
0
100
AcDbSymbolTable
 70
     1
  0
VPORT
  5
29
330
8
100
AcDbSymbolTableRecord
100
AcDbViewportTableRecord
  2
*Active
 70
     0
 10
0.0
 20
0.0
 11
1.0
 21
1.0
 12
210.0
 22
148.5
 13
0.0
 23
0.0
 14
10.0
 24
10.0
 15
10.0
 25
10.0
 16
0.0
 26
0.0
 36
1.0
 17
0.0
 27
0.0
 37
0.0
 40
297.0
 41
1.414141414141414
 42
50.0
 43
0.0
 44
0.0
 50
0.0
 51
0.0
 71
     0
 72
   100
 73
     1
 74
     3
 75
     0
 76
     0
 77
     0
 78
     0
281
     0
 65
     1
110
0.0
120
0.0
130
0.0
111
1.0
121
0.0
131
0.0
112
0.0
122
1.0
132
0.0
 79
     0
146
0.0
348
2F
 60
     3
 61
     5
292
     1
282
     1
141
0.0
142
0.0
 63
   250
361
5D
  0
ENDTAB
  0
TABLE
  2
LTYPE
  5
5
330
0
100
AcDbSymbolTable
 70
     6
  0
LTYPE
  5
14
330
5
100
AcDbSymbolTableRecord
100
AcDbLinetypeTableRecord
  2
ByBlock
 70
     0
  3

 72
    65
 73
     0
 40
0.0
  0
LTYPE
  5
15
330
5
100
AcDbSymbolTableRecord
100
AcDbLinetypeTableRecord
  2
ByLayer
 70
     0
  3

 72
    65
 73
     0
 40
0.0
  0
LTYPE
  5
16
330
5
100
AcDbSymbolTableRecord
100
AcDbLinetypeTableRecord
  2
Continuous
 70
     0
  3
Solid line
 72
    65
 73
     0
 40
0.0
  0
LTYPE
  5
61
330
5
100
AcDbSymbolTableRecord
100
AcDbLinetypeTableRecord
  2
CenterLine
 70
     0
  3

 72
    65
 73
     4
 40
8.0
 49
5.0
 74
     0
 49
-1.0
 74
     0
 49
1.0
 74
     0
 49
-1.0
 74
     0
  0
LTYPE
  5
62
330
5
100
AcDbSymbolTableRecord
100
AcDbLinetypeTableRecord
  2
DraftedLine
 70
     0
  3

 72
    65
 73
     2
 40
3.0
 49
2.0
 74
     0
 49
-1.0
 74
     0
  0
LTYPE
  5
63
330
5
100
AcDbSymbolTableRecord
100
AcDbLinetypeTableRecord
  2
SectionLineISO
 70
     0
  3

 72
    65
 73
     5
 40
13.75833333333342
 49
4.23333333333336
 74
     0
 49
-2.11666666666668
 74
     0
 49
1.05833333333334
 74
     0
 49
-2.11666666666668
 74
     0
 49
4.23333333333336
 74
     0
  0
LTYPE
  5
64
330
5
100
AcDbSymbolTableRecord
100
AcDbLinetypeTableRecord
  2
SectionLineANSI
 70
     0
  3

 72
    65
 73
     7
 40
11.99444444444452
 49
4.23333333333336
 74
     0
 49
-1.05833333333334
 74
     0
 49
0.17638888888889
 74
     0
 49
-1.05833333333334
 74
     0
 49
0.17638888888889
 74
     0
 49
-1.05833333333334
 74
     0
 49
4.23333333333336
 74
     0
  0
LTYPE
  5
65
330
5
100
AcDbSymbolTableRecord
100
AcDbLinetypeTableRecord
  2
DetailCircleISO
 70
     0
  3

 72
    65
 73
     5
 40
13.75833333333342
 49
4.23333333333336
 74
     0
 49
-2.11666666666668
 74
     0
 49
1.05833333333334
 74
     0
 49
-2.11666666666668
 74
     0
 49
4.23333333333336
 74
     0
  0
ENDTAB
  0
TABLE
  2
LAYER
  5
2
330
0
100
AcDbSymbolTable
 70
     4
  0
LAYER
  5
10
330
2
100
AcDbSymbolTableRecord
100
AcDbLayerTableRecord
  2
0
 70
     0
 62
     7
  6
Continuous
370
    -3
390
F
347
46
  0
LAYER
  5
5E
330
2
100
AcDbSymbolTableRecord
100
AcDbLayerTableRecord
  2
Geometries
 70
     0
 62
     7
  6
Continuous
370
    -3
390
F
347
46
  0
LAYER
  5
5F
330
2
100
AcDbSymbolTableRecord
100
AcDbLayerTableRecord
  2
Annotations
 70
     0
 62
     7
  6
Continuous
370
    -3
390
F
347
46
  0
LAYER
  5
60
330
2
100
AcDbSymbolTableRecord
100
AcDbLayerTableRecord
  2
Border
 70
     0
 62
     7
  6
Continuous
370
    -3
390
F
347
46
  0
ENDTAB
  0
TABLE
  2
STYLE
  5
3
330
0
100
AcDbSymbolTable
 70
    19
  0
STYLE
  5
11
330
3
100
AcDbSymbolTableRecord
100
AcDbTextStyleTableRecord
  2
Standard
 70
     0
 40
0.0
 41
1.0
 50
0.0
 71
     0
 42
2.5
  3
txt
  4

  0
STYLE
  5
66
330
3
100
AcDbSymbolTableRecord
100
AcDbTextStyleTableRecord
  2
Shapr0
 70
     0
 40
3.3495
 41
1.0
 50
0.0
 71
     0
 42
2.5
  3

  4

  0
STYLE
  5
67
330
3
100
AcDbSymbolTableRecord
100
AcDbTextStyleTableRecord
  2
Shapr1
 70
     0
 40
3.3495
 41
1.0
 50
0.0
 71
     0
 42
2.5
  3

  4

  0
STYLE
  5
68
330
3
100
AcDbSymbolTableRecord
100
AcDbTextStyleTableRecord
  2
Shapr2
 70
     0
 40
3.3495
 41
1.0
 50
0.0
 71
     0
 42
2.5
  3

  4

  0
STYLE
  5
69
330
3
100
AcDbSymbolTableRecord
100
AcDbTextStyleTableRecord
  2
Shapr3
 70
     0
 40
3.3495
 41
1.0
 50
0.0
 71
     0
 42
2.5
  3

  4

  0
STYLE
  5
6A
330
3
100
AcDbSymbolTableRecord
100
AcDbTextStyleTableRecord
  2
Shapr4
 70
     0
 40
3.3495
 41
1.0
 50
0.0
 71
     0
 42
2.5
  3

  4

  0
STYLE
  5
6B
330
3
100
AcDbSymbolTableRecord
100
AcDbTextStyleTableRecord
  2
Shapr5
 70
     0
 40
3.3495
 41
1.0
 50
0.0
 71
     0
 42
2.5
  3

  4

  0
STYLE
  5
6C
330
3
100
AcDbSymbolTableRecord
100
AcDbTextStyleTableRecord
  2
Shapr6
 70
     0
 40
3.3495
 41
1.0
 50
0.0
 71
     0
 42
2.5
  3

  4

  0
STYLE
  5
6D
330
3
100
AcDbSymbolTableRecord
100
AcDbTextStyleTableRecord
  2
Shapr7
 70
     0
 40
3.3495
 41
1.0
 50
0.0
 71
     0
 42
2.5
  3

  4

  0
STYLE
  5
6E
330
3
100
AcDbSymbolTableRecord
100
AcDbTextStyleTableRecord
  2
Shapr8
 70
     0
 40
3.3495
 41
1.0
 50
0.0
 71
     0
 42
2.5
  3

  4

  0
STYLE
  5
6F
330
3
100
AcDbSymbolTableRecord
100
AcDbTextStyleTableRecord
  2
Shapr9
 70
     0
 40
3.3495
 41
1.0
 50
0.0
 71
     0
 42
2.5
  3

  4

  0
STYLE
  5
70
330
3
100
AcDbSymbolTableRecord
100
AcDbTextStyleTableRecord
  2
Shapr10
 70
     0
 40
3.3495
 41
1.0
 50
0.0
 71
     0
 42
2.5
  3

  4

  0
STYLE
  5
71
330
3
100
AcDbSymbolTableRecord
100
AcDbTextStyleTableRecord
  2
Shapr11
 70
     0
 40
3.3495
 41
1.0
 50
0.0
 71
     0
 42
2.5
  3

  4

  0
STYLE
  5
72
330
3
100
AcDbSymbolTableRecord
100
AcDbTextStyleTableRecord
  2
Shapr12
 70
     0
 40
3.3495
 41
1.0
 50
0.0
 71
     0
 42
2.5
  3

  4

  0
STYLE
  5
73
330
3
100
AcDbSymbolTableRecord
100
AcDbTextStyleTableRecord
  2
Shapr13
 70
     0
 40
3.3495
 41
1.0
 50
0.0
 71
     0
 42
2.5
  3

  4

  0
STYLE
  5
74
330
3
100
AcDbSymbolTableRecord
100
AcDbTextStyleTableRecord
  2
Shapr14
 70
     0
 40
3.3495
 41
1.0
 50
0.0
 71
     0
 42
2.5
  3

  4

  0
STYLE
  5
75
330
3
100
AcDbSymbolTableRecord
100
AcDbTextStyleTableRecord
  2
Shapr15
 70
     0
 40
3.3495
 41
1.0
 50
0.0
 71
     0
 42
2.5
  3

  4

  0
STYLE
  5
76
330
3
100
AcDbSymbolTableRecord
100
AcDbTextStyleTableRecord
  2
Shapr16
 70
     0
 40
3.3495
 41
1.0
 50
0.0
 71
     0
 42
2.5
  3

  4

  0
STYLE
  5
77
330
3
100
AcDbSymbolTableRecord
100
AcDbTextStyleTableRecord
  2
Shapr17
 70
     0
 40
3.3495
 41
1.0
 50
0.0
 71
     0
 42
2.5
  3

  4

  0
ENDTAB
  0
TABLE
  2
VIEW
  5
6
330
0
100
AcDbSymbolTable
 70
     0
  0
ENDTAB
  0
TABLE
  2
UCS
  5
7
330
0
100
AcDbSymbolTable
 70
     0
  0
ENDTAB
  0
TABLE
  2
APPID
  5
9
330
0
100
AcDbSymbolTable
 70
     1
  0
APPID
  5
12
330
9
100
AcDbSymbolTableRecord
100
AcDbRegAppTableRecord
  2
ACAD
 70
     0
  0
ENDTAB
  0
TABLE
  2
DIMSTYLE
  5
A
330
0
100
AcDbSymbolTable
 70
     1
100
AcDbDimStyleTable
  0
DIMSTYLE
105
27
330
A
100
AcDbSymbolTableRecord
100
AcDbDimStyleTableRecord
  2
ISO-25
 70
     0
 41
2.5
 42
0.625
 43
3.75
 44
1.25
 73
     0
 74
     0
 77
     1
 78
     8
140
2.5
141
2.5
143
0.0393700787401575
147
0.625
171
     3
172
     1
178
     0
271
     2
272
     2
274
     3
278
    44
283
     0
284
     8
340
11
  0
ENDTAB
  0
TABLE
  2
BLOCK_RECORD
  5
1
330
0
100
AcDbSymbolTable
 70
     2
  0
BLOCK_RECORD
  5
1F
330
1
100
AcDbSymbolTableRecord
100
AcDbBlockTableRecord
  2
*Model_Space
340
22
 70
     4
280
     1
281
     0
  0
BLOCK_RECORD
  5
78
330
1
100
AcDbSymbolTableRecord
100
AcDbBlockTableRecord
  2
*Paper_Space
340
79
 70
     0
280
     1
281
     0
  0
BLOCK_RECORD
  5
23
330
1
100
AcDbSymbolTableRecord
100
AcDbBlockTableRecord
  2
*Paper_Space0
340
26
 70
     0
280
     1
281
     0
  0
BLOCK_RECORD
  5
1B
330
1
100
AcDbSymbolTableRecord
100
AcDbBlockTableRecord
  2
*Paper_Space1
340
1E
 70
     4
280
     1
281
     0
  0
ENDTAB
  0
ENDSEC
  0
SECTION
  2
BLOCKS
  0
BLOCK
  5
20
330
1F
100
AcDbEntity
  8
0
100
AcDbBlockBegin
  2
*Model_Space
 70
     0
 10
0.0
 20
0.0
 30
0.0
  3
*Model_Space
  1

  0
ENDBLK
  5
21
330
1F
100
AcDbEntity
  8
0
100
AcDbBlockEnd
  0
BLOCK
  5
7A
330
78
100
AcDbEntity
 67
     1
  8
0
100
AcDbBlockBegin
  2
*Paper_Space
 70
     0
 10
0.0
 20
0.0
 30
0.0
  3
*Paper_Space
  1

  0
ENDBLK
  5
7B
330
78
100
AcDbEntity
 67
     1
  8
0
100
AcDbBlockEnd
  0
BLOCK
  5
24
330
23
100
AcDbEntity
  8
0
100
AcDbBlockBegin
  2
*Paper_Space0
 70
     0
 10
0.0
 20
0.0
 30
0.0
  3
*Paper_Space0
  1

  0
ENDBLK
  5
25
330
23
100
AcDbEntity
  8
0
100
AcDbBlockEnd
  0
BLOCK
  5
1C
330
1B
100
AcDbEntity
  8
0
100
AcDbBlockBegin
  2
*Paper_Space1
 70
     0
 10
0.0
 20
0.0
 30
0.0
  3
*Paper_Space1
  1

  0
ENDBLK
  5
1D
330
1B
100
AcDbEntity
  8
0
100
AcDbBlockEnd
  0
ENDSEC
  0
SECTION
  2
ENTITIES
  0
LINE
  5
80
330
1F
100
AcDbEntity
  8
Geometries
  6
Continuous
370
    40
100
AcDbLine
 10
253.9174961334788
 20
152.6764287804926
 30
0.0
 11
247.9867456712303
 21
152.6764287793563
 31
0.0
  0
LWPOLYLINE
  5
81
330
1F
100
AcDbEntity
  8
Geometries
  6
Continuous
370
    40
100
AcDbPolyline
 90
       21
 70
   128
 43
0.0
 10
431.6741237066678
 20
161.0164975398681
 10
431.7528194182148
 20
161.009833147143
 10
431.8302469947578
 20
160.997579770696
 10
431.9064064362971
 20
160.9797374105271
 10
431.9812977428325
 20
160.9563060666363
 10
432.0549209143639
 20
160.9272857390236
 10
432.1264445068156
 20
160.893022099431
 10
432.1946252232034
 20
160.8540403399012
 10
432.2594630635273
 20
160.8103404604343
 10
432.3209580277875
 20
160.7619224610302
 10
432.3791101159838
 20
160.708786341689
 10
432.4337506208118
 20
160.6510024959317
 10
432.4833225779662
 20
160.5900053520597
 10
432.5278259874467
 20
160.5257949100731
 10
432.5672608492537
 20
160.4583711699718
 10
432.6016271633869
 20
160.3877341317558
 10
432.6309301548342
 20
160.3136134063829
 10
432.6540234528858
 20
160.2383521827858
 10
432.6709070575415
 20
160.1619504609645
 10
432.6815809688015
 20
160.084408240919
 10
432.6860451866659
 20
160.0057255226493
  0
LINE
  5
82
330
1F
100
AcDbEntity
  8
Geometries
  6
Continuous
370
    40
100
AcDbLine
 10
252.5378209289108
 20
150.8084654643018
 30
0.0
 11
252.5385915415869
 21
151.3969703986743
 31
0.0
  0
LINE
  5
83
330
1F
100
AcDbEntity
  8
Geometries
  6
Continuous
370
    40
100
AcDbLine
 10
247.9867456712303
 20
152.6764287793563
 30
0.0
 11
248.0027210460458
 21
164.8765744610309
 31
0.0
  0
LINE
  5
84
330
1F
100
AcDbEntity
  8
Geometries
  6
Continuous
370
    40
100
AcDbLine
 10
248.0027210460458
 20
164.8765744610309
 30
0.0
 11
263.7389189882568
 21
164.8765744640459
 31
0.0
  0
LINE
  5
85
330
1F
100
AcDbEntity
  8
Geometries
  6
Continuous
370
    40
100
AcDbLine
 10
258.7504339616698
 20
151.5385098711149
 30
0.0
 11
258.7494292387389
 21
150.7712185698965
 31
0.0
  0
LINE
  5
86
330
1F
100
AcDbEntity
  8
Geometries
  6
Continuous
370
    40
100
AcDbLine
 10
263.7229436134414
 20
152.6764287823713
 30
0.0
 11
257.1719923804313
 21
152.6764287811162
 31
0.0
  0
LINE
  5
87
330
1F
100
AcDbEntity
  8
Geometries
  6
Continuous
370
    40
100
AcDbLine
 10
263.7389189882568
 20
164.8765744640459
 30
0.0
 11
263.7229436134414
 21
152.6764287823713
 31
0.0
  0
LINE
  5
88
330
1F
100
AcDbEntity
  8
Geometries
  6
Continuous
370
    40
100
AcDbLine
 10
257.4228411738468
 20
149.4763905695783
 30
0.0
 11
253.8670495618004
 21
149.476390568897
 31
0.0
  0
LINE
  5
89
330
1F
100
AcDbEntity
  8
Geometries
  6
Continuous
370
    40
100
AcDbLine
 10
89.20125897385188
 20
145.1198111325964
 30
0.0
 11
89.20125897385188
 21
150.7583704139855
 31
0.0
  0
LINE
  5
8A
330
1F
100
AcDbEntity
  8
Geometries
  6
Continuous
370
    40
100
AcDbLine
 10
89.20125897385188
 20
145.1198111325964
 30
0.0
 11
75.05580901119987
 21
145.311830316967
 31
0.0
  0
LINE
  5
8B
330
1F
100
AcDbEntity
  8
Geometries
  6
Continuous
370
    40
100
AcDbLine
 10
175.8212589738519
 20
143.9439770803679
 30
0.0
 11
175.8212589738519
 21
149.5983704139855
 31
0.0
  0
LINE
  5
8C
330
1F
100
AcDbEntity
  8
Geometries
  6
Continuous
370
    40
100
AcDbLine
 10
189.1562150473603
 20
143.7629600469322
 30
0.0
 11
175.8212589738519
 21
143.9439770803679
 31
0.0
  0
ARC
  5
8D
330
1F
100
AcDbEntity
  8
Geometries
  6
Continuous
370
    40
100
AcDbCircle
 10
200.4512589738519
 20
163.2083704139845
 30
0.0
 40
11.10000000000002
100
AcDbArc
 50
278.7104029990761
 51
57.30101768977341
  0
ARC
  5
8E
330
1F
100
AcDbEntity
  8
Geometries
  6
Continuous
370
    40
100
AcDbCircle
 10
202.6661830049829
 20
166.6586039620677
 30
0.0
 40
6.9999999999999
100
AcDbArc
 50
57.30101768977494
 51
98.24289593373172
  0
ARC
  5
8F
330
1F
100
AcDbEntity
  8
Geometries
  6
Continuous
370
    40
100
AcDbCircle
 10
66.45125897385188
 20
163.2083704139876
 30
0.0
 40
11.09999999999984
100
AcDbArc
 50
121.8577934479781
 51
263.3150912862994
  0
ARC
  5
90
330
1F
100
AcDbEntity
  8
Geometries
  6
Continuous
370
    40
100
AcDbCircle
 10
64.28722648525184
 20
166.6907493979987
 30
0.0
 40
6.999999999999813
100
AcDbArc
 50
80.79865129285945
 51
121.857793447981
  0
ELLIPSE
  5
91
330
1F
100
AcDbEntity
  8
Geometries
  6
Continuous
370
    40
100
AcDbEllipse
 10
257.4088488649809
 20
150.7712185696397
 30
0.0
 11
-1.340373475601749
 21
-0.02444595613111378
 31
0.0
210
0.0
220
0.0
230
0.9999999999999999
 40
0.9659142921913811
 41
1.563619324136484
 42
3.122713131238585
  0
ELLIPSE
  5
92
330
1F
100
AcDbEntity
  8
Geometries
  6
Continuous
370
    40
100
AcDbEllipse
 10
253.9157528376194
 20
151.3451008024318
 30
0.0
 11
-1.378062969988108
 21
-0.02513334344751763
 31
0.0
210
0.0
220
0.0
230
1.0
 40
0.9659142921913814
 41
4.693509458033595
 42
6.225335126318228
  0
ELLIPSE
  5
93
330
1F
100
AcDbEntity
  8
Geometries
  6
Continuous
370
    40
100
AcDbEllipse
 10
257.1699073168569
 20
151.0840981061877
 30
0.0
 11
-1.648227916227957
 21
-0.0300606570240408
 31
0.0
210
0.0
220
0.0
230
1.0
 40
0.9659142921913825
 41
3.41211106822229
 42
4.693509458033484
  0
ELLIPSE
  5
94
330
1F
100
AcDbEntity
  8
Geometries
  6
Continuous
370
    40
100
AcDbEllipse
 10
253.9177381481023
 20
150.8084654645662
 30
0.0
 11
-1.379704249992486
 21
-0.02516327738736069
 31
0.0
210
0.0
220
0.0
230
0.9999999999999999
 40
0.9659142921913825
 41
6.264305784828442
 42
7.799625649744794
  0
LWPOLYLINE
  5
95
330
1F
100
AcDbEntity
  8
Geometries
  6
Continuous
370
    40
100
AcDbPolyline
 90
       16
 70
   128
 43
0.0
 10
75.0234062828649
 20
145.3122702823325
 10
66.32711839585846
 20
145.5895638010945
 10
57.32340979304965
 20
145.9261645085733
 10
49.22657933952345
 20
146.2906790756503
 10
42.52616138161335
 20
146.6583444224819
 10
35.81416531477569
 20
147.1054535208585
 10
29.13895764556659
 20
147.6575293673627
 10
22.45351934352979
 20
148.3668428211464
 10
15.49219632782675
 20
149.3671580728848
 10
8.699493765817778
 20
150.7716561490575
 10
2.004744942723875
 20
153.0054010694967
 10
0.4841470078978887
 20
153.7863553310151
 10
-0.9303454044443242
 20
154.7464415928627
 10
-2.135890234675827
 20
155.9543795876207
 10
-2.515042568729712
 20
156.7088644856867
 10
-2.691157125829932
 20
157.5413529279603
  0
LWPOLYLINE
  5
96
330
1F
100
AcDbEntity
  8
Geometries
  6
Continuous
370
    40
100
AcDbPolyline
 90
      839
 70
   128
 43
0.0
 10
-2.691157125829733
 20
157.5413529279534
 10
-2.691682741334517
 20
157.5992255712414
 10
-2.689717355259432
 20
157.6609610905082
 10
-2.685260967604506
 20
157.7265594857537
 10
-2.678956523411358
 20
157.7895085720526
 10
-2.670893770784033
 20
157.849946164308
 10
-2.661706870835644
 20
157.9051383495128
 10
-2.649319065089884
 20
157.9703659667265
 10
-2.636057981660628
 20
158.0324824687513
 10
-2.61170286713039
 20
158.1268134058929
 10
-2.584212871450006
 20
158.2208707919285
 10
-2.554783325330192
 20
158.3134524789006
 10
-2.522560689581411
 20
158.4070145005813
 10
-2.481929226820625
 20
158.5177519254775
 10
-2.437010846860943
 20
158.6346180208529
 10
-2.387805549702335
 20
158.7576127867075
 10
-2.335490557056573
 20
158.8836399167396
 10
-2.28318166595227
 20
159.0036504188485
 10
-2.230740253687088
 20
159.1177242686357
 10
-2.178166320261113
 20
159.2258614661011
 10
-2.16457954899181
 20
159.2528769167255
 10
-2.151383947661657
 20
159.2788522386788
 10
-2.138579516270681
 20
159.3037874319608
 10
-2.126166254818855
 20
159.3276824965717
 10
-2.114144163306207
 20
159.3505374325113
 10
-2.10251324173268
 20
159.3723522397798
 10
-2.091273490098388
 20
159.3931269183771
 10
-2.071683234027432
 20
159.42851238384
 10
-2.053407743585325
 20
159.4604018612692
 10
-2.033308421530592
 20
159.4943834354863
 10
-2.013964145567172
 20
159.526437625575
 10
-1.993308302886902
 20
159.5600951108575
 10
-1.971340893489753
 20
159.5953558913338
 10
-1.948061917375782
 20
159.6322199670041
 10
-1.923471374544931
 20
159.6706873378681
 10
-1.900230143605199
 20
159.7066333234537
 10
-1.820282663331255
 20
159.8265945427846
 10
-1.735955359095243
 20
159.9475709134149
 10
-1.650223977055532
 20
160.0659643972144
 10
-1.61322126363055
 20
160.1160965477115
 10
-1.575864903128348
 20
160.166156447958
 10
-1.538154895548985
 20
160.2161440979538
 10
-1.500091240892402
 20
160.2660594976991
 10
-1.461673939158572
 20
160.3159026471938
 10
-1.429214196714071
 20
160.3576135599912
 10
-1.398271600674491
 20
160.3971048859017
 10
-1.360514715494105
 20
160.4450397262518
 10
-1.318860656513237
 20
160.4976829666337
 10
-1.27330942373186
 20
160.5550346070474
 10
-1.223861017149943
 20
160.6170946474928
 10
-1.17051543676763
 20
160.68386308797
 10
-1.140168929038424
 20
160.7217838394489
 10
-1.111387045954103
 20
160.757718491332
 10
-1.084169787514611
 20
160.7916670436193
 10
-1.058517153720004
 20
160.8236294963107
 10
-1.034429144570254
 20
160.8536058494063
 10
-1.011905760065304
 20
160.8815961029062
 10
-0.979673050533961
 20
160.9215680551409
 10
-0.9513040059420064
 20
160.9566355573532
 10
-0.9267986262893828
 20
160.9867986095432
 10
-0.9091999476463286
 20
161.0083454144055
 10
-0.8943274709845355
 20
161.0264316393321
 10
-0.8881778873458757
 20
161.0338636999839
 10
-0.8785829108573466
 20
161.045437669168
 10
-0.8690387458352973
 20
161.0569281407736
 10
-0.8595453922796992
 20
161.0683351148008
 10
-0.8501028501905239
 20
161.0796585912496
 10
-0.768046605082418
 20
161.1770601145796
 10
-0.7148397810099141
 20
161.2391692366409
 10
-0.6634862400825625
 20
161.298232891496
 10
-0.613985982300477
 20
161.3542510791451
 10
-0.5635043222440004
 20
161.4104791743723
 10
-0.5107550544800006
 20
161.4685592187629
 10
-0.4561744033817661
 20
161.5280121545083
 10
-0.3708695829825217
 20
161.6197657294165
 10
-0.2815322050783493
 20
161.7145151719556
 10
-0.1927761596473943
 20
161.8073826613618
 10
-0.1070955696263809
 20
161.8957316391708
 10
-0.0548133298106848
 20
161.9489525421434
 10
-0.0037462087038875
 20
162.0003881719626
 10
0.0432659894796075
 20
162.0472623277382
 10
0.0908287254558786
 20
162.0943161986873
 10
0.1401504028426928
 20
162.1427626042975
 10
0.2222417988030827
 20
162.2227063762895
 10
0.3087850609367706
 20
162.3061746419999
 10
0.3997801892438417
 20
162.3931674014287
 10
0.4952271837243245
 20
162.483684654576
 10
0.5999941772616921
 20
162.5822924924056
 10
0.7089500885730331
 20
162.6841349321242
 10
0.8147540798299815
 20
162.7824348489061
 10
0.9228836180769235
 20
162.8822160468407
 10
1.025600865678712
 20
162.9762660639395
 10
1.122905822635431
 20
163.0645849002026
 10
1.214798488946997
 20
163.14717255563
 10
1.301278864613494
 20
163.2240290302216
 10
1.340356427105831
 20
163.2584565396176
 10
1.379720773450373
 20
163.2929643695975
 10
1.419371903647033
 20
163.327552520161
 10
1.459309817695868
 20
163.3622209913084
 10
1.499534515596793
 20
163.3969697830395
 10
1.540045997349893
 20
163.4317988953543
 10
1.580844262955253
 20
163.466708328253
 10
1.694518222607343
 20
163.5631234217341
 10
1.810360985141301
 20
163.6601459396299
 10
2.022617404997391
 20
163.8349112491486
 10
2.241789650369583
 20
164.0116134987651
 10
2.356276588804974
 20
164.1025139258249
 10
2.471685509194373
 20
164.1932316112497
 10
2.568275627819105
 20
164.2684971978628
 10
2.669468086178426
 20
164.3467882452435
 10
2.775262884272252
 20
164.4281047533919
 10
2.885660022100666
 20
164.5124467223079
 10
3.000659499663726
 20
164.5998141519916
 10
3.189559851769786
 20
164.7423825915105
 10
3.37511707519036
 20
164.8814052980407
 10
3.551905061778143
 20
165.0128062275225
 10
3.727678037558178
 20
165.1423978729593
 10
3.902436002530408
 20
165.2701802343511
 10
4.076178956694918
 20
165.3961533116978
 10
4.255029295867928
 20
165.5247128787868
 10
4.434171572505306
 20
165.6523566294716
 10
4.613296218851133
 20
165.7788611021903
 10
4.79240323490535
 20
165.9042262969431
 10
4.971492620668016
 20
166.0284522137297
 10
5.15056437613913
 20
166.1515388525503
 10
5.329618501318635
 20
166.2734862134049
 10
5.508654996206587
 20
166.3942942962934
 10
5.678781143717458
 20
166.5080369905153
 10
5.850781402599011
 20
166.6220143850409
 10
6.0727157658431
 20
166.7676782672158
 10
6.301005585290596
 20
166.9159910772373
 10
6.535650860941558
 20
167.0669528151053
 10
6.776651592795929
 20
167.2205634808197
 10
7.02400778085385
 20
167.3768230743808
 10
7.235369998954496
 20
167.5093146792455
 10
7.442625700969984
 20
167.6383158502217
 10
7.645774886900313
 20
167.7638265873094
 10
7.844817556745397
 20
167.8858468905087
 10
8.039753710505352
 20
168.0043767598195
 10
8.230583348180119
 20
168.1194161952418
 10
8.377640073895435
 20
168.2073556768509
 10
8.522161654476548
 20
168.293140349784
 10
8.674463074239497
 20
168.3828901411119
 10
8.828552055775049
 20
168.4730948689518
 10
8.98378363965125
 20
168.5633735038544
 10
9.140157825868158
 20
168.6537260458196
 10
9.405438685101785
 20
168.8056846959004
 10
9.673944425181702
 20
168.9578519412747
 10
9.734664460409647
 20
168.9920406050413
 10
9.795547015663601
 20
169.0262397811071
 10
9.856592090943565
 20
169.0604494694722
 10
9.91779968624951
 20
169.0946696701366
 10
9.979169801581406
 20
169.1289003831002
 10
10.04070243693937
 20
169.1631416083631
 10
10.09841479573672
 20
169.1951835141846
 10
10.27287146764658
 20
169.2915908326364
 10
10.45152127477488
 20
169.3896480820935
 10
10.63436421712157
 20
169.4893552625556
 10
10.82140029468664
 20
169.590712374023
 10
11.01614521473934
 20
169.6956075439019
 10
11.21523713381524
 20
169.8022131877089
 10
11.41867605191422
 20
169.9105293054438
 10
11.62642996519068
 20
170.020538988182
 10
11.83331744733994
 20
170.1294983295792
 10
12.09886183573249
 20
170.2684356951927
 10
12.35830553864886
 20
170.4031233341694
 10
12.61164855608914
 20
170.533561246509
 10
12.80141250664715
 20
170.6305154899638
 10
12.98760332561386
 20
170.7249806963161
 10
13.17022101298917
 20
170.8169568655658
 10
13.35274055780931
 20
170.9082145986792
 10
13.53738907614306
 20
170.9999161513783
 10
13.72401523716823
 20
171.0919862646593
 10
13.91261904088481
 20
171.1844249385221
 10
14.253578012551
 20
171.3500472693659
 10
14.60081575460021
 20
171.5168397343678
 10
14.95433226703238
 20
171.6848023335277
 10
15.31412754984754
 20
171.8539350668455
 10
15.68020160304559
 20
172.0242379343214
 10
15.79655020662776
 20
172.078003361195
 10
15.91351899895801
 20
172.1318843686671
 10
16.03110798003624
 20
172.1858809567376
 10
16.14931714986255
 20
172.2399931254067
 10
16.26814650843687
 20
172.2942208746742
 10
16.38756936583144
 20
172.3485520805577
 10
16.49762994961338
 20
172.3984758647751
 10
17.10572680400793
 20
172.6717545045468
 10
17.72748812262634
 20
172.9467736435195
 10
18.35406403860605
 20
173.2195242407939
 10
18.98545455194702
 20
173.49000629637
 10
19.62165966264925
 20
173.7582198102476
 10
19.79665257247956
 20
173.8312444810853
 10
19.97198106151512
 20
173.9040884483103
 10
20.14764512975586
 20
173.9767517119227
 10
20.32364477720188
 20
174.0492342719224
 10
20.49998000385312
 20
174.1215361283094
 10
20.67665080970957
 20
174.1936572810838
 10
20.8536571947713
 20
174.2655977302455
 10
21.03099915903837
 20
174.3373574757946
 10
21.59054430727474
 20
174.5617116872663
 10
22.15340415623217
 20
174.7842809895844
 10
22.8277972936863
 20
175.0469171822231
 10
23.50688813624404
 20
175.3070237417075
 10
24.19067668390539
 20
175.5646006680377
 10
24.76868945044495
 20
175.7790103856534
 10
25.3500169177056
 20
175.9916351941154
 10
25.4645957401062
 20
176.033191043283
 10
25.57930245752823
 20
176.0746780231879
 10
25.69413706997173
 20
176.1160961338303
 10
25.80909957743665
 20
176.15744537521
 10
25.92418997992306
 20
176.1987257473271
 10
26.03940827743088
 20
176.2399372501815
 10
26.15475446996015
 20
176.2810798837734
 10
26.26478368307659
 20
176.3202183878507
 10
26.65168238274953
 20
176.4569915111636
 10
27.043695695867
 20
176.5942602220339
 10
27.44082362242895
 20
176.7320245204615
 10
27.84306616243535
 20
176.8702844064466
 10
28.18837377202905
 20
176.9879844674422
 10
28.53736352757355
 20
177.1060413150723
 10
28.89003542906897
 20
177.224454949337
 10
29.24638947651519
 20
177.3432253702362
 10
29.60388410788028
 20
177.4615130522495
 10
29.95378675357122
 20
177.5764289566551
 10
30.50163663005588
 20
177.7546000894116
 10
31.04704555988511
 20
177.9298244410437
 10
31.59001354305894
 20
178.1021020115514
 10
32.16905625004344
 20
178.2834150978374
 10
32.74529684989807
 20
178.4613453996693
 10
33.31512131730912
 20
178.6348783056541
 10
33.8868612151492
 20
178.8067665500772
 10
34.46237997342664
 20
178.9775877981857
 10
35.20032368707334
 20
179.1934534829267
 10
35.9443885300235
 20
179.4075908100012
 10
36.69457450227711
 20
179.619999779409
 10
37.45088160383412
 20
179.8306803911503
 10
38.21330983469466
 20
180.039632645225
 10
38.45419433640492
 20
180.1049463948815
 10
38.69568345578514
 20
180.1700894251275
 10
38.93777719283531
 20
180.2350617359633
 10
39.18047554755552
 20
180.2998633273887
 10
39.4237785199457
 20
180.3644941994039
 10
39.66765549594882
 20
180.4289462819831
 10
39.90080201373428
 20
180.4902512615878
 10
40.54350236441539
 20
180.6576651050451
 10
41.18847227436066
 20
180.8233558345009
 10
42.24033406706332
 20
181.0886651542419
 10
43.29817694654338
 20
181.3494334626365
 10
44.36200091280082
 20
181.6056607596848
 10
45.43180596583568
 20
181.8573470453867
 10
46.50759210564806
 20
182.1044923197423
 10
46.63802339648208
 20
182.1340565707461
 10
46.76856451825813
 20
182.1635602714621
 10
46.89921547097637
 20
182.1930034218901
 10
47.02997625463664
 20
182.2223860220302
 10
47.16084686923907
 20
182.2517080718824
 10
47.29182731478357
 20
182.2809695714467
 10
47.42291759127036
 20
182.3101705207231
 10
48.14587734003703
 20
182.4696934053469
 10
48.79418461664531
 20
182.6105767645598
 10
49.44514047903058
 20
182.7499999466289
 10
50.22354130572919
 20
182.9140760661946
 10
51.00569579707772
 20
183.0760827737083
 10
51.79160395307628
 20
183.2360200691699
 10
52.85003958215373
 20
183.4469800992188
 10
53.91520810780523
 20
183.6542282533772
 10
54.98710953003078
 20
183.857764531645
 10
56.06574384883044
 20
184.0575889340224
 10
56.74569902283565
 20
184.1810246663422
 10
57.42830278261795
 20
184.3030002215181
 10
57.64338240687738
 20
184.3410338247225
 10
57.85872364654824
 20
184.3789231981845
 10
58.07432650163054
 20
184.416668341904
 10
58.28819400065714
 20
184.4539223670886
 10
58.49466292110358
 20
184.4897139409544
 10
59.41793933817488
 20
184.6477023336049
 10
60.34373236485033
 20
184.8027570346696
 10
61.449148214118
 20
184.9835208564319
 10
62.55813068697429
 20
185.1601269520239
 10
63.67067978341942
 20
185.3325753214456
 10
64.86404067656869
 20
185.5123397641258
 10
66.06147806130812
 20
185.6873521113447
 10
66.20630829421157
 20
185.7081576102103
 10
66.35066313751608
 20
185.7288163511046
 10
66.49521248461363
 20
185.7494247420535
 10
66.63995633550434
 20
185.7699827830569
 10
66.78489469018808
 20
185.7904904741148
 10
66.93002754866492
 20
185.8109478152273
 10
67.07535491093466
 20
185.8313548063942
 10
67.87813215872055
 20
185.942693252537
 10
68.69865160818443
 20
186.0541017690276
 10
69.52522798081264
 20
186.1639423687887
 10
70.35786127660518
 20
186.2722150518203
 10
71.196551495562
 20
186.3789198181225
 10
71.67852248414172
 20
186.439190007682
 10
72.1624712435507
 20
186.4989482244319
 10
72.6483977737887
 20
186.5581944683721
 10
73.13630207485599
 20
186.6169287395027
 10
73.62618414675237
 20
186.6751510378237
 10
74.109835477991
 20
186.7319028311513
 10
74.58289177689497
 20
186.7867029035834
 10
75.88574448285627
 20
186.9340065484209
 10
77.19145408531455
 20
187.0763285802106
 10
78.60468494488734
 20
187.2244262111917
 10
80.02124740858045
 20
187.3667144743596
 10
81.44114147639385
 20
187.5031933697144
 10
82.11167563105741
 20
187.5655185182188
 10
82.77468111051576
 20
187.6258300454585
 10
83.43836570518545
 20
187.6849262071247
 10
84.10315785756745
 20
187.7428464451521
 10
84.76905756766166
 20
187.7995907595408
 10
85.18580731812128
 20
187.834458807311
 10
85.6029897083123
 20
187.8688675099098
 10
86.0206047382346
 20
187.9028168673373
 10
86.43865240788827
 20
187.9363068795933
 10
86.85713271727326
 20
187.969337546678
 10
87.27604566638958
 20
188.0019088685913
 10
87.69331446227888
 20
188.0338629433839
 10
88.09942423079707
 20
188.0644908378424
 10
88.95488357591519
 20
188.1274963742331
 10
89.81652009764527
 20
188.1889217083575
 10
90.68433379598731
 20
188.2487668402156
 10
91.51846380399209
 20
188.3044176451644
 10
92.3582221898602
 20
188.3586286377178
 10
93.20360895359171
 20
188.4113998178756
 10
94.05462409518654
 20
188.4627311856379
 10
94.72358989038521
 20
188.5018447522752
 10
95.38556693327428
 20
188.5395088503235
 10
96.04599864504246
 20
188.5760538265455
 10
96.70488502568966
 20
188.6114796809413
 10
97.87762423132816
 20
188.6719566051671
 10
99.04543572293338
 20
188.7288649011206
 10
100.2083195005052
 20
188.7822045688017
 10
101.3662755640438
 20
188.8319756082105
 10
101.8361564263089
 20
188.8512226695369
 10
102.3082170182454
 20
188.8700267760059
 10
102.7824573398532
 20
188.8883879276175
 10
103.2588773911324
 20
188.9063061243716
 10
103.737477172083
 20
188.9237813662682
 10
104.2182566827049
 20
188.9408136533075
 10
104.7012159229982
 20
188.9574029854893
 10
105.5923024392103
 20
188.9866663089568
 10
106.4907152690401
 20
189.0144408119312
 10
107.3964544124877
 20
189.0407264944126
 10
107.8520713518181
 20
189.0533110279684
 10
108.306519834536
 20
189.0654444156474
 10
108.7464487157988
 20
189.076784928181
 10
109.1869562506312
 20
189.0877367741831
 10
109.6280424390333
 20
189.0982999536539
 10
110.069707281005
 20
189.1084744665932
 10
111.1130639281184
 20
189.1309194364039
 10
112.1596356453204
 20
189.1512049273743
 10
113.4962859074246
 20
189.1738996117743
 10
114.8381440516558
 20
189.1930962973919
 10
115.1389918183906
 20
189.1969113479641
 10
115.4311474079132
 20
189.2004463114789
 10
115.7236158316743
 20
189.2038183156627
 10
116.0163970896738
 20
189.2070273605157
 10
116.3094911819118
 20
189.2100734460377
 10
116.6028981083883
 20
189.2129565722288
 10
116.8966178691033
 20
189.2156767390891
 10
118.1238175183989
 20
189.2252566915421
 10
119.3564483176678
 20
189.2320074889447
 10
120.59451026691
 20
189.235929131297
 10
121.7813631279901
 20
189.2370333363826
 10
122.9731646195211
 20
189.2355597369698
 10
124.169914741503
 20
189.2315083330587
 10
125.3716134939357
 20
189.2248791246491
 10
126.4332019031854
 20
189.2169130613676
 10
127.4986225318562
 20
189.2069507462825
 10
127.7782945400236
 20
189.2040116890432
 10
128.0582294158496
 20
189.2009357006995
 10
128.3384271593343
 20
189.1977227812514
 10
128.6188877704778
 20
189.1943729306988
 10
128.8973386438949
 20
189.1909149165321
 10
129.1639659362054
 20
189.187480865777
 10
130.2493048781956
 20
189.172271518265
 10
131.3398550818396
 20
189.155020365211
 10
132.4356165471375
 20
189.1357274066151
 10
133.5365892740893
 20
189.1143926424772
 10
134.642773262695
 20
189.0910160727975
 10
135.7541685129544
 20
189.0655976975758
 10
136.948114847394
 20
189.0361648595246
 10
138.1480174213353
 20
189.0043983288608
 10
139.3538762347783
 20
188.9702981055846
 10
140.5656912877229
 20
188.9338641896958
 10
141.7658844061766
 20
188.8956713953865
 10
141.9009611293814
 20
188.8912429407332
 10
142.0361107491004
 20
188.8867859247609
 10
142.1713332653335
 20
188.8823003474696
 10
142.3066286780808
 20
188.8777862088593
 10
142.4419969873422
 20
188.87324350893
 10
142.5774381931177
 20
188.8686722476816
 10
142.7065906032899
 20
188.8642889298573
 10
143.5033274794771
 20
188.8367255548012
 10
144.3035079148883
 20
188.8081457941674
 10
145.3914833780026
 20
188.7678651615007
 10
146.4857609171741
 20
188.7257244361808
 10
147.5863405324027
 20
188.6817236182076
 10
148.6932222236885
 20
188.6358627075811
 10
149.8064059910315
 20
188.5881417043014
 10
150.9258918344317
 20
188.5385606083684
 10
151.8711301872648
 20
188.4954750081824
 10
152.8208152849637
 20
188.4510769266201
 10
153.7749471275287
 20
188.4053663636818
 10
154.7335257149595
 20
188.3583433193673
 10
155.6826519269467
 20
188.3107131390344
 10
155.8072621326209
 20
188.3043814425876
 10
155.9319464130802
 20
188.2980278825578
 10
156.0567047683246
 20
188.2916524589448
 10
156.181537198354
 20
188.2852551717488
 10
156.3064437031686
 20
188.2788360209696
 10
156.4280468546509
 20
188.2725693114233
 10
157.6969846775823
 20
188.2061650526653
 10
158.9898906385099
 20
188.1366261993059
 10
160.288264429828
 20
188.064907246723
 10
161.5921060515368
 20
187.9910081949167
 10
162.901415503636
 20
187.9149290438868
 10
164.0938293865619
 20
187.8440313473208
 10
165.2907424403933
 20
187.7713397693984
 10
166.4921546651303
 20
187.6968543101196
 10
167.6980660607728
 20
187.6205749694844
 10
168.7629898031114
 20
187.5519652510674
 10
169.8313977033991
 20
187.4819663509281
 10
170.0717232470802
 20
187.4660613791898
 10
170.303175575277
 20
187.4506885721947
 10
170.5317159071173
 20
187.4354564578089
 10
170.7605007670198
 20
187.420155752813
 10
170.9895301549847
 20
187.4047864572068
 10
171.2188040710117
 20
187.3893485709905
 10
171.4483225151009
 20
187.373842094164
 10
172.5383774856636
 20
187.2994900335343
 10
173.6339144795451
 20
187.223600254407
 10
174.7349334967456
 20
187.1461727567818
 10
175.8414345372647
 20
187.0672075406589
 10
176.9534176011029
 20
186.9867046060382
 10
178.07088268826
 20
186.9046639529197
 10
179.32895184396
 20
186.8109528420265
 10
180.5938976497112
 20
186.7153128170496
 10
181.8657201055135
 20
186.6177438779892
 10
182.7088899552412
 20
186.5522917190743
 10
183.5550552737311
 20
186.4859993251847
 10
183.8216116012539
 20
186.4649910385755
 10
184.076207024587
 20
186.4448697517208
 10
184.3258943619096
 20
186.4250835607266
 10
184.5759479705038
 20
186.4052161613034
 10
184.8263678503695
 20
186.3852675534513
 10
185.8464419606633
 20
186.3034737145794
 10
186.8725489059809
 20
186.2203422959068
 10
187.9046886863225
 20
186.1358732974335
 10
188.9428613016879
 20
186.0500667191595
 10
189.9870667520773
 20
185.9629225610848
 10
191.1011497354365
 20
185.8690353043915
 10
192.2220189657234
 20
185.7736434239554
 10
193.349674442938
 20
185.6767469197766
 10
194.4841161670804
 20
185.5783457918551
 10
195.6253441381504
 20
185.4784400401908
 10
196.7733583561484
 20
185.3770296647838
 10
197.3079103620595
 20
185.3295026533097
 10
197.3920440140879
 20
185.3220047183164
 10
197.4762136870497
 20
185.3144987968833
 10
197.5604193809452
 20
185.3069848890105
 10
197.6446610957742
 20
185.299462994698
 10
197.7240040559935
 20
185.2923741305233
 10
198.4125142004441
 20
185.2306796774181
 10
199.0307397130434
 20
185.1750115960473
 10
199.652252312621
 20
185.1187928087884
 10
200.3964341488811
 20
185.0511476405423
 10
201.1452745551217
 20
184.98272199343
 10
201.8987735313429
 20
184.9135158674515
 10
202.7606771404031
 20
184.8339251636869
 10
203.6285964648308
 20
184.7533266101466
 10
204.5025315046258
 20
184.6717202068308
 10
205.3824822597882
 20
184.5891059537394
 10
206.2684487303181
 20
184.5054838508723
 10
207.1604309162154
 20
184.4208538982297
 10
208.0069525956877
 20
184.34013683476
 10
208.8588221233519
 20
184.258523813408
 10
209.7160394992079
 20
184.176014834174
 10
210.578604723256
 20
184.0926098970578
 10
211.4465177954959
 20
184.0083090020595
 10
212.0879447541713
 20
183.9457614503605
 10
212.5938431260138
 20
183.8962803588517
 10
213.5014356279542
 20
183.8071845543595
 10
214.316338978468
 20
183.7268365996038
 10
215.1355375198808
 20
183.645735692663
 10
216.1163741842993
 20
183.5482052535465
 10
217.1032981374068
 20
183.4496077053243
 10
218.0963093792032
 20
183.3499430479961
 10
219.1670050224026
 20
183.2419753221317
 10
220.2446886245562
 20
183.1327825985692
 10
221.3293601856639
 20
183.0223648773086
 10
222.4210197057258
 20
182.91072215835
 10
223.5196671847418
 20
182.7978544416934
 10
224.4901295003472
 20
182.6977374824517
 10
224.9188398019621
 20
182.6533868017649
 10
224.9863034001399
 20
182.6464007841326
 10
225.0537927563784
 20
182.639410251081
 10
225.1213078706773
 20
182.6324152026101
 10
225.1888487430368
 20
182.6254156387199
 10
225.2525878307944
 20
182.6188083772693
 10
225.873826195581
 20
182.5543241986676
 10
226.4987114224597
 20
182.489306107806
 10
227.2473773857579
 20
182.411207474582
 10
228.0012118044025
 20
182.3323521629852
 10
228.7602146783932
 20
182.2527401730156
 10
229.5791674466376
 20
182.1666019309762
 10
230.4040533906621
 20
182.0795950530496
 10
231.2348725104669
 20
181.9917195392358
 10
232.0716248060519
 20
181.9029753895349
 10
232.9143102774171
 20
181.8133626039467
 10
233.8145510474862
 20
181.7173695423672
 10
234.7214659592732
 20
181.6203993651203
 10
235.635055012778
 20
181.522452072206
 10
236.5553182080008
 20
181.4235276636243
 10
237.4822555449413
 20
181.3236261393752
 10
238.4158670235998
 20
181.2227474994586
 10
238.5267284822831
 20
181.2107517641694
 10
238.637683300636
 20
181.1987423607263
 10
238.7487314786584
 20
181.1867192891293
 10
238.8598730163504
 20
181.1746825493785
 10
238.971107913712
 20
181.1626321414739
 10
239.0706058502319
 20
181.1518501880929
 10
239.1692829927651
 20
181.1411542943639
 10
239.7138114253731
 20
181.0820800487718
 10
240.2025775364082
 20
181.028982208962
 10
240.6937776196059
 20
180.9755513713465
 10
241.5769745101593
 20
180.8793109142256
 10
242.4679327915372
 20
180.782008601857
 10
243.2846299567286
 20
180.6926305096127
 10
244.1077414945022
 20
180.6023748510479
 10
244.9372674048581
 20
180.5112416261627
 10
245.7732076877963
 20
180.419230834957
 10
246.6155623433168
 20
180.3263424774309
 10
247.449118533148
 20
180.2342586405771
 10
248.2888620562258
 20
180.1413282992209
 10
249.1347929125502
 20
180.0475514533624
 10
249.9869111021212
 20
179.9529281030016
 10
250.8589656288187
 20
179.8559276546327
 10
251.7374065686436
 20
179.7580534651461
 10
252.5157174366286
 20
179.6712014197455
 10
252.6033875767643
 20
179.6614104845412
 10
252.6911200265874
 20
179.651611024593
 10
252.7711509307295
 20
179.6426704350763
 10
252.8432885337144
 20
179.6346104821009
 10
252.915553105187
 20
179.6265352399033
 10
252.9879446451475
 20
179.6184447084837
 10
253.0604631535956
 20
179.6103388878419
 10
253.5791625506545
 20
179.552329233258
 10
254.1042665274556
 20
179.4935483554835
 10
254.6357750839991
 20
179.4339962545185
 10
255.173688220285
 20
179.373672930363
 10
255.7291811477162
 20
179.3113235252911
 10
256.2913427337714
 20
179.2481710973219
 10
256.8601729784504
 20
179.1842156464555
 10
257.4356718817532
 20
179.1194571726918
 10
258.0178394436798
 20
179.0538956760308
 10
258.6066756642304
 20
178.9875311564726
 10
259.2021805434047
 20
178.9203636140171
 10
259.8043540812028
 20
178.8523930486643
 10
260.4131962776248
 20
178.7836194604143
 10
261.0287071326705
 20
178.714042849267
 10
261.6508866463402
 20
178.6436632152225
 10
262.2797348186337
 20
178.5724805582807
 10
262.9152516495509
 20
178.5004948784416
 10
263.5574371390921
 20
178.4277061757053
 10
264.2236853510684
 20
178.3521410115636
 10
264.8969626256191
 20
178.2757294255983
 10
265.577268962744
 20
178.1984714178093
 10
266.0301216657248
 20
178.1470174627936
 10
266.4860362283629
 20
178.0951948064316
 10
266.5830164825929
 20
178.0841687301229
 10
266.6797907271201
 20
178.0731653145204
 10
266.7764873516716
 20
178.0621699630272
 10
266.8731063562478
 20
178.0511826756432
 10
266.9696477408482
 20
178.0402034523684
 10
267.066111505473
 20
178.0292322932028
 10
267.1624976501224
 20
178.0182691981464
 10
268.0459531343147
 20
177.9177478374462
 10
268.922833712205
 20
177.8179095581578
 10
269.7931393837933
 20
177.7187543602812
 10
270.6568701490795
 20
177.6202822438164
 10
271.5140260080637
 20
177.5224932087634
 10
272.3494756713878
 20
177.4271152999771
 10
273.178583149902
 20
177.3323962946573
 10
274.0013484436065
 20
177.2383361928039
 10
274.8177715525011
 20
177.1449349944169
 10
275.6278524765858
 20
177.0521926994964
 10
276.4315912158607
 20
176.9601093080423
 10
277.2289877703258
 20
176.8686848200546
 10
278.0200421399811
 20
176.7779192355333
 10
278.7109237300029
 20
176.698590566102
 10
279.3968939321082
 20
176.6197721515151
 10
279.6114702151021
 20
176.5951060330332
 10
279.8255613732488
 20
176.5704903152339
 10
280.0391674065482
 20
176.5459249981172
 10
280.2532183724352
 20
176.5213031010741
 10
280.4807667838115
 20
176.4951265541324
 10
290.0002406025576
 20
175.4007634443522
 10
292.3458638264871
 20
175.1313288083304
 10
293.3779411607572
 20
175.0128046781598
 10
293.8320557910434
 20
174.9606593093186
 10
293.8766563549694
 20
174.9555380621389
 10
293.9212569224513
 20
174.9504168458977
 10
293.965857493489
 20
174.945295660595
 10
294.0156542894194
 20
174.9395778725644
 10
294.0707185101936
 20
174.9332553676273
 10
294.1257486915217
 20
174.9269368841176
 10
294.1807448334039
 20
174.9206224220352
 10
294.2357069358399
 20
174.9143119813801
 10
295.042877924075
 20
174.8216502946839
 10
295.8426352006759
 20
174.7298644654493
 10
296.6349787656423
 20
174.6389544936764
 10
297.4199086189744
 20
174.5489203793652
 10
298.1974247606722
 20
174.4597621225156
 10
298.8978242306321
 20
174.3794692033423
 10
299.5920966661834
 20
174.2999001333109
 10
300.2802420673261
 20
174.2210549124213
 10
300.9622604340602
 20
174.1429335406737
 10
301.6381517663859
 20
174.0655360180679
 10
302.307916064303
 20
173.988862344604
 10
302.9715533278115
 20
173.912912520282
 10
303.694477592929
 20
173.8302037592867
 10
304.4099881464122
 20
173.748370855753
 10
305.1180849882609
 20
173.6674138096811
 10
305.8187681184753
 20
173.5873326210708
 10
306.5120375370552
 20
173.5081272899222
 10
307.197893244001
 20
173.4297978162353
 10
307.8763352393123
 20
173.3523442000101
 10
308.5473635229893
 20
173.2757664412466
 10
309.2109780950319
 20
173.2000645399447
 10
309.8671789554401
 20
173.1252384961046
 10
310.5044456312352
 20
173.0526011682583
 10
311.1345610067453
 20
172.9808086965414
 10
311.7575250819704
 20
172.9098610809538
 10
312.3733378569103
 20
172.8397583214955
 10
312.9369731659648
 20
172.7756227492393
 10
313.4944814406107
 20
172.712211026125
 10
314.0458626808481
 20
172.6495231521526
 10
314.5911168866769
 20
172.5875591273221
 10
315.1302440580972
 20
172.5263189516334
 10
315.6632441951089
 20
172.4658026250867
 10
316.190117297712
 20
172.4060101476818
 10
316.7626009858336
 20
172.3410744682953
 10
317.3276709623208
 20
172.2770146463706
 10
317.8853272271737
 20
172.2138306819075
 10
318.4355697803922
 20
172.1515225749061
 10
318.9783986219763
 20
172.0900903253663
 10
319.4783500587359
 20
172.0335437771947
 10
319.9718433289161
 20
171.9777601981896
 10
320.4588784325171
 20
171.9227395883512
 10
320.7767838172417
 20
171.8868439403674
 10
321.0918760246042
 20
171.8512806417525
 10
321.3668301067696
 20
171.8202598583694
 10
321.4871197463452
 20
171.8066922489249
 10
321.5077700164298
 20
171.8043633056315
 10
321.5295754907859
 20
171.8019041431927
 10
321.5513791110047
 20
171.7994452566782
 10
321.5731808770865
 20
171.7969866460879
 10
321.5949807890311
 20
171.7945283114219
 10
321.6167788468384
 20
171.7920702526803
 10
322.9839136198903
 20
171.6380395367369
 10
324.3437152145017
 20
171.4851001111893
 10
325.5735349803778
 20
171.3470112573158
 10
326.7972942682037
 20
171.2098242963312
 10
328.0149930779797
 20
171.0735392282357
 10
329.2266314097056
 20
170.9381560530292
 10
330.4322092633817
 20
170.8036747707117
 10
331.6103598310075
 20
170.6724728187046
 10
332.7826644336775
 20
170.5421408367196
 10
333.9491230713918
 20
170.4126788247566
 10
335.1097357441502
 20
170.2840867828157
 10
336.2999809651971
 20
170.1524441840791
 10
337.4840145170451
 20
170.0217259778134
 10
338.6618363996946
 20
169.8919321640184
 10
339.8334466131454
 20
169.7630627426943
 10
340.9988451573974
 20
169.6351177138411
 10
342.1580320324508
 20
169.5080970774587
 10
343.3110072383055
 20
169.3820008335471
 10
344.4577707749615
 20
169.2568289821064
 10
345.4617843944577
 20
169.1474424102904
 10
346.4609876973264
 20
169.0387716880038
 10
347.4553806835677
 20
168.9308168152467
 10
348.4449633531814
 20
168.8235777920189
 10
348.8877010710314
 20
168.7756625114871
 10
349.3424043256684
 20
168.7264981686567
 10
349.8021846156133
 20
168.6768440639049
 10
350.2627716508847
 20
168.6271627476635
 10
350.7241654314826
 20
168.5774542199325
 10
351.1863659574068
 20
168.5277184807118
 10
351.6493732286574
 20
168.4779555300015
 10
352.8809494970267
 20
168.3458765807379
 10
354.1181976147122
 20
168.2136063202094
 10
355.3611175817144
 20
168.0811447484159
 10
356.6097093980327
 20
167.9484918653574
 10
357.8639730636676
 20
167.815647671034
 10
359.1239085786186
 20
167.6826121654455
 10
360.2373435855302
 20
167.5653826678493
 10
361.3551708725522
 20
167.4480050188095
 10
362.4773904396849
 20
167.3304792183261
 10
362.8101883350737
 20
167.2956862912337
 10
363.1510050406355
 20
167.2600812769294
 10
363.4909891882347
 20
167.2245887125757
 10
363.830140777871
 20
167.1892085981726
 10
364.1684598095447
 20
167.15394093372
 10
364.5059462832558
 20
167.118785719218
 10
364.8426001990041
 20
167.0837429546666
 10
365.1784215567897
 20
167.0488126400658
 10
366.1451185660202
 20
166.9484076037863
 10
367.1048496336875
 20
166.8489434266657
 10
368.0576147597912
 20
166.7504201087041
 10
369.0034139443317
 20
166.6528376499014
 10
369.9422471873087
 20
166.5561960502577
 10
370.8741144887222
 20
166.4604953097729
 10
371.7990158485723
 20
166.3657354284471
 10
372.7169512668589
 20
166.2719164062802
 10
373.51897220809
 20
166.1901339454697
 10
374.3155987241743
 20
166.1090800859918
 10
375.106830815112
 20
166.0287548278466
 10
375.8926684809028
 20
165.9491581710341
 10
376.0212395723473
 20
165.9361527661186
 10
376.1496651031171
 20
165.9231670214447
 10
376.2779450732121
 20
165.9102009370124
 10
376.4060794826323
 20
165.8972545128217
 10
376.5343595957604
 20
165.8842983372798
 10
376.6744432803151
 20
165.8701560815372
 10
377.333580974208
 20
165.8037021138157
 10
378.5054546429496
 20
165.6859235036535
 10
379.7091236924344
 20
165.5654485232003
 10
380.905735582702
 20
165.4461901458801
 10
382.0952903137523
 20
165.3281483716928
 10
383.2777878855854
 20
165.2113232006386
 10
384.4532282982011
 20
165.0957146327173
 10
385.6008094500971
 20
164.9833547130318
 10
386.7415832338068
 20
164.8721683343147
 10
387.8755496493301
 20
164.7621554965662
 10
389.0027086966671
 20
164.6533161997863
 10
389.5842895241559
 20
164.5973614715868
 10
390.164041322611
 20
164.5417220547447
 10
390.7292231796102
 20
164.4876237369388
 10
391.2931757089749
 20
164.4338012736219
 10
391.8606287700525
 20
164.3798021298092
 10
392.4315823628432
 20
164.3256263055007
 10
393.0060364873468
 20
164.2712738006966
 10
393.8016266204768
 20
164.1962506204689
 10
394.6038349463765
 20
164.1208934036789
 10
395.4126614650462
 20
164.0452021503267
 10
396.2281061764855
 20
163.9691768604122
 10
397.0670147854535
 20
163.8912557022356
 10
397.9128144739401
 20
163.8129867342274
 10
398.7655052419454
 20
163.7343699563876
 10
399.6250870894695
 20
163.6554053687163
 10
400.4915600165124
 20
163.5760929712133
 10
401.364924023074
 20
163.4964327638787
 10
402.2451791091543
 20
163.4164247467126
 10
402.4879259940413
 20
163.3944097330601
 10
402.7311917452415
 20
163.3723685309411
 10
402.9749763627548
 20
163.3503011403556
 10
403.2192798465812
 20
163.3282075613036
 10
403.4641021967209
 20
163.3060877937852
 10
403.7094434131736
 20
163.2839418378002
 10
403.9553034959395
 20
163.2617696933488
 10
404.1983113659302
 20
163.2398746983395
 10
404.9488654278643
 20
163.1723624876913
 10
405.6966543381548
 20
163.1052680861025
 10
406.5832738749064
 20
163.025938560876
 10
407.4659745459497
 20
162.9472011686703
 10
408.344756351285
 20
162.8690559094854
 10
409.5155574209971
 20
162.7653246482889
 10
410.6793292752729
 20
162.6626554879349
 10
411.8360719141125
 20
162.5610484284233
 10
412.9857853375159
 20
162.4605034697541
 10
414.0718475880409
 20
162.3659395284839
 10
415.1515619238652
 20
162.2723347448341
 10
416.2249283449887
 20
162.1796891188048
 10
416.9298727952572
 20
162.1190684321699
 10
417.632052093882
 20
162.0588655545945
 10
417.8253442692051
 20
162.0423250476626
 10
417.8556996074587
 20
162.0397287181347
 10
417.8896066673352
 20
162.0368290021543
 10
417.9296804568729
 20
162.0334023825645
 10
417.9695950401467
 20
162.0299898754186
 10
418.0093504171564
 20
162.0265914807167
 10
418.1848879294461
 20
162.0115922062127
 10
418.357252485263
 20
161.9968741905568
 10
418.5583113102791
 20
161.9797194640678
 10
418.7548733148973
 20
161.9629633470573
 10
418.9469384991179
 20
161.9466058395255
 10
419.1787932371152
 20
161.9268812972095
 10
419.4037373502268
 20
161.9077693300775
 10
419.621770838453
 20
161.8892699381295
 10
419.8328937017933
 20
161.8713831213656
 10
420.0371059402482
 20
161.8541088797856
 10
420.2344075538174
 20
161.8374472133897
 10
420.424798542501
 20
161.8213981221778
 10
420.6130771172242
 20
161.8055583511962
 10
420.7940715861789
 20
161.7903642616841
 10
420.9677819493654
 20
161.7758158536415
 10
421.0784405559288
 20
161.7665676086423
 10
421.1859262060192
 20
161.7576006224914
 10
421.213552880356
 20
161.7552986039837
 10
421.2409619085855
 20
161.7530158781748
 10
421.2681532907079
 20
161.7507524450646
 10
421.2951270267228
 20
161.7485083046533
 10
421.3218831166306
 20
161.7462834569407
 10
421.3589566943753
 20
161.7432024142657
 10
422.0497460189522
 20
161.6861198739313
 10
422.7348335444302
 20
161.6301306870801
 10
423.4142192708089
 20
161.5752348537121
 10
423.8182326710954
 20
161.5428924535074
 10
424.2202023709428
 20
161.5109419448714
 10
424.3101595750549
 20
161.5038232443561
 10
424.4000137855171
 20
161.4967242934785
 10
424.4897650023296
 20
161.4896450922383
 10
424.5794132254923
 20
161.4825856406358
 10
424.6689584550052
 20
161.4755459386708
 10
424.7584006908683
 20
161.4685259863435
 10
424.8557996639269
 20
161.4608992460124
 10
425.2633361274552
 20
161.4292720974346
 10
425.6638452159699
 20
161.3986563906192
 10
426.0573269294707
 20
161.3690521255659
 10
426.4027115767972
 20
161.3434744401454
 10
426.7424940437875
 20
161.3187030699052
 10
427.0766743304414
 20
161.2947380148454
 10
427.4052524367592
 20
161.271579274966
 10
427.7282283627407
 20
161.249226850267
 10
428.0456021083859
 20
161.2276807407483
 10
428.1772285113806
 20
161.2188718179373
 10
428.3176007307244
 20
161.2095640920475
 10
428.462662289297
 20
161.2000458490263
 10
428.6075201370414
 20
161.1906436610039
 10
428.7521742739577
 20
161.1813575279804
 10
428.8966247000455
 20
161.1721874499556
 10
429.0408714153054
 20
161.1631334269296
 10
429.1849144197369
 20
161.1541954589024
 10
429.6362948060278
 20
161.1268602439725
 10
430.0856630282196
 20
161.1006713682143
 10
430.8831015372446
 20
161.0567567449025
 10
431.6741237066678
 20
161.0164975398682
  0
LWPOLYLINE
  5
97
330
1F
100
AcDbEntity
  8
Geometries
  6
Continuous
370
    40
100
AcDbPolyline
 90
        3
 70
   128
 43
0.0
 10
432.6860451866659
 20
160.0057255226493
 10
432.6908060762307
 20
159.6139972575434
 10
432.6916140673719
 20
159.2244023047262
  0
LWPOLYLINE
  5
98
330
1F
100
AcDbEntity
  8
Geometries
  6
Continuous
370
    40
100
AcDbPolyline
 90
       21
 70
   128
 43
0.0
 10
432.6916140673719
 20
159.2244023047262
 10
432.6885720131626
 20
159.1495054054513
 10
432.6799000641099
 20
159.0758469365101
 10
432.665598220214
 20
159.0034268979026
 10
432.6456664814744
 20
158.9322452896289
 10
432.6201048478918
 20
158.8623021116888
 10
432.5892631473649
 20
158.7944672607066
 10
432.5535510008744
 20
158.7297567077533
 10
432.5129684084204
 20
158.6681704528289
 10
432.4675153700029
 20
158.6097084959334
 10
432.4171918856218
 20
158.5543708370667
 10
432.3632959608718
 20
158.5033992786029
 10
432.3060238383188
 20
158.4569126259447
 10
432.2453755179627
 20
158.4149108790922
 10
432.1813509998033
 20
158.3773940380455
 10
432.1139502838409
 20
158.3443621028044
 10
432.0450188988607
 20
158.3165614733619
 10
431.9745767592336
 20
158.2939249632736
 10
431.9026238649598
 20
158.2764525725393
 10
431.8291602160392
 20
158.2641443011591
 10
431.7541858124718
 20
158.2570001491329
  0
LWPOLYLINE
  5
99
330
1F
100
AcDbEntity
  8
Geometries
  6
Continuous
370
    40
100
AcDbPolyline
 90
       11
 70
   128
 43
0.0
 10
431.7541858124718
 20
158.2570001491327
 10
400.7958165703002
 20
155.4823503836141
 10
369.1054428756887
 20
152.493703830095
 10
338.2545564225214
 20
149.8181762655038
 10
307.0063395208043
 20
147.5406651512662
 10
275.937890513427
 20
145.8054072348255
 10
244.6690796865331
 20
144.6167051530448
 10
213.3814657150809
 20
143.9568482886116
 10
205.4905533821276
 20
143.8654167704847
 10
197.415467187399
 20
143.8007873488734
 10
189.1562071308954
 20
143.7629600237778
  0
LWPOLYLINE
  5
9A
330
1F
100
AcDbEntity
  8
Geometries
  6
Continuous
370
    40
100
AcDbPolyline
 90
       50
 70
   128
 43
0.0
 10
175.8212589738519
 20
149.5983704139855
 10
176.3441828766678
 20
149.7153242559148
 10
176.8668895584777
 20
149.8296671547138
 10
177.3893790192813
 20
149.9413991103825
 10
177.9116512590787
 20
150.0505201229209
 10
178.4337062778698
 20
150.1570301923289
 10
178.9462274483913
 20
150.2590968727726
 10
179.4585390865327
 20
150.3586450254838
 10
179.9706411922941
 20
150.4556746504624
 10
180.4825337656756
 20
150.5501857477085
 10
181.0046571359978
 20
150.6440294928625
 10
181.5265623343292
 20
150.7352508642842
 10
182.0482493606696
 20
150.8238498619735
 10
182.5697182150193
 20
150.9098264859306
 10
183.090968897378
 20
150.9931807361552
 10
183.6120014077459
 20
151.0739126126476
 10
184.1328157461229
 20
151.1520221154076
 10
184.653411912509
 20
151.2275092444353
 10
185.1737899069043
 20
151.3003739997306
 10
185.6939497293086
 20
151.3706163812936
 10
186.2138913797221
 20
151.4382363891242
 10
186.7336148581447
 20
151.5032340232225
 10
187.2531201645765
 20
151.5656092835885
 10
187.7724072990174
 20
151.6253621702221
 10
188.3433711582528
 20
151.6880615038582
 10
188.9140710293794
 20
151.7475877652782
 10
189.4845069123969
 20
151.8039409544821
 10
190.0546788073055
 20
151.8571210714698
 10
190.6245867141052
 20
151.9071281162414
 10
191.1424557306054
 20
151.9498355736148
 10
191.6601065751146
 20
151.9899206572559
 10
192.1775392476331
 20
152.0273833671646
 10
192.6947537481606
 20
152.062223703341
 10
193.2117500766973
 20
152.094441665785
 10
193.7285282332431
 20
152.1240372544968
 10
194.245088217798
 20
152.1510104694761
 10
194.8130522121589
 20
152.1776521642926
 10
195.3807522184109
 20
152.2011207868929
 10
195.9481882365539
 20
152.2214163372771
 10
196.515360266588
 20
152.2385388154452
 10
197.0822683085131
 20
152.2524882213971
 10
197.6489123623292
 20
152.2632645551329
 10
198.2152924280363
 20
152.2708678166526
 10
198.7814085056346
 20
152.2752980059561
 10
199.3472605951238
 20
152.2765551230435
 10
199.9128486965042
 20
152.2746391679148
 10
200.468080051271
 20
152.2696688411494
 10
201.0230567618957
 20
152.2616377543541
 10
201.5777788283783
 20
152.2505459075289
 10
202.1322462507188
 20
152.2363933006738
  0
LWPOLYLINE
  5
9B
330
1F
100
AcDbEntity
  8
Geometries
  6
Continuous
370
    40
100
AcDbPolyline
 90
        4
 70
   128
 43
0.0
 10
198.7706738043939
 20
173.1675688500142
 10
199.5803495013484
 20
173.2846407303295
 10
200.3901110961883
 20
173.4019480630989
 10
201.6625936023653
 20
173.5862881574508
  0
LWPOLYLINE
  5
9C
330
1F
100
AcDbEntity
  8
Geometries
  6
Continuous
370
    40
100
AcDbPolyline
 90
      120
 70
   128
 43
0.0
 10
68.45197116610638
 20
173.1082265100994
 10
69.42107218274376
 20
172.9546615349253
 10
70.39106443459144
 20
172.8035395009142
 10
71.36194792164932
 20
172.6548604080661
 10
72.33372264391755
 20
172.508624256381
 10
73.30638860139604
 20
172.3648310458591
 10
74.27994579408488
 20
172.2234807765001
 10
75.254394221984
 20
172.0845734483042
 10
76.32731686934085
 20
171.934596984332
 10
77.40131791130221
 20
171.7875764791671
 10
78.47639734786796
 20
171.6435119328095
 10
79.55255517903822
 20
171.5024033452592
 10
80.62979140481289
 20
171.3642507165161
 10
81.70810602519202
 20
171.2290540465804
 10
82.78749904017562
 20
171.0968133354519
 10
83.86797044976365
 20
170.9675285831307
 10
84.94952025395611
 20
170.8411997896167
 10
86.03214845275303
 20
170.7178269549101
 10
87.09649368611548
 20
170.5995344591712
 10
88.16187914386518
 20
170.4840932948711
 10
89.22830482600214
 20
170.3715034620097
 10
90.2957707325264
 20
170.2617649605871
 10
91.38371387615952
 20
170.1529607800021
 10
92.47273541439708
 20
170.0471125582243
 10
93.56283534723914
 20
169.9442202952539
 10
94.6540136746856
 20
169.8442839910907
 10
95.74627039673656
 20
169.7473036457347
 10
96.82007221543779
 20
169.6549323448939
 10
97.8949142585262
 20
169.5654123754918
 10
98.97079652600195
 20
169.4787437375285
 10
100.047719017865
 20
169.394926431004
 10
101.1476918043801
 20
169.3123377780785
 10
102.248747706667
 20
169.2327180250268
 10
103.3508867247258
 20
169.1560671718489
 10
104.4541088585564
 20
169.0823852185447
 10
105.5584141081588
 20
169.0116721651144
 10
106.6638024735331
 20
168.9439280115578
 10
107.7702739546792
 20
168.8791527578751
 10
108.8754108898373
 20
168.8174780225592
 10
109.9816262196
 20
168.7587592460506
 10
111.088919943967
 20
168.7029964283493
 10
112.1972920629385
 20
168.6501895694552
 10
113.3067425765144
 20
168.6003386693685
 10
114.3974311547491
 20
168.5542552165598
 10
115.4891599573711
 20
168.5110230951899
 10
116.5819289843803
 20
168.4706423052588
 10
117.6757382357768
 20
168.4331128467665
 10
118.792942409571
 20
168.3977566918331
 10
119.911229699137
 20
168.3653694367734
 10
121.0306001044749
 20
168.3359510815876
 10
122.1510536255846
 20
168.3095016262755
 10
123.2725902624661
 20
168.2860210708372
 10
124.3952100151194
 20
168.2655094152727
 10
125.5189128835446
 20
168.247966659582
 10
126.6436988677416
 20
168.2333928037651
 10
127.7695679677104
 20
168.2217878478219
 10
128.8965201834511
 20
168.2131517917526
 10
130.0245555149635
 20
168.207484635557
 10
131.1536739622478
 20
168.2047863792352
 10
132.283875525304
 20
168.2050570227872
 10
133.415160204132
 20
168.208296566213
 10
134.4531226468433
 20
168.2138742437563
 10
135.4919952076683
 20
168.221946621888
 10
136.5317778866074
 20
168.2325137006081
 10
137.5724706836601
 20
168.2455754799166
 10
138.6140735988267
 20
168.2611319598135
 10
139.6565866321072
 20
168.2791831402988
 10
140.7924267664172
 20
168.3016681286778
 10
141.9293452953315
 20
168.3271090758641
 10
143.0673422188504
 20
168.3555059818577
 10
144.2064175369737
 20
168.3868588466586
 10
145.3465712497015
 20
168.4211676702668
 10
146.4674147556746
 20
168.4577410889442
 10
147.589298486035
 20
168.4971658390604
 10
148.7122224407826
 20
168.5394419206154
 10
149.8361866199175
 20
168.5845693336092
 10
150.9841611281386
 20
168.6335569250901
 10
152.1332187521315
 20
168.6855134164449
 10
153.2833594918963
 20
168.7404388076734
 10
154.4345833474329
 20
168.7983330987757
 10
155.5868903187414
 20
168.8591962897518
 10
156.7402804058216
 20
168.9230283806017
 10
157.8947536086737
 20
168.9898293713253
 10
159.0503099272977
 20
169.0595992619228
 10
160.2069493616934
 20
169.132338052394
 10
161.364671911861
 20
169.208045742739
 10
162.5234775778003
 20
169.2867223329579
 10
163.6833663595116
 20
169.3683678230504
 10
164.8443382569947
 20
169.4529822130168
 10
166.0063932702496
 20
169.540565502857
 10
167.0725618528522
 20
169.6234582812801
 10
168.1396405535687
 20
169.7088457602917
 10
169.207629372399
 20
169.7967279398916
 10
170.2765283093431
 20
169.88710482008
 10
171.3463373644011
 20
169.9799764008567
 10
172.4170565375729
 20
170.0753426822218
 10
173.5861518033447
 20
170.1822238212416
 10
174.7563301848883
 20
170.2920738601351
 10
175.9275916822037
 20
170.4048927989025
 10
177.0999362952909
 20
170.5206806375436
 10
178.27336402415
 20
170.6394373760585
 10
179.4478748687809
 20
170.7611630144472
 10
180.6234688291837
 20
170.8858575527097
 10
181.7020481133385
 20
171.00276897552
 10
182.7815375156072
 20
171.1221750989187
 10
183.8619370359897
 20
171.2440759229058
 10
184.9432466744861
 20
171.3684714474813
 10
186.0254664310961
 20
171.4953616726451
 10
187.1085963058202
 20
171.6247465983974
 10
188.192636298658
 20
171.756626224738
 10
189.2775864096096
 20
171.891000551667
 10
190.363446638675
 20
172.0278695791844
 10
191.4502169858544
 20
172.1672333072902
 10
192.5378974511474
 20
172.3090917359844
 10
193.6264880345545
 20
172.453444865267
 10
194.6537070356636
 20
172.5918341863948
 10
195.6817351132022
 20
172.7324412454334
 10
196.7105722671701
 20
172.8752660423829
 10
197.7402184975673
 20
173.0203085772432
 10
198.7706738043939
 20
173.1675688500142
  0
LWPOLYLINE
  5
9D
330
1F
100
AcDbEntity
  8
Geometries
  6
Continuous
370
    40
100
AcDbPolyline
 90
        4
 70
   128
 43
0.0
 10
65.4065574548159
 20
173.6006769070665
 10
67.11182081622118
 20
173.3244433157332
 10
67.78175314089711
 20
173.2159433498445
 10
68.45197116610638
 20
173.1082265100994
  0
LWPOLYLINE
  5
9E
330
1F
100
AcDbEntity
  8
Geometries
  6
Continuous
370
    40
100
AcDbPolyline
 90
       52
 70
   128
 43
0.0
 10
89.20125897385188
 20
150.7583704139855
 10
88.79570196296314
 20
150.8380589003648
 10
88.39160664308265
 20
150.9155684350378
 10
87.98891816536961
 20
150.9909143608171
 10
87.58758168098296
 20
151.0641120205154
 10
87.18754234108192
 20
151.1351767569456
 10
86.78874529682548
 20
151.2041239129203
 10
86.32025474871554
 20
151.2826853786501
 10
85.85332380907604
 20
151.3583518892258
 10
85.38786268641675
 20
151.4311485619335
 10
84.92378158924731
 20
151.5011005140591
 10
84.45155881927138
 20
151.5695737283211
 10
83.98058408139644
 20
151.6351377657687
 10
83.51076197373825
 20
151.697819313078
 10
83.04199709441232
 20
151.757645056925
 10
82.57419404153427
 20
151.8146416839856
 10
82.10725741321983
 20
151.8688358809359
 10
81.64109180758464
 20
151.9202543344519
 10
81.17560182274443
 20
151.9689237312095
 10
80.71069205681476
 20
152.0148707578848
 10
80.24626710791125
 20
152.0581221011537
 10
79.78223157414965
 20
152.0987044476923
 10
79.31849005364563
 20
152.1366444841765
 10
78.85494714451488
 20
152.1719688972825
 10
78.39150744487287
 20
152.204704373686
 10
77.88172912007732
 20
152.2377550263866
 10
77.37183326257522
 20
152.267740876521
 10
76.86169289245845
 20
152.2946974440551
 10
76.351181029819
 20
152.3186602489546
 10
75.84017069474874
 20
152.3396648111852
 10
75.29750377285919
 20
152.3587493688289
 10
74.75398179422163
 20
152.3745885763671
 10
74.20945326417703
 20
152.3872248112529
 10
73.66376668806652
 20
152.3967004509395
 10
73.11677057123109
 20
152.4030578728798
 10
72.56831341901182
 20
152.406339454527
 10
72.0497223725923
 20
152.4066543735714
 10
71.52957083996557
 20
152.4043081260241
 10
71.00773184122343
 20
152.399336231851
 10
70.48407839645785
 20
152.3917742110177
 10
69.95848352576084
 20
152.3816575834901
 10
69.51891315674936
 20
152.3713012507824
 10
69.07783291105059
 20
152.3592161078266
 10
68.63516930492153
 20
152.3454227101586
 10
68.1908488546191
 20
152.329941613314
 10
67.74479807640023
 20
152.3127933728287
 10
67.29694348652174
 20
152.2939985442382
 10
66.87296242015532
 20
152.2747880341437
 10
66.44725088382864
 20
152.2541492435338
 10
66.01974728488213
 20
152.2320994016632
 10
65.59039003065638
 20
152.2086557377864
 10
65.15911752849186
 20
152.183835481158
  0
VIEWPORT
  5
7C
330
78
100
AcDbEntity
 67
     1
  8
0
100
AcDbViewport
 10
210.0
 20
148.5
 30
0.0
 40
420.0
 41
297.0
 68
     1
 69
     1
 12
210.0
 22
148.5
 13
0.0
 23
0.0
 14
10.0
 24
10.0
 15
10.0
 25
10.0
 16
0.0
 26
0.0
 36
1.0
 17
0.0
 27
0.0
 37
0.0
 42
50.0
 43
0.0
 44
0.0
 45
297.0
 50
0.0
 51
0.0
 72
   100
 90
   557152
  1

281
     0
 71
     1
 74
     0
110
0.0
120
0.0
130
0.0
111
1.0
121
0.0
131
0.0
112
0.0
122
1.0
132
0.0
 79
     0
146
0.0
170
     0
 61
     5
348
2F
292
     1
282
     1
141
0.0
142
0.0
 63
   256
361
7D
  0
VIEWPORT
  5
7E
330
78
100
AcDbEntity
 67
     1
  8
0
100
AcDbViewport
 10
210.0
 20
148.5
 30
0.0
 40
420.0
 41
297.0
 68
     2
 69
     2
 12
210.0
 22
148.5
 13
0.0
 23
0.0
 14
10.0
 24
10.0
 15
10.0
 25
10.0
 16
0.0
 26
0.0
 36
1.0
 17
0.0
 27
0.0
 37
0.0
 42
50.0
 43
0.0
 44
0.0
 45
297.0
 50
0.0
 51
0.0
 72
   100
 90
   557152
  1

281
     0
 71
     1
 74
     0
110
0.0
120
0.0
130
0.0
111
1.0
121
0.0
131
0.0
112
0.0
122
1.0
132
0.0
 79
     0
146
0.0
170
     0
 61
     5
348
2F
292
     1
282
     1
141
0.0
142
0.0
 63
   256
361
7F
  0
ENDSEC
  0
SECTION
  2
OBJECTS
  0
DICTIONARY
  5
C
330
0
100
AcDbDictionary
281
     1
  3
ACAD_DETAILVIEWSTYLE
350
D6
  3
ACAD_GROUP
350
D
  3
ACAD_LAYOUT
350
1A
  3
ACAD_MATERIAL
350
43
  3
ACAD_MLEADERSTYLE
350
5B
  3
ACAD_MLINESTYLE
350
17
  3
ACAD_PLOTSETTINGS
350
19
  3
ACAD_PLOTSTYLENAME
350
E
  3
ACAD_SCALELIST
350
47
  3
ACAD_SECTIONVIEWSTYLE
350
D7
  3
ACAD_TABLESTYLE
350
59
  3
ACAD_VISUALSTYLE
350
2A
  3
ACDB_RECOMPOSE_DATA
350
D3
  3
AcDbVariableDictionary
350
9F
  0
SUN
  5
5D
330
29
100
AcDbSun
 90
        1
290
     0
 63
     7
421
 16777215
 40
1.0
291
     1
 91
  2455826
 92
 54000000
292
     0
 70
     2
 71
   256
280
     1
  0
SUN
  5
7D
330
7C
100
AcDbSun
 90
        1
290
     0
 63
     7
421
 16777215
 40
1.0
291
     1
 91
  2455826
 92
 54000000
292
     0
 70
     2
 71
   256
280
     1
  0
SUN
  5
7F
330
7E
100
AcDbSun
 90
        1
290
     0
 63
     7
421
 16777215
 40
1.0
291
     1
 91
  2455826
 92
 54000000
292
     0
 70
     2
 71
   256
280
     1
  0
DICTIONARY
  5
D6
102
{ACAD_REACTORS
330
C
102
}
330
C
100
AcDbDictionary
281
     1
  0
DICTIONARY
  5
D
102
{ACAD_REACTORS
330
C
102
}
330
C
100
AcDbDictionary
281
     1
  0
DICTIONARY
  5
1A
102
{ACAD_REACTORS
330
C
102
}
330
C
100
AcDbDictionary
281
     1
  3
Layout1
350
1E
  3
Layout2
350
26
  3
Model
350
22
  3
Sheet
350
79
  0
DICTIONARY
  5
43
102
{ACAD_REACTORS
330
C
102
}
330
C
100
AcDbDictionary
281
     1
  3
ByBlock
350
45
  3
ByLayer
350
44
  3
Global
350
46
  0
DICTIONARY
  5
5B
102
{ACAD_REACTORS
330
C
102
}
330
C
100
AcDbDictionary
281
     1
  3
Standard
350
5C
  0
DICTIONARY
  5
17
102
{ACAD_REACTORS
330
C
102
}
330
C
100
AcDbDictionary
281
     1
  3
Standard
350
18
  0
DICTIONARY
  5
19
102
{ACAD_REACTORS
330
C
102
}
330
C
100
AcDbDictionary
281
     1
  0
ACDBDICTIONARYWDFLT
  5
E
102
{ACAD_REACTORS
330
C
102
}
330
C
100
AcDbDictionary
281
     1
  3
Normal
350
F
100
AcDbDictionaryWithDefault
340
F
  0
DICTIONARY
  5
47
102
{ACAD_REACTORS
330
C
102
}
330
C
100
AcDbDictionary
281
     1
  3
A0
350
48
  3
A1
350
49
  3
A2
350
4A
  3
A3
350
4B
  3
A4
350
4C
  3
A5
350
4D
  3
A6
350
4E
  3
A7
350
4F
  3
A8
350
50
  3
A9
350
51
  3
B0
350
52
  3
B1
350
53
  3
B2
350
54
  3
B3
350
55
  3
B4
350
56
  3
B5
350
57
  3
B6
350
58
  0
DICTIONARY
  5
D7
102
{ACAD_REACTORS
330
C
102
}
330
C
100
AcDbDictionary
281
     1
  0
DICTIONARY
  5
59
102
{ACAD_REACTORS
330
C
102
}
330
C
100
AcDbDictionary
281
     1
  3
Standard
350
5A
  0
DICTIONARY
  5
2A
102
{ACAD_REACTORS
330
C
102
}
330
C
100
AcDbDictionary
281
     1
  3
2dWireframe
350
2F
  3
Basic
350
32
  3
Brighten
350
36
  3
ColorChange
350
3A
  3
Conceptual
350
34
  3
Dim
350
35
  3
EdgeColorOff
350
3D
  3
Facepattern
350
39
  3
Flat
350
2B
  3
FlatWithEdges
350
2C
  3
Gouraud
350
2D
  3
GouraudWithEdges
350
2E
  3
Hidden
350
31
  3
JitterOff
350
3B
  3
Linepattern
350
38
  3
OverhangOff
350
3C
  3
Realistic
350
33
  3
Shaded
350
42
  3
Shaded with edges
350
41
  3
Shades of Gray
350
3E
  3
Sketchy
350
3F
  3
Thicken
350
37
  3
Wireframe
350
30
  3
X-Ray
350
40
  0
XRECORD
  5
D3
102
{ACAD_REACTORS
330
C
102
}
330
C
100
AcDbXrecord
280
     1
 90
        1
330
5A
  0
DICTIONARY
  5
9F
102
{ACAD_REACTORS
330
C
102
}
330
C
100
AcDbDictionary
281
     1
  3
CANNOSCALE
350
A0
  3
CENTEREXE
350
D8
  3
CENTERLTYPEFILE
350
D9
  3
CMLEADERSTYLE
350
D5
  3
CTABLESTYLE
350
D4
  0
LAYOUT
  5
1E
102
{ACAD_REACTORS
330
1A
102
}
330
1A
100
AcDbPlotSettings
  1

  2
none_device
  4

  6

 40
0.0
 41
0.0
 42
0.0
 43
0.0
 44
0.0
 45
0.0
 46
0.0
 47
0.0
 48
0.0
 49
0.0
140
0.0
141
0.0
142
1.0
143
1.0
 70
   688
 72
     1
 73
     0
 74
     5
  7

 75
    16
 76
     0
 77
     2
 78
   300
147
1.0
148
0.0
149
0.0
100
AcDbLayout
  1
Layout1
 70
     1
 71
     1
 10
0.0
 20
0.0
 11
420.0
 21
297.0
 12
0.0
 22
0.0
 32
0.0
 14
1.000000000000000E+20
 24
1.000000000000000E+20
 34
1.000000000000000E+20
 15
-1.000000000000000E+20
 25
-1.000000000000000E+20
 35
-1.000000000000000E+20
146
0.0
 13
0.0
 23
0.0
 33
0.0
 16
1.0
 26
0.0
 36
0.0
 17
0.0
 27
1.0
 37
0.0
 76
     0
330
1B
  0
LAYOUT
  5
26
102
{ACAD_REACTORS
330
1A
102
}
330
1A
100
AcDbPlotSettings
  1

  2
none_device
  4

  6

 40
0.0
 41
0.0
 42
0.0
 43
0.0
 44
0.0
 45
0.0
 46
0.0
 47
0.0
 48
0.0
 49
0.0
140
0.0
141
0.0
142
1.0
143
1.0
 70
   688
 72
     1
 73
     0
 74
     5
  7

 75
    16
 76
     0
 77
     2
 78
   300
147
1.0
148
0.0
149
0.0
100
AcDbLayout
  1
Layout2
 70
     1
 71
     2
 10
0.0
 20
0.0
 11
0.0
 21
0.0
 12
0.0
 22
0.0
 32
0.0
 14
0.0
 24
0.0
 34
0.0
 15
0.0
 25
0.0
 35
0.0
146
0.0
 13
0.0
 23
0.0
 33
0.0
 16
1.0
 26
0.0
 36
0.0
 17
0.0
 27
1.0
 37
0.0
 76
     0
330
23
  0
LAYOUT
  5
22
102
{ACAD_REACTORS
330
1A
102
}
330
1A
100
AcDbPlotSettings
  1

  2
none_device
  4
Letter_(8.50_x_11.00_Inches)
  6

 40
6.35
 41
6.35
 42
6.35000508
 43
6.35000508
 44
215.9
 45
279.4
 46
0.0
 47
0.0
 48
0.0
 49
0.0
140
0.0
141
0.0
142
1.0
143
1.0
 70
  1712
 72
     1
 73
     0
 74
     0
  7

 75
     0
 76
     0
 77
     2
 78
   300
147
1.0
148
0.0
149
0.0
100
AcDbLayout
  1
Model
 70
     1
 71
     0
 10
0.0
 20
0.0
 11
420.0
 21
297.0
 12
0.0
 22
0.0
 32
0.0
 14
1.000000000000000E+20
 24
1.000000000000000E+20
 34
1.000000000000000E+20
 15
-1.000000000000000E+20
 25
-1.000000000000000E+20
 35
-1.000000000000000E+20
146
0.0
 13
0.0
 23
0.0
 33
0.0
 16
1.0
 26
0.0
 36
0.0
 17
0.0
 27
1.0
 37
0.0
 76
     0
330
1F
331
29
  0
LAYOUT
  5
79
102
{ACAD_REACTORS
330
1A
102
}
330
1A
100
AcDbPlotSettings
  1

  2
Custom Device
  4
CustomPaper_420.000000x297.000000mm
  6

 40
0.0
 41
0.0
 42
0.0
 43
0.0
 44
297.0
 45
420.0
 46
0.0
 47
0.0
 48
0.0
 49
0.0
140
0.0
141
0.0
142
1.0
143
1.0
 70
   672
 72
     1
 73
     1
 74
     5
  7

 75
    16
 76
     0
 77
     2
 78
   300
147
1.0
148
0.0
149
0.0
100
AcDbLayout
  1
Sheet
 70
     1
 71
     3
 10
-20.0
 20
-7.5
 11
277.0
 21
202.5
 12
0.0
 22
0.0
 32
0.0
 14
0.0
 24
0.0
 34
0.0
 15
0.0
 25
0.0
 35
0.0
146
0.0
 13
0.0
 23
0.0
 33
0.0
 16
1.0
 26
0.0
 36
0.0
 17
0.0
 27
1.0
 37
0.0
 76
     0
330
78
331
7C
  0
MATERIAL
  5
45
102
{ACAD_REACTORS
330
43
102
}
330
43
100
AcDbMaterial
  1
ByBlock
 72
     1
 94
      127
  0
MATERIAL
  5
44
102
{ACAD_REACTORS
330
43
102
}
330
43
100
AcDbMaterial
  1
ByLayer
 72
     1
 94
      127
  0
MATERIAL
  5
46
102
{ACAD_REACTORS
330
43
102
}
330
43
100
AcDbMaterial
  1
Global
 72
     1
 94
      127
  0
MLEADERSTYLE
  5
5C
102
{ACAD_REACTORS
330
5B
102
}
330
5B
100
AcDbMLeaderStyle
179
     2
170
     2
171
     1
172
     0
 90
        2
 40
0.0
 41
0.0
173
     1
 91
-1056964608
340
14
 92
       -2
290
     1
 42
2.0
291
     1
 43
8.0
  3
Standard
341
0
 44
4.0
300

342
11
174
     1
178
     6
175
     1
176
     0
 93
-1056964608
 45
4.0
292
     0
297
     0
 46
4.0
343
0
 94
-1056964608
 47
1.0
 49
1.0
140
1.0
293
     1
141
0.0
294
     1
177
     0
142
1.0
295
     0
296
     0
143
3.75
271
     0
272
     9
273
     9
  0
MLINESTYLE
  5
18
102
{ACAD_REACTORS
330
17
102
}
330
17
100
AcDbMlineStyle
  2
Standard
 70
     0
  3

 62
   256
 51
90.0
 52
90.0
 71
     2
 49
0.5
 62
   256
  6
BYLAYER
 49
-0.5
 62
   256
  6
BYLAYER
  0
ACDBPLACEHOLDER
  5
F
102
{ACAD_REACTORS
330
E
102
}
330
E
  0
SCALE
  5
48
102
{ACAD_REACTORS
330
47
102
}
330
47
100
AcDbScale
 70
     0
300
1:1
140
1.0
141
1.0
290
     1
  0
SCALE
  5
49
102
{ACAD_REACTORS
330
47
102
}
330
47
100
AcDbScale
 70
     0
300
1:2
140
1.0
141
2.0
290
     0
  0
SCALE
  5
4A
102
{ACAD_REACTORS
330
47
102
}
330
47
100
AcDbScale
 70
     0
300
1:4
140
1.0
141
4.0
290
     0
  0
SCALE
  5
4B
102
{ACAD_REACTORS
330
47
102
}
330
47
100
AcDbScale
 70
     0
300
1:5
140
1.0
141
5.0
290
     0
  0
SCALE
  5
4C
102
{ACAD_REACTORS
330
47
102
}
330
47
100
AcDbScale
 70
     0
300
1:8
140
1.0
141
8.0
290
     0
  0
SCALE
  5
4D
102
{ACAD_REACTORS
330
47
102
}
330
47
100
AcDbScale
 70
     0
300
1:10
140
1.0
141
10.0
290
     0
  0
SCALE
  5
4E
102
{ACAD_REACTORS
330
47
102
}
330
47
100
AcDbScale
 70
     0
300
1:16
140
1.0
141
16.0
290
     0
  0
SCALE
  5
4F
102
{ACAD_REACTORS
330
47
102
}
330
47
100
AcDbScale
 70
     0
300
1:20
140
1.0
141
20.0
290
     0
  0
SCALE
  5
50
102
{ACAD_REACTORS
330
47
102
}
330
47
100
AcDbScale
 70
     0
300
1:30
140
1.0
141
30.0
290
     0
  0
SCALE
  5
51
102
{ACAD_REACTORS
330
47
102
}
330
47
100
AcDbScale
 70
     0
300
1:40
140
1.0
141
40.0
290
     0
  0
SCALE
  5
52
102
{ACAD_REACTORS
330
47
102
}
330
47
100
AcDbScale
 70
     0
300
1:50
140
1.0
141
50.0
290
     0
  0
SCALE
  5
53
102
{ACAD_REACTORS
330
47
102
}
330
47
100
AcDbScale
 70
     0
300
1:100
140
1.0
141
100.0
290
     0
  0
SCALE
  5
54
102
{ACAD_REACTORS
330
47
102
}
330
47
100
AcDbScale
 70
     0
300
2:1
140
2.0
141
1.0
290
     0
  0
SCALE
  5
55
102
{ACAD_REACTORS
330
47
102
}
330
47
100
AcDbScale
 70
     0
300
4:1
140
4.0
141
1.0
290
     0
  0
SCALE
  5
56
102
{ACAD_REACTORS
330
47
102
}
330
47
100
AcDbScale
 70
     0
300
8:1
140
8.0
141
1.0
290
     0
  0
SCALE
  5
57
102
{ACAD_REACTORS
330
47
102
}
330
47
100
AcDbScale
 70
     0
300
10:1
140
10.0
141
1.0
290
     0
  0
SCALE
  5
58
102
{ACAD_REACTORS
330
47
102
}
330
47
100
AcDbScale
 70
     0
300
100:1
140
100.0
141
1.0
290
     0
  0
TABLESTYLE
  5
5A
102
{ACAD_REACTORS
330
59
102
}
102
{ACAD_XDICTIONARY
360
D1
102
}
330
59
100
AcDbTableStyle
  3
Standard
 70
     0
 71
     0
 40
0.06
 41
0.06
280
     0
281
     0
  7
Standard
140
4.5
170
     2
 62
     0
 63
   257
283
     0
 90
        4
 91
        0
  1

274
    -2
284
     1
 64
     0
275
    -2
285
     1
 65
     0
276
    -2
286
     1
 66
     0
277
    -2
287
     1
 67
     0
278
    -2
288
     1
 68
     0
279
    -2
289
     1
 69
     0
  7
Standard
140
6.0
170
     5
 62
     0
 63
   257
283
     0
 90
        4
 91
        0
  1

274
    -2
284
     1
 64
     0
275
    -2
285
     1
 65
     0
276
    -2
286
     1
 66
     0
277
    -2
287
     1
 67
     0
278
    -2
288
     1
 68
     0
279
    -2
289
     1
 69
     0
  7
Standard
140
4.5
170
     5
 62
     0
 63
   257
283
     0
 90
        4
 91
        0
  1

274
    -2
284
     1
 64
     0
275
    -2
285
     1
 65
     0
276
    -2
286
     1
 66
     0
277
    -2
287
     1
 67
     0
278
    -2
288
     1
 68
     0
279
    -2
289
     1
 69
     0
  0
VISUALSTYLE
  5
2F
102
{ACAD_REACTORS
330
2A
102
}
102
{ACAD_XDICTIONARY
360
A9
102
}
330
2A
100
AcDbVisualStyle
  2
2dWireframe
 70
     4
177
     2
291
     0
 71
     0
176
     1
 72
     2
176
     1
 73
     0
176
     1
 90
        0
176
     1
 40
0.6
176
     1
 41
30.0
176
     1
 62
     5
 63
     7
421
 16777215
176
     1
 74
     1
176
     1
 91
        4
176
     1
 64
     7
176
     1
 65
   257
176
     1
 75
     1
176
     1
175
     1
176
     1
 42
1.0
176
     1
 92
        0
176
     1
 66
   257
176
     1
 43
1.0
176
     1
 76
     1
176
     1
 77
     6
176
     1
 78
     2
176
     1
 67
     7
176
     1
 79
     5
176
     1
170
     0
176
     1
171
     0
176
     1
290
     0
176
     1
 93
        1
176
     1
 44
0.0
176
     1
173
     0
176
     1
  0
VISUALSTYLE
  5
32
102
{ACAD_REACTORS
330
2A
102
}
102
{ACAD_XDICTIONARY
360
AF
102
}
330
2A
100
AcDbVisualStyle
  2
Basic
 70
     7
177
     2
291
     1
 71
     1
176
     1
 72
     0
176
     1
 73
     1
176
     1
 90
        0
176
     1
 40
0.6
176
     1
 41
30.0
176
     1
 62
     5
 63
     7
421
 16777215
176
     1
 74
     0
176
     1
 91
        4
176
     1
 64
     7
176
     1
 65
   257
176
     1
 75
     1
176
     1
175
     1
176
     1
 42
1.0
176
     1
 92
        8
176
     1
 66
     7
176
     1
 43
1.0
176
     1
 76
     1
176
     1
 77
     6
176
     1
 78
     2
176
     1
 67
     7
176
     1
 79
     5
176
     1
170
     0
176
     1
171
     0
176
     1
290
     0
176
     1
 93
        1
176
     1
 44
0.0
176
     1
173
     0
176
     1
  0
VISUALSTYLE
  5
36
102
{ACAD_REACTORS
330
2A
102
}
102
{ACAD_XDICTIONARY
360
B7
102
}
330
2A
100
AcDbVisualStyle
  2
Brighten
 70
    12
177
     2
291
     1
 71
     2
176
     1
 72
     2
176
     1
 73
     0
176
     1
 90
        0
176
     1
 40
0.6
176
     1
 41
30.0
176
     1
 62
     5
 63
     7
421
 16777215
176
     1
 74
     1
176
     1
 91
        4
176
     1
 64
     7
176
     1
 65
   257
176
     1
 75
     1
176
     1
175
     1
176
     1
 42
1.0
176
     1
 92
        8
176
     1
 66
     7
176
     1
 43
1.0
176
     1
 76
     1
176
     1
 77
     6
176
     1
 78
     2
176
     1
 67
     7
176
     1
 79
     5
176
     1
170
     0
176
     1
171
     0
176
     1
290
     0
176
     1
 93
        1
176
     1
 44
50.0
176
     1
173
     0
176
     1
  0
VISUALSTYLE
  5
3A
102
{ACAD_REACTORS
330
2A
102
}
102
{ACAD_XDICTIONARY
360
BF
102
}
330
2A
100
AcDbVisualStyle
  2
ColorChange
 70
    16
177
     2
291
     1
 71
     2
176
     1
 72
     2
176
     1
 73
     3
176
     1
 90
        0
176
     1
 40
0.6
176
     1
 41
30.0
176
     1
 62
     5
 63
     8
421
  8421504
176
     1
 74
     1
176
     1
 91
        4
176
     1
 64
     7
176
     1
 65
   257
176
     1
 75
     1
176
     1
175
     1
176
     1
 42
1.0
176
     1
 92
        8
176
     1
 66
     8
424
  8421504
176
     1
 43
1.0
176
     1
 76
     1
176
     1
 77
     6
176
     1
 78
     2
176
     1
 67
     7
176
     1
 79
     5
176
     1
170
     0
176
     1
171
     0
176
     1
290
     0
176
     1
 93
        1
176
     1
 44
0.0
176
     1
173
     0
176
     1
  0
VISUALSTYLE
  5
34
102
{ACAD_REACTORS
330
2A
102
}
102
{ACAD_XDICTIONARY
360
B3
102
}
330
2A
100
AcDbVisualStyle
  2
Conceptual
 70
     9
177
     2
291
     0
 71
     3
176
     1
 72
     2
176
     1
 73
     0
176
     1
 90
        0
176
     1
 40
0.6
176
     1
 41
30.0
176
     1
 62
     5
 63
     7
421
 16777215
176
     1
 74
     2
176
     1
 91
        2
176
     1
 64
     7
176
     1
 65
   257
176
     1
 75
     1
176
     1
175
     1
176
     1
 42
179.0
176
     1
 92
        8
176
     1
 66
     7
176
     1
 43
1.0
176
     1
 76
     1
176
     1
 77
     6
176
     1
 78
     2
176
     1
 67
     7
176
     1
 79
     3
176
     1
170
     0
176
     1
171
     0
176
     1
290
     0
176
     1
 93
        1
176
     1
 44
0.0
176
     1
173
     0
176
     1
  0
VISUALSTYLE
  5
35
102
{ACAD_REACTORS
330
2A
102
}
102
{ACAD_XDICTIONARY
360
B5
102
}
330
2A
100
AcDbVisualStyle
  2
Dim
 70
    11
177
     2
291
     1
 71
     2
176
     1
 72
     2
176
     1
 73
     0
176
     1
 90
        0
176
     1
 40
0.6
176
     1
 41
30.0
176
     1
 62
     5
 63
     7
421
 16777215
176
     1
 74
     1
176
     1
 91
        4
176
     1
 64
     7
176
     1
 65
   257
176
     1
 75
     1
176
     1
175
     1
176
     1
 42
1.0
176
     1
 92
        8
176
     1
 66
     7
176
     1
 43
1.0
176
     1
 76
     1
176
     1
 77
     6
176
     1
 78
     2
176
     1
 67
     7
176
     1
 79
     5
176
     1
170
     0
176
     1
171
     0
176
     1
290
     0
176
     1
 93
        1
176
     1
 44
-50.0
176
     1
173
     0
176
     1
  0
VISUALSTYLE
  5
3D
102
{ACAD_REACTORS
330
2A
102
}
102
{ACAD_XDICTIONARY
360
C5
102
}
330
2A
100
AcDbVisualStyle
  2
EdgeColorOff
 70
    22
177
     2
291
     1
 71
     2
176
     0
 72
     2
176
     0
 73
     0
176
     0
 90
        0
176
     0
 40
0.6
176
     0
 41
30.0
176
     0
 62
     5
 63
     7
421
 16777215
176
     0
 74
     1
176
     0
 91
        4
176
     0
 64
     7
176
     0
 65
   257
176
     0
 75
     1
176
     0
175
     1
176
     0
 42
1.0
176
     0
 92
        8
176
     2
 66
     7
176
     0
 43
1.0
176
     0
 76
     1
176
     0
 77
     6
176
     0
 78
     2
176
     0
 67
     7
176
     0
 79
     5
176
     0
170
     0
176
     0
171
     0
176
     0
290
     0
176
     0
 93
        1
176
     0
 44
0.0
176
     0
173
     0
176
     0
  0
VISUALSTYLE
  5
39
102
{ACAD_REACTORS
330
2A
102
}
102
{ACAD_XDICTIONARY
360
BD
102
}
330
2A
100
AcDbVisualStyle
  2
Facepattern
 70
    15
177
     2
291
     1
 71
     2
176
     1
 72
     2
176
     1
 73
     0
176
     1
 90
        0
176
     1
 40
0.6
176
     1
 41
30.0
176
     1
 62
     5
 63
     7
421
 16777215
176
     1
 74
     1
176
     1
 91
        4
176
     1
 64
     7
176
     1
 65
   257
176
     1
 75
     1
176
     1
175
     1
176
     1
 42
1.0
176
     1
 92
        8
176
     1
 66
     7
176
     1
 43
1.0
176
     1
 76
     1
176
     1
 77
     6
176
     1
 78
     2
176
     1
 67
     7
176
     1
 79
     5
176
     1
170
     0
176
     1
171
     0
176
     1
290
     0
176
     1
 93
        1
176
     1
 44
0.0
176
     1
173
     0
176
     1
  0
VISUALSTYLE
  5
2B
102
{ACAD_REACTORS
330
2A
102
}
102
{ACAD_XDICTIONARY
360
A1
102
}
330
2A
100
AcDbVisualStyle
  2
Flat
 70
     0
177
     2
291
     1
 71
     2
176
     1
 72
     1
176
     1
 73
     1
176
     1
 90
        2
176
     1
 40
0.6
176
     1
 41
30.0
176
     1
 62
     5
 63
     7
421
 16777215
176
     1
 74
     0
176
     1
 91
        0
176
     1
 64
     7
176
     1
 65
   257
176
     1
 75
     1
176
     1
175
     1
176
     1
 42
1.0
176
     1
 92
        8
176
     1
 66
     7
176
     1
 43
1.0
176
     1
 76
     1
176
     1
 77
     6
176
     1
 78
     2
176
     1
 67
     7
176
     1
 79
     5
176
     1
170
     0
176
     1
171
     0
176
     1
290
     0
176
     1
 93
       13
176
     1
 44
0.0
176
     1
173
     0
176
     1
  0
VISUALSTYLE
  5
2C
102
{ACAD_REACTORS
330
2A
102
}
102
{ACAD_XDICTIONARY
360
A3
102
}
330
2A
100
AcDbVisualStyle
  2
FlatWithEdges
 70
     1
177
     2
291
     1
 71
     2
176
     1
 72
     1
176
     1
 73
     1
176
     1
 90
        2
176
     1
 40
0.6
176
     1
 41
30.0
176
     1
 62
     5
 63
     7
421
 16777215
176
     1
 74
     1
176
     1
 91
        0
176
     1
 64
     7
176
     1
 65
   257
176
     1
 75
     1
176
     1
175
     1
176
     1
 42
1.0
176
     1
 92
        0
176
     1
 66
   257
176
     1
 43
1.0
176
     1
 76
     1
176
     1
 77
     6
176
     1
 78
     2
176
     1
 67
     7
176
     1
 79
     5
176
     1
170
     0
176
     1
171
     0
176
     1
290
     0
176
     1
 93
       13
176
     1
 44
0.0
176
     1
173
     0
176
     1
  0
VISUALSTYLE
  5
2D
102
{ACAD_REACTORS
330
2A
102
}
102
{ACAD_XDICTIONARY
360
A5
102
}
330
2A
100
AcDbVisualStyle
  2
Gouraud
 70
     2
177
     2
291
     1
 71
     2
176
     1
 72
     2
176
     1
 73
     1
176
     1
 90
        2
176
     1
 40
0.6
176
     1
 41
30.0
176
     1
 62
     5
 63
     7
421
 16777215
176
     1
 74
     0
176
     1
 91
        0
176
     1
 64
     7
176
     1
 65
   257
176
     1
 75
     1
176
     1
175
     1
176
     1
 42
1.0
176
     1
 92
        0
176
     1
 66
     7
176
     1
 43
1.0
176
     1
 76
     1
176
     1
 77
     6
176
     1
 78
     2
176
     1
 67
     7
176
     1
 79
     5
176
     1
170
     0
176
     1
171
     0
176
     1
290
     0
176
     1
 93
       13
176
     1
 44
0.0
176
     1
173
     0
176
     1
  0
VISUALSTYLE
  5
2E
102
{ACAD_REACTORS
330
2A
102
}
102
{ACAD_XDICTIONARY
360
A7
102
}
330
2A
100
AcDbVisualStyle
  2
GouraudWithEdges
 70
     3
177
     2
291
     1
 71
     2
176
     1
 72
     2
176
     1
 73
     1
176
     1
 90
        2
176
     1
 40
0.6
176
     1
 41
30.0
176
     1
 62
     5
 63
     7
421
 16777215
176
     1
 74
     1
176
     1
 91
        0
176
     1
 64
     7
176
     1
 65
   257
176
     1
 75
     1
176
     1
175
     1
176
     1
 42
1.0
176
     1
 92
        0
176
     1
 66
   257
176
     1
 43
1.0
176
     1
 76
     1
176
     1
 77
     6
176
     1
 78
     2
176
     1
 67
     7
176
     1
 79
     5
176
     1
170
     0
176
     1
171
     0
176
     1
290
     0
176
     1
 93
       13
176
     1
 44
0.0
176
     1
173
     0
176
     1
  0
VISUALSTYLE
  5
31
102
{ACAD_REACTORS
330
2A
102
}
102
{ACAD_XDICTIONARY
360
AD
102
}
330
2A
100
AcDbVisualStyle
  2
Hidden
 70
     6
177
     2
291
     0
 71
     1
176
     1
 72
     2
176
     1
 73
     2
176
     1
 90
        0
176
     1
 40
0.6
176
     1
 41
30.0
176
     1
 62
     5
 63
     7
421
 16777215
176
     1
 74
     2
176
     1
 91
        2
176
     1
 64
     7
176
     1
 65
   257
176
     1
 75
     2
176
     1
175
     1
176
     1
 42
40.0
176
     1
 92
        0
176
     1
 66
   257
176
     1
 43
1.0
176
     1
 76
     1
176
     1
 77
     6
176
     1
 78
     2
176
     1
 67
     7
176
     1
 79
     3
176
     1
170
     0
176
     1
171
     0
176
     1
290
     0
176
     1
 93
        1
176
     1
 44
0.0
176
     1
173
     0
176
     1
  0
VISUALSTYLE
  5
3B
102
{ACAD_REACTORS
330
2A
102
}
102
{ACAD_XDICTIONARY
360
C1
102
}
330
2A
100
AcDbVisualStyle
  2
JitterOff
 70
    20
177
     2
291
     1
 71
     2
176
     0
 72
     2
176
     0
 73
     0
176
     0
 90
        0
176
     0
 40
0.6
176
     0
 41
30.0
176
     0
 62
     5
 63
     7
421
 16777215
176
     0
 74
     1
176
     0
 91
        4
176
     0
 64
     7
176
     0
 65
   257
176
     0
 75
     1
176
     0
175
     1
176
     0
 42
1.0
176
     0
 92
       10
176
     2
 66
     7
176
     0
 43
1.0
176
     0
 76
     1
176
     0
 77
     6
176
     0
 78
     2
176
     0
 67
     7
176
     0
 79
     5
176
     0
170
     0
176
     0
171
     0
176
     0
290
     0
176
     0
 93
        1
176
     0
 44
0.0
176
     0
173
     0
176
     0
  0
VISUALSTYLE
  5
38
102
{ACAD_REACTORS
330
2A
102
}
102
{ACAD_XDICTIONARY
360
BB
102
}
330
2A
100
AcDbVisualStyle
  2
Linepattern
 70
    14
177
     2
291
     1
 71
     2
176
     1
 72
     2
176
     1
 73
     0
176
     1
 90
        0
176
     1
 40
0.6
176
     1
 41
30.0
176
     1
 62
     5
 63
     7
421
 16777215
176
     1
 74
     1
176
     1
 91
        4
176
     1
 64
     7
176
     1
 65
   257
176
     1
 75
     7
176
     1
175
     7
176
     1
 42
1.0
176
     1
 92
        8
176
     1
 66
     7
176
     1
 43
1.0
176
     1
 76
     1
176
     1
 77
     6
176
     1
 78
     2
176
     1
 67
     7
176
     1
 79
     5
176
     1
170
     0
176
     1
171
     0
176
     1
290
     0
176
     1
 93
        1
176
     1
 44
0.0
176
     1
173
     0
176
     1
  0
VISUALSTYLE
  5
3C
102
{ACAD_REACTORS
330
2A
102
}
102
{ACAD_XDICTIONARY
360
C3
102
}
330
2A
100
AcDbVisualStyle
  2
OverhangOff
 70
    21
177
     2
291
     1
 71
     2
176
     0
 72
     2
176
     0
 73
     0
176
     0
 90
        0
176
     0
 40
0.6
176
     0
 41
30.0
176
     0
 62
     5
 63
     7
421
 16777215
176
     0
 74
     1
176
     0
 91
        4
176
     0
 64
     7
176
     0
 65
   257
176
     0
 75
     1
176
     0
175
     1
176
     0
 42
1.0
176
     0
 92
        9
176
     2
 66
     7
176
     0
 43
1.0
176
     0
 76
     1
176
     0
 77
     6
176
     0
 78
     2
176
     0
 67
     7
176
     0
 79
     5
176
     0
170
     0
176
     0
171
     0
176
     0
290
     0
176
     0
 93
        1
176
     0
 44
0.0
176
     0
173
     0
176
     0
  0
VISUALSTYLE
  5
33
102
{ACAD_REACTORS
330
2A
102
}
102
{ACAD_XDICTIONARY
360
B1
102
}
330
2A
100
AcDbVisualStyle
  2
Realistic
 70
     8
177
     2
291
     0
 71
     2
176
     1
 72
     3
176
     1
 73
     0
176
     1
 90
        2
176
     1
 40
0.6
176
     1
 41
30.0
176
     1
 62
     5
 63
     7
421
 16777215
176
     1
 74
     0
176
     1
 91
        0
176
     1
 64
     7
176
     1
 65
   257
176
     1
 75
     1
176
     1
175
     1
176
     1
 42
1.0
176
     1
 92
        8
176
     1
 66
   257
176
     1
 43
1.0
176
     1
 76
     1
176
     1
 77
     6
176
     1
 78
     2
176
     1
 67
     7
176
     1
 79
     3
176
     1
170
     0
176
     1
171
     0
176
     1
290
     0
176
     1
 93
       13
176
     1
 44
0.0
176
     1
173
     0
176
     1
  0
VISUALSTYLE
  5
42
102
{ACAD_REACTORS
330
2A
102
}
102
{ACAD_XDICTIONARY
360
CF
102
}
330
2A
100
AcDbVisualStyle
  2
Shaded
 70
    27
177
     2
291
     0
 71
     2
176
     1
 72
     2
176
     1
 73
     1
176
     1
 90
        2
176
     1
 40
0.6
176
     1
 41
30.0
176
     1
 62
     5
 63
     7
421
 16777215
176
     1
 74
     0
176
     1
 91
        4
176
     1
 64
     7
176
     1
 65
   257
176
     1
 75
     1
176
     1
175
     1
176
     1
 42
1.0
176
     1
 92
        8
176
     1
 66
   257
176
     1
 43
1.0
176
     1
 76
     1
176
     1
 77
     6
176
     1
 78
     2
176
     1
 67
     8
425
  7895160
176
     1
 79
     3
176
     1
170
     0
176
     1
171
     0
176
     1
290
     0
176
     1
 93
        5
176
     1
 44
0.0
176
     1
173
     0
176
     1
  0
VISUALSTYLE
  5
41
102
{ACAD_REACTORS
330
2A
102
}
102
{ACAD_XDICTIONARY
360
CD
102
}
330
2A
100
AcDbVisualStyle
  2
Shaded with edges
 70
    26
177
     2
291
     0
 71
     2
176
     1
 72
     2
176
     1
 73
     1
176
     1
 90
        2
176
     1
 40
0.6
176
     1
 41
30.0
176
     1
 62
     5
 63
     7
421
 16777215
176
     1
 74
     1
176
     1
 91
       10
176
     1
 64
     7
176
     1
 65
   257
176
     1
 75
     2
176
     1
175
     1
176
     1
 42
1.0
176
     1
 92
        8
176
     1
 66
   257
176
     1
 43
1.0
176
     1
 76
     1
176
     1
 77
     6
176
     1
 78
     2
176
     1
 67
     7
176
     1
 79
     3
176
     1
170
     0
176
     1
171
     0
176
     1
290
     0
176
     1
 93
        5
176
     1
 44
0.0
176
     1
173
     0
176
     1
  0
VISUALSTYLE
  5
3E
102
{ACAD_REACTORS
330
2A
102
}
102
{ACAD_XDICTIONARY
360
C7
102
}
330
2A
100
AcDbVisualStyle
  2
Shades of Gray
 70
    23
177
     2
291
     0
 71
     2
176
     1
 72
     2
176
     1
 73
     3
176
     1
 90
        0
176
     1
 40
0.6
176
     1
 41
30.0
176
     1
 62
     5
 63
     7
421
 16777215
176
     1
 74
     2
176
     1
 91
        2
176
     1
 64
     7
176
     1
 65
     7
176
     1
 75
     1
176
     1
175
     1
176
     1
 42
40.0
176
     1
 92
        8
176
     1
 66
     7
176
     1
 43
1.0
176
     1
 76
     1
176
     1
 77
     6
176
     1
 78
     2
176
     1
 67
     7
176
     1
 79
     3
176
     1
170
     0
176
     1
171
     0
176
     1
290
     0
176
     1
 93
        1
176
     1
 44
0.0
176
     1
173
     0
176
     1
  0
VISUALSTYLE
  5
3F
102
{ACAD_REACTORS
330
2A
102
}
102
{ACAD_XDICTIONARY
360
C9
102
}
330
2A
100
AcDbVisualStyle
  2
Sketchy
 70
    24
177
     2
291
     0
 71
     1
176
     1
 72
     2
176
     1
 73
     2
176
     1
 90
        0
176
     1
 40
0.6
176
     1
 41
30.0
176
     1
 62
     5
 63
     7
421
 16777215
176
     1
 74
     2
176
     1
 91
        2
176
     1
 64
     7
176
     1
 65
     7
176
     1
 75
     1
176
     1
175
     1
176
     1
 42
40.0
176
     1
 92
       11
176
     1
 66
     7
176
     1
 43
1.0
176
     1
 76
     1
176
     1
 77
     6
176
     1
 78
     2
176
     1
 67
     7
176
     1
 79
     6
176
     1
170
     0
176
     1
171
     0
176
     1
290
     0
176
     1
 93
        1
176
     1
 44
0.0
176
     1
173
     0
176
     1
  0
VISUALSTYLE
  5
37
102
{ACAD_REACTORS
330
2A
102
}
102
{ACAD_XDICTIONARY
360
B9
102
}
330
2A
100
AcDbVisualStyle
  2
Thicken
 70
    13
177
     2
291
     1
 71
     2
176
     1
 72
     2
176
     1
 73
     0
176
     1
 90
        0
176
     1
 40
0.6
176
     1
 41
30.0
176
     1
 62
     5
 63
     7
421
 16777215
176
     1
 74
     1
176
     1
 91
        4
176
     1
 64
     7
176
     1
 65
   257
176
     1
 75
     1
176
     1
175
     1
176
     1
 42
1.0
176
     1
 92
       12
176
     1
 66
     7
176
     1
 43
1.0
176
     1
 76
     1
176
     1
 77
     6
176
     1
 78
     2
176
     1
 67
     7
176
     1
 79
     5
176
     1
170
     0
176
     1
171
     0
176
     1
290
     0
176
     1
 93
        1
176
     1
 44
0.0
176
     1
173
     0
176
     1
  0
VISUALSTYLE
  5
30
102
{ACAD_REACTORS
330
2A
102
}
102
{ACAD_XDICTIONARY
360
AB
102
}
330
2A
100
AcDbVisualStyle
  2
Wireframe
 70
     5
177
     2
291
     0
 71
     0
176
     1
 72
     2
176
     1
 73
     0
176
     1
 90
        0
176
     1
 40
0.6
176
     1
 41
30.0
176
     1
 62
     5
 63
     7
421
 16777215
176
     1
 74
     1
176
     1
 91
        4
176
     1
 64
     7
176
     1
 65
   257
176
     1
 75
     1
176
     1
175
     1
176
     1
 42
1.0
176
     1
 92
        0
176
     1
 66
   257
176
     1
 43
1.0
176
     1
 76
     1
176
     1
 77
     6
176
     1
 78
     2
176
     1
 67
     7
176
     1
 79
     3
176
     1
170
     0
176
     1
171
     0
176
     1
290
     0
176
     1
 93
        1
176
     1
 44
0.0
176
     1
173
     0
176
     1
  0
VISUALSTYLE
  5
40
102
{ACAD_REACTORS
330
2A
102
}
102
{ACAD_XDICTIONARY
360
CB
102
}
330
2A
100
AcDbVisualStyle
  2
X-Ray
 70
    25
177
     2
291
     0
 71
     2
176
     1
 72
     2
176
     1
 73
     1
176
     1
 90
        1
176
     1
 40
0.5
176
     1
 41
30.0
176
     1
 62
     5
 63
     7
421
 16777215
176
     1
 74
     1
176
     1
 91
        0
176
     1
 64
     7
176
     1
 65
   257
176
     1
 75
     1
176
     1
175
     1
176
     1
 42
1.0
176
     1
 92
        8
176
     1
 66
     7
176
     1
 43
1.0
176
     1
 76
     1
176
     1
 77
     6
176
     1
 78
     2
176
     1
 67
     7
176
     1
 79
     3
176
     1
170
     0
176
     1
171
     0
176
     1
290
     0
176
     1
 93
       13
176
     1
 44
0.0
176
     1
173
     0
176
     1
  0
DICTIONARYVAR
  5
A0
102
{ACAD_REACTORS
330
9F
102
}
330
9F
100
DictionaryVariables
280
     0
  1
1:1
  0
DICTIONARYVAR
  5
D8
102
{ACAD_REACTORS
330
9F
102
}
330
9F
100
DictionaryVariables
280
     0
  1
3.500000
  0
DICTIONARYVAR
  5
D9
102
{ACAD_REACTORS
330
9F
102
}
330
9F
100
DictionaryVariables
280
     0
  1
acadiso.lin
  0
DICTIONARYVAR
  5
D5
102
{ACAD_REACTORS
330
9F
102
}
330
9F
100
DictionaryVariables
280
     0
  1
Standard
  0
DICTIONARYVAR
  5
D4
102
{ACAD_REACTORS
330
9F
102
}
330
9F
100
DictionaryVariables
280
     0
  1
Standard
  0
DICTIONARY
  5
D1
330
5A
100
AcDbDictionary
280
     1
281
     1
  3
ACAD_ROUNDTRIP_2008_TABLESTYLE_CELLSTYLEMAP
360
D2
  0
DICTIONARY
  5
A9
330
2F
100
AcDbDictionary
280
     1
281
     1
  3
ACAD_XREC_ROUNDTRIP
360
AA
  0
DICTIONARY
  5
AF
330
32
100
AcDbDictionary
280
     1
281
     1
  3
ACAD_XREC_ROUNDTRIP
360
B0
  0
DICTIONARY
  5
B7
330
36
100
AcDbDictionary
280
     1
281
     1
  3
ACAD_XREC_ROUNDTRIP
360
B8
  0
DICTIONARY
  5
BF
330
3A
100
AcDbDictionary
280
     1
281
     1
  3
ACAD_XREC_ROUNDTRIP
360
C0
  0
DICTIONARY
  5
B3
330
34
100
AcDbDictionary
280
     1
281
     1
  3
ACAD_XREC_ROUNDTRIP
360
B4
  0
DICTIONARY
  5
B5
330
35
100
AcDbDictionary
280
     1
281
     1
  3
ACAD_XREC_ROUNDTRIP
360
B6
  0
DICTIONARY
  5
C5
330
3D
100
AcDbDictionary
280
     1
281
     1
  3
ACAD_XREC_ROUNDTRIP
360
C6
  0
DICTIONARY
  5
BD
330
39
100
AcDbDictionary
280
     1
281
     1
  3
ACAD_XREC_ROUNDTRIP
360
BE
  0
DICTIONARY
  5
A1
330
2B
100
AcDbDictionary
280
     1
281
     1
  3
ACAD_XREC_ROUNDTRIP
360
A2
  0
DICTIONARY
  5
A3
330
2C
100
AcDbDictionary
280
     1
281
     1
  3
ACAD_XREC_ROUNDTRIP
360
A4
  0
DICTIONARY
  5
A5
330
2D
100
AcDbDictionary
280
     1
281
     1
  3
ACAD_XREC_ROUNDTRIP
360
A6
  0
DICTIONARY
  5
A7
330
2E
100
AcDbDictionary
280
     1
281
     1
  3
ACAD_XREC_ROUNDTRIP
360
A8
  0
DICTIONARY
  5
AD
330
31
100
AcDbDictionary
280
     1
281
     1
  3
ACAD_XREC_ROUNDTRIP
360
AE
  0
DICTIONARY
  5
C1
330
3B
100
AcDbDictionary
280
     1
281
     1
  3
ACAD_XREC_ROUNDTRIP
360
C2
  0
DICTIONARY
  5
BB
330
38
100
AcDbDictionary
280
     1
281
     1
  3
ACAD_XREC_ROUNDTRIP
360
BC
  0
DICTIONARY
  5
C3
330
3C
100
AcDbDictionary
280
     1
281
     1
  3
ACAD_XREC_ROUNDTRIP
360
C4
  0
DICTIONARY
  5
B1
330
33
100
AcDbDictionary
280
     1
281
     1
  3
ACAD_XREC_ROUNDTRIP
360
B2
  0
DICTIONARY
  5
CF
330
42
100
AcDbDictionary
280
     1
281
     1
  3
ACAD_XREC_ROUNDTRIP
360
D0
  0
DICTIONARY
  5
CD
330
41
100
AcDbDictionary
280
     1
281
     1
  3
ACAD_XREC_ROUNDTRIP
360
CE
  0
DICTIONARY
  5
C7
330
3E
100
AcDbDictionary
280
     1
281
     1
  3
ACAD_XREC_ROUNDTRIP
360
C8
  0
DICTIONARY
  5
C9
330
3F
100
AcDbDictionary
280
     1
281
     1
  3
ACAD_XREC_ROUNDTRIP
360
CA
  0
DICTIONARY
  5
B9
330
37
100
AcDbDictionary
280
     1
281
     1
  3
ACAD_XREC_ROUNDTRIP
360
BA
  0
DICTIONARY
  5
AB
330
30
100
AcDbDictionary
280
     1
281
     1
  3
ACAD_XREC_ROUNDTRIP
360
AC
  0
DICTIONARY
  5
CB
330
40
100
AcDbDictionary
280
     1
281
     1
  3
ACAD_XREC_ROUNDTRIP
360
CC
  0
CELLSTYLEMAP
  5
D2
102
{ACAD_REACTORS
330
D1
102
}
330
D1
100
AcDbCellStyleMap
 90
        3
300
CELLSTYLE
  1
TABLEFORMAT_BEGIN
 90
        5
170
     1
 91
        0
 92
    32768
 62
   257
 93
        1
300
CONTENTFORMAT
  1
CONTENTFORMAT_BEGIN
 90
        0
 91
        0
 92
        4
 93
        0
300

 40
0.0
140
1.0
 94
        5
 62
     0
340
11
144
6.0
309
CONTENTFORMAT_END
171
     1
301
MARGIN
  1
CELLMARGIN_BEGIN
 40
1.5
 40
1.5
 40
1.5
 40
1.5
 40
1.5
 40
1.5
309
CELLMARGIN_END
 94
        6
 95
        1
302
GRIDFORMAT
  1
GRIDFORMAT_BEGIN
 90
        0
 91
        1
 62
     0
 92
       -2
340
14
 93
        0
 40
0.045
309
GRIDFORMAT_END
 95
        2
302
GRIDFORMAT
  1
GRIDFORMAT_BEGIN
 90
        0
 91
        1
 62
     0
 92
       -2
340
14
 93
        0
 40
0.045
309
GRIDFORMAT_END
 95
        4
302
GRIDFORMAT
  1
GRIDFORMAT_BEGIN
 90
        0
 91
        1
 62
     0
 92
       -2
340
14
 93
        0
 40
0.045
309
GRIDFORMAT_END
 95
        8
302
GRIDFORMAT
  1
GRIDFORMAT_BEGIN
 90
        0
 91
        1
 62
     0
 92
       -2
340
14
 93
        0
 40
0.045
309
GRIDFORMAT_END
 95
       16
302
GRIDFORMAT
  1
GRIDFORMAT_BEGIN
 90
        0
 91
        1
 62
     0
 92
       -2
340
14
 93
        0
 40
0.045
309
GRIDFORMAT_END
 95
       32
302
GRIDFORMAT
  1
GRIDFORMAT_BEGIN
 90
        0
 91
        1
 62
     0
 92
       -2
340
14
 93
        0
 40
0.045
309
GRIDFORMAT_END
309
TABLEFORMAT_END
  1
CELLSTYLE_BEGIN
 90
        1
 91
        1
300
_TITLE
309
CELLSTYLE_END
300
CELLSTYLE
  1
TABLEFORMAT_BEGIN
 90
        5
170
     1
 91
        0
 92
        0
 62
   257
 93
        1
300
CONTENTFORMAT
  1
CONTENTFORMAT_BEGIN
 90
        0
 91
        0
 92
        4
 93
        0
300

 40
0.0
140
1.0
 94
        5
 62
     0
340
11
144
4.5
309
CONTENTFORMAT_END
171
     1
301
MARGIN
  1
CELLMARGIN_BEGIN
 40
1.5
 40
1.5
 40
1.5
 40
1.5
 40
1.5
 40
1.5
309
CELLMARGIN_END
 94
        6
 95
        1
302
GRIDFORMAT
  1
GRIDFORMAT_BEGIN
 90
        0
 91
        1
 62
     0
 92
       -2
340
14
 93
        0
 40
0.045
309
GRIDFORMAT_END
 95
        2
302
GRIDFORMAT
  1
GRIDFORMAT_BEGIN
 90
        0
 91
        1
 62
     0
 92
       -2
340
14
 93
        0
 40
0.045
309
GRIDFORMAT_END
 95
        4
302
GRIDFORMAT
  1
GRIDFORMAT_BEGIN
 90
        0
 91
        1
 62
     0
 92
       -2
340
14
 93
        0
 40
0.045
309
GRIDFORMAT_END
 95
        8
302
GRIDFORMAT
  1
GRIDFORMAT_BEGIN
 90
        0
 91
        1
 62
     0
 92
       -2
340
14
 93
        0
 40
0.045
309
GRIDFORMAT_END
 95
       16
302
GRIDFORMAT
  1
GRIDFORMAT_BEGIN
 90
        0
 91
        1
 62
     0
 92
       -2
340
14
 93
        0
 40
0.045
309
GRIDFORMAT_END
 95
       32
302
GRIDFORMAT
  1
GRIDFORMAT_BEGIN
 90
        0
 91
        1
 62
     0
 92
       -2
340
14
 93
        0
 40
0.045
309
GRIDFORMAT_END
309
TABLEFORMAT_END
  1
CELLSTYLE_BEGIN
 90
        2
 91
        1
300
_HEADER
309
CELLSTYLE_END
300
CELLSTYLE
  1
TABLEFORMAT_BEGIN
 90
        5
170
     1
 91
        0
 92
        0
 62
   257
 93
        1
300
CONTENTFORMAT
  1
CONTENTFORMAT_BEGIN
 90
        0
 91
        0
 92
        4
 93
        0
300

 40
0.0
140
1.0
 94
        2
 62
     0
340
11
144
4.5
309
CONTENTFORMAT_END
171
     1
301
MARGIN
  1
CELLMARGIN_BEGIN
 40
1.5
 40
1.5
 40
1.5
 40
1.5
 40
1.5
 40
1.5
309
CELLMARGIN_END
 94
        6
 95
        1
302
GRIDFORMAT
  1
GRIDFORMAT_BEGIN
 90
        0
 91
        1
 62
     0
 92
       -2
340
14
 93
        0
 40
0.045
309
GRIDFORMAT_END
 95
        2
302
GRIDFORMAT
  1
GRIDFORMAT_BEGIN
 90
        0
 91
        1
 62
     0
 92
       -2
340
14
 93
        0
 40
0.045
309
GRIDFORMAT_END
 95
        4
302
GRIDFORMAT
  1
GRIDFORMAT_BEGIN
 90
        0
 91
        1
 62
     0
 92
       -2
340
14
 93
        0
 40
0.045
309
GRIDFORMAT_END
 95
        8
302
GRIDFORMAT
  1
GRIDFORMAT_BEGIN
 90
        0
 91
        1
 62
     0
 92
       -2
340
14
 93
        0
 40
0.045
309
GRIDFORMAT_END
 95
       16
302
GRIDFORMAT
  1
GRIDFORMAT_BEGIN
 90
        0
 91
        1
 62
     0
 92
       -2
340
14
 93
        0
 40
0.045
309
GRIDFORMAT_END
 95
       32
302
GRIDFORMAT
  1
GRIDFORMAT_BEGIN
 90
        0
 91
        1
 62
     0
 92
       -2
340
14
 93
        0
 40
0.045
309
GRIDFORMAT_END
309
TABLEFORMAT_END
  1
CELLSTYLE_BEGIN
 90
        3
 91
        2
300
_DATA
309
CELLSTYLE_END
  0
XRECORD
  5
AA
102
{ACAD_REACTORS
330
A9
102
}
330
A9
100
AcDbXrecord
280
     1
102
RTVSPost2010Prop28
280
     1
102
RTVSPost2010PropOp28
 70
     1
102
RTVSPost2010Prop29
280
     1
102
RTVSPost2010PropOp29
 70
     1
102
RTVSPost2010Prop30
280
     0
102
RTVSPost2010PropOp30
 70
     1
102
RTVSPost2010Prop31
280
     0
102
RTVSPost2010PropOp31
 70
     1
102
RTVSPost2010Prop32
280
     0
102
RTVSPost2010PropOp32
 70
     1
102
RTVSPost2010Prop33
280
     0
102
RTVSPost2010PropOp33
 70
     1
102
RTVSPost2010Prop34
280
     0
102
RTVSPost2010PropOp34
 70
     1
102
RTVSPost2010Prop35
280
     0
102
RTVSPost2010PropOp35
 70
     1
102
RTVSPost2010Prop36
280
     0
102
RTVSPost2010PropOp36
 70
     1
102
RTVSPost2010Prop37
 90
       50
102
RTVSPost2010PropOp37
 70
     1
102
RTVSPost2010Prop38
140
0.0
102
RTVSPost2010PropOp38
 70
     1
102
RTVSPost2010Prop39
140
1.0
102
RTVSPost2010PropOp39
 70
     1
102
RTVSPost2010Prop40
 90
        0
102
RTVSPost2010PropOp40
 70
     1
102
RTVSPost2010Prop41ColorIndex
 90
       18
102
RTVSPost2010Prop41ColorRGB
 90
        0
102
RTVSPost2010PropOp41
 70
     1
102
RTVSPost2010Prop42
 90
       50
102
RTVSPost2010PropOp42
 70
     1
102
RTVSPost2010Prop43
 90
        3
102
RTVSPost2010PropOp43
 70
     1
102
RTVSPost2010Prop44ColorIndex
 90
        5
102
RTVSPost2010Prop44ColorRGB
 90
      255
102
RTVSPost2010PropOp44
 70
     1
102
RTVSPost2010Prop45
280
     0
102
RTVSPost2010PropOp45
 70
     1
102
RTVSPost2010Prop46
 90
       50
102
RTVSPost2010PropOp46
 70
     1
102
RTVSPost2010Prop47
 90
       50
102
RTVSPost2010PropOp47
 70
     1
102
RTVSPost2010Prop48
 90
       50
102
RTVSPost2010PropOp48
 70
     1
102
RTVSPost2010Prop49
280
     0
102
RTVSPost2010PropOp49
 70
     1
102
RTVSPost2010Prop50
 90
       50
102
RTVSPost2010PropOp50
 70
     1
102
RTVSPost2010Prop51ColorIndex
 90
      256
102
RTVSPost2010Prop51ColorRGB
 90
-16777216
102
RTVSPost2010PropOp51
 70
     0
102
RTVSPost2010Prop52
140
1.0
102
RTVSPost2010PropOp52
 70
     0
102
RTVSPost2010Prop53
 90
        2
102
RTVSPost2010PropOp53
 70
     1
102
RTVSPost2010Prop54
  1
strokes_ogs.tif
102
RTVSPost2010PropOp54
 70
     1
102
RTVSPost2010Prop55
280
     0
102
RTVSPost2010PropOp55
 70
     1
102
RTVSPost2010Prop56
140
1.0
102
RTVSPost2010PropOp56
 70
     1
102
RTVSPost2010Prop57
140
1.0
102
RTVSPost2010PropOp57
 70
     1
  0
XRECORD
  5
B0
102
{ACAD_REACTORS
330
AF
102
}
330
AF
100
AcDbXrecord
280
     1
102
RTVSPost2010Prop28
280
     0
102
RTVSPost2010PropOp28
 70
     1
102
RTVSPost2010Prop29
280
     1
102
RTVSPost2010PropOp29
 70
     1
102
RTVSPost2010Prop30
280
     1
102
RTVSPost2010PropOp30
 70
     1
102
RTVSPost2010Prop31
280
     0
102
RTVSPost2010PropOp31
 70
     1
102
RTVSPost2010Prop32
280
     0
102
RTVSPost2010PropOp32
 70
     1
102
RTVSPost2010Prop33
280
     0
102
RTVSPost2010PropOp33
 70
     1
102
RTVSPost2010Prop34
280
     0
102
RTVSPost2010PropOp34
 70
     1
102
RTVSPost2010Prop35
280
     0
102
RTVSPost2010PropOp35
 70
     1
102
RTVSPost2010Prop36
280
     0
102
RTVSPost2010PropOp36
 70
     1
102
RTVSPost2010Prop37
 90
       50
102
RTVSPost2010PropOp37
 70
     1
102
RTVSPost2010Prop38
140
0.0
102
RTVSPost2010PropOp38
 70
     1
102
RTVSPost2010Prop39
140
1.0
102
RTVSPost2010PropOp39
 70
     1
102
RTVSPost2010Prop40
 90
        0
102
RTVSPost2010PropOp40
 70
     1
102
RTVSPost2010Prop41ColorIndex
 90
       18
102
RTVSPost2010Prop41ColorRGB
 90
        0
102
RTVSPost2010PropOp41
 70
     1
102
RTVSPost2010Prop42
 90
       50
102
RTVSPost2010PropOp42
 70
     1
102
RTVSPost2010Prop43
 90
        3
102
RTVSPost2010PropOp43
 70
     1
102
RTVSPost2010Prop44ColorIndex
 90
        5
102
RTVSPost2010Prop44ColorRGB
 90
      255
102
RTVSPost2010PropOp44
 70
     1
102
RTVSPost2010Prop45
280
     0
102
RTVSPost2010PropOp45
 70
     1
102
RTVSPost2010Prop46
 90
       50
102
RTVSPost2010PropOp46
 70
     1
102
RTVSPost2010Prop47
 90
       50
102
RTVSPost2010PropOp47
 70
     1
102
RTVSPost2010Prop48
 90
       50
102
RTVSPost2010PropOp48
 70
     1
102
RTVSPost2010Prop49
280
     0
102
RTVSPost2010PropOp49
 70
     1
102
RTVSPost2010Prop50
 90
       50
102
RTVSPost2010PropOp50
 70
     1
102
RTVSPost2010Prop51ColorIndex
 90
      256
102
RTVSPost2010Prop51ColorRGB
 90
-16777216
102
RTVSPost2010PropOp51
 70
     0
102
RTVSPost2010Prop52
140
1.0
102
RTVSPost2010PropOp52
 70
     0
102
RTVSPost2010Prop53
 90
        2
102
RTVSPost2010PropOp53
 70
     1
102
RTVSPost2010Prop54
  1
strokes_ogs.tif
102
RTVSPost2010PropOp54
 70
     1
102
RTVSPost2010Prop55
280
     0
102
RTVSPost2010PropOp55
 70
     1
102
RTVSPost2010Prop56
140
1.0
102
RTVSPost2010PropOp56
 70
     1
102
RTVSPost2010Prop57
140
1.0
102
RTVSPost2010PropOp57
 70
     1
  0
XRECORD
  5
B8
102
{ACAD_REACTORS
330
B7
102
}
330
B7
100
AcDbXrecord
280
     1
102
RTVSPost2010Prop28
280
     0
102
RTVSPost2010PropOp28
 70
     1
102
RTVSPost2010Prop29
280
     1
102
RTVSPost2010PropOp29
 70
     1
102
RTVSPost2010Prop30
280
     1
102
RTVSPost2010PropOp30
 70
     1
102
RTVSPost2010Prop31
280
     0
102
RTVSPost2010PropOp31
 70
     1
102
RTVSPost2010Prop32
280
     0
102
RTVSPost2010PropOp32
 70
     1
102
RTVSPost2010Prop33
280
     0
102
RTVSPost2010PropOp33
 70
     1
102
RTVSPost2010Prop34
280
     0
102
RTVSPost2010PropOp34
 70
     1
102
RTVSPost2010Prop35
280
     0
102
RTVSPost2010PropOp35
 70
     1
102
RTVSPost2010Prop36
280
     0
102
RTVSPost2010PropOp36
 70
     1
102
RTVSPost2010Prop37
 90
       50
102
RTVSPost2010PropOp37
 70
     1
102
RTVSPost2010Prop38
140
0.0
102
RTVSPost2010PropOp38
 70
     1
102
RTVSPost2010Prop39
140
1.0
102
RTVSPost2010PropOp39
 70
     1
102
RTVSPost2010Prop40
 90
        0
102
RTVSPost2010PropOp40
 70
     1
102
RTVSPost2010Prop41ColorIndex
 90
       18
102
RTVSPost2010Prop41ColorRGB
 90
        0
102
RTVSPost2010PropOp41
 70
     1
102
RTVSPost2010Prop42
 90
       50
102
RTVSPost2010PropOp42
 70
     1
102
RTVSPost2010Prop43
 90
        3
102
RTVSPost2010PropOp43
 70
     1
102
RTVSPost2010Prop44ColorIndex
 90
        5
102
RTVSPost2010Prop44ColorRGB
 90
      255
102
RTVSPost2010PropOp44
 70
     1
102
RTVSPost2010Prop45
280
     0
102
RTVSPost2010PropOp45
 70
     1
102
RTVSPost2010Prop46
 90
       50
102
RTVSPost2010PropOp46
 70
     1
102
RTVSPost2010Prop47
 90
       50
102
RTVSPost2010PropOp47
 70
     1
102
RTVSPost2010Prop48
 90
       50
102
RTVSPost2010PropOp48
 70
     1
102
RTVSPost2010Prop49
280
     0
102
RTVSPost2010PropOp49
 70
     1
102
RTVSPost2010Prop50
 90
       50
102
RTVSPost2010PropOp50
 70
     1
102
RTVSPost2010Prop51ColorIndex
 90
      256
102
RTVSPost2010Prop51ColorRGB
 90
-16777216
102
RTVSPost2010PropOp51
 70
     0
102
RTVSPost2010Prop52
140
1.0
102
RTVSPost2010PropOp52
 70
     0
102
RTVSPost2010Prop53
 90
        2
102
RTVSPost2010PropOp53
 70
     1
102
RTVSPost2010Prop54
  1
strokes_ogs.tif
102
RTVSPost2010PropOp54
 70
     1
102
RTVSPost2010Prop55
280
     0
102
RTVSPost2010PropOp55
 70
     1
102
RTVSPost2010Prop56
140
1.0
102
RTVSPost2010PropOp56
 70
     1
102
RTVSPost2010Prop57
140
1.0
102
RTVSPost2010PropOp57
 70
     1
  0
XRECORD
  5
C0
102
{ACAD_REACTORS
330
BF
102
}
330
BF
100
AcDbXrecord
280
     1
102
RTVSPost2010Prop28
280
     0
102
RTVSPost2010PropOp28
 70
     1
102
RTVSPost2010Prop29
280
     1
102
RTVSPost2010PropOp29
 70
     1
102
RTVSPost2010Prop30
280
     1
102
RTVSPost2010PropOp30
 70
     1
102
RTVSPost2010Prop31
280
     0
102
RTVSPost2010PropOp31
 70
     1
102
RTVSPost2010Prop32
280
     0
102
RTVSPost2010PropOp32
 70
     1
102
RTVSPost2010Prop33
280
     0
102
RTVSPost2010PropOp33
 70
     1
102
RTVSPost2010Prop34
280
     0
102
RTVSPost2010PropOp34
 70
     1
102
RTVSPost2010Prop35
280
     0
102
RTVSPost2010PropOp35
 70
     1
102
RTVSPost2010Prop36
280
     0
102
RTVSPost2010PropOp36
 70
     1
102
RTVSPost2010Prop37
 90
       50
102
RTVSPost2010PropOp37
 70
     1
102
RTVSPost2010Prop38
140
0.0
102
RTVSPost2010PropOp38
 70
     1
102
RTVSPost2010Prop39
140
1.0
102
RTVSPost2010PropOp39
 70
     1
102
RTVSPost2010Prop40
 90
        0
102
RTVSPost2010PropOp40
 70
     1
102
RTVSPost2010Prop41ColorIndex
 90
       18
102
RTVSPost2010Prop41ColorRGB
 90
        0
102
RTVSPost2010PropOp41
 70
     1
102
RTVSPost2010Prop42
 90
       50
102
RTVSPost2010PropOp42
 70
     1
102
RTVSPost2010Prop43
 90
        3
102
RTVSPost2010PropOp43
 70
     1
102
RTVSPost2010Prop44ColorIndex
 90
        5
102
RTVSPost2010Prop44ColorRGB
 90
      255
102
RTVSPost2010PropOp44
 70
     1
102
RTVSPost2010Prop45
280
     0
102
RTVSPost2010PropOp45
 70
     1
102
RTVSPost2010Prop46
 90
       50
102
RTVSPost2010PropOp46
 70
     1
102
RTVSPost2010Prop47
 90
       50
102
RTVSPost2010PropOp47
 70
     1
102
RTVSPost2010Prop48
 90
       50
102
RTVSPost2010PropOp48
 70
     1
102
RTVSPost2010Prop49
280
     0
102
RTVSPost2010PropOp49
 70
     1
102
RTVSPost2010Prop50
 90
       50
102
RTVSPost2010PropOp50
 70
     1
102
RTVSPost2010Prop51ColorIndex
 90
      256
102
RTVSPost2010Prop51ColorRGB
 90
-16777216
102
RTVSPost2010PropOp51
 70
     0
102
RTVSPost2010Prop52
140
1.0
102
RTVSPost2010PropOp52
 70
     0
102
RTVSPost2010Prop53
 90
        2
102
RTVSPost2010PropOp53
 70
     1
102
RTVSPost2010Prop54
  1
strokes_ogs.tif
102
RTVSPost2010PropOp54
 70
     1
102
RTVSPost2010Prop55
280
     0
102
RTVSPost2010PropOp55
 70
     1
102
RTVSPost2010Prop56
140
1.0
102
RTVSPost2010PropOp56
 70
     1
102
RTVSPost2010Prop57
140
1.0
102
RTVSPost2010PropOp57
 70
     1
  0
XRECORD
  5
B4
102
{ACAD_REACTORS
330
B3
102
}
330
B3
100
AcDbXrecord
280
     1
102
RTVSPost2010Prop28
280
     0
102
RTVSPost2010PropOp28
 70
     1
102
RTVSPost2010Prop29
280
     1
102
RTVSPost2010PropOp29
 70
     1
102
RTVSPost2010Prop30
280
     1
102
RTVSPost2010PropOp30
 70
     1
102
RTVSPost2010Prop31
280
     0
102
RTVSPost2010PropOp31
 70
     1
102
RTVSPost2010Prop32
280
     0
102
RTVSPost2010PropOp32
 70
     1
102
RTVSPost2010Prop33
280
     0
102
RTVSPost2010PropOp33
 70
     1
102
RTVSPost2010Prop34
280
     0
102
RTVSPost2010PropOp34
 70
     1
102
RTVSPost2010Prop35
280
     0
102
RTVSPost2010PropOp35
 70
     1
102
RTVSPost2010Prop36
280
     0
102
RTVSPost2010PropOp36
 70
     1
102
RTVSPost2010Prop37
 90
       50
102
RTVSPost2010PropOp37
 70
     1
102
RTVSPost2010Prop38
140
0.0
102
RTVSPost2010PropOp38
 70
     1
102
RTVSPost2010Prop39
140
1.0
102
RTVSPost2010PropOp39
 70
     1
102
RTVSPost2010Prop40
 90
        0
102
RTVSPost2010PropOp40
 70
     1
102
RTVSPost2010Prop41ColorIndex
 90
       18
102
RTVSPost2010Prop41ColorRGB
 90
        0
102
RTVSPost2010PropOp41
 70
     1
102
RTVSPost2010Prop42
 90
       50
102
RTVSPost2010PropOp42
 70
     1
102
RTVSPost2010Prop43
 90
        3
102
RTVSPost2010PropOp43
 70
     1
102
RTVSPost2010Prop44ColorIndex
 90
        5
102
RTVSPost2010Prop44ColorRGB
 90
      255
102
RTVSPost2010PropOp44
 70
     1
102
RTVSPost2010Prop45
280
     0
102
RTVSPost2010PropOp45
 70
     1
102
RTVSPost2010Prop46
 90
       50
102
RTVSPost2010PropOp46
 70
     1
102
RTVSPost2010Prop47
 90
       50
102
RTVSPost2010PropOp47
 70
     1
102
RTVSPost2010Prop48
 90
       50
102
RTVSPost2010PropOp48
 70
     1
102
RTVSPost2010Prop49
280
     0
102
RTVSPost2010PropOp49
 70
     1
102
RTVSPost2010Prop50
 90
       50
102
RTVSPost2010PropOp50
 70
     1
102
RTVSPost2010Prop51ColorIndex
 90
      256
102
RTVSPost2010Prop51ColorRGB
 90
-16777216
102
RTVSPost2010PropOp51
 70
     0
102
RTVSPost2010Prop52
140
1.0
102
RTVSPost2010PropOp52
 70
     0
102
RTVSPost2010Prop53
 90
        2
102
RTVSPost2010PropOp53
 70
     1
102
RTVSPost2010Prop54
  1
strokes_ogs.tif
102
RTVSPost2010PropOp54
 70
     1
102
RTVSPost2010Prop55
280
     0
102
RTVSPost2010PropOp55
 70
     1
102
RTVSPost2010Prop56
140
1.0
102
RTVSPost2010PropOp56
 70
     1
102
RTVSPost2010Prop57
140
1.0
102
RTVSPost2010PropOp57
 70
     1
  0
XRECORD
  5
B6
102
{ACAD_REACTORS
330
B5
102
}
330
B5
100
AcDbXrecord
280
     1
102
RTVSPost2010Prop28
280
     0
102
RTVSPost2010PropOp28
 70
     1
102
RTVSPost2010Prop29
280
     1
102
RTVSPost2010PropOp29
 70
     1
102
RTVSPost2010Prop30
280
     1
102
RTVSPost2010PropOp30
 70
     1
102
RTVSPost2010Prop31
280
     0
102
RTVSPost2010PropOp31
 70
     1
102
RTVSPost2010Prop32
280
     0
102
RTVSPost2010PropOp32
 70
     1
102
RTVSPost2010Prop33
280
     0
102
RTVSPost2010PropOp33
 70
     1
102
RTVSPost2010Prop34
280
     0
102
RTVSPost2010PropOp34
 70
     1
102
RTVSPost2010Prop35
280
     0
102
RTVSPost2010PropOp35
 70
     1
102
RTVSPost2010Prop36
280
     0
102
RTVSPost2010PropOp36
 70
     1
102
RTVSPost2010Prop37
 90
       50
102
RTVSPost2010PropOp37
 70
     1
102
RTVSPost2010Prop38
140
0.0
102
RTVSPost2010PropOp38
 70
     1
102
RTVSPost2010Prop39
140
1.0
102
RTVSPost2010PropOp39
 70
     1
102
RTVSPost2010Prop40
 90
        0
102
RTVSPost2010PropOp40
 70
     1
102
RTVSPost2010Prop41ColorIndex
 90
       18
102
RTVSPost2010Prop41ColorRGB
 90
        0
102
RTVSPost2010PropOp41
 70
     1
102
RTVSPost2010Prop42
 90
       50
102
RTVSPost2010PropOp42
 70
     1
102
RTVSPost2010Prop43
 90
        3
102
RTVSPost2010PropOp43
 70
     1
102
RTVSPost2010Prop44ColorIndex
 90
        5
102
RTVSPost2010Prop44ColorRGB
 90
      255
102
RTVSPost2010PropOp44
 70
     1
102
RTVSPost2010Prop45
280
     0
102
RTVSPost2010PropOp45
 70
     1
102
RTVSPost2010Prop46
 90
       50
102
RTVSPost2010PropOp46
 70
     1
102
RTVSPost2010Prop47
 90
       50
102
RTVSPost2010PropOp47
 70
     1
102
RTVSPost2010Prop48
 90
       50
102
RTVSPost2010PropOp48
 70
     1
102
RTVSPost2010Prop49
280
     0
102
RTVSPost2010PropOp49
 70
     1
102
RTVSPost2010Prop50
 90
       50
102
RTVSPost2010PropOp50
 70
     1
102
RTVSPost2010Prop51ColorIndex
 90
      256
102
RTVSPost2010Prop51ColorRGB
 90
-16777216
102
RTVSPost2010PropOp51
 70
     0
102
RTVSPost2010Prop52
140
1.0
102
RTVSPost2010PropOp52
 70
     0
102
RTVSPost2010Prop53
 90
        2
102
RTVSPost2010PropOp53
 70
     1
102
RTVSPost2010Prop54
  1
strokes_ogs.tif
102
RTVSPost2010PropOp54
 70
     1
102
RTVSPost2010Prop55
280
     0
102
RTVSPost2010PropOp55
 70
     1
102
RTVSPost2010Prop56
140
1.0
102
RTVSPost2010PropOp56
 70
     1
102
RTVSPost2010Prop57
140
1.0
102
RTVSPost2010PropOp57
 70
     1
  0
XRECORD
  5
C6
102
{ACAD_REACTORS
330
C5
102
}
330
C5
100
AcDbXrecord
280
     1
102
RTVSPost2010Prop28
280
     0
102
RTVSPost2010PropOp28
 70
     0
102
RTVSPost2010Prop29
280
     1
102
RTVSPost2010PropOp29
 70
     0
102
RTVSPost2010Prop30
280
     1
102
RTVSPost2010PropOp30
 70
     0
102
RTVSPost2010Prop31
280
     0
102
RTVSPost2010PropOp31
 70
     0
102
RTVSPost2010Prop32
280
     0
102
RTVSPost2010PropOp32
 70
     0
102
RTVSPost2010Prop33
280
     0
102
RTVSPost2010PropOp33
 70
     0
102
RTVSPost2010Prop34
280
     0
102
RTVSPost2010PropOp34
 70
     0
102
RTVSPost2010Prop35
280
     0
102
RTVSPost2010PropOp35
 70
     0
102
RTVSPost2010Prop36
280
     0
102
RTVSPost2010PropOp36
 70
     0
102
RTVSPost2010Prop37
 90
       50
102
RTVSPost2010PropOp37
 70
     0
102
RTVSPost2010Prop38
140
0.0
102
RTVSPost2010PropOp38
 70
     0
102
RTVSPost2010Prop39
140
1.0
102
RTVSPost2010PropOp39
 70
     0
102
RTVSPost2010Prop40
 90
        0
102
RTVSPost2010PropOp40
 70
     0
102
RTVSPost2010Prop41ColorIndex
 90
       18
102
RTVSPost2010Prop41ColorRGB
 90
        0
102
RTVSPost2010PropOp41
 70
     0
102
RTVSPost2010Prop42
 90
       50
102
RTVSPost2010PropOp42
 70
     0
102
RTVSPost2010Prop43
 90
        3
102
RTVSPost2010PropOp43
 70
     0
102
RTVSPost2010Prop44ColorIndex
 90
        5
102
RTVSPost2010Prop44ColorRGB
 90
      255
102
RTVSPost2010PropOp44
 70
     0
102
RTVSPost2010Prop45
280
     0
102
RTVSPost2010PropOp45
 70
     0
102
RTVSPost2010Prop46
 90
       50
102
RTVSPost2010PropOp46
 70
     0
102
RTVSPost2010Prop47
 90
       50
102
RTVSPost2010PropOp47
 70
     0
102
RTVSPost2010Prop48
 90
       50
102
RTVSPost2010PropOp48
 70
     0
102
RTVSPost2010Prop49
280
     0
102
RTVSPost2010PropOp49
 70
     0
102
RTVSPost2010Prop50
 90
       50
102
RTVSPost2010PropOp50
 70
     0
102
RTVSPost2010Prop51ColorIndex
 90
      256
102
RTVSPost2010Prop51ColorRGB
 90
-16777216
102
RTVSPost2010PropOp51
 70
     0
102
RTVSPost2010Prop52
140
1.0
102
RTVSPost2010PropOp52
 70
     0
102
RTVSPost2010Prop53
 90
        2
102
RTVSPost2010PropOp53
 70
     0
102
RTVSPost2010Prop54
  1
strokes_ogs.tif
102
RTVSPost2010PropOp54
 70
     0
102
RTVSPost2010Prop55
280
     0
102
RTVSPost2010PropOp55
 70
     0
102
RTVSPost2010Prop56
140
1.0
102
RTVSPost2010PropOp56
 70
     0
102
RTVSPost2010Prop57
140
1.0
102
RTVSPost2010PropOp57
 70
     0
  0
XRECORD
  5
BE
102
{ACAD_REACTORS
330
BD
102
}
330
BD
100
AcDbXrecord
280
     1
102
RTVSPost2010Prop28
280
     0
102
RTVSPost2010PropOp28
 70
     1
102
RTVSPost2010Prop29
280
     1
102
RTVSPost2010PropOp29
 70
     1
102
RTVSPost2010Prop30
280
     1
102
RTVSPost2010PropOp30
 70
     1
102
RTVSPost2010Prop31
280
     0
102
RTVSPost2010PropOp31
 70
     1
102
RTVSPost2010Prop32
280
     0
102
RTVSPost2010PropOp32
 70
     1
102
RTVSPost2010Prop33
280
     0
102
RTVSPost2010PropOp33
 70
     1
102
RTVSPost2010Prop34
280
     0
102
RTVSPost2010PropOp34
 70
     1
102
RTVSPost2010Prop35
280
     0
102
RTVSPost2010PropOp35
 70
     1
102
RTVSPost2010Prop36
280
     0
102
RTVSPost2010PropOp36
 70
     1
102
RTVSPost2010Prop37
 90
       50
102
RTVSPost2010PropOp37
 70
     1
102
RTVSPost2010Prop38
140
0.0
102
RTVSPost2010PropOp38
 70
     1
102
RTVSPost2010Prop39
140
1.0
102
RTVSPost2010PropOp39
 70
     1
102
RTVSPost2010Prop40
 90
        0
102
RTVSPost2010PropOp40
 70
     1
102
RTVSPost2010Prop41ColorIndex
 90
       18
102
RTVSPost2010Prop41ColorRGB
 90
        0
102
RTVSPost2010PropOp41
 70
     1
102
RTVSPost2010Prop42
 90
       50
102
RTVSPost2010PropOp42
 70
     1
102
RTVSPost2010Prop43
 90
        3
102
RTVSPost2010PropOp43
 70
     1
102
RTVSPost2010Prop44ColorIndex
 90
        5
102
RTVSPost2010Prop44ColorRGB
 90
      255
102
RTVSPost2010PropOp44
 70
     1
102
RTVSPost2010Prop45
280
     0
102
RTVSPost2010PropOp45
 70
     1
102
RTVSPost2010Prop46
 90
       50
102
RTVSPost2010PropOp46
 70
     1
102
RTVSPost2010Prop47
 90
       50
102
RTVSPost2010PropOp47
 70
     1
102
RTVSPost2010Prop48
 90
       50
102
RTVSPost2010PropOp48
 70
     1
102
RTVSPost2010Prop49
280
     0
102
RTVSPost2010PropOp49
 70
     1
102
RTVSPost2010Prop50
 90
       50
102
RTVSPost2010PropOp50
 70
     1
102
RTVSPost2010Prop51ColorIndex
 90
      256
102
RTVSPost2010Prop51ColorRGB
 90
-16777216
102
RTVSPost2010PropOp51
 70
     0
102
RTVSPost2010Prop52
140
1.0
102
RTVSPost2010PropOp52
 70
     0
102
RTVSPost2010Prop53
 90
        2
102
RTVSPost2010PropOp53
 70
     1
102
RTVSPost2010Prop54
  1
strokes_ogs.tif
102
RTVSPost2010PropOp54
 70
     1
102
RTVSPost2010Prop55
280
     0
102
RTVSPost2010PropOp55
 70
     1
102
RTVSPost2010Prop56
140
1.0
102
RTVSPost2010PropOp56
 70
     1
102
RTVSPost2010Prop57
140
1.0
102
RTVSPost2010PropOp57
 70
     1
  0
XRECORD
  5
A2
102
{ACAD_REACTORS
330
A1
102
}
330
A1
100
AcDbXrecord
280
     1
102
RTVSPost2010Prop28
280
     0
102
RTVSPost2010PropOp28
 70
     1
102
RTVSPost2010Prop29
280
     1
102
RTVSPost2010PropOp29
 70
     1
102
RTVSPost2010Prop30
280
     1
102
RTVSPost2010PropOp30
 70
     1
102
RTVSPost2010Prop31
280
     0
102
RTVSPost2010PropOp31
 70
     1
102
RTVSPost2010Prop32
280
     0
102
RTVSPost2010PropOp32
 70
     1
102
RTVSPost2010Prop33
280
     0
102
RTVSPost2010PropOp33
 70
     1
102
RTVSPost2010Prop34
280
     0
102
RTVSPost2010PropOp34
 70
     1
102
RTVSPost2010Prop35
280
     0
102
RTVSPost2010PropOp35
 70
     1
102
RTVSPost2010Prop36
280
     0
102
RTVSPost2010PropOp36
 70
     1
102
RTVSPost2010Prop37
 90
       50
102
RTVSPost2010PropOp37
 70
     1
102
RTVSPost2010Prop38
140
0.0
102
RTVSPost2010PropOp38
 70
     1
102
RTVSPost2010Prop39
140
1.0
102
RTVSPost2010PropOp39
 70
     1
102
RTVSPost2010Prop40
 90
        0
102
RTVSPost2010PropOp40
 70
     1
102
RTVSPost2010Prop41ColorIndex
 90
       18
102
RTVSPost2010Prop41ColorRGB
 90
        0
102
RTVSPost2010PropOp41
 70
     1
102
RTVSPost2010Prop42
 90
       50
102
RTVSPost2010PropOp42
 70
     1
102
RTVSPost2010Prop43
 90
        3
102
RTVSPost2010PropOp43
 70
     1
102
RTVSPost2010Prop44ColorIndex
 90
        5
102
RTVSPost2010Prop44ColorRGB
 90
      255
102
RTVSPost2010PropOp44
 70
     1
102
RTVSPost2010Prop45
280
     0
102
RTVSPost2010PropOp45
 70
     1
102
RTVSPost2010Prop46
 90
       50
102
RTVSPost2010PropOp46
 70
     1
102
RTVSPost2010Prop47
 90
       50
102
RTVSPost2010PropOp47
 70
     1
102
RTVSPost2010Prop48
 90
       50
102
RTVSPost2010PropOp48
 70
     1
102
RTVSPost2010Prop49
280
     0
102
RTVSPost2010PropOp49
 70
     1
102
RTVSPost2010Prop50
 90
       50
102
RTVSPost2010PropOp50
 70
     1
102
RTVSPost2010Prop51ColorIndex
 90
      256
102
RTVSPost2010Prop51ColorRGB
 90
-16777216
102
RTVSPost2010PropOp51
 70
     0
102
RTVSPost2010Prop52
140
1.0
102
RTVSPost2010PropOp52
 70
     0
102
RTVSPost2010Prop53
 90
        2
102
RTVSPost2010PropOp53
 70
     1
102
RTVSPost2010Prop54
  1
strokes_ogs.tif
102
RTVSPost2010PropOp54
 70
     1
102
RTVSPost2010Prop55
280
     0
102
RTVSPost2010PropOp55
 70
     1
102
RTVSPost2010Prop56
140
1.0
102
RTVSPost2010PropOp56
 70
     1
102
RTVSPost2010Prop57
140
1.0
102
RTVSPost2010PropOp57
 70
     1
  0
XRECORD
  5
A4
102
{ACAD_REACTORS
330
A3
102
}
330
A3
100
AcDbXrecord
280
     1
102
RTVSPost2010Prop28
280
     0
102
RTVSPost2010PropOp28
 70
     1
102
RTVSPost2010Prop29
280
     1
102
RTVSPost2010PropOp29
 70
     1
102
RTVSPost2010Prop30
280
     1
102
RTVSPost2010PropOp30
 70
     1
102
RTVSPost2010Prop31
280
     0
102
RTVSPost2010PropOp31
 70
     1
102
RTVSPost2010Prop32
280
     0
102
RTVSPost2010PropOp32
 70
     1
102
RTVSPost2010Prop33
280
     0
102
RTVSPost2010PropOp33
 70
     1
102
RTVSPost2010Prop34
280
     0
102
RTVSPost2010PropOp34
 70
     1
102
RTVSPost2010Prop35
280
     0
102
RTVSPost2010PropOp35
 70
     1
102
RTVSPost2010Prop36
280
     0
102
RTVSPost2010PropOp36
 70
     1
102
RTVSPost2010Prop37
 90
       50
102
RTVSPost2010PropOp37
 70
     1
102
RTVSPost2010Prop38
140
0.0
102
RTVSPost2010PropOp38
 70
     1
102
RTVSPost2010Prop39
140
1.0
102
RTVSPost2010PropOp39
 70
     1
102
RTVSPost2010Prop40
 90
        0
102
RTVSPost2010PropOp40
 70
     1
102
RTVSPost2010Prop41ColorIndex
 90
       18
102
RTVSPost2010Prop41ColorRGB
 90
        0
102
RTVSPost2010PropOp41
 70
     1
102
RTVSPost2010Prop42
 90
       50
102
RTVSPost2010PropOp42
 70
     1
102
RTVSPost2010Prop43
 90
        3
102
RTVSPost2010PropOp43
 70
     1
102
RTVSPost2010Prop44ColorIndex
 90
        5
102
RTVSPost2010Prop44ColorRGB
 90
      255
102
RTVSPost2010PropOp44
 70
     1
102
RTVSPost2010Prop45
280
     0
102
RTVSPost2010PropOp45
 70
     1
102
RTVSPost2010Prop46
 90
       50
102
RTVSPost2010PropOp46
 70
     1
102
RTVSPost2010Prop47
 90
       50
102
RTVSPost2010PropOp47
 70
     1
102
RTVSPost2010Prop48
 90
       50
102
RTVSPost2010PropOp48
 70
     1
102
RTVSPost2010Prop49
280
     0
102
RTVSPost2010PropOp49
 70
     1
102
RTVSPost2010Prop50
 90
       50
102
RTVSPost2010PropOp50
 70
     1
102
RTVSPost2010Prop51ColorIndex
 90
      256
102
RTVSPost2010Prop51ColorRGB
 90
-16777216
102
RTVSPost2010PropOp51
 70
     0
102
RTVSPost2010Prop52
140
1.0
102
RTVSPost2010PropOp52
 70
     0
102
RTVSPost2010Prop53
 90
        2
102
RTVSPost2010PropOp53
 70
     1
102
RTVSPost2010Prop54
  1
strokes_ogs.tif
102
RTVSPost2010PropOp54
 70
     1
102
RTVSPost2010Prop55
280
     0
102
RTVSPost2010PropOp55
 70
     1
102
RTVSPost2010Prop56
140
1.0
102
RTVSPost2010PropOp56
 70
     1
102
RTVSPost2010Prop57
140
1.0
102
RTVSPost2010PropOp57
 70
     1
  0
XRECORD
  5
A6
102
{ACAD_REACTORS
330
A5
102
}
330
A5
100
AcDbXrecord
280
     1
102
RTVSPost2010Prop28
280
     0
102
RTVSPost2010PropOp28
 70
     1
102
RTVSPost2010Prop29
280
     1
102
RTVSPost2010PropOp29
 70
     1
102
RTVSPost2010Prop30
280
     1
102
RTVSPost2010PropOp30
 70
     1
102
RTVSPost2010Prop31
280
     0
102
RTVSPost2010PropOp31
 70
     1
102
RTVSPost2010Prop32
280
     0
102
RTVSPost2010PropOp32
 70
     1
102
RTVSPost2010Prop33
280
     0
102
RTVSPost2010PropOp33
 70
     1
102
RTVSPost2010Prop34
280
     0
102
RTVSPost2010PropOp34
 70
     1
102
RTVSPost2010Prop35
280
     0
102
RTVSPost2010PropOp35
 70
     1
102
RTVSPost2010Prop36
280
     0
102
RTVSPost2010PropOp36
 70
     1
102
RTVSPost2010Prop37
 90
       50
102
RTVSPost2010PropOp37
 70
     1
102
RTVSPost2010Prop38
140
0.0
102
RTVSPost2010PropOp38
 70
     1
102
RTVSPost2010Prop39
140
1.0
102
RTVSPost2010PropOp39
 70
     1
102
RTVSPost2010Prop40
 90
        0
102
RTVSPost2010PropOp40
 70
     1
102
RTVSPost2010Prop41ColorIndex
 90
       18
102
RTVSPost2010Prop41ColorRGB
 90
        0
102
RTVSPost2010PropOp41
 70
     1
102
RTVSPost2010Prop42
 90
       50
102
RTVSPost2010PropOp42
 70
     1
102
RTVSPost2010Prop43
 90
        3
102
RTVSPost2010PropOp43
 70
     1
102
RTVSPost2010Prop44ColorIndex
 90
        5
102
RTVSPost2010Prop44ColorRGB
 90
      255
102
RTVSPost2010PropOp44
 70
     1
102
RTVSPost2010Prop45
280
     0
102
RTVSPost2010PropOp45
 70
     1
102
RTVSPost2010Prop46
 90
       50
102
RTVSPost2010PropOp46
 70
     1
102
RTVSPost2010Prop47
 90
       50
102
RTVSPost2010PropOp47
 70
     1
102
RTVSPost2010Prop48
 90
       50
102
RTVSPost2010PropOp48
 70
     1
102
RTVSPost2010Prop49
280
     0
102
RTVSPost2010PropOp49
 70
     1
102
RTVSPost2010Prop50
 90
       50
102
RTVSPost2010PropOp50
 70
     1
102
RTVSPost2010Prop51ColorIndex
 90
      256
102
RTVSPost2010Prop51ColorRGB
 90
-16777216
102
RTVSPost2010PropOp51
 70
     0
102
RTVSPost2010Prop52
140
1.0
102
RTVSPost2010PropOp52
 70
     0
102
RTVSPost2010Prop53
 90
        2
102
RTVSPost2010PropOp53
 70
     1
102
RTVSPost2010Prop54
  1
strokes_ogs.tif
102
RTVSPost2010PropOp54
 70
     1
102
RTVSPost2010Prop55
280
     0
102
RTVSPost2010PropOp55
 70
     1
102
RTVSPost2010Prop56
140
1.0
102
RTVSPost2010PropOp56
 70
     1
102
RTVSPost2010Prop57
140
1.0
102
RTVSPost2010PropOp57
 70
     1
  0
XRECORD
  5
A8
102
{ACAD_REACTORS
330
A7
102
}
330
A7
100
AcDbXrecord
280
     1
102
RTVSPost2010Prop28
280
     0
102
RTVSPost2010PropOp28
 70
     1
102
RTVSPost2010Prop29
280
     1
102
RTVSPost2010PropOp29
 70
     1
102
RTVSPost2010Prop30
280
     1
102
RTVSPost2010PropOp30
 70
     1
102
RTVSPost2010Prop31
280
     0
102
RTVSPost2010PropOp31
 70
     1
102
RTVSPost2010Prop32
280
     0
102
RTVSPost2010PropOp32
 70
     1
102
RTVSPost2010Prop33
280
     0
102
RTVSPost2010PropOp33
 70
     1
102
RTVSPost2010Prop34
280
     0
102
RTVSPost2010PropOp34
 70
     1
102
RTVSPost2010Prop35
280
     0
102
RTVSPost2010PropOp35
 70
     1
102
RTVSPost2010Prop36
280
     0
102
RTVSPost2010PropOp36
 70
     1
102
RTVSPost2010Prop37
 90
       50
102
RTVSPost2010PropOp37
 70
     1
102
RTVSPost2010Prop38
140
0.0
102
RTVSPost2010PropOp38
 70
     1
102
RTVSPost2010Prop39
140
1.0
102
RTVSPost2010PropOp39
 70
     1
102
RTVSPost2010Prop40
 90
        0
102
RTVSPost2010PropOp40
 70
     1
102
RTVSPost2010Prop41ColorIndex
 90
       18
102
RTVSPost2010Prop41ColorRGB
 90
        0
102
RTVSPost2010PropOp41
 70
     1
102
RTVSPost2010Prop42
 90
       50
102
RTVSPost2010PropOp42
 70
     1
102
RTVSPost2010Prop43
 90
        3
102
RTVSPost2010PropOp43
 70
     1
102
RTVSPost2010Prop44ColorIndex
 90
        5
102
RTVSPost2010Prop44ColorRGB
 90
      255
102
RTVSPost2010PropOp44
 70
     1
102
RTVSPost2010Prop45
280
     0
102
RTVSPost2010PropOp45
 70
     1
102
RTVSPost2010Prop46
 90
       50
102
RTVSPost2010PropOp46
 70
     1
102
RTVSPost2010Prop47
 90
       50
102
RTVSPost2010PropOp47
 70
     1
102
RTVSPost2010Prop48
 90
       50
102
RTVSPost2010PropOp48
 70
     1
102
RTVSPost2010Prop49
280
     0
102
RTVSPost2010PropOp49
 70
     1
102
RTVSPost2010Prop50
 90
       50
102
RTVSPost2010PropOp50
 70
     1
102
RTVSPost2010Prop51ColorIndex
 90
      256
102
RTVSPost2010Prop51ColorRGB
 90
-16777216
102
RTVSPost2010PropOp51
 70
     0
102
RTVSPost2010Prop52
140
1.0
102
RTVSPost2010PropOp52
 70
     0
102
RTVSPost2010Prop53
 90
        2
102
RTVSPost2010PropOp53
 70
     1
102
RTVSPost2010Prop54
  1
strokes_ogs.tif
102
RTVSPost2010PropOp54
 70
     1
102
RTVSPost2010Prop55
280
     0
102
RTVSPost2010PropOp55
 70
     1
102
RTVSPost2010Prop56
140
1.0
102
RTVSPost2010PropOp56
 70
     1
102
RTVSPost2010Prop57
140
1.0
102
RTVSPost2010PropOp57
 70
     1
  0
XRECORD
  5
AE
102
{ACAD_REACTORS
330
AD
102
}
330
AD
100
AcDbXrecord
280
     1
102
RTVSPost2010Prop28
280
     0
102
RTVSPost2010PropOp28
 70
     1
102
RTVSPost2010Prop29
280
     1
102
RTVSPost2010PropOp29
 70
     1
102
RTVSPost2010Prop30
280
     1
102
RTVSPost2010PropOp30
 70
     1
102
RTVSPost2010Prop31
280
     0
102
RTVSPost2010PropOp31
 70
     1
102
RTVSPost2010Prop32
280
     0
102
RTVSPost2010PropOp32
 70
     1
102
RTVSPost2010Prop33
280
     0
102
RTVSPost2010PropOp33
 70
     1
102
RTVSPost2010Prop34
280
     0
102
RTVSPost2010PropOp34
 70
     1
102
RTVSPost2010Prop35
280
     0
102
RTVSPost2010PropOp35
 70
     1
102
RTVSPost2010Prop36
280
     0
102
RTVSPost2010PropOp36
 70
     1
102
RTVSPost2010Prop37
 90
       50
102
RTVSPost2010PropOp37
 70
     1
102
RTVSPost2010Prop38
140
0.0
102
RTVSPost2010PropOp38
 70
     1
102
RTVSPost2010Prop39
140
1.0
102
RTVSPost2010PropOp39
 70
     1
102
RTVSPost2010Prop40
 90
        0
102
RTVSPost2010PropOp40
 70
     1
102
RTVSPost2010Prop41ColorIndex
 90
       18
102
RTVSPost2010Prop41ColorRGB
 90
        0
102
RTVSPost2010PropOp41
 70
     1
102
RTVSPost2010Prop42
 90
       50
102
RTVSPost2010PropOp42
 70
     1
102
RTVSPost2010Prop43
 90
        3
102
RTVSPost2010PropOp43
 70
     1
102
RTVSPost2010Prop44ColorIndex
 90
        5
102
RTVSPost2010Prop44ColorRGB
 90
      255
102
RTVSPost2010PropOp44
 70
     1
102
RTVSPost2010Prop45
280
     0
102
RTVSPost2010PropOp45
 70
     1
102
RTVSPost2010Prop46
 90
       50
102
RTVSPost2010PropOp46
 70
     1
102
RTVSPost2010Prop47
 90
       50
102
RTVSPost2010PropOp47
 70
     1
102
RTVSPost2010Prop48
 90
       50
102
RTVSPost2010PropOp48
 70
     1
102
RTVSPost2010Prop49
280
     0
102
RTVSPost2010PropOp49
 70
     1
102
RTVSPost2010Prop50
 90
       50
102
RTVSPost2010PropOp50
 70
     1
102
RTVSPost2010Prop51ColorIndex
 90
      256
102
RTVSPost2010Prop51ColorRGB
 90
-16777216
102
RTVSPost2010PropOp51
 70
     0
102
RTVSPost2010Prop52
140
1.0
102
RTVSPost2010PropOp52
 70
     0
102
RTVSPost2010Prop53
 90
        2
102
RTVSPost2010PropOp53
 70
     1
102
RTVSPost2010Prop54
  1
strokes_ogs.tif
102
RTVSPost2010PropOp54
 70
     1
102
RTVSPost2010Prop55
280
     0
102
RTVSPost2010PropOp55
 70
     1
102
RTVSPost2010Prop56
140
1.0
102
RTVSPost2010PropOp56
 70
     1
102
RTVSPost2010Prop57
140
1.0
102
RTVSPost2010PropOp57
 70
     1
  0
XRECORD
  5
C2
102
{ACAD_REACTORS
330
C1
102
}
330
C1
100
AcDbXrecord
280
     1
102
RTVSPost2010Prop28
280
     0
102
RTVSPost2010PropOp28
 70
     0
102
RTVSPost2010Prop29
280
     1
102
RTVSPost2010PropOp29
 70
     0
102
RTVSPost2010Prop30
280
     1
102
RTVSPost2010PropOp30
 70
     0
102
RTVSPost2010Prop31
280
     0
102
RTVSPost2010PropOp31
 70
     0
102
RTVSPost2010Prop32
280
     0
102
RTVSPost2010PropOp32
 70
     0
102
RTVSPost2010Prop33
280
     0
102
RTVSPost2010PropOp33
 70
     0
102
RTVSPost2010Prop34
280
     0
102
RTVSPost2010PropOp34
 70
     0
102
RTVSPost2010Prop35
280
     0
102
RTVSPost2010PropOp35
 70
     0
102
RTVSPost2010Prop36
280
     0
102
RTVSPost2010PropOp36
 70
     0
102
RTVSPost2010Prop37
 90
       50
102
RTVSPost2010PropOp37
 70
     0
102
RTVSPost2010Prop38
140
0.0
102
RTVSPost2010PropOp38
 70
     0
102
RTVSPost2010Prop39
140
1.0
102
RTVSPost2010PropOp39
 70
     0
102
RTVSPost2010Prop40
 90
        0
102
RTVSPost2010PropOp40
 70
     0
102
RTVSPost2010Prop41ColorIndex
 90
       18
102
RTVSPost2010Prop41ColorRGB
 90
        0
102
RTVSPost2010PropOp41
 70
     0
102
RTVSPost2010Prop42
 90
       50
102
RTVSPost2010PropOp42
 70
     0
102
RTVSPost2010Prop43
 90
        3
102
RTVSPost2010PropOp43
 70
     0
102
RTVSPost2010Prop44ColorIndex
 90
        5
102
RTVSPost2010Prop44ColorRGB
 90
      255
102
RTVSPost2010PropOp44
 70
     0
102
RTVSPost2010Prop45
280
     0
102
RTVSPost2010PropOp45
 70
     0
102
RTVSPost2010Prop46
 90
       50
102
RTVSPost2010PropOp46
 70
     0
102
RTVSPost2010Prop47
 90
       50
102
RTVSPost2010PropOp47
 70
     0
102
RTVSPost2010Prop48
 90
       50
102
RTVSPost2010PropOp48
 70
     0
102
RTVSPost2010Prop49
280
     0
102
RTVSPost2010PropOp49
 70
     0
102
RTVSPost2010Prop50
 90
       50
102
RTVSPost2010PropOp50
 70
     0
102
RTVSPost2010Prop51ColorIndex
 90
      256
102
RTVSPost2010Prop51ColorRGB
 90
-16777216
102
RTVSPost2010PropOp51
 70
     0
102
RTVSPost2010Prop52
140
1.0
102
RTVSPost2010PropOp52
 70
     0
102
RTVSPost2010Prop53
 90
        2
102
RTVSPost2010PropOp53
 70
     0
102
RTVSPost2010Prop54
  1
strokes_ogs.tif
102
RTVSPost2010PropOp54
 70
     0
102
RTVSPost2010Prop55
280
     0
102
RTVSPost2010PropOp55
 70
     0
102
RTVSPost2010Prop56
140
1.0
102
RTVSPost2010PropOp56
 70
     0
102
RTVSPost2010Prop57
140
1.0
102
RTVSPost2010PropOp57
 70
     0
  0
XRECORD
  5
BC
102
{ACAD_REACTORS
330
BB
102
}
330
BB
100
AcDbXrecord
280
     1
102
RTVSPost2010Prop28
280
     0
102
RTVSPost2010PropOp28
 70
     1
102
RTVSPost2010Prop29
280
     1
102
RTVSPost2010PropOp29
 70
     1
102
RTVSPost2010Prop30
280
     1
102
RTVSPost2010PropOp30
 70
     1
102
RTVSPost2010Prop31
280
     0
102
RTVSPost2010PropOp31
 70
     1
102
RTVSPost2010Prop32
280
     0
102
RTVSPost2010PropOp32
 70
     1
102
RTVSPost2010Prop33
280
     0
102
RTVSPost2010PropOp33
 70
     1
102
RTVSPost2010Prop34
280
     0
102
RTVSPost2010PropOp34
 70
     1
102
RTVSPost2010Prop35
280
     0
102
RTVSPost2010PropOp35
 70
     1
102
RTVSPost2010Prop36
280
     0
102
RTVSPost2010PropOp36
 70
     1
102
RTVSPost2010Prop37
 90
       50
102
RTVSPost2010PropOp37
 70
     1
102
RTVSPost2010Prop38
140
0.0
102
RTVSPost2010PropOp38
 70
     1
102
RTVSPost2010Prop39
140
1.0
102
RTVSPost2010PropOp39
 70
     1
102
RTVSPost2010Prop40
 90
        0
102
RTVSPost2010PropOp40
 70
     1
102
RTVSPost2010Prop41ColorIndex
 90
       18
102
RTVSPost2010Prop41ColorRGB
 90
        0
102
RTVSPost2010PropOp41
 70
     1
102
RTVSPost2010Prop42
 90
       50
102
RTVSPost2010PropOp42
 70
     1
102
RTVSPost2010Prop43
 90
        3
102
RTVSPost2010PropOp43
 70
     1
102
RTVSPost2010Prop44ColorIndex
 90
        5
102
RTVSPost2010Prop44ColorRGB
 90
      255
102
RTVSPost2010PropOp44
 70
     1
102
RTVSPost2010Prop45
280
     0
102
RTVSPost2010PropOp45
 70
     1
102
RTVSPost2010Prop46
 90
       50
102
RTVSPost2010PropOp46
 70
     1
102
RTVSPost2010Prop47
 90
       50
102
RTVSPost2010PropOp47
 70
     1
102
RTVSPost2010Prop48
 90
       50
102
RTVSPost2010PropOp48
 70
     1
102
RTVSPost2010Prop49
280
     0
102
RTVSPost2010PropOp49
 70
     1
102
RTVSPost2010Prop50
 90
       50
102
RTVSPost2010PropOp50
 70
     1
102
RTVSPost2010Prop51ColorIndex
 90
      256
102
RTVSPost2010Prop51ColorRGB
 90
-16777216
102
RTVSPost2010PropOp51
 70
     0
102
RTVSPost2010Prop52
140
1.0
102
RTVSPost2010PropOp52
 70
     0
102
RTVSPost2010Prop53
 90
        2
102
RTVSPost2010PropOp53
 70
     1
102
RTVSPost2010Prop54
  1
strokes_ogs.tif
102
RTVSPost2010PropOp54
 70
     1
102
RTVSPost2010Prop55
280
     0
102
RTVSPost2010PropOp55
 70
     1
102
RTVSPost2010Prop56
140
1.0
102
RTVSPost2010PropOp56
 70
     1
102
RTVSPost2010Prop57
140
1.0
102
RTVSPost2010PropOp57
 70
     1
  0
XRECORD
  5
C4
102
{ACAD_REACTORS
330
C3
102
}
330
C3
100
AcDbXrecord
280
     1
102
RTVSPost2010Prop28
280
     0
102
RTVSPost2010PropOp28
 70
     0
102
RTVSPost2010Prop29
280
     1
102
RTVSPost2010PropOp29
 70
     0
102
RTVSPost2010Prop30
280
     1
102
RTVSPost2010PropOp30
 70
     0
102
RTVSPost2010Prop31
280
     0
102
RTVSPost2010PropOp31
 70
     0
102
RTVSPost2010Prop32
280
     0
102
RTVSPost2010PropOp32
 70
     0
102
RTVSPost2010Prop33
280
     0
102
RTVSPost2010PropOp33
 70
     0
102
RTVSPost2010Prop34
280
     0
102
RTVSPost2010PropOp34
 70
     0
102
RTVSPost2010Prop35
280
     0
102
RTVSPost2010PropOp35
 70
     0
102
RTVSPost2010Prop36
280
     0
102
RTVSPost2010PropOp36
 70
     0
102
RTVSPost2010Prop37
 90
       50
102
RTVSPost2010PropOp37
 70
     0
102
RTVSPost2010Prop38
140
0.0
102
RTVSPost2010PropOp38
 70
     0
102
RTVSPost2010Prop39
140
1.0
102
RTVSPost2010PropOp39
 70
     0
102
RTVSPost2010Prop40
 90
        0
102
RTVSPost2010PropOp40
 70
     0
102
RTVSPost2010Prop41ColorIndex
 90
       18
102
RTVSPost2010Prop41ColorRGB
 90
        0
102
RTVSPost2010PropOp41
 70
     0
102
RTVSPost2010Prop42
 90
       50
102
RTVSPost2010PropOp42
 70
     0
102
RTVSPost2010Prop43
 90
        3
102
RTVSPost2010PropOp43
 70
     0
102
RTVSPost2010Prop44ColorIndex
 90
        5
102
RTVSPost2010Prop44ColorRGB
 90
      255
102
RTVSPost2010PropOp44
 70
     0
102
RTVSPost2010Prop45
280
     0
102
RTVSPost2010PropOp45
 70
     0
102
RTVSPost2010Prop46
 90
       50
102
RTVSPost2010PropOp46
 70
     0
102
RTVSPost2010Prop47
 90
       50
102
RTVSPost2010PropOp47
 70
     0
102
RTVSPost2010Prop48
 90
       50
102
RTVSPost2010PropOp48
 70
     0
102
RTVSPost2010Prop49
280
     0
102
RTVSPost2010PropOp49
 70
     0
102
RTVSPost2010Prop50
 90
       50
102
RTVSPost2010PropOp50
 70
     0
102
RTVSPost2010Prop51ColorIndex
 90
      256
102
RTVSPost2010Prop51ColorRGB
 90
-16777216
102
RTVSPost2010PropOp51
 70
     0
102
RTVSPost2010Prop52
140
1.0
102
RTVSPost2010PropOp52
 70
     0
102
RTVSPost2010Prop53
 90
        2
102
RTVSPost2010PropOp53
 70
     0
102
RTVSPost2010Prop54
  1
strokes_ogs.tif
102
RTVSPost2010PropOp54
 70
     0
102
RTVSPost2010Prop55
280
     0
102
RTVSPost2010PropOp55
 70
     0
102
RTVSPost2010Prop56
140
1.0
102
RTVSPost2010PropOp56
 70
     0
102
RTVSPost2010Prop57
140
1.0
102
RTVSPost2010PropOp57
 70
     0
  0
XRECORD
  5
B2
102
{ACAD_REACTORS
330
B1
102
}
330
B1
100
AcDbXrecord
280
     1
102
RTVSPost2010Prop28
280
     0
102
RTVSPost2010PropOp28
 70
     1
102
RTVSPost2010Prop29
280
     1
102
RTVSPost2010PropOp29
 70
     1
102
RTVSPost2010Prop30
280
     1
102
RTVSPost2010PropOp30
 70
     1
102
RTVSPost2010Prop31
280
     0
102
RTVSPost2010PropOp31
 70
     1
102
RTVSPost2010Prop32
280
     0
102
RTVSPost2010PropOp32
 70
     1
102
RTVSPost2010Prop33
280
     0
102
RTVSPost2010PropOp33
 70
     1
102
RTVSPost2010Prop34
280
     0
102
RTVSPost2010PropOp34
 70
     1
102
RTVSPost2010Prop35
280
     0
102
RTVSPost2010PropOp35
 70
     1
102
RTVSPost2010Prop36
280
     0
102
RTVSPost2010PropOp36
 70
     1
102
RTVSPost2010Prop37
 90
       50
102
RTVSPost2010PropOp37
 70
     1
102
RTVSPost2010Prop38
140
0.0
102
RTVSPost2010PropOp38
 70
     1
102
RTVSPost2010Prop39
140
1.0
102
RTVSPost2010PropOp39
 70
     1
102
RTVSPost2010Prop40
 90
        0
102
RTVSPost2010PropOp40
 70
     1
102
RTVSPost2010Prop41ColorIndex
 90
       18
102
RTVSPost2010Prop41ColorRGB
 90
        0
102
RTVSPost2010PropOp41
 70
     1
102
RTVSPost2010Prop42
 90
       50
102
RTVSPost2010PropOp42
 70
     1
102
RTVSPost2010Prop43
 90
        3
102
RTVSPost2010PropOp43
 70
     1
102
RTVSPost2010Prop44ColorIndex
 90
        5
102
RTVSPost2010Prop44ColorRGB
 90
      255
102
RTVSPost2010PropOp44
 70
     1
102
RTVSPost2010Prop45
280
     0
102
RTVSPost2010PropOp45
 70
     1
102
RTVSPost2010Prop46
 90
       50
102
RTVSPost2010PropOp46
 70
     1
102
RTVSPost2010Prop47
 90
       50
102
RTVSPost2010PropOp47
 70
     1
102
RTVSPost2010Prop48
 90
       50
102
RTVSPost2010PropOp48
 70
     1
102
RTVSPost2010Prop49
280
     0
102
RTVSPost2010PropOp49
 70
     1
102
RTVSPost2010Prop50
 90
       50
102
RTVSPost2010PropOp50
 70
     1
102
RTVSPost2010Prop51ColorIndex
 90
      256
102
RTVSPost2010Prop51ColorRGB
 90
-16777216
102
RTVSPost2010PropOp51
 70
     0
102
RTVSPost2010Prop52
140
1.0
102
RTVSPost2010PropOp52
 70
     0
102
RTVSPost2010Prop53
 90
        2
102
RTVSPost2010PropOp53
 70
     1
102
RTVSPost2010Prop54
  1
strokes_ogs.tif
102
RTVSPost2010PropOp54
 70
     1
102
RTVSPost2010Prop55
280
     0
102
RTVSPost2010PropOp55
 70
     1
102
RTVSPost2010Prop56
140
1.0
102
RTVSPost2010PropOp56
 70
     1
102
RTVSPost2010Prop57
140
1.0
102
RTVSPost2010PropOp57
 70
     1
  0
XRECORD
  5
D0
102
{ACAD_REACTORS
330
CF
102
}
330
CF
100
AcDbXrecord
280
     1
102
RTVSPost2010Prop28
280
     0
102
RTVSPost2010PropOp28
 70
     1
102
RTVSPost2010Prop29
280
     1
102
RTVSPost2010PropOp29
 70
     1
102
RTVSPost2010Prop30
280
     1
102
RTVSPost2010PropOp30
 70
     1
102
RTVSPost2010Prop31
280
     0
102
RTVSPost2010PropOp31
 70
     1
102
RTVSPost2010Prop32
280
     0
102
RTVSPost2010PropOp32
 70
     1
102
RTVSPost2010Prop33
280
     0
102
RTVSPost2010PropOp33
 70
     1
102
RTVSPost2010Prop34
280
     0
102
RTVSPost2010PropOp34
 70
     1
102
RTVSPost2010Prop35
280
     0
102
RTVSPost2010PropOp35
 70
     1
102
RTVSPost2010Prop36
280
     0
102
RTVSPost2010PropOp36
 70
     1
102
RTVSPost2010Prop37
 90
       50
102
RTVSPost2010PropOp37
 70
     1
102
RTVSPost2010Prop38
140
0.0
102
RTVSPost2010PropOp38
 70
     1
102
RTVSPost2010Prop39
140
1.0
102
RTVSPost2010PropOp39
 70
     1
102
RTVSPost2010Prop40
 90
        0
102
RTVSPost2010PropOp40
 70
     1
102
RTVSPost2010Prop41ColorIndex
 90
       18
102
RTVSPost2010Prop41ColorRGB
 90
        0
102
RTVSPost2010PropOp41
 70
     1
102
RTVSPost2010Prop42
 90
       50
102
RTVSPost2010PropOp42
 70
     1
102
RTVSPost2010Prop43
 90
        3
102
RTVSPost2010PropOp43
 70
     1
102
RTVSPost2010Prop44ColorIndex
 90
        5
102
RTVSPost2010Prop44ColorRGB
 90
      255
102
RTVSPost2010PropOp44
 70
     1
102
RTVSPost2010Prop45
280
     0
102
RTVSPost2010PropOp45
 70
     1
102
RTVSPost2010Prop46
 90
       50
102
RTVSPost2010PropOp46
 70
     1
102
RTVSPost2010Prop47
 90
       50
102
RTVSPost2010PropOp47
 70
     1
102
RTVSPost2010Prop48
 90
       50
102
RTVSPost2010PropOp48
 70
     1
102
RTVSPost2010Prop49
280
     0
102
RTVSPost2010PropOp49
 70
     1
102
RTVSPost2010Prop50
 90
       50
102
RTVSPost2010PropOp50
 70
     1
102
RTVSPost2010Prop51ColorIndex
 90
      256
102
RTVSPost2010Prop51ColorRGB
 90
-16777216
102
RTVSPost2010PropOp51
 70
     0
102
RTVSPost2010Prop52
140
1.0
102
RTVSPost2010PropOp52
 70
     0
102
RTVSPost2010Prop53
 90
        2
102
RTVSPost2010PropOp53
 70
     1
102
RTVSPost2010Prop54
  1
strokes_ogs.tif
102
RTVSPost2010PropOp54
 70
     1
102
RTVSPost2010Prop55
280
     0
102
RTVSPost2010PropOp55
 70
     1
102
RTVSPost2010Prop56
140
1.0
102
RTVSPost2010PropOp56
 70
     1
102
RTVSPost2010Prop57
140
1.0
102
RTVSPost2010PropOp57
 70
     1
  0
XRECORD
  5
CE
102
{ACAD_REACTORS
330
CD
102
}
330
CD
100
AcDbXrecord
280
     1
102
RTVSPost2010Prop28
280
     0
102
RTVSPost2010PropOp28
 70
     1
102
RTVSPost2010Prop29
280
     1
102
RTVSPost2010PropOp29
 70
     1
102
RTVSPost2010Prop30
280
     1
102
RTVSPost2010PropOp30
 70
     1
102
RTVSPost2010Prop31
280
     0
102
RTVSPost2010PropOp31
 70
     1
102
RTVSPost2010Prop32
280
     0
102
RTVSPost2010PropOp32
 70
     1
102
RTVSPost2010Prop33
280
     0
102
RTVSPost2010PropOp33
 70
     1
102
RTVSPost2010Prop34
280
     0
102
RTVSPost2010PropOp34
 70
     1
102
RTVSPost2010Prop35
280
     0
102
RTVSPost2010PropOp35
 70
     1
102
RTVSPost2010Prop36
280
     0
102
RTVSPost2010PropOp36
 70
     1
102
RTVSPost2010Prop37
 90
       50
102
RTVSPost2010PropOp37
 70
     1
102
RTVSPost2010Prop38
140
0.0
102
RTVSPost2010PropOp38
 70
     1
102
RTVSPost2010Prop39
140
1.0
102
RTVSPost2010PropOp39
 70
     1
102
RTVSPost2010Prop40
 90
        0
102
RTVSPost2010PropOp40
 70
     1
102
RTVSPost2010Prop41ColorIndex
 90
       18
102
RTVSPost2010Prop41ColorRGB
 90
        0
102
RTVSPost2010PropOp41
 70
     1
102
RTVSPost2010Prop42
 90
       50
102
RTVSPost2010PropOp42
 70
     1
102
RTVSPost2010Prop43
 90
        3
102
RTVSPost2010PropOp43
 70
     1
102
RTVSPost2010Prop44ColorIndex
 90
        5
102
RTVSPost2010Prop44ColorRGB
 90
      255
102
RTVSPost2010PropOp44
 70
     1
102
RTVSPost2010Prop45
280
     0
102
RTVSPost2010PropOp45
 70
     1
102
RTVSPost2010Prop46
 90
       50
102
RTVSPost2010PropOp46
 70
     1
102
RTVSPost2010Prop47
 90
       50
102
RTVSPost2010PropOp47
 70
     1
102
RTVSPost2010Prop48
 90
       50
102
RTVSPost2010PropOp48
 70
     1
102
RTVSPost2010Prop49
280
     0
102
RTVSPost2010PropOp49
 70
     1
102
RTVSPost2010Prop50
 90
       50
102
RTVSPost2010PropOp50
 70
     1
102
RTVSPost2010Prop51ColorIndex
 90
      256
102
RTVSPost2010Prop51ColorRGB
 90
-16777216
102
RTVSPost2010PropOp51
 70
     0
102
RTVSPost2010Prop52
140
1.0
102
RTVSPost2010PropOp52
 70
     0
102
RTVSPost2010Prop53
 90
        2
102
RTVSPost2010PropOp53
 70
     1
102
RTVSPost2010Prop54
  1
strokes_ogs.tif
102
RTVSPost2010PropOp54
 70
     1
102
RTVSPost2010Prop55
280
     0
102
RTVSPost2010PropOp55
 70
     1
102
RTVSPost2010Prop56
140
1.0
102
RTVSPost2010PropOp56
 70
     1
102
RTVSPost2010Prop57
140
1.0
102
RTVSPost2010PropOp57
 70
     1
  0
XRECORD
  5
C8
102
{ACAD_REACTORS
330
C7
102
}
330
C7
100
AcDbXrecord
280
     1
102
RTVSPost2010Prop28
280
     0
102
RTVSPost2010PropOp28
 70
     1
102
RTVSPost2010Prop29
280
     1
102
RTVSPost2010PropOp29
 70
     1
102
RTVSPost2010Prop30
280
     1
102
RTVSPost2010PropOp30
 70
     1
102
RTVSPost2010Prop31
280
     0
102
RTVSPost2010PropOp31
 70
     1
102
RTVSPost2010Prop32
280
     0
102
RTVSPost2010PropOp32
 70
     1
102
RTVSPost2010Prop33
280
     0
102
RTVSPost2010PropOp33
 70
     1
102
RTVSPost2010Prop34
280
     0
102
RTVSPost2010PropOp34
 70
     1
102
RTVSPost2010Prop35
280
     0
102
RTVSPost2010PropOp35
 70
     1
102
RTVSPost2010Prop36
280
     0
102
RTVSPost2010PropOp36
 70
     1
102
RTVSPost2010Prop37
 90
       50
102
RTVSPost2010PropOp37
 70
     1
102
RTVSPost2010Prop38
140
0.0
102
RTVSPost2010PropOp38
 70
     1
102
RTVSPost2010Prop39
140
1.0
102
RTVSPost2010PropOp39
 70
     1
102
RTVSPost2010Prop40
 90
        0
102
RTVSPost2010PropOp40
 70
     1
102
RTVSPost2010Prop41ColorIndex
 90
       18
102
RTVSPost2010Prop41ColorRGB
 90
        0
102
RTVSPost2010PropOp41
 70
     1
102
RTVSPost2010Prop42
 90
       50
102
RTVSPost2010PropOp42
 70
     1
102
RTVSPost2010Prop43
 90
        3
102
RTVSPost2010PropOp43
 70
     1
102
RTVSPost2010Prop44ColorIndex
 90
        5
102
RTVSPost2010Prop44ColorRGB
 90
      255
102
RTVSPost2010PropOp44
 70
     1
102
RTVSPost2010Prop45
280
     0
102
RTVSPost2010PropOp45
 70
     1
102
RTVSPost2010Prop46
 90
       50
102
RTVSPost2010PropOp46
 70
     1
102
RTVSPost2010Prop47
 90
       50
102
RTVSPost2010PropOp47
 70
     1
102
RTVSPost2010Prop48
 90
       50
102
RTVSPost2010PropOp48
 70
     1
102
RTVSPost2010Prop49
280
     0
102
RTVSPost2010PropOp49
 70
     1
102
RTVSPost2010Prop50
 90
       50
102
RTVSPost2010PropOp50
 70
     1
102
RTVSPost2010Prop51ColorIndex
 90
      256
102
RTVSPost2010Prop51ColorRGB
 90
-16777216
102
RTVSPost2010PropOp51
 70
     0
102
RTVSPost2010Prop52
140
1.0
102
RTVSPost2010PropOp52
 70
     0
102
RTVSPost2010Prop53
 90
        2
102
RTVSPost2010PropOp53
 70
     1
102
RTVSPost2010Prop54
  1
strokes_ogs.tif
102
RTVSPost2010PropOp54
 70
     1
102
RTVSPost2010Prop55
280
     0
102
RTVSPost2010PropOp55
 70
     1
102
RTVSPost2010Prop56
140
1.0
102
RTVSPost2010PropOp56
 70
     1
102
RTVSPost2010Prop57
140
1.0
102
RTVSPost2010PropOp57
 70
     1
  0
XRECORD
  5
CA
102
{ACAD_REACTORS
330
C9
102
}
330
C9
100
AcDbXrecord
280
     1
102
RTVSPost2010Prop28
280
     0
102
RTVSPost2010PropOp28
 70
     1
102
RTVSPost2010Prop29
280
     1
102
RTVSPost2010PropOp29
 70
     1
102
RTVSPost2010Prop30
280
     1
102
RTVSPost2010PropOp30
 70
     1
102
RTVSPost2010Prop31
280
     0
102
RTVSPost2010PropOp31
 70
     1
102
RTVSPost2010Prop32
280
     0
102
RTVSPost2010PropOp32
 70
     1
102
RTVSPost2010Prop33
280
     0
102
RTVSPost2010PropOp33
 70
     1
102
RTVSPost2010Prop34
280
     0
102
RTVSPost2010PropOp34
 70
     1
102
RTVSPost2010Prop35
280
     0
102
RTVSPost2010PropOp35
 70
     1
102
RTVSPost2010Prop36
280
     0
102
RTVSPost2010PropOp36
 70
     1
102
RTVSPost2010Prop37
 90
       50
102
RTVSPost2010PropOp37
 70
     1
102
RTVSPost2010Prop38
140
0.0
102
RTVSPost2010PropOp38
 70
     1
102
RTVSPost2010Prop39
140
1.0
102
RTVSPost2010PropOp39
 70
     1
102
RTVSPost2010Prop40
 90
        0
102
RTVSPost2010PropOp40
 70
     1
102
RTVSPost2010Prop41ColorIndex
 90
       18
102
RTVSPost2010Prop41ColorRGB
 90
        0
102
RTVSPost2010PropOp41
 70
     1
102
RTVSPost2010Prop42
 90
       50
102
RTVSPost2010PropOp42
 70
     1
102
RTVSPost2010Prop43
 90
        3
102
RTVSPost2010PropOp43
 70
     1
102
RTVSPost2010Prop44ColorIndex
 90
        5
102
RTVSPost2010Prop44ColorRGB
 90
      255
102
RTVSPost2010PropOp44
 70
     1
102
RTVSPost2010Prop45
280
     0
102
RTVSPost2010PropOp45
 70
     1
102
RTVSPost2010Prop46
 90
       50
102
RTVSPost2010PropOp46
 70
     1
102
RTVSPost2010Prop47
 90
       50
102
RTVSPost2010PropOp47
 70
     1
102
RTVSPost2010Prop48
 90
       50
102
RTVSPost2010PropOp48
 70
     1
102
RTVSPost2010Prop49
280
     0
102
RTVSPost2010PropOp49
 70
     1
102
RTVSPost2010Prop50
 90
       50
102
RTVSPost2010PropOp50
 70
     1
102
RTVSPost2010Prop51ColorIndex
 90
      256
102
RTVSPost2010Prop51ColorRGB
 90
-16777216
102
RTVSPost2010PropOp51
 70
     0
102
RTVSPost2010Prop52
140
1.0
102
RTVSPost2010PropOp52
 70
     0
102
RTVSPost2010Prop53
 90
        2
102
RTVSPost2010PropOp53
 70
     1
102
RTVSPost2010Prop54
  1
strokes_ogs.tif
102
RTVSPost2010PropOp54
 70
     1
102
RTVSPost2010Prop55
280
     0
102
RTVSPost2010PropOp55
 70
     1
102
RTVSPost2010Prop56
140
1.0
102
RTVSPost2010PropOp56
 70
     1
102
RTVSPost2010Prop57
140
1.0
102
RTVSPost2010PropOp57
 70
     1
  0
XRECORD
  5
BA
102
{ACAD_REACTORS
330
B9
102
}
330
B9
100
AcDbXrecord
280
     1
102
RTVSPost2010Prop28
280
     0
102
RTVSPost2010PropOp28
 70
     1
102
RTVSPost2010Prop29
280
     1
102
RTVSPost2010PropOp29
 70
     1
102
RTVSPost2010Prop30
280
     1
102
RTVSPost2010PropOp30
 70
     1
102
RTVSPost2010Prop31
280
     0
102
RTVSPost2010PropOp31
 70
     1
102
RTVSPost2010Prop32
280
     0
102
RTVSPost2010PropOp32
 70
     1
102
RTVSPost2010Prop33
280
     0
102
RTVSPost2010PropOp33
 70
     1
102
RTVSPost2010Prop34
280
     0
102
RTVSPost2010PropOp34
 70
     1
102
RTVSPost2010Prop35
280
     0
102
RTVSPost2010PropOp35
 70
     1
102
RTVSPost2010Prop36
280
     0
102
RTVSPost2010PropOp36
 70
     1
102
RTVSPost2010Prop37
 90
       50
102
RTVSPost2010PropOp37
 70
     1
102
RTVSPost2010Prop38
140
0.0
102
RTVSPost2010PropOp38
 70
     1
102
RTVSPost2010Prop39
140
1.0
102
RTVSPost2010PropOp39
 70
     1
102
RTVSPost2010Prop40
 90
        0
102
RTVSPost2010PropOp40
 70
     1
102
RTVSPost2010Prop41ColorIndex
 90
       18
102
RTVSPost2010Prop41ColorRGB
 90
        0
102
RTVSPost2010PropOp41
 70
     1
102
RTVSPost2010Prop42
 90
       50
102
RTVSPost2010PropOp42
 70
     1
102
RTVSPost2010Prop43
 90
        3
102
RTVSPost2010PropOp43
 70
     1
102
RTVSPost2010Prop44ColorIndex
 90
        5
102
RTVSPost2010Prop44ColorRGB
 90
      255
102
RTVSPost2010PropOp44
 70
     1
102
RTVSPost2010Prop45
280
     0
102
RTVSPost2010PropOp45
 70
     1
102
RTVSPost2010Prop46
 90
       50
102
RTVSPost2010PropOp46
 70
     1
102
RTVSPost2010Prop47
 90
       50
102
RTVSPost2010PropOp47
 70
     1
102
RTVSPost2010Prop48
 90
       50
102
RTVSPost2010PropOp48
 70
     1
102
RTVSPost2010Prop49
280
     0
102
RTVSPost2010PropOp49
 70
     1
102
RTVSPost2010Prop50
 90
       50
102
RTVSPost2010PropOp50
 70
     1
102
RTVSPost2010Prop51ColorIndex
 90
      256
102
RTVSPost2010Prop51ColorRGB
 90
-16777216
102
RTVSPost2010PropOp51
 70
     0
102
RTVSPost2010Prop52
140
1.0
102
RTVSPost2010PropOp52
 70
     0
102
RTVSPost2010Prop53
 90
        2
102
RTVSPost2010PropOp53
 70
     1
102
RTVSPost2010Prop54
  1
strokes_ogs.tif
102
RTVSPost2010PropOp54
 70
     1
102
RTVSPost2010Prop55
280
     0
102
RTVSPost2010PropOp55
 70
     1
102
RTVSPost2010Prop56
140
1.0
102
RTVSPost2010PropOp56
 70
     1
102
RTVSPost2010Prop57
140
1.0
102
RTVSPost2010PropOp57
 70
     1
  0
XRECORD
  5
AC
102
{ACAD_REACTORS
330
AB
102
}
330
AB
100
AcDbXrecord
280
     1
102
RTVSPost2010Prop28
280
     0
102
RTVSPost2010PropOp28
 70
     1
102
RTVSPost2010Prop29
280
     1
102
RTVSPost2010PropOp29
 70
     1
102
RTVSPost2010Prop30
280
     1
102
RTVSPost2010PropOp30
 70
     1
102
RTVSPost2010Prop31
280
     0
102
RTVSPost2010PropOp31
 70
     1
102
RTVSPost2010Prop32
280
     0
102
RTVSPost2010PropOp32
 70
     1
102
RTVSPost2010Prop33
280
     0
102
RTVSPost2010PropOp33
 70
     1
102
RTVSPost2010Prop34
280
     0
102
RTVSPost2010PropOp34
 70
     1
102
RTVSPost2010Prop35
280
     0
102
RTVSPost2010PropOp35
 70
     1
102
RTVSPost2010Prop36
280
     0
102
RTVSPost2010PropOp36
 70
     1
102
RTVSPost2010Prop37
 90
       50
102
RTVSPost2010PropOp37
 70
     1
102
RTVSPost2010Prop38
140
0.0
102
RTVSPost2010PropOp38
 70
     1
102
RTVSPost2010Prop39
140
1.0
102
RTVSPost2010PropOp39
 70
     1
102
RTVSPost2010Prop40
 90
        0
102
RTVSPost2010PropOp40
 70
     1
102
RTVSPost2010Prop41ColorIndex
 90
       18
102
RTVSPost2010Prop41ColorRGB
 90
        0
102
RTVSPost2010PropOp41
 70
     1
102
RTVSPost2010Prop42
 90
       50
102
RTVSPost2010PropOp42
 70
     1
102
RTVSPost2010Prop43
 90
        3
102
RTVSPost2010PropOp43
 70
     1
102
RTVSPost2010Prop44ColorIndex
 90
        5
102
RTVSPost2010Prop44ColorRGB
 90
      255
102
RTVSPost2010PropOp44
 70
     1
102
RTVSPost2010Prop45
280
     0
102
RTVSPost2010PropOp45
 70
     1
102
RTVSPost2010Prop46
 90
       50
102
RTVSPost2010PropOp46
 70
     1
102
RTVSPost2010Prop47
 90
       50
102
RTVSPost2010PropOp47
 70
     1
102
RTVSPost2010Prop48
 90
       50
102
RTVSPost2010PropOp48
 70
     1
102
RTVSPost2010Prop49
280
     0
102
RTVSPost2010PropOp49
 70
     1
102
RTVSPost2010Prop50
 90
       50
102
RTVSPost2010PropOp50
 70
     1
102
RTVSPost2010Prop51ColorIndex
 90
      256
102
RTVSPost2010Prop51ColorRGB
 90
-16777216
102
RTVSPost2010PropOp51
 70
     0
102
RTVSPost2010Prop52
140
1.0
102
RTVSPost2010PropOp52
 70
     0
102
RTVSPost2010Prop53
 90
        2
102
RTVSPost2010PropOp53
 70
     1
102
RTVSPost2010Prop54
  1
strokes_ogs.tif
102
RTVSPost2010PropOp54
 70
     1
102
RTVSPost2010Prop55
280
     0
102
RTVSPost2010PropOp55
 70
     1
102
RTVSPost2010Prop56
140
1.0
102
RTVSPost2010PropOp56
 70
     1
102
RTVSPost2010Prop57
140
1.0
102
RTVSPost2010PropOp57
 70
     1
  0
XRECORD
  5
CC
102
{ACAD_REACTORS
330
CB
102
}
330
CB
100
AcDbXrecord
280
     1
102
RTVSPost2010Prop28
280
     0
102
RTVSPost2010PropOp28
 70
     1
102
RTVSPost2010Prop29
280
     1
102
RTVSPost2010PropOp29
 70
     1
102
RTVSPost2010Prop30
280
     1
102
RTVSPost2010PropOp30
 70
     1
102
RTVSPost2010Prop31
280
     0
102
RTVSPost2010PropOp31
 70
     1
102
RTVSPost2010Prop32
280
     0
102
RTVSPost2010PropOp32
 70
     1
102
RTVSPost2010Prop33
280
     0
102
RTVSPost2010PropOp33
 70
     1
102
RTVSPost2010Prop34
280
     0
102
RTVSPost2010PropOp34
 70
     1
102
RTVSPost2010Prop35
280
     0
102
RTVSPost2010PropOp35
 70
     1
102
RTVSPost2010Prop36
280
     0
102
RTVSPost2010PropOp36
 70
     1
102
RTVSPost2010Prop37
 90
       50
102
RTVSPost2010PropOp37
 70
     1
102
RTVSPost2010Prop38
140
0.0
102
RTVSPost2010PropOp38
 70
     1
102
RTVSPost2010Prop39
140
1.0
102
RTVSPost2010PropOp39
 70
     1
102
RTVSPost2010Prop40
 90
        0
102
RTVSPost2010PropOp40
 70
     1
102
RTVSPost2010Prop41ColorIndex
 90
       18
102
RTVSPost2010Prop41ColorRGB
 90
        0
102
RTVSPost2010PropOp41
 70
     1
102
RTVSPost2010Prop42
 90
       50
102
RTVSPost2010PropOp42
 70
     1
102
RTVSPost2010Prop43
 90
        3
102
RTVSPost2010PropOp43
 70
     1
102
RTVSPost2010Prop44ColorIndex
 90
        5
102
RTVSPost2010Prop44ColorRGB
 90
      255
102
RTVSPost2010PropOp44
 70
     1
102
RTVSPost2010Prop45
280
     0
102
RTVSPost2010PropOp45
 70
     1
102
RTVSPost2010Prop46
 90
       50
102
RTVSPost2010PropOp46
 70
     1
102
RTVSPost2010Prop47
 90
       50
102
RTVSPost2010PropOp47
 70
     1
102
RTVSPost2010Prop48
 90
       50
102
RTVSPost2010PropOp48
 70
     1
102
RTVSPost2010Prop49
280
     0
102
RTVSPost2010PropOp49
 70
     1
102
RTVSPost2010Prop50
 90
       50
102
RTVSPost2010PropOp50
 70
     1
102
RTVSPost2010Prop51ColorIndex
 90
      256
102
RTVSPost2010Prop51ColorRGB
 90
-16777216
102
RTVSPost2010PropOp51
 70
     0
102
RTVSPost2010Prop52
140
1.0
102
RTVSPost2010PropOp52
 70
     0
102
RTVSPost2010Prop53
 90
        2
102
RTVSPost2010PropOp53
 70
     1
102
RTVSPost2010Prop54
  1
strokes_ogs.tif
102
RTVSPost2010PropOp54
 70
     1
102
RTVSPost2010Prop55
280
     0
102
RTVSPost2010PropOp55
 70
     1
102
RTVSPost2010Prop56
140
1.0
102
RTVSPost2010PropOp56
 70
     1
102
RTVSPost2010Prop57
140
1.0
102
RTVSPost2010PropOp57
 70
     1
  0
ENDSEC
  0
EOF
