  0
SECTION
  2
HEADER
  9
$ACADVER
  1
AC1024
  9
$ACADMAINTVER
 70
     6
  9
$DWGCODEPAGE
  3
ANSI_1251
  9
$INSBASE
 10
0.0
 20
0.0
 30
0.0
  9
$EXTMIN
 10
1.000000000000000E+20
 20
1.000000000000000E+20
 30
1.000000000000000E+20
  9
$EXTMAX
 10
-1.000000000000000E+20
 20
-1.000000000000000E+20
 30
-1.000000000000000E+20
  9
$LIMMIN
 10
0.0
 20
0.0
  9
$LIMMAX
 10
420.0
 20
297.0
  9
$ORTHOMODE
 70
     0
  9
$REGENMODE
 70
     1
  9
$FILLMODE
 70
     1
  9
$QTEXTMODE
 70
     0
  9
$MIRRTEXT
 70
     1
  9
$LTSCALE
 40
1.0
  9
$ATTMODE
 70
     1
  9
$TEXTSIZE
 40
2.5
  9
$TRACEWID
 40
1.0
  9
$TEXTSTYLE
  7
Standard
  9
$CLAYER
  8
0
  9
$CELTYPE
  6
ByLayer
  9
$CECOLOR
 62
   256
  9
$CELTSCALE
 40
1.0
  9
$DISPSILH
 70
     0
  9
$DIMSCALE
 40
1.0
  9
$DIMASZ
 40
2.5
  9
$DIMEXO
 40
0.625
  9
$DIMDLI
 40
3.75
  9
$DIMRND
 40
0.01
  9
$DIMDLE
 40
0.0
  9
$DIMEXE
 40
1.25
  9
$DIMTP
 40
0.0
  9
$DIMTM
 40
0.0
  9
$DIMTXT
 40
2.5
  9
$DIMCEN
 40
2.5
  9
$DIMTSZ
 40
0.0
  9
$DIMTOL
 70
     0
  9
$DIMLIM
 70
     0
  9
$DIMTIH
 70
     0
  9
$DIMTOH
 70
     0
  9
$DIMSE1
 70
     0
  9
$DIMSE2
 70
     0
  9
$DIMTAD
 70
     1
  9
$DIMZIN
 70
     8
  9
$DIMBLK
  1

  9
$DIMASO
 70
     1
  9
$DIMSHO
 70
     1
  9
$DIMPOST
  1

  9
$DIMAPOST
  1

  9
$DIMALT
 70
     0
  9
$DIMALTD
 70
     3
  9
$DIMALTF
 40
0.0393700787401575
  9
$DIMLFAC
 40
1.0
  9
$DIMTOFL
 70
     1
  9
$DIMTVP
 40
0.0
  9
$DIMTIX
 70
     0
  9
$DIMSOXD
 70
     0
  9
$DIMSAH
 70
     0
  9
$DIMBLK1
  1

  9
$DIMBLK2
  1

  9
$DIMSTYLE
  2
ISO-25
  9
$DIMCLRD
 70
     0
  9
$DIMCLRE
 70
     0
  9
$DIMCLRT
 70
     0
  9
$DIMTFAC
 40
1.0
  9
$DIMGAP
 40
0.7
  9
$DIMJUST
 70
     0
  9
$DIMSD1
 70
     0
  9
$DIMSD2
 70
     0
  9
$DIMTOLJ
 70
     0
  9
$DIMTZIN
 70
     8
  9
$DIMALTZ
 70
     0
  9
$DIMALTTZ
 70
     0
  9
$DIMUPT
 70
     0
  9
$DIMDEC
 70
     2
  9
$DIMTDEC
 70
     2
  9
$DIMALTU
 70
     2
  9
$DIMALTTD
 70
     3
  9
$DIMTXSTY
  7
Standard
  9
$DIMAUNIT
 70
     0
  9
$DIMADEC
 70
     2
  9
$DIMALTRND
 40
0.0
  9
$DIMAZIN
 70
     0
  9
$DIMDSEP
 70
    44
  9
$DIMATFIT
 70
     3
  9
$DIMFRAC
 70
     2
  9
$DIMLDRBLK
  1

  9
$DIMLUNIT
 70
     2
  9
$DIMLWD
 70
    15
  9
$DIMLWE
 70
    15
  9
$DIMTMOVE
 70
     0
  9
$DIMFXL
 40
1.0
  9
$DIMFXLON
 70
     0
  9
$DIMJOGANG
 40
0.7853981633974483
  9
$DIMTFILL
 70
     0
  9
$DIMTFILLCLR
 70
     0
  9
$DIMARCSYM
 70
     0
  9
$DIMLTYPE
  6

  9
$DIMLTEX1
  6

  9
$DIMLTEX2
  6

  9
$DIMTXTDIRECTION
 70
     0
  9
$LUNITS
 70
     2
  9
$LUPREC
 70
     4
  9
$SKETCHINC
 40
1.0
  9
$FILLETRAD
 40
0.0
  9
$AUNITS
 70
     0
  9
$AUPREC
 70
     0
  9
$MENU
  1
.
  9
$ELEVATION
 40
0.0
  9
$PELEVATION
 40
0.0
  9
$THICKNESS
 40
0.0
  9
$LIMCHECK
 70
     0
  9
$CHAMFERA
 40
0.0
  9
$CHAMFERB
 40
0.0
  9
$CHAMFERC
 40
0.0
  9
$CHAMFERD
 40
0.0
  9
$SKPOLY
 70
     0
  9
$TDCREATE
 40
2460905.775834225
  9
$TDUCREATE
 40
2460905.692500891
  9
$TDUPDATE
 40
2460905.775834225
  9
$TDUUPDATE
 40
2460905.692500891
  9
$TDINDWG
 40
0.0000000116
  9
$TDUSRTIMER
 40
0.0000000116
  9
$USRTIMER
 70
     1
  9
$ANGBASE
 50
0.0
  9
$ANGDIR
 70
     0
  9
$PDMODE
 70
     0
  9
$PDSIZE
 40
0.0
  9
$PLINEWID
 40
0.0
  9
$SPLFRAME
 70
     0
  9
$SPLINETYPE
 70
     6
  9
$SPLINESEGS
 70
     8
  9
$HANDSEED
  5
C9
  9
$SURFTAB1
 70
     6
  9
$SURFTAB2
 70
     6
  9
$SURFTYPE
 70
     6
  9
$SURFU
 70
     6
  9
$SURFV
 70
     6
  9
$UCSBASE
  2

  9
$UCSNAME
  2

  9
$UCSORG
 10
0.0
 20
0.0
 30
0.0
  9
$UCSXDIR
 10
1.0
 20
0.0
 30
0.0
  9
$UCSYDIR
 10
0.0
 20
1.0
 30
0.0
  9
$UCSORTHOREF
  2

  9
$UCSORTHOVIEW
 70
     0
  9
$UCSORGTOP
 10
0.0
 20
0.0
 30
0.0
  9
$UCSORGBOTTOM
 10
0.0
 20
0.0
 30
0.0
  9
$UCSORGLEFT
 10
0.0
 20
0.0
 30
0.0
  9
$UCSORGRIGHT
 10
0.0
 20
0.0
 30
0.0
  9
$UCSORGFRONT
 10
0.0
 20
0.0
 30
0.0
  9
$UCSORGBACK
 10
0.0
 20
0.0
 30
0.0
  9
$PUCSBASE
  2

  9
$PUCSNAME
  2

  9
$PUCSORG
 10
0.0
 20
0.0
 30
0.0
  9
$PUCSXDIR
 10
1.0
 20
0.0
 30
0.0
  9
$PUCSYDIR
 10
0.0
 20
1.0
 30
0.0
  9
$PUCSORTHOREF
  2

  9
$PUCSORTHOVIEW
 70
     0
  9
$PUCSORGTOP
 10
0.0
 20
0.0
 30
0.0
  9
$PUCSORGBOTTOM
 10
0.0
 20
0.0
 30
0.0
  9
$PUCSORGLEFT
 10
0.0
 20
0.0
 30
0.0
  9
$PUCSORGRIGHT
 10
0.0
 20
0.0
 30
0.0
  9
$PUCSORGFRONT
 10
0.0
 20
0.0
 30
0.0
  9
$PUCSORGBACK
 10
0.0
 20
0.0
 30
0.0
  9
$USERI1
 70
     0
  9
$USERI2
 70
     0
  9
$USERI3
 70
     0
  9
$USERI4
 70
     0
  9
$USERI5
 70
     0
  9
$USERR1
 40
0.0
  9
$USERR2
 40
0.0
  9
$USERR3
 40
0.0
  9
$USERR4
 40
0.0
  9
$USERR5
 40
0.0
  9
$WORLDVIEW
 70
     1
  9
$SHADEDGE
 70
     3
  9
$SHADEDIF
 70
    70
  9
$TILEMODE
 70
     0
  9
$MAXACTVP
 70
    64
  9
$PINSBASE
 10
0.0
 20
0.0
 30
0.0
  9
$PLIMCHECK
 70
     0
  9
$PEXTMIN
 10
0.0
 20
0.0
 30
0.0
  9
$PEXTMAX
 10
0.0
 20
0.0
 30
0.0
  9
$PLIMMIN
 10
-20.0
 20
-7.5
  9
$PLIMMAX
 10
277.0
 20
202.5
  9
$UNITMODE
 70
     0
  9
$VISRETAIN
 70
     1
  9
$PLINEGEN
 70
     0
  9
$PSLTSCALE
 70
     1
  9
$TREEDEPTH
 70
  3020
  9
$CMLSTYLE
  2
Standard
  9
$CMLJUST
 70
     0
  9
$CMLSCALE
 40
20.0
  9
$PROXYGRAPHICS
 70
     1
  9
$MEASUREMENT
 70
     1
  9
$CELWEIGHT
370
    -1
  9
$ENDCAPS
280
     0
  9
$JOINSTYLE
280
     0
  9
$LWDISPLAY
290
     0
  9
$INSUNITS
 70
     4
  9
$HYPERLINKBASE
  1

  9
$STYLESHEET
  1

  9
$XEDIT
290
     1
  9
$CEPSNTYPE
380
     0
  9
$PSTYLEMODE
290
     1
  9
$FINGERPRINTGUID
  2
{61e1ef19-8f8b-363d-ed08-f79f6303dbdd}
  9
$VERSIONGUID
  2
{FAEB1C32-E019-11D5-929B-00C0DF256EC4}
  9
$EXTNAMES
290
     1
  9
$PSVPSCALE
 40
0.0
  9
$OLESTARTUP
290
     0
  9
$SORTENTS
280
   127
  9
$INDEXCTL
280
     0
  9
$HIDETEXT
280
     1
  9
$XCLIPFRAME
280
     2
  9
$HALOGAP
280
     0
  9
$OBSCOLOR
 70
   257
  9
$OBSLTYPE
280
     0
  9
$INTERSECTIONDISPLAY
280
     0
  9
$INTERSECTIONCOLOR
 70
   257
  9
$DIMASSOC
280
     2
  9
$PROJECTNAME
  1

  9
$CAMERADISPLAY
290
     0
  9
$LENSLENGTH
 40
50.0
  9
$CAMERAHEIGHT
 40
0.0
  9
$STEPSPERSEC
 40
2.0
  9
$STEPSIZE
 40
6.0
  9
$3DDWFPREC
 40
2.0
  9
$PSOLWIDTH
 40
5.0
  9
$PSOLHEIGHT
 40
80.0
  9
$LOFTANG1
 40
1.570796326794897
  9
$LOFTANG2
 40
1.570796326794897
  9
$LOFTMAG1
 40
0.0
  9
$LOFTMAG2
 40
0.0
  9
$LOFTPARAM
 70
     7
  9
$LOFTNORMALS
280
     1
  9
$LATITUDE
 40
37.795
  9
$LONGITUDE
 40
-122.394
  9
$NORTHDIRECTION
 40
0.0
  9
$TIMEZONE
 70
 -8000
  9
$LIGHTGLYPHDISPLAY
280
     1
  9
$TILEMODELIGHTSYNCH
280
     1
  9
$CMATERIAL
347
44
  9
$SOLIDHIST
280
     0
  9
$SHOWHIST
280
     1
  9
$DWFFRAME
280
     2
  9
$DGNFRAME
280
     2
  9
$REALWORLDSCALE
290
     1
  9
$INTERFERECOLOR
 62
   256
  9
$CSHADOW
280
     0
  9
$SHADOWPLANELOCATION
 40
0.0
  0
ENDSEC
  0
SECTION
  2
CLASSES
  0
CLASS
  1
ACDBDICTIONARYWDFLT
  2
AcDbDictionaryWithDefault
  3
ObjectDBX Classes
 90
        0
 91
        3
280
     0
281
     0
  0
CLASS
  1
VISUALSTYLE
  2
AcDbVisualStyle
  3
ObjectDBX Classes
 90
     4095
 91
        3
280
     0
281
     0
  0
CLASS
  1
MATERIAL
  2
AcDbMaterial
  3
ObjectDBX Classes
 90
     1153
 91
        3
280
     0
281
     0
  0
CLASS
  1
SCALE
  2
AcDbScale
  3
ObjectDBX Classes
 90
     1153
 91
        3
280
     0
281
     0
  0
CLASS
  1
TABLESTYLE
  2
AcDbTableStyle
  3
ObjectDBX Classes
 90
     4095
 91
        3
280
     0
281
     0
  0
CLASS
  1
MLEADERSTYLE
  2
AcDbMLeaderStyle
  3
ACDB_MLEADERSTYLE_CLASS
 90
     4095
 91
        3
280
     0
281
     0
  0
CLASS
  1
SUN
  2
AcDbSun
  3
SCENEOE
 90
     1153
 91
        3
280
     0
281
     0
  0
CLASS
  1
DICTIONARYVAR
  2
AcDbDictionaryVar
  3
ObjectDBX Classes
 90
        0
 91
        3
280
     0
281
     0
  0
CLASS
  1
CELLSTYLEMAP
  2
AcDbCellStyleMap
  3
ObjectDBX Classes
 90
     1152
 91
        3
280
     0
281
     0
  0
ENDSEC
  0
SECTION
  2
TABLES
  0
TABLE
  2
VPORT
  5
8
330
0
100
AcDbSymbolTable
 70
     1
  0
VPORT
  5
29
330
8
100
AcDbSymbolTableRecord
100
AcDbViewportTableRecord
  2
*Active
 70
     0
 10
0.0
 20
0.0
 11
1.0
 21
1.0
 12
297.0
 22
210.0
 13
0.0
 23
0.0
 14
10.0
 24
10.0
 15
10.0
 25
10.0
 16
0.0
 26
0.0
 36
1.0
 17
0.0
 27
0.0
 37
0.0
 40
420.0
 41
1.414285714285714
 42
50.0
 43
0.0
 44
0.0
 50
0.0
 51
0.0
 71
     0
 72
   100
 73
     1
 74
     3
 75
     0
 76
     0
 77
     0
 78
     0
281
     0
 65
     1
110
0.0
120
0.0
130
0.0
111
1.0
121
0.0
131
0.0
112
0.0
122
1.0
132
0.0
 79
     0
146
0.0
348
2F
 60
     3
 61
     5
292
     1
282
     1
141
0.0
142
0.0
 63
   250
361
5D
  0
ENDTAB
  0
TABLE
  2
LTYPE
  5
5
330
0
100
AcDbSymbolTable
 70
     6
  0
LTYPE
  5
14
330
5
100
AcDbSymbolTableRecord
100
AcDbLinetypeTableRecord
  2
ByBlock
 70
     0
  3

 72
    65
 73
     0
 40
0.0
  0
LTYPE
  5
15
330
5
100
AcDbSymbolTableRecord
100
AcDbLinetypeTableRecord
  2
ByLayer
 70
     0
  3

 72
    65
 73
     0
 40
0.0
  0
LTYPE
  5
16
330
5
100
AcDbSymbolTableRecord
100
AcDbLinetypeTableRecord
  2
Continuous
 70
     0
  3
Solid line
 72
    65
 73
     0
 40
0.0
  0
LTYPE
  5
61
330
5
100
AcDbSymbolTableRecord
100
AcDbLinetypeTableRecord
  2
CenterLine
 70
     0
  3

 72
    65
 73
     4
 40
8.0
 49
5.0
 74
     0
 49
-1.0
 74
     0
 49
1.0
 74
     0
 49
-1.0
 74
     0
  0
LTYPE
  5
62
330
5
100
AcDbSymbolTableRecord
100
AcDbLinetypeTableRecord
  2
DraftedLine
 70
     0
  3

 72
    65
 73
     2
 40
3.0
 49
2.0
 74
     0
 49
-1.0
 74
     0
  0
LTYPE
  5
63
330
5
100
AcDbSymbolTableRecord
100
AcDbLinetypeTableRecord
  2
SectionLineISO
 70
     0
  3

 72
    65
 73
     5
 40
13.75833333333342
 49
4.23333333333336
 74
     0
 49
-2.11666666666668
 74
     0
 49
1.05833333333334
 74
     0
 49
-2.11666666666668
 74
     0
 49
4.23333333333336
 74
     0
  0
LTYPE
  5
64
330
5
100
AcDbSymbolTableRecord
100
AcDbLinetypeTableRecord
  2
SectionLineANSI
 70
     0
  3

 72
    65
 73
     7
 40
11.99444444444452
 49
4.23333333333336
 74
     0
 49
-1.05833333333334
 74
     0
 49
0.17638888888889
 74
     0
 49
-1.05833333333334
 74
     0
 49
0.17638888888889
 74
     0
 49
-1.05833333333334
 74
     0
 49
4.23333333333336
 74
     0
  0
LTYPE
  5
65
330
5
100
AcDbSymbolTableRecord
100
AcDbLinetypeTableRecord
  2
DetailCircleISO
 70
     0
  3

 72
    65
 73
     5
 40
13.75833333333342
 49
4.23333333333336
 74
     0
 49
-2.11666666666668
 74
     0
 49
1.05833333333334
 74
     0
 49
-2.11666666666668
 74
     0
 49
4.23333333333336
 74
     0
  0
ENDTAB
  0
TABLE
  2
LAYER
  5
2
330
0
100
AcDbSymbolTable
 70
     4
  0
LAYER
  5
10
330
2
100
AcDbSymbolTableRecord
100
AcDbLayerTableRecord
  2
0
 70
     0
 62
     7
  6
Continuous
370
    -3
390
F
347
46
  0
LAYER
  5
5E
330
2
100
AcDbSymbolTableRecord
100
AcDbLayerTableRecord
  2
Geometries
 70
     0
 62
     7
  6
Continuous
370
    -3
390
F
347
46
  0
LAYER
  5
5F
330
2
100
AcDbSymbolTableRecord
100
AcDbLayerTableRecord
  2
Annotations
 70
     0
 62
     7
  6
Continuous
370
    -3
390
F
347
46
  0
LAYER
  5
60
330
2
100
AcDbSymbolTableRecord
100
AcDbLayerTableRecord
  2
Border
 70
     0
 62
     7
  6
Continuous
370
    -3
390
F
347
46
  0
ENDTAB
  0
TABLE
  2
STYLE
  5
3
330
0
100
AcDbSymbolTable
 70
    16
  0
STYLE
  5
11
330
3
100
AcDbSymbolTableRecord
100
AcDbTextStyleTableRecord
  2
Standard
 70
     0
 40
0.0
 41
1.0
 50
0.0
 71
     0
 42
2.5
  3
txt
  4

  0
STYLE
  5
66
330
3
100
AcDbSymbolTableRecord
100
AcDbTextStyleTableRecord
  2
Shapr0
 70
     0
 40
3.3495
 41
1.0
 50
0.0
 71
     0
 42
2.5
  3

  4

  0
STYLE
  5
67
330
3
100
AcDbSymbolTableRecord
100
AcDbTextStyleTableRecord
  2
Shapr1
 70
     0
 40
3.3495
 41
1.0
 50
0.0
 71
     0
 42
2.5
  3

  4

  0
STYLE
  5
68
330
3
100
AcDbSymbolTableRecord
100
AcDbTextStyleTableRecord
  2
Shapr2
 70
     0
 40
3.3495
 41
1.0
 50
0.0
 71
     0
 42
2.5
  3

  4

  0
STYLE
  5
69
330
3
100
AcDbSymbolTableRecord
100
AcDbTextStyleTableRecord
  2
Shapr3
 70
     0
 40
3.3495
 41
1.0
 50
0.0
 71
     0
 42
2.5
  3

  4

  0
STYLE
  5
6A
330
3
100
AcDbSymbolTableRecord
100
AcDbTextStyleTableRecord
  2
Shapr4
 70
     0
 40
3.3495
 41
1.0
 50
0.0
 71
     0
 42
2.5
  3

  4

  0
STYLE
  5
6B
330
3
100
AcDbSymbolTableRecord
100
AcDbTextStyleTableRecord
  2
Shapr5
 70
     0
 40
3.3495
 41
1.0
 50
0.0
 71
     0
 42
2.5
  3

  4

  0
STYLE
  5
6C
330
3
100
AcDbSymbolTableRecord
100
AcDbTextStyleTableRecord
  2
Shapr6
 70
     0
 40
3.3495
 41
1.0
 50
0.0
 71
     0
 42
2.5
  3

  4

  0
STYLE
  5
6D
330
3
100
AcDbSymbolTableRecord
100
AcDbTextStyleTableRecord
  2
Shapr7
 70
     0
 40
3.3495
 41
1.0
 50
0.0
 71
     0
 42
2.5
  3

  4

  0
STYLE
  5
6E
330
3
100
AcDbSymbolTableRecord
100
AcDbTextStyleTableRecord
  2
Shapr8
 70
     0
 40
3.3495
 41
1.0
 50
0.0
 71
     0
 42
2.5
  3

  4

  0
STYLE
  5
6F
330
3
100
AcDbSymbolTableRecord
100
AcDbTextStyleTableRecord
  2
Shapr9
 70
     0
 40
3.3495
 41
1.0
 50
0.0
 71
     0
 42
2.5
  3

  4

  0
STYLE
  5
70
330
3
100
AcDbSymbolTableRecord
100
AcDbTextStyleTableRecord
  2
Shapr10
 70
     0
 40
3.3495
 41
1.0
 50
0.0
 71
     0
 42
2.5
  3

  4

  0
STYLE
  5
71
330
3
100
AcDbSymbolTableRecord
100
AcDbTextStyleTableRecord
  2
Shapr11
 70
     0
 40
3.3495
 41
1.0
 50
0.0
 71
     0
 42
2.5
  3

  4

  0
STYLE
  5
72
330
3
100
AcDbSymbolTableRecord
100
AcDbTextStyleTableRecord
  2
Shapr12
 70
     0
 40
3.3495
 41
1.0
 50
0.0
 71
     0
 42
2.5
  3

  4

  0
STYLE
  5
73
330
3
100
AcDbSymbolTableRecord
100
AcDbTextStyleTableRecord
  2
Shapr13
 70
     0
 40
3.3495
 41
1.0
 50
0.0
 71
     0
 42
2.5
  3

  4

  0
STYLE
  5
74
330
3
100
AcDbSymbolTableRecord
100
AcDbTextStyleTableRecord
  2
Shapr14
 70
     0
 40
3.3495
 41
1.0
 50
0.0
 71
     0
 42
2.5
  3

  4

  0
ENDTAB
  0
TABLE
  2
VIEW
  5
6
330
0
100
AcDbSymbolTable
 70
     0
  0
ENDTAB
  0
TABLE
  2
UCS
  5
7
330
0
100
AcDbSymbolTable
 70
     0
  0
ENDTAB
  0
TABLE
  2
APPID
  5
9
330
0
100
AcDbSymbolTable
 70
     1
  0
APPID
  5
12
330
9
100
AcDbSymbolTableRecord
100
AcDbRegAppTableRecord
  2
ACAD
 70
     0
  0
ENDTAB
  0
TABLE
  2
DIMSTYLE
  5
A
330
0
100
AcDbSymbolTable
 70
     1
100
AcDbDimStyleTable
  0
DIMSTYLE
105
27
330
A
100
AcDbSymbolTableRecord
100
AcDbDimStyleTableRecord
  2
ISO-25
 70
     0
 41
2.5
 42
0.625
 43
3.75
 44
1.25
 73
     0
 74
     0
 77
     1
 78
     8
140
2.5
141
2.5
143
0.0393700787401575
147
0.625
171
     3
172
     1
178
     0
271
     2
272
     2
274
     3
278
    44
283
     0
284
     8
340
11
  0
ENDTAB
  0
TABLE
  2
BLOCK_RECORD
  5
1
330
0
100
AcDbSymbolTable
 70
     2
  0
BLOCK_RECORD
  5
1F
330
1
100
AcDbSymbolTableRecord
100
AcDbBlockTableRecord
  2
*Model_Space
340
22
 70
     4
280
     1
281
     0
  0
BLOCK_RECORD
  5
75
330
1
100
AcDbSymbolTableRecord
100
AcDbBlockTableRecord
  2
*Paper_Space
340
76
 70
     0
280
     1
281
     0
  0
BLOCK_RECORD
  5
23
330
1
100
AcDbSymbolTableRecord
100
AcDbBlockTableRecord
  2
*Paper_Space0
340
26
 70
     0
280
     1
281
     0
  0
BLOCK_RECORD
  5
1B
330
1
100
AcDbSymbolTableRecord
100
AcDbBlockTableRecord
  2
*Paper_Space1
340
1E
 70
     4
280
     1
281
     0
  0
ENDTAB
  0
ENDSEC
  0
SECTION
  2
BLOCKS
  0
BLOCK
  5
20
330
1F
100
AcDbEntity
  8
0
100
AcDbBlockBegin
  2
*Model_Space
 70
     0
 10
0.0
 20
0.0
 30
0.0
  3
*Model_Space
  1

  0
ENDBLK
  5
21
330
1F
100
AcDbEntity
  8
0
100
AcDbBlockEnd
  0
BLOCK
  5
77
330
75
100
AcDbEntity
 67
     1
  8
0
100
AcDbBlockBegin
  2
*Paper_Space
 70
     0
 10
0.0
 20
0.0
 30
0.0
  3
*Paper_Space
  1

  0
ENDBLK
  5
78
330
75
100
AcDbEntity
 67
     1
  8
0
100
AcDbBlockEnd
  0
BLOCK
  5
24
330
23
100
AcDbEntity
  8
0
100
AcDbBlockBegin
  2
*Paper_Space0
 70
     0
 10
0.0
 20
0.0
 30
0.0
  3
*Paper_Space0
  1

  0
ENDBLK
  5
25
330
23
100
AcDbEntity
  8
0
100
AcDbBlockEnd
  0
BLOCK
  5
1C
330
1B
100
AcDbEntity
  8
0
100
AcDbBlockBegin
  2
*Paper_Space1
 70
     0
 10
0.0
 20
0.0
 30
0.0
  3
*Paper_Space1
  1

  0
ENDBLK
  5
1D
330
1B
100
AcDbEntity
  8
0
100
AcDbBlockEnd
  0
ENDSEC
  0
SECTION
  2
ENTITIES
  0
LINE
  5
7D
330
1F
100
AcDbEntity
  8
Geometries
  6
Continuous
370
    13
100
AcDbLine
 10
333.2263437866163
 20
213.8733891487117
 30
0.0
 11
333.2222997293239
 21
210.9598195654378
 31
0.0
  0
LINE
  5
7E
330
1F
100
AcDbEntity
  8
Geometries
  6
Continuous
370
    13
100
AcDbLine
 10
261.7098205958053
 20
226.6843703722484
 30
0.0
 11
261.7098205958053
 21
219.6843703722484
 31
0.0
  0
LINE
  5
7F
330
1F
100
AcDbEntity
  8
Geometries
  6
Continuous
370
    13
100
AcDbLine
 10
327.7353359731582
 20
210.959819564446
 30
0.0
 11
327.7396110010278
 21
214.039793528098
 31
0.0
  0
ARC
  5
80
330
1F
100
AcDbEntity
  8
Geometries
  6
Continuous
370
    13
100
AcDbCircle
 10
280.3098205958053
 20
219.6843703722484
 30
0.0
 40
1.600000000000004
100
AcDbArc
 50
270.0
 51
0.0
  0
LINE
  5
81
330
1F
100
AcDbEntity
  8
Geometries
  6
Continuous
370
    13
100
AcDbLine
 10
333.2222997293239
 20
210.9598195654378
 30
0.0
 11
327.7353359731582
 21
210.959819564446
 31
0.0
  0
LINE
  5
82
330
1F
100
AcDbEntity
  8
Geometries
  6
Continuous
370
    13
100
AcDbLine
 10
280.3098205958053
 20
228.2843703722484
 30
0.0
 11
263.3098205958053
 21
228.2843703722484
 31
0.0
  0
LINE
  5
83
330
1F
100
AcDbEntity
  8
Geometries
  6
Continuous
370
    13
100
AcDbLine
 10
281.9098205958052
 20
219.6843703722484
 30
0.0
 11
281.9098205958052
 21
226.6843703722484
 31
0.0
  0
LINE
  5
84
330
1F
100
AcDbEntity
  8
Geometries
  6
Continuous
370
    13
100
AcDbLine
 10
263.3098205958053
 20
218.0843703722484
 30
0.0
 11
280.3098205958053
 21
218.0843703722484
 31
0.0
  0
ARC
  5
85
330
1F
100
AcDbEntity
  8
Geometries
  6
Continuous
370
    13
100
AcDbCircle
 10
263.3098205958053
 20
219.6843703722484
 30
0.0
 40
1.59999999999999
100
AcDbArc
 50
180.0
 51
270.0
  0
ARC
  5
86
330
1F
100
AcDbEntity
  8
Geometries
  6
Continuous
370
    13
100
AcDbCircle
 10
280.3098205958053
 20
226.6843703722484
 30
0.0
 40
1.59999999999999
100
AcDbArc
 50
0.0
 51
90.0
  0
ARC
  5
87
330
1F
100
AcDbEntity
  8
Geometries
  6
Continuous
370
    13
100
AcDbCircle
 10
263.3098205958053
 20
226.6843703722484
 30
0.0
 40
1.599999999999999
100
AcDbArc
 50
90.0
 51
180.0
  0
CIRCLE
  5
88
330
1F
100
AcDbEntity
  8
Geometries
  6
Continuous
370
    13
100
AcDbCircle
 10
311.951474403621
 20
224.5533995870193
 30
0.0
 40
8.1
  0
CIRCLE
  5
89
330
1F
100
AcDbEntity
  8
Geometries
  6
Continuous
370
    13
100
AcDbCircle
 10
177.951474403621
 20
224.5533995870193
 30
0.0
 40
8.1
  0
CIRCLE
  5
8A
330
1F
100
AcDbEntity
  8
Geometries
  6
Continuous
370
    13
100
AcDbCircle
 10
284.3237333804866
 20
223.134438663274
 30
0.0
 40
1.59999999999999
  0
CIRCLE
  5
8B
330
1F
100
AcDbEntity
  8
Geometries
  6
Continuous
370
    13
100
AcDbCircle
 10
259.273888237601
 20
223.1843703722484
 30
0.0
 40
1.59999999999999
  0
LWPOLYLINE
  5
8C
330
1F
100
AcDbEntity
  8
Geometries
  6
Continuous
370
    13
100
AcDbPolyline
 90
     1288
 70
   128
 43
0.0
 10
532.4684642069352
 20
190.2625272520837
 10
533.1324006824791
 20
190.336002281518
 10
533.7927663142032
 20
190.4097664352956
 10
534.4495436876853
 20
190.4838237950734
 10
535.1027153885032
 20
190.5581784425086
 10
535.7522640022354
 20
190.6328344592581
 10
536.3981721144598
 20
190.7077959269791
 10
537.0038211431267
 20
190.7787573176697
 10
537.6062037627498
 20
190.8499972977164
 10
538.2053053768961
 20
190.9215192882856
 10
538.8011113891322
 20
190.9933267105437
 10
539.393607203024
 20
191.0654229856571
 10
539.9827782221389
 20
191.1378115347921
 10
540.568609850043
 20
191.2104957791153
 10
541.1510874903032
 20
191.2834791397929
 10
541.7301965464858
 20
191.3567650379913
 10
542.3059224221577
 20
191.430356894877
 10
542.868060256392
 20
191.5029357338597
 10
543.4269067510223
 20
191.5758162432128
 10
543.9824480776861
 20
191.6490016640793
 10
544.5346704080216
 20
191.722495237602
 10
545.0935087874665
 20
191.7976450159257
 10
545.6488774504027
 20
191.873121035566
 10
546.2007618003964
 20
191.9489267176893
 10
546.7491472410147
 20
192.0250654834619
 10
547.2940191758239
 20
192.1015407540503
 10
547.8257271772045
 20
192.1769812500042
 10
548.3540181265996
 20
192.2527528812643
 10
548.8788781956475
 20
192.3288588889736
 10
549.4002935559859
 20
192.405302514275
 10
549.9287848182743
 20
192.483657600459
 10
550.4536602458637
 20
192.5623710436023
 10
550.9749051463624
 20
192.6414462873626
 10
551.4925048273784
 20
192.7208867753973
 10
552.0064445965195
 20
192.8006959513639
 10
552.5167097613934
 20
192.8808772589202
 10
553.023285629608
 20
192.9614341417236
 10
553.525064376312
 20
193.0421930409404
 10
554.0231406827603
 20
193.1233327281318
 10
554.5174999525198
 20
193.2048566244643
 10
555.0081275891569
 20
193.2867681511042
 10
555.495008996238
 20
193.3690707292179
 10
555.9695354878482
 20
193.4502875679179
 10
556.4404204410785
 20
193.5318881578809
 10
556.9076500275664
 20
193.61387574025
 10
557.3712104189505
 20
193.6962535561679
 10
557.8404345934564
 20
193.7807181765059
 10
558.3058091906614
 20
193.8655959392644
 10
558.7673195181743
 20
193.9508902881008
 10
559.2249508836023
 20
194.0366046666728
 10
559.6786885945537
 20
194.1227425186379
 10
560.1285179586362
 20
194.2093072876536
 10
560.5744242834577
 20
194.2963024173775
 10
561.016392876626
 20
194.3837313514672
 10
561.4544090457491
 20
194.4715975335803
 10
561.8884580984349
 20
194.5599044073741
 10
562.3185253422912
 20
194.6486554165064
 10
562.7445960849261
 20
194.7378540046347
 10
563.1666556339471
 20
194.8275036154165
 10
563.5846892969626
 20
194.9176076925094
 10
563.9643376440329
 20
195.0006052736668
 10
564.340579465983
 20
195.0839902788882
 10
564.71340344593
 20
195.1677653606669
 10
565.0827982669905
 20
195.2519331714959
 10
565.448752612282
 20
195.3364963638685
 10
565.8112551649208
 20
195.4214575902779
 10
566.2019127410447
 20
195.5143958969721
 10
566.5884522987938
 20
195.6078123963874
 10
566.9708592417344
 20
195.7017105096904
 10
567.3491189734334
 20
195.7960936580473
 10
567.7232168974574
 20
195.8909652626245
 10
568.0865693839578
 20
195.9846214921078
 10
568.4458794635161
 20
196.07875542992
 10
568.8011333077698
 20
196.1733703172038
 10
569.1523170883574
 20
196.2684693951024
 10
569.5064580283183
 20
196.3660117478812
 10
569.8563319934757
 20
196.464065074261
 10
570.2019242914371
 20
196.5626328178993
 10
570.5432202298107
 20
196.6617184224536
 10
570.8802051162044
 20
196.7613253315816
 10
571.2128642582259
 20
196.8614569889407
 10
571.5411829634833
 20
196.9621168381886
 10
571.8651465395842
 20
197.0633083229827
 10
572.1847402941369
 20
197.1650348869807
 10
572.4999495347488
 20
197.26729997384
 10
572.810759569028
 20
197.3701070272183
 10
573.1171557045828
 20
197.4734594907731
 10
573.4191232490205
 20
197.577360808162
 10
573.7166475099491
 20
197.6818144230424
 10
573.9854622329945
 20
197.7780516891463
 10
574.2505197010732
 20
197.8747585846812
 10
574.5118085973024
 20
197.9719377621402
 10
574.7693176047987
 20
198.0695918740167
 10
575.0230354066792
 20
198.1677235728036
 10
575.272950686061
 20
198.2663355109943
 10
575.5079485951751
 20
198.3609155171721
 10
575.7394616549902
 20
198.4559378206755
 10
575.9674800227514
 20
198.551404728486
 10
576.1919938557037
 20
198.6473185475852
 10
576.4129933110922
 20
198.7436815849545
 10
576.6304685461623
 20
198.8404961475755
 10
576.8444097181589
 20
198.9377645424297
 10
577.0548069843271
 20
199.0354890764986
 10
577.2714113833999
 20
199.1383589112183
 10
577.4841042063737
 20
199.2417345457304
 10
577.6928741363654
 20
199.3456186325281
 10
577.8977098564919
 20
199.4500138241047
 10
578.0986000498701
 20
199.5549227729533
 10
578.2955333996172
 20
199.660348131567
 10
578.48849858885
 20
199.7662925524391
 10
578.6774843006854
 20
199.8727586880627
 10
578.8624792182404
 20
199.979749190931
 10
579.0434720246321
 20
200.0872667135372
 10
579.2204514029771
 20
200.1953139083744
 10
579.3934060363929
 20
200.3038934279358
 10
579.5527810421881
 20
200.4067583527063
 10
579.7085585858072
 20
200.5101010845738
 10
579.8607291816563
 20
200.6139238468072
 10
580.0092833441416
 20
200.7182288626751
 10
580.1542115876698
 20
200.8230183554464
 10
580.2949550585837
 20
200.9278789382862
 10
580.4320823322132
 20
201.0332245920075
 10
580.5655840346062
 20
201.1390575137119
 10
580.6954507918119
 20
201.2453799005011
 10
580.8216732298786
 20
201.3521939494768
 10
580.9442419748544
 20
201.4595018577405
 10
581.0631476527885
 20
201.5673058223939
 10
581.1689186155709
 20
201.6665637715643
 10
581.2715964874669
 20
201.7662420843988
 10
581.3711740481468
 20
201.8663424532252
 10
581.4676440772812
 20
201.9668665703713
 10
581.5609993545406
 20
202.0678161281646
 10
581.6512326595955
 20
202.1691928189329
 10
581.7383367721162
 20
202.2709983350039
 10
581.8223044717736
 20
202.3732343687054
 10
581.903128538238
 20
202.4759026123649
 10
581.9808017511798
 20
202.5790047583103
 10
582.0553168902694
 20
202.6825424988693
 10
582.1266667351774
 20
202.7865175263695
 10
582.1910338077457
 20
202.8849531633777
 10
582.2525745277176
 20
202.9837804624737
 10
582.3112828431517
 20
203.0830008421342
 10
582.3671527021072
 20
203.1826157208355
 10
582.4201780526421
 20
203.2826265170543
 10
582.4779721864379
 20
203.3988374024458
 10
582.5319408829612
 20
203.5155824011661
 10
582.5820747682603
 20
203.6328637103167
 10
582.628364468384
 20
203.7506835269994
 10
582.6708006093806
 20
203.8690440483158
 10
582.7093738172989
 20
203.9879474713675
 10
582.7440747181872
 20
204.1073959932561
 10
582.7724741954389
 20
204.2173711749604
 10
582.7976086694907
 20
204.3278051368248
 10
582.8194818332
 20
204.4386917710609
 10
582.8380981360856
 20
204.5500244290633
 10
582.8534620276653
 20
204.6617964622267
 10
582.8655779574576
 20
204.7740012219455
 10
582.8744503749807
 20
204.8866320596143
 10
582.8800837297531
 20
204.9996823266277
 10
582.8824824712924
 20
205.1131453743802
 10
582.8816510491177
 20
205.2270145542664
 10
582.877593912747
 20
205.3412832176809
 10
582.8703155116982
 20
205.4559447160183
 10
582.8605066015655
 20
205.5644079598696
 10
582.8478417379056
 20
205.6732089427427
 10
582.8323246502194
 20
205.7823420919042
 10
582.8139590680074
 20
205.8918018346212
 10
582.7927487207703
 20
206.0015825981603
 10
582.7653920262477
 20
206.1258867881677
 10
582.7344203916347
 20
206.2505849344679
 10
582.6998391817294
 20
206.375669020816
 10
582.6616537613304
 20
206.5011310309673
 10
582.619869495236
 20
206.6269629486769
 10
582.5744917482449
 20
206.7531567577002
 10
582.5284205003338
 20
206.8724637524493
 10
582.4791639871088
 20
206.9920786158505
 10
582.4267267052408
 20
207.1119946288417
 10
582.3711131513999
 20
207.2322050723606
 10
582.3123278222575
 20
207.3527032273452
 10
582.2503752144842
 20
207.4734823747334
 10
582.1852598247508
 20
207.5945357954629
 10
582.1169861497278
 20
207.7158567704717
 10
582.0455586860865
 20
207.8374385806976
 10
581.9709819304969
 20
207.9592745070785
 10
581.8946758155414
 20
208.0791756406761
 10
581.8153404766747
 20
208.1993090491437
 10
581.732980173951
 20
208.3196683669795
 10
581.6475991674237
 20
208.4402472286816
 10
581.5469140423614
 20
208.5775270762798
 10
581.442339967429
 20
208.7150728650452
 10
581.3338831938794
 20
208.8528752541657
 10
581.221549972965
 20
208.9909249028295
 10
581.1053465559389
 20
209.1292124702246
 10
580.9852791940539
 20
209.2677286155391
 10
580.8613541385628
 20
209.406463997961
 10
580.7335776407181
 20
209.5454092766784
 10
580.5955924469296
 20
209.6911859464764
 10
580.4533943215995
 20
209.8371719872894
 10
580.3069904522173
 20
209.9833566593521
 10
580.1563880262725
 20
210.1297292228993
 10
580.0015942312546
 20
210.2762789381659
 10
579.842616254653
 20
210.4229950653865
 10
579.6869679340073
 20
210.563187648525
 10
579.5275199671028
 20
210.70351273266
 10
579.3642786051926
 20
210.8439609769796
 10
579.1972500995294
 20
210.984523040672
 10
579.0264407013658
 20
211.125189582925
 10
578.8518566619547
 20
211.2659512629269
 10
578.6735042325488
 20
211.4067987398656
 10
578.4913896644013
 20
211.5477226729293
 10
578.2965746568444
 20
211.6954290958051
 10
578.0976447289661
 20
211.8431984383522
 10
577.8946070682555
 20
211.9910199608054
 10
577.6874688622021
 20
212.1388829233994
 10
577.4762372982955
 20
212.2867765863691
 10
577.2609195640248
 20
212.4346902099493
 10
577.0415228468798
 20
212.5826130543747
 10
576.81805433435
 20
212.7305343798802
 10
576.5905212139246
 20
212.8784434467005
 10
576.3589306730933
 20
213.0263295150706
 10
576.1232898993455
 20
213.174181845225
 10
575.8836060801705
 20
213.3219896973987
 10
575.6539218374274
 20
213.46130099901
 10
575.4206558237577
 20
213.6005542113075
 10
575.1838140635768
 20
213.7397403324267
 10
574.9434025812997
 20
213.878850360503
 10
574.6994274013418
 20
214.0178752936719
 10
574.458576281777
 20
214.1530832466509
 10
574.2143612197322
 20
214.2881937827874
 10
573.9667879742819
 20
214.4231987261164
 10
573.7158698276323
 20
214.5580943219465
 10
573.4616295575602
 20
214.6928823960435
 10
573.2040905493068
 20
214.8275651311752
 10
572.9432761881139
 20
214.9621447101094
 10
572.6526252684425
 20
215.1100657066619
 10
572.3580705936133
 20
215.257867430628
 10
572.0596432893833
 20
215.4055527872716
 10
571.7573744815091
 20
215.5531246818563
 10
571.4512952957472
 20
215.700586019646
 10
571.1414368578543
 20
215.8479397059046
 10
570.8278302935873
 20
215.9951886458957
 10
570.5105067287026
 20
216.1423357448833
 10
570.189497288957
 20
216.289383908131
 10
569.8648331001073
 20
216.4363360409029
 10
569.5424391659653
 20
216.5805733659792
 10
569.2165793560072
 20
216.7247236144356
 10
568.8872831581373
 20
216.8687895386596
 10
568.5545800602596
 20
217.0127738910384
 10
568.2123579171733
 20
217.1592951757648
 10
567.8666655562542
 20
217.3057376540792
 10
567.5175341032595
 20
217.4521042312454
 10
567.1649946839459
 20
217.5983978125271
 10
566.8090784240696
 20
217.7446213031883
 10
566.4562610004705
 20
217.8881682467939
 10
566.100245772911
 20
218.0316531354833
 10
565.7410622292948
 20
218.1750787216437
 10
565.3787398575266
 20
218.3184477576627
 10
564.943352013358
 20
218.4890552648857
 10
564.5036072593248
 20
218.6595911719069
 10
564.059555346912
 20
218.8300601225069
 10
563.6112460276042
 20
219.0004667604665
 10
563.1587290528871
 20
219.1708157295664
 10
562.7020541742448
 20
219.3411116735872
 10
562.2623042463428
 20
219.50362169469
 10
561.818854417382
 20
219.6660916717185
 10
561.3717479582587
 20
219.8285256435582
 10
560.9210281398693
 20
219.9909276490946
 10
560.4667382331098
 20
220.1533017272133
 10
560.008921508876
 20
220.3156519167998
 10
559.5476212380645
 20
220.4779822567396
 10
559.0828806915711
 20
220.6402967859183
 10
558.5923668800776
 20
220.8103280210817
 10
558.0981745880595
 20
220.9803509803255
 10
557.6003535670015
 20
221.1503703074305
 10
557.0989535683885
 20
221.3203906461774
 10
556.5940243437051
 20
221.4904166403469
 10
556.0856156444365
 20
221.6604529337196
 10
555.5737772220677
 20
221.8305041700763
 10
555.0585588280835
 20
222.0005749931977
 10
554.5400102139686
 20
222.1706700468644
 10
554.0181811312082
 20
222.3407939748573
 10
553.4931213312868
 20
222.5109514209569
 10
552.9648805656899
 20
222.681147028944
 10
552.3382950378227
 20
222.881790018609
 10
551.7074416043437
 20
223.0825000688599
 10
551.072401712005
 20
223.2832847818991
 10
550.4332568075595
 20
223.4841517599289
 10
549.8380640219473
 20
223.6701581402343
 10
549.2394885488424
 20
223.856247545132
 10
548.6375949792035
 20
224.0424260035121
 10
548.0324479039894
 20
224.2286995442651
 10
547.4241119141584
 20
224.4150741962812
 10
546.8126516006695
 20
224.601555988451
 10
546.1981306139727
 20
224.7881507950184
 10
545.5186677793487
 20
224.9935375869426
 10
544.8355644254999
 20
225.1990598005748
 10
544.1488348685075
 20
225.4047136783413
 10
543.4584934244531
 20
225.6104954626682
 10
542.7645544094182
 20
225.8164013959818
 10
542.0670321394842
 20
226.0224277207082
 10
541.3659409307329
 20
226.2285706792739
 10
540.6612950992455
 20
226.4348265141049
 10
539.9531089611035
 20
226.6411914676276
 10
539.2413968323884
 20
226.8476617822681
 10
538.5389755942043
 20
227.0505440469954
 10
537.833180541443
 20
227.2535207591195
 10
537.1240252368666
 20
227.4565883587919
 10
536.4115232432378
 20
227.6597432861644
 10
535.6826421716955
 20
227.8666779835975
 10
534.9503199834922
 20
228.0736957651041
 10
534.2145709947091
 20
228.2807928731102
 10
533.475409521428
 20
228.4879655500422
 10
532.73284987973
 20
228.6952100383263
 10
532.0002563957374
 20
228.8988199957073
 10
531.2644123950064
 20
229.102492038227
 10
530.5253314402993
 20
229.306222606037
 10
529.7830270943784
 20
229.5100081392887
 10
529.0222650183389
 20
229.7180055259504
 10
528.2581751737673
 20
229.9260526555265
 10
527.4907719708608
 20
230.1341457457407
 10
526.7200698198167
 20
230.3422810143164
 10
525.9460831308319
 20
230.550454678977
 10
525.1688263141039
 20
230.7586629574462
 10
524.3883137798293
 20
230.9669020674474
 10
523.5587736775158
 20
231.1873092342451
 10
522.7256204493228
 20
231.4077422127103
 10
521.8888711751962
 20
231.6281965198318
 10
521.0485429350808
 20
231.8486676725981
 10
520.204652808922
 20
232.0691511879982
 10
519.3572178766652
 20
232.2896425830208
 10
518.5549763905242
 20
232.4975376589859
 10
517.7496131439095
 20
232.7054319968952
 10
516.9411424529023
 20
232.913321839175
 10
516.1295786335844
 20
233.1212034282516
 10
515.314936002037
 20
233.3290730065512
 10
514.4021186003895
 20
233.5610515121334
 10
513.4855039172003
 20
233.7930051526512
 10
512.5651118546253
 20
234.0249287043414
 10
511.6409623148214
 20
234.2568169434407
 10
510.7130751999445
 20
234.4886646461859
 10
509.7814704121511
 20
234.7204665888137
 10
508.8461678535975
 20
234.9522175475608
 10
507.9071874264403
 20
235.1839122986641
 10
506.9645490328354
 20
235.4155456183603
 10
506.0182725749394
 20
235.647112282886
 10
505.0683779549085
 20
235.8786070684781
 10
504.1148850748991
 20
236.1100247513732
 10
503.1578138370677
 20
236.3413601078082
 10
502.1971841435702
 20
236.5726079140197
 10
501.2330158965633
 20
236.8037629462446
 10
500.2653289982032
 20
237.0348199807195
 10
499.2478094834905
 20
237.2767689306787
 10
498.2264729545594
 20
237.5185985883269
 10
497.2013422942692
 20
237.7603029475493
 10
496.1724403854794
 20
238.0018760022307
 10
495.1397901110494
 20
238.2433117462561
 10
494.1034143538384
 20
238.4846041735106
 10
492.9686006096314
 20
238.7476617662614
 10
491.8294101736927
 20
239.0105338548664
 10
490.6858727541977
 20
239.2732126417547
 10
489.538018059321
 20
239.5356903293555
 10
488.3858757972381
 20
239.7979591200981
 10
487.2294756761237
 20
240.0600112164116
 10
486.0688474041531
 20
240.3218388207252
 10
485.0012492146355
 20
240.5616435883536
 10
483.930146049891
 20
240.8012471621028
 10
482.8555607927789
 20
241.0406435358576
 10
481.7775163261584
 20
241.2798267035032
 10
480.6960355328893
 20
241.5187906589244
 10
479.6111412958305
 20
241.7575293960063
 10
478.5228564978416
 20
241.9960369086339
 10
477.431204021782
 20
242.234307190692
 10
476.336206750511
 20
242.4723342360658
 10
475.2378875668879
 20
242.7101120386403
 10
474.1362693537721
 20
242.9476345923002
 10
473.0313749940233
 20
243.1848958909308
 10
471.9866373315713
 20
243.4083547164602
 10
470.9390267639898
 20
243.6315709180764
 10
469.8885624712511
 20
243.8545394615695
 10
468.8352636333279
 20
244.0772553127293
 10
467.7791494301925
 20
244.2997134373459
 10
466.5563888386848
 20
244.5562143115393
 10
465.3299308067775
 20
244.8123572128703
 10
464.0998048486162
 20
245.0681343946957
 10
462.8660404783464
 20
245.3235381103719
 10
461.6286672101135
 20
245.5785606132555
 10
460.4099056439393
 20
245.8286505848617
 10
459.1877193487956
 20
246.0783580253986
 10
457.9621362857788
 20
246.3276755958549
 10
456.7331844159857
 20
246.5765959572194
 10
455.4757082796773
 20
246.8301792580203
 10
454.2147832533768
 20
247.0833335324883
 10
452.9504390452595
 20
247.3360509830527
 10
451.6827053635002
 20
247.5883238121426
 10
450.4116119162742
 20
247.8401442221871
 10
449.1371884117563
 20
248.0915044156156
 10
447.8594645581217
 20
248.3423965948573
 10
446.5784700635454
 20
248.5928129623412
 10
445.2942346362024
 20
248.8427457204965
 10
444.0067879842679
 20
249.0921870717526
 10
442.7161598159168
 20
249.3411292185385
 10
441.4223798393242
 20
249.5895643632835
 10
440.125477762665
 20
249.8374847084168
 10
438.8254832941146
 20
250.0848824563674
 10
437.3919531227815
 20
250.3564070729666
 10
435.9547566457325
 20
250.6272795333475
 10
434.5139334045487
 20
250.8974894589432
 10
433.0695229408111
 20
251.1670264711872
 10
431.6215647961006
 20
251.4358801915127
 10
430.0820189812051
 20
251.7202698421954
 10
428.5385740876542
 20
252.0038668109509
 10
426.9912772909299
 20
252.2866587155255
 10
425.4401757665139
 20
252.5686331736658
 10
423.8853166898875
 20
252.8497778031179
 10
422.3267472365331
 20
253.1300802216282
 10
420.8538828784669
 20
253.3935828374981
 10
419.3778015508326
 20
253.6563153588913
 10
417.8985427952111
 20
253.9182674072409
 10
416.4161461531833
 20
254.1794286039803
 10
414.9306511663304
 20
254.4397885705426
 10
413.2691224930514
 20
254.7294100333433
 10
411.6038386977825
 20
255.0180061155268
 10
409.9348547510634
 20
255.3055623888532
 10
408.2622256234337
 20
255.5920644250827
 10
406.586006285433
 20
255.8774977959754
 10
404.9062517076013
 20
256.1618480732915
 10
403.2230168604779
 20
256.4451008287911
 10
401.5363567146026
 20
256.7272416342343
 10
399.9303943754581
 20
256.9943173152378
 10
398.3214355497823
 20
257.260363408951
 10
396.7095274130569
 20
257.5253675331204
 10
395.0947171407635
 20
257.7893173054922
 10
393.4770519083838
 20
258.0522003438128
 10
391.8565788913997
 20
258.3140042658285
 10
389.9431952249981
 20
258.6211566750298
 10
388.0260542176667
 20
258.9267726886819
 10
386.1052330990557
 20
259.2308320361468
 10
384.1808090988156
 20
259.5333144467862
 10
382.2134769365166
 20
259.8403227238207
 10
380.2425460093029
 20
260.1456311930498
 10
378.2680805734257
 20
260.4491906876796
 10
376.2901445554602
 20
260.7509515291536
 10
374.308801881982
 20
261.0508640389158
 10
372.3241164795665
 20
261.34887853841
 10
370.3361522747892
 20
261.6449453490799
 10
368.3449731942253
 20
261.9390147923693
 10
366.3506431644505
 20
262.231037189722
 10
364.3532261120401
 20
262.5209628625818
 10
362.3527859635697
 20
262.8087421323926
 10
360.3493866456145
 20
263.094325320598
 10
358.3430920847501
 20
263.3776627486419
 10
356.3339662075521
 20
263.658704737968
 10
354.1207338686364
 20
263.9651404031511
 10
351.9042380743849
 20
264.2686723542743
 10
349.6845639110697
 20
264.5692344691794
 10
347.4617964649626
 20
264.8667606257081
 10
345.2360208223356
 20
265.1611847017022
 10
343.0918785001228
 20
265.4414557890555
 10
340.9451063027396
 20
265.7187354899347
 10
338.7957800003092
 20
265.9929649219378
 10
336.6439753629546
 20
266.2640852026627
 10
334.4897681607989
 20
266.5320374497074
 10
332.3332341639654
 20
266.7967627806696
 10
330.297867604611
 20
267.0433524539454
 10
328.260563439426
 20
267.2869717653292
 10
326.2213851774693
 20
267.5275713607244
 10
324.1803963278003
 20
267.7651018860349
 10
322.1376603994782
 20
267.9995139871642
 10
320.0932409015622
 20
268.2307583100156
 10
318.0472013431116
 20
268.458785500493
 10
315.9996052331855
 20
268.6835462044999
 10
313.9505160808431
 20
268.9049910679398
 10
311.8999973951437
 20
269.1230707367163
 10
309.884765094423
 20
269.3339327796018
 10
307.8682752875735
 20
269.5414543760148
 10
305.8505881417765
 20
269.7455887688957
 10
303.8317638242134
 20
269.9462892011849
 10
301.7751274291681
 20
270.1470622194516
 10
299.7174380187595
 20
270.3441774437691
 10
297.6587591020472
 20
270.5375855200408
 10
295.5991541880902
 20
270.7272370941704
 10
293.5386867859476
 20
270.9130828120615
 10
291.5142353713052
 20
271.0918575819286
 10
289.4890734249103
 20
271.2668668411445
 10
287.4632611139442
 20
271.4380638326493
 10
285.4368586055882
 20
271.6054017993836
 10
283.3685549999162
 20
271.7721283388391
 10
281.2997634359711
 20
271.9347383715103
 10
279.2305478403285
 20
272.0931822188409
 10
277.1609721395639
 20
272.2474102022747
 10
275.0911002602527
 20
272.3973726432556
 10
273.0209961289703
 20
272.5430198632272
 10
270.9507236722924
 20
272.6843021836336
 10
269.2291785267853
 20
272.7984211457394
 10
267.5075979510402
 20
272.9094592301116
 10
265.7860186979849
 20
273.0173878753517
 10
264.0644775205471
 20
273.1221785200613
 10
262.3430111716547
 20
273.2238026028421
 10
260.6216564042355
 20
273.3222315622956
 10
258.9987999873914
 20
273.4120838760136
 10
257.3761062423993
 20
273.4990464601854
 10
255.7536059748562
 20
273.5830953751965
 10
254.1313299903588
 20
273.6642066814323
 10
252.5093090945042
 20
273.7423564392783
 10
250.8875740928891
 20
273.8175207091199
 10
249.2661557911103
 20
273.8896755513426
 10
247.6450849947649
 20
273.9587970263318
 10
246.0243925094496
 20
274.0248611944729
 10
244.4041091407614
 20
274.0878441161514
 10
242.8131874339062
 20
274.1466799749664
 10
241.2227192626395
 20
274.2024978771325
 10
239.6327338115524
 20
274.2552751427495
 10
238.0432602652365
 20
274.304989091917
 10
236.4254433174073
 20
274.3524361198755
 10
234.8082181193865
 20
274.3966599736565
 10
233.1916154767711
 20
274.4376367136455
 10
231.5756661951579
 20
274.4753424002279
 10
229.9604010801438
 20
274.5097530937893
 10
228.3746757417057
 20
274.5403188875625
 10
226.7896692533221
 20
274.567660543775
 10
225.2054107995844
 20
274.5917553825266
 10
223.6219295650839
 20
274.6125807239169
 10
222.0069638492661
 20
274.6304372694515
 10
220.392868795697
 20
274.6448417949767
 10
218.779675412493
 20
274.6557702034962
 10
217.1674147077706
 20
274.6631983980133
 10
215.5561176896467
 20
274.6671022815317
 10
213.9458153662375
 20
274.6674577570548
 10
212.3365387456602
 20
274.6642407275863
 10
210.6346057137845
 20
274.6569184687594
 10
208.9338929320571
 20
274.6455395191161
 10
207.2344371534057
 20
274.630075317258
 10
205.5362751307584
 20
274.6104973017866
 10
203.8394436170426
 20
274.5867769113034
 10
202.1439793651864
 20
274.5588855844103
 10
200.5466841066025
 20
274.528742148733
 10
198.9506677941079
 20
274.4948415055935
 10
197.3559612332996
 20
274.4571597153772
 10
195.7625952297745
 20
274.4156728384696
 10
194.1706005891294
 20
274.3703569352561
 10
192.5800081169611
 20
274.3211880661222
 10
190.9908486188665
 20
274.2681422914533
 10
189.4031529004425
 20
274.2111956716349
 10
187.816951767286
 20
274.1503242670523
 10
186.2322760249939
 20
274.0855041380912
 10
184.6774126460754
 20
274.0179747633892
 10
183.1240795660003
 20
273.9465906588574
 10
181.5723059693602
 20
273.8713291445952
 10
180.0221210407463
 20
273.7921675407025
 10
178.708080189806
 20
273.7219247592861
 10
177.3952219012128
 20
273.6488440180381
 10
176.0835640022794
 20
273.5729114630146
 10
174.7731243203192
 20
273.4941132402723
 10
173.4639206826449
 20
273.4124354958673
 10
172.1559709165699
 20
273.3278643758561
 10
170.9239255985023
 20
273.2454633480282
 10
169.6930257373252
 20
273.1604662403527
 10
168.4632862755493
 20
273.0728614407209
 10
167.2347221556854
 20
272.9826373370236
 10
166.007348320244
 20
272.8897823171519
 10
164.6389353173235
 20
272.7830285397818
 10
163.2720443366879
 20
272.6729670452929
 10
161.9066961513529
 20
272.5595816905803
 10
160.5429115343339
 20
272.442856332539
 10
159.1807112586467
 20
272.3227748280638
 10
157.8201160973067
 20
272.1993210340497
 10
156.4611468233298
 20
272.0724788073916
 10
155.1038242133213
 20
271.9422320056711
 10
153.8155131547208
 20
271.8152906467461
 10
152.5287876876042
 20
271.6852581126211
 10
151.2437234257462
 20
271.5521316012758
 10
149.9603959829215
 20
271.4159083106903
 10
148.6788809729047
 20
271.2765854388443
 10
147.3992540094706
 20
271.1341601837178
 10
146.1945458202298
 20
270.9970294672318
 10
144.9916466629829
 20
270.8571359557853
 10
143.7906199157409
 20
270.7144773007789
 10
142.5915289565146
 20
270.5690511536131
 10
141.3944371633152
 20
270.4208551656888
 10
140.1994079141537
 20
270.2698869884065
 10
139.0065045870408
 20
270.1161442731669
 10
137.8157905599877
 20
269.9596246713705
 10
136.6273292110052
 20
269.8003258344181
 10
135.4411839181043
 20
269.6382454137104
 10
134.2785355025679
 20
269.4763494932321
 10
133.1182423431122
 20
269.3117659538063
 10
131.9603644827661
 20
269.1444925704178
 10
130.8049619645585
 20
268.9745271180519
 10
129.6311574528276
 20
268.7987031508034
 10
128.4600447382435
 20
268.6200836759604
 10
127.291687198817
 20
268.4386663449237
 10
126.1261482125592
 20
268.2544488090938
 10
124.963491157481
 20
268.0674287198713
 10
123.8244623549005
 20
267.8810180708082
 10
122.6883346541187
 20
267.6918995753891
 10
121.5551680981644
 20
267.5000710085992
 10
120.4250227300666
 20
267.3055301454235
 10
119.4185662723271
 20
267.1295391734778
 10
118.4146088904268
 20
266.9513826179693
 10
117.413193321808
 20
266.7710588951765
 10
116.4143623039125
 20
266.5885664213775
 10
115.4181585741823
 20
266.4039036128509
 10
114.4246248700596
 20
266.2170688858748
 10
113.4338039289864
 20
266.0280606567277
 10
112.4457384884048
 20
265.836877341688
 10
111.4664845900726
 20
265.6447057751728
 10
110.4900367875007
 20
265.4503825102011
 10
109.5164370392852
 20
265.2539059919127
 10
108.5457273040226
 20
265.0552746654477
 10
107.5779495403092
 20
264.8544869759461
 10
106.6131457067411
 20
264.651541368548
 10
105.6513577619147
 20
264.4464362883934
 10
104.6926276644265
 20
264.2391701806223
 10
103.6915692022715
 20
264.0197147271634
 10
102.6939610373468
 20
263.7978840394489
 10
101.6998514122969
 20
263.5736763297512
 10
100.7092885697668
 20
263.3470898103419
 10
99.72232075240103
 20
263.1181226934932
 10
98.73899620284448
 20
262.8867731914771
 10
97.89908290147395
 20
262.6865760790785
 10
97.0619121104406
 20
262.4846262036511
 10
96.22751420995232
 20
262.2809224393953
 10
95.39591958021677
 20
262.0754636605115
 10
94.56715860144178
 20
261.8682487412003
 10
93.7412616538351
 20
261.659276555662
 10
92.91825911760466
 20
261.4485459780971
 10
92.01633563166845
 20
261.2147100563432
 10
91.11799157960533
 20
260.9787436195804
 10
90.2232673974718
 20
260.7406451693697
 10
89.33220352132443
 20
260.5004132072715
 10
88.44484038721978
 20
260.258046234847
 10
87.64139204249861
 20
260.0358586677451
 10
86.84106596071186
 20
259.8119042651198
 10
86.04389252206735
 20
259.5861819011718
 10
85.24990210677288
 20
259.3586904501014
 10
84.45912509503614
 20
259.1294287861091
 10
83.67159186706505
 20
258.8983957833954
 10
82.88733280306738
 20
258.6655903161607
 10
82.1713308700017
 20
258.4506272821703
 10
81.45812907247281
 20
258.2341730724944
 10
80.74775081097638
 20
258.0162268199806
 10
80.04021948600814
 20
257.7967876574766
 10
79.33555849806373
 20
257.57585471783
 10
78.63379124763864
 20
257.3534271338885
 10
77.93494113522905
 20
257.1295040384999
 10
77.23903156133036
 20
256.9040845645118
 10
76.54608592643831
 20
256.6771678447719
 10
75.8561276310486
 20
256.448753012128
 10
75.1691800756569
 20
256.2188391994275
 10
74.48526666075861
 20
255.9874255395182
 10
73.8432340621307
 20
255.767861000599
 10
73.20393916888875
 20
255.5469616304092
 10
72.56740159487805
 20
255.3247267021185
 10
71.93364095394375
 20
255.1011554888965
 10
71.3026768599311
 20
254.8762472639127
 10
70.57615123060137
 20
254.6143535059483
 10
69.85342599384401
 20
254.3506677830063
 10
69.13453152986685
 20
254.0851889692872
 10
68.41949821887764
 20
253.8179159389914
 10
67.70835644108416
 20
253.5488475663193
 10
67.0011365766942
 20
253.2779827254715
 10
66.29786900591554
 20
253.0053202906483
 10
65.65670499301737
 20
252.7537996275077
 10
65.01891093292119
 20
252.5007666729595
 10
64.38451022612267
 20
252.2462205598513
 10
63.75352627311756
 20
251.990160421031
 10
63.1259824744015
 20
251.732585389346
 10
62.50190223046999
 20
251.473494597644
 10
61.88130894181916
 20
251.212887178773
 10
61.26422600894446
 20
250.9507622655804
 10
60.65067683234162
 20
250.687118990914
 10
60.04068484180016
 20
250.4219566233508
 10
59.43427545509326
 20
250.1552836425547
 10
58.83147731167145
 20
249.8871234554483
 10
58.26645837658862
 20
249.6329468032718
 10
57.70469973615243
 20
249.3774908369585
 10
57.14622564199738
 20
249.120776318323
 10
56.59106034575785
 20
248.8628240091805
 10
56.03922809906831
 20
248.6036546713456
 10
55.45762068538798
 20
248.3274713438332
 10
54.87981878383187
 20
248.0499671234888
 10
54.3058513280568
 20
247.7711667804048
 10
53.73574725171966
 20
247.4910950846736
 10
53.16953548847727
 20
247.2097768063879
 10
52.60724497198629
 20
246.9272367156398
 10
52.0807028801641
 20
246.659744947701
 10
51.55769666974359
 20
246.3912097953399
 10
51.03825059235913
 20
246.1216520203713
 10
50.52238889964519
 20
245.8510923846101
 10
50.01013584323627
 20
245.5795516498712
 10
49.50151567476669
 20
245.3070505779695
 10
48.99655264587096
 20
245.0336099307198
 10
48.49527100818347
 20
244.759250469937
 10
47.99769501333867
 20
244.4839929574361
 10
47.50384891297099
 20
244.2078581550319
 10
47.02247553963869
 20
243.9358204890148
 10
46.54474640838558
 20
243.6629762813885
 10
46.07068449471319
 20
243.3893452014712
 10
45.60031277412304
 20
243.1149469185807
 10
45.11063020424888
 20
242.8261496968161
 10
44.6250644242935
 20
242.5365517722195
 10
44.14364199677107
 20
242.2461758849491
 10
43.66638948419603
 20
241.9550447751632
 10
43.1933334490825
 20
241.6631811830199
 10
42.73283528541714
 20
241.3758384645746
 10
42.27643585028574
 20
241.087832669105
 10
41.82416030847014
 20
240.799185340171
 10
41.37603382475203
 20
240.5099180213325
 10
40.97944745821911
 20
240.2511372769115
 10
40.58620666840358
 20
239.991894789009
 10
40.19632936710019
 20
239.7322058919055
 10
39.80983346610338
 20
239.4720859198816
 10
39.42673687720793
 20
239.2115502072175
 10
39.04705751220837
 20
238.9506140881937
 10
38.67081328289919
 20
238.6892928970908
 10
38.29802210107482
 20
238.4276019681889
 10
37.92870187853032
 20
238.1655566357688
 10
37.56287052706006
 20
237.9031722341109
 10
37.20054595845863
 20
237.6404640974954
 10
36.84174608452065
 20
237.377447560203
 10
36.48648881704065
 20
237.114137956514
 10
36.13479206781335
 20
236.8505506207088
 10
35.78667374863329
 20
236.586700887068
 10
35.4421517712953
 20
236.3226040898722
 10
35.08510080286078
 20
236.04568297168
 10
34.73203709268671
 20
235.7685251601577
 10
34.38298123517842
 20
235.4911482861677
 10
34.03795382474141
 20
235.2135699805726
 10
33.69697545578117
 20
234.935807874235
 10
33.36006672270304
 20
234.6578795980174
 10
33.04228730825741
 20
234.3924456112611
 10
32.72825264766601
 20
234.1268916164161
 10
32.41798065272337
 20
233.8612329477628
 10
32.1114892352241
 20
233.5954849395817
 10
31.80879630696279
 20
233.3296629261531
 10
31.50991977973405
 20
233.0637822417576
 10
31.21487756533247
 20
232.7978582206755
 10
30.923687575553
 20
232.5319061971875
 10
30.62278266337
 20
232.2532764653369
 10
30.32614584224905
 20
231.974650461009
 10
30.03379770659546
 20
231.6960458150666
 10
29.74575885081464
 20
231.4174801583721
 10
29.46204986931224
 20
231.1389711217882
 10
29.18269135649354
 20
230.8605363361772
 10
28.94671943150047
 20
230.6219504107262
 10
28.71397186886912
 20
230.3834430931145
 10
28.48446163767102
 20
230.1450254861594
 10
28.2582017069779
 20
229.906708692678
 10
28.03520504586152
 20
229.6685038154877
 10
27.81548462339327
 20
229.4304219574057
 10
27.5990534086452
 20
229.1924742212493
 10
27.36479358592578
 20
228.9308998735135
 10
27.13454665895847
 20
228.6695160255661
 10
26.90832988957777
 20
228.4083374552569
 10
26.68616053961802
 20
228.1473789404357
 10
26.46805587091353
 20
227.8866552589522
 10
26.26207344873205
 20
227.6360526865821
 10
26.0598846650754
 20
227.3856943153746
 10
25.86150489176885
 20
227.1355933051435
 10
25.66694950063777
 20
226.8857628157026
 10
25.47623386350767
 20
226.6362160068657
 10
25.28937335220377
 20
226.3869660384463
 10
25.11673537611517
 20
226.1522426306843
 10
24.94755107781742
 20
225.9178058371043
 10
24.78183334167892
 20
225.683666688009
 10
24.61959505206767
 20
225.449836213701
 10
24.46084909335229
 20
225.2163254444833
 10
24.30560834990069
 20
224.9831454106583
 10
24.15388570608133
 20
224.7503071425287
 10
24.00569404626236
 20
224.5178216703973
 10
23.86104625481215
 20
224.2857000245667
 10
23.71995521609881
 20
224.0539532353397
 10
23.58485817653337
 20
223.8267203299015
 10
23.45321663169722
 20
223.5998701026278
 10
23.32504278797694
 20
223.3734130034012
 10
23.20034885175897
 20
223.1473594821045
 10
23.07697575963971
 20
222.9176213497694
 10
22.95723580615493
 20
222.6883234679753
 10
22.84114187567297
 20
222.4594768670247
 10
22.72870685256197
 20
222.2310925772206
 10
22.61994362119032
 20
222.0031816288655
 10
22.51670908263458
 20
221.7798119297016
 10
22.41704100595803
 20
221.5569199076363
 10
22.32095159754726
 20
221.3345160125523
 10
22.22845306378878
 20
221.1126106943327
 10
22.13778102021456
 20
220.8867014846293
 10
22.0508735919413
 20
220.6613333930981
 10
21.96774374804079
 20
220.4365175225564
 10
21.88840445758467
 20
220.2122649758215
 10
21.81286868964457
 20
219.9885868557104
 10
21.74114941329208
 20
219.7654942650405
 10
21.67325959759904
 20
219.5429983066292
 10
21.60934775939097
 20
219.3215935334678
 10
21.5492744866072
 20
219.1008048766428
 10
21.49305266361614
 20
218.8806433664571
 10
21.44069517478601
 20
218.6611200332132
 10
21.39221490448494
 20
218.4422459072139
 10
21.34838680259173
 20
218.2279228417224
 10
21.30832331820255
 20
218.0142470942833
 10
21.27203665770389
 20
217.8012291147797
 10
21.23953902748229
 20
217.5888793530941
 10
21.21029665855883
 20
217.3728955806542
 10
21.18502523107639
 20
217.1576295621152
 10
21.16373771410662
 20
216.9430924002945
 10
21.14644707672113
 20
216.7292951980092
 10
21.13316628799157
 20
216.5162490580766
 10
21.12390831698963
 20
216.303965083314
 10
21.11868613278693
 20
216.0924543765387
 10
21.11751270445518
 20
215.8817280405676
 10
21.12040100106589
 20
215.6717971782182
 10
21.12736399169086
 20
215.4626728923076
 10
21.13841464540172
 20
215.2543662856532
 10
21.15356593127007
 20
215.0468884610721
 10
21.17283081836757
 20
214.8402505213816
 10
21.19622227576593
 20
214.6344635693991
 10
21.22130059892788
 20
214.44658258173
 10
21.24986727452216
 20
214.2594345415679
 10
21.28193229203646
 20
214.0730280009092
 10
21.31750538065847
 20
213.8873713678852
 10
21.3565881209521
 20
213.7024685469589
 10
21.39917252499151
 20
213.5183181541788
 10
21.44712015117506
 20
213.3277718926762
 10
21.49882947526322
 20
213.1380342602076
 10
21.55429092338204
 20
212.9491033654024
 10
21.61349492165743
 20
212.7609773168898
 10
21.6764318962156
 20
212.5736542232989
 10
21.74186931376846
 20
212.3904559301213
 10
21.81088927228996
 20
212.2080285546774
 10
21.88348270168814
 20
212.0263703051214
 10
21.95964053187095
 20
211.8454793896071
 10
22.04101744761493
 20
211.6616859467735
 10
22.12608665354713
 20
211.4786877077942
 10
22.21483851285359
 20
211.2964827688644
 10
22.30726338872057
 20
211.1150692261792
 10
22.40335164433446
 20
210.9344451759337
 10
22.50309364288137
 20
210.7546087143232
 10
22.6064797475475
 20
210.5755579375425
 10
22.71350032151912
 20
210.3972909417869
 10
22.82414572798245
 20
210.2198058232516
 10
22.93840633012371
 20
210.0431006781317
 10
23.05627249112916
 20
209.8671736026222
 10
23.17773457418497
 20
209.6920226929182
 10
23.30278294247739
 20
209.517646045215
 10
23.43140795919282
 20
209.3440417557075
 10
23.57701500497086
 20
209.1539668387744
 10
23.72692530819671
 20
208.96482163769
 10
23.88112604227132
 20
208.77660361849
 10
24.03960438059551
 20
208.5893102472103
 10
24.20234749657027
 20
208.4029389898863
 10
24.35398583069849
 20
208.2343086234077
 10
24.5091285371463
 20
208.0664363365883
 10
24.6677659790999
 20
207.8993202256233
 10
24.82988851974551
 20
207.7329583867077
 10
24.9954865222694
 20
207.5673489160367
 10
25.16455034985779
 20
207.4024899098054
 10
25.33707036569672
 20
207.2383794642091
 10
25.530822779012
 20
207.058720289395
 10
25.72873269296684
 20
206.879962035381
 10
25.93078728096219
 20
206.7021021682025
 10
26.13697371639876
 20
206.5251381538955
 10
26.34727917267753
 20
206.3490674584953
 10
26.5616908231994
 20
206.1738875480381
 10
26.78019584136513
 20
205.9995958885592
 10
27.0027814005756
 20
205.8261899460945
 10
27.22943467423181
 20
205.6536671866797
 10
27.46014283573459
 20
205.4820250763504
 10
27.69066571916591
 20
205.3143027525732
 10
27.92507544177982
 20
205.1474250620484
 10
28.16335985191898
 20
204.9813896041499
 10
28.40550679792648
 20
204.816193978252
 10
28.63257443402733
 20
204.6643632089593
 10
28.8629170184339
 20
204.5132449086749
 10
29.09652497727211
 20
204.3628371860279
 10
29.33338873666804
 20
204.2131381496475
 10
29.57349872274756
 20
204.064145908163
 10
29.81247155877463
 20
203.9185003879473
 10
30.05455741487214
 20
203.7735330290629
 10
30.29974722094806
 20
203.6292420396637
 10
30.54803190691035
 20
203.4856256279039
 10
30.84763161129052
 20
203.3155307758419
 10
31.15158932596785
 20
203.1463863952136
 10
31.45988974803925
 20
202.9781894628471
 10
31.77251757460112
 20
202.8109369555709
 10
32.08945750275024
 20
202.6446258502134
 10
32.41069422958338
 20
202.4792531236027
 10
32.73621245219692
 20
202.3148157525676
 10
33.06599686768777
 20
202.1513107139361
 10
33.4000321731524
 20
201.9887349845366
 10
33.73830306568749
 20
201.8270855411976
 10
34.08079424238974
 20
201.6663593607475
 10
34.42749040035568
 20
201.5065534200145
 10
34.75821301963407
 20
201.3567193955467
 10
35.09264735087203
 20
201.207698223905
 10
35.43078056747066
 20
201.0594873711249
 10
35.77259984283057
 20
200.9120843032421
 10
36.11809235035287
 20
200.7654864862925
 10
36.48852340678229
 20
200.6108810626915
 10
36.86305669641013
 20
200.4571755803695
 10
37.24167691633306
 20
200.3043670161549
 10
37.62436876364774
 20
200.1524523468761
 10
38.01111693545079
 20
200.0014285493614
 10
38.40190612883907
 20
199.8512926004391
 10
38.77405200783414
 20
199.7105463291954
 10
39.14976384198064
 20
199.5705841157288
 10
39.52902880467929
 20
199.4314034260752
 10
39.91183406933101
 20
199.2930017262701
 10
40.29816680933698
 20
199.1553764823493
 10
40.68801419809762
 20
199.0185251603485
 10
41.08136340901387
 20
198.8824452263034
 10
41.4782016154868
 20
198.7471341462496
 10
41.87851599091709
 20
198.612589386223
 10
42.28229370870594
 20
198.4788084122591
 10
42.68221982579735
 20
198.3481573817309
 10
43.08546217457706
 20
198.2182382578465
 10
43.49200860338794
 20
198.0890486399803
 10
43.90184696057287
 20
197.9605861275061
 10
44.32924797977222
 20
197.8284628858549
 10
44.76014507429312
 20
197.6971124574868
 10
45.19452479353191
 20
197.5665321851621
 10
45.63237368688505
 20
197.436719411641
 10
46.07367830374889
 20
197.3076714796838
 10
46.51045317695747
 20
197.181669880673
 10
46.95053573959242
 20
197.0564009707465
 10
47.39391324882737
 20
196.9318622324899
 10
47.84057296183605
 20
196.8080511484886
 10
48.29971831717506
 20
196.6824607759325
 10
48.76225440352573
 20
196.5576227649451
 10
49.22816768185862
 20
196.4335344408174
 10
49.6974446131442
 20
196.3101931288408
 10
50.17007165835292
 20
196.1875961543064
 10
50.64603527845537
 20
196.0657408425056
 10
51.12532193442206
 20
195.9446245187294
 10
51.60791808722334
 20
195.8242445082692
 10
52.09381019782984
 20
195.7045981364161
 10
52.58298472721202
 20
195.5856827284614
 10
53.07542813634038
 20
195.4674956096962
 10
53.57112688618545
 20
195.3500341054119
 10
54.07006743771771
 20
195.2332955408995
 10
54.57223625190787
 20
195.1172772414503
 10
55.12833443205474
 20
194.9904858259393
 10
55.68830440734345
 20
194.8645591347199
 10
56.25212815732576
 20
194.7394936077545
 10
56.81978766155339
 20
194.6152856850059
 10
57.39126489957835
 20
194.4919318064365
 10
58.00152884410065
 20
194.3620312194728
 10
58.61604553051592
 20
194.2330830822082
 10
59.23479345934675
 20
194.1050831473042
 10
59.85775113111569
 20
193.9780271674222
 10
60.48489704634537
 20
193.8519108952238
 10
61.11620970555845
 20
193.7267300833705
 10
61.7152444363349
 20
193.609555449962
 10
62.31794618443209
 20
193.4932050858747
 10
62.92429692940169
 20
193.3776754310712
 10
63.5342786507955
 20
193.262962925514
 10
64.14787332816542
 20
193.1490640091657
 10
64.76506294106287
 20
193.0359751219891
 10
65.38582946903972
 20
192.9236927039467
 10
66.01015489164766
 20
192.8122131950011
 10
66.6380211884385
 20
192.7015330351149
 10
67.26941033896364
 20
192.5916486642508
 10
67.89293630026773
 20
192.4844976697989
 10
68.51982596765001
 20
192.3781074903569
 10
69.15006226890699
 20
192.2724747532183
 10
69.78362813183543
 20
192.1675960856767
 10
70.47152895028518
 20
192.0551816327973
 10
71.16327116858582
 20
191.9436383667633
 10
71.85883328725993
 20
191.8329620402362
 10
72.55819380683013
 20
191.7231484058775
 10
73.26133122781903
 20
191.6141932163488
 10
73.96822405074923
 20
191.5060922243117
 10
74.63814332301317
 20
191.4049469908752
 10
75.31136393791718
 20
191.3045537857415
 10
75.98786787501291
 20
191.2049090488731
 10
76.66763711385218
 20
191.1060092202327
 10
77.35065363398698
 20
191.0078507397827
 10
78.03689941496867
 20
190.9104300474859
 10
78.72635643634908
 20
190.8137435833049
 10
79.41900667767993
 20
190.7177877872022
 10
80.11483211851305
 20
190.6225590991405
 10
80.81381473839983
 20
190.5280539590824
 10
81.50337120470104
 20
190.4359372488058
 10
82.19593864560443
 20
190.344511669521
 10
82.89149998890642
 20
190.2537738485214
 10
83.59003816240377
 20
190.1637204131007
 10
84.38742328087119
 20
190.0622134203621
 10
85.18860534892616
 20
189.9615808855928
 10
85.99355931461722
 20
189.8618178596436
 10
86.80226012599297
 20
189.7629193933656
 10
87.61468273110202
 20
189.6648805376099
 10
88.43080207799287
 20
189.5676963432272
 10
89.25059311471418
 20
189.4713618610687
 10
90.07403078931478
 20
189.3758721419853
 10
90.94056373199189
 20
189.2767359619687
 10
91.81104258182691
 20
189.1785157921243
 10
92.6854385348916
 20
189.08120594208
 10
93.56372278725783
 20
188.9848007214632
 10
94.4458665349974
 20
188.8892944399017
 10
95.3318409741822
 20
188.794681407023
 10
96.1946731082677
 20
188.7037753358753
 10
97.06105454747316
 20
188.6136988001966
 10
97.93095902108831
 20
188.5244466100658
 10
98.80436025840302
 20
188.4360135755612
 10
99.68123198870711
 20
188.3483945067615
 10
100.5615479412904
 20
188.2615842137453
 10
101.4452818454428
 20
188.1755775065911
 10
102.3324074304543
 20
188.0903691953775
 10
103.2653862559343
 20
188.0019540200959
 10
104.2020284329131
 20
187.9144034257123
 10
105.1423037561728
 20
187.8277114450218
 10
106.0861820204957
 20
187.7418721108197
 10
107.0336330206639
 20
187.6568794559013
 10
107.98462655146
 20
187.5727275130618
 10
108.9391324076657
 20
187.4894103150965
 10
109.8971203840633
 20
187.4069218948005
 10
110.8585602754353
 20
187.3252562849692
 10
111.8234218765636
 20
187.2444075183977
 10
112.7916749822306
 20
187.1643696278813
 10
113.7632893872189
 20
187.0851366462152
 10
114.6824345062993
 20
187.0111631329334
 10
115.6045155826236
 20
186.9378948608733
 10
116.5295072987593
 20
186.8653268284388
 10
117.4573843372742
 20
186.7934540340337
 10
118.3881213807356
 20
186.7222714760618
 10
119.3783637633794
 20
186.6475235006329
 10
120.3717646388819
 20
186.5735403685366
 10
121.3682938020252
 20
186.5003161125683
 10
122.3679210475916
 20
186.4278447655231
 10
123.3706161703633
 20
186.3561203601963
 10
124.3763489651231
 20
186.2851369293831
 10
125.5655355825276
 20
186.2024210330636
 10
126.7588502152307
 20
186.1207163156537
 10
127.9562434151221
 20
186.0400130084109
 10
129.1576657340919
 20
185.9603013425925
 10
130.3877088555321
 20
185.8799749740622
 10
131.621843203246
 20
185.8006605844752
 10
132.8600162394835
 20
185.7223477947137
 10
134.1021754264945
 20
185.6450262256601
 10
135.3482682265291
 20
185.5686854981965
 10
136.5982421018373
 20
185.4933152332053
 10
137.8520445146688
 20
185.4189050515686
 10
139.1068750476275
 20
185.3456038253171
 10
140.3654129266283
 20
185.2732378523296
 10
141.627605957055
 20
185.2017968212762
 10
142.8934019442914
 20
185.131270420827
 10
144.1627486937211
 20
185.0616483396523
 10
145.4128342530735
 20
184.9941397735127
 10
146.6662450986654
 20
184.927483802799
 10
147.9229317823867
 20
184.8616706587686
 10
149.1828448561274
 20
184.796690572679
 10
150.4717449516483
 20
184.7312329572572
 10
151.7639004456015
 20
184.6666221984507
 10
153.0592588002367
 20
184.602847917142
 10
154.3577674778041
 20
184.5398997342131
 10
155.6593739405536
 20
184.4777672705464
 10
156.9640256507351
 20
184.4164401470241
 10
158.2716700705984
 20
184.3559079845285
 10
159.8009675887489
 20
184.28627802386
 10
161.3341835795833
 20
184.2176994846908
 10
162.8712346151004
 20
184.1501558853662
 10
164.412037267299
 20
184.0836307442316
 10
165.956508108178
 20
184.0181075796325
 10
167.5045637097355
 20
183.9535699099143
 10
168.9673673816044
 20
183.8936079315893
 10
170.4332137390229
 20
183.834493571641
 10
171.9020328542457
 20
183.7762130154636
 10
173.3737547995274
 20
183.7187524484515
 10
174.848309647123
 20
183.6620980559988
 10
176.5578494185223
 20
183.5975353756875
 10
178.2709796893474
 20
183.5340120350253
 10
179.9875921473623
 20
183.4715066363421
 10
181.707578480331
 20
183.4099977819675
 10
183.4308303760175
 20
183.3494640742313
 10
185.1572395221859
 20
183.2898841154633
 10
186.8866976066007
 20
183.231236507993
 10
188.7925032600889
 20
183.1677792358104
 10
190.7017877225999
 20
183.1054214271264
 10
192.6144759115841
 20
183.0441619823679
 10
194.5304927472134
 20
182.9839998030404
 10
196.4497631496599
 20
182.9249337906493
 10
198.3722120390955
 20
182.8669628467002
 10
200.2977643356922
 20
182.8100858726986
 10
202.2263449596221
 20
182.7543017701498
 10
204.1578788310568
 20
182.6996094405596
 10
206.0922908701689
 20
182.6460077854333
 10
207.9948887242176
 20
182.5944238737039
 10
209.9001193205862
 20
182.5438899312667
 10
211.8079115301837
 20
182.4944049174304
 10
213.7181942239201
 20
182.4459677915038
 10
216.2026815501476
 20
182.3846248687891
 10
218.6910936184991
 20
182.3250453052775
 10
221.183274626238
 20
182.267226821416
 10
223.679068770628
 20
182.2111671376516
 10
226.1783202489327
 20
182.1568639744311
 10
228.6808732584155
 20
182.1043150522017
 10
231.18657199634
 20
182.0535180914102
 10
233.9462879738412
 20
181.9996622293538
 10
236.7094143880034
 20
181.9479204482931
 10
239.4757438653847
 20
181.8982897141429
 10
242.2450690325427
 20
181.8507669928183
 10
245.0171825160352
 20
181.8053492502339
 10
248.0071110368685
 20
181.7587627347956
 10
250.9997767906444
 20
181.7146129468709
 10
253.9949203321259
 20
181.6728960905111
 10
256.992282216076
 20
181.6336083697678
 10
259.9916029972575
 20
181.5967459886923
 10
262.9926232304335
 20
181.5623051513361
 10
266.5313687900082
 20
181.524817781433
 10
270.0716898325716
 20
181.4906825229557
 10
273.6131616276443
 20
181.4598931616638
 10
277.1553594447466
 20
181.4324434833169
 10
280.7701546123495
 20
181.4078697717246
 10
284.3848122259146
 20
181.3867603746294
 10
287.9988810167537
 20
181.3691086895099
 10
291.6119097161783
 20
181.3549081138447
 10
295.2234470555001
 20
181.3441520451123
 10
298.8330417660306
 20
181.3368338807912
 10
302.4402425790811
 20
181.3329470183602
 10
305.2663210342547
 20
181.3322950388218
 10
308.0904332289667
 20
181.3337448896074
 10
310.9123617012116
 20
181.3372933890259
 10
313.7318889889841
 20
181.3429373553863
 10
316.5487976302792
 20
181.3506736069974
 10
319.3126449980242
 20
181.3603052082054
 10
322.0735506234554
 20
181.371948954031
 10
324.8313084875242
 20
181.3856018302054
 10
327.585712571183
 20
181.4012608224594
 10
329.786682671414
 20
181.4152303942514
 10
331.9852690182391
 20
181.4304804078966
 10
334.1813661299054
 20
181.4470093200893
 10
336.3748685246605
 20
181.464815587524
 10
338.5656707207519
 20
181.4838976668947
 10
340.7146210846088
 20
181.5038793433928
 10
342.8607651450015
 20
181.5250887231668
 10
345.0040029706789
 20
181.5475243441207
 10
347.14423463039
 20
181.5711847441583
 10
349.1225095722712
 20
181.5941755271892
 10
351.0980440467816
 20
181.6182132545495
 10
353.0707588039194
 20
181.643296766731
 10
355.0405745936824
 20
181.6694249042251
 10
357.0074121660688
 20
181.6965965075235
 10
358.9711922710765
 20
181.7248104171178
 10
360.9318356587034
 20
181.7540654734995
 10
362.7262688932075
 20
181.7817962367465
 10
364.5179387791048
 20
181.8103999850766
 10
366.3067842737147
 20
181.839875825373
 10
368.0927443343562
 20
181.870222864519
 10
369.8757579183481
 20
181.9014402093978
 10
371.6557639830095
 20
181.9335269668929
 10
373.4327014856599
 20
181.9664822438874
 10
375.2065093836184
 20
182.0003051472646
 10
376.9771266342037
 20
182.0349947839079
 10
378.744492194735
 20
182.0705502607004
 10
380.5085450225313
 20
182.1069706845256
 10
382.2692240749116
 20
182.1442551622666
 10
383.9261479476986
 20
182.1801996988336
 10
385.5799671724952
 20
182.2169108191424
 10
387.2306305845012
 20
182.2543877745995
 10
388.8780870189157
 20
182.2926298166118
 10
390.5222853109387
 20
182.3316361965861
 10
392.2625146237986
 20
182.3738409920154
 10
393.9989603032424
 20
182.4169038447198
 10
395.731561306589
 20
182.4608238615824
 10
397.4602565911572
 20
182.5056001494867
 10
399.1849851142665
 20
182.5512318153159
 10
400.9056858332353
 20
182.5977179659532
 10
402.5243168118848
 20
182.6423296010153
 10
404.1392617243557
 20
182.6876993130777
 10
405.7504694058473
 20
182.733826353547
 10
407.3578886915595
 20
182.78070997383
 10
408.9614684166916
 20
182.8283494253336
 10
410.5611574164427
 20
182.8767439594643
 10
412.1569045260124
 20
182.925892827629
 10
413.7486585806001
 20
182.9757952812344
 10
415.3363684154053
 20
183.0264505716873
 10
416.9199828656277
 20
183.0778579503945
 10
418.4712826406078
 20
183.1290786788176
 10
420.0185341625283
 20
183.1810234437258
 10
421.5616889589057
 20
183.2336915359173
 10
423.1006985572564
 20
183.2870822461901
 10
424.5184040645632
 20
183.3370352235944
 10
425.932494023791
 20
183.3876034575996
 10
427.3429302451322
 20
183.4387863894497
 10
428.7496745387791
 20
183.4905834603888
 10
430.1526887149243
 20
183.5429941116612
 10
431.5269813164423
 20
183.5950655607798
 10
432.8976028111854
 20
183.647727803973
 10
434.2645170189121
 20
183.7009803118869
 10
435.6276877593814
 20
183.7548225551676
 10
437.0147819190789
 20
183.8103709816596
 10
438.3979021448821
 20
183.8665323463608
 10
439.7770099959194
 20
183.9233060868418
 10
441.1520670313184
 20
183.9806916406735
 10
442.5230348102074
 20
184.0386884454268
 10
443.8898748917143
 20
184.0972959386724
 10
445.2525488349672
 20
184.1565135579812
 10
446.4414407803963
 20
184.2088290267685
 10
447.6270878425512
 20
184.2616108159294
 10
448.8094642690507
 20
184.3148585486804
 10
449.9885443075138
 20
184.3685718482377
 10
451.1643022055597
 20
184.4227503378179
 10
452.3367122108073
 20
184.4773936406372
 10
453.5057485708754
 20
184.5325013799122
 10
454.6713855333828
 20
184.588073178859
 10
455.888854892587
 20
184.6467885763437
 10
457.1025355210537
 20
184.7060124352133
 10
458.3123978095239
 20
184.765744322254
 10
459.5184121487374
 20
184.8259838042522
 10
460.7205489294351
 20
184.8867304479942
 10
461.9187785423575
 20
184.9479838202664
 10
463.0588711640372
 20
185.0069252526809
 10
464.1953510112851
 20
185.0663276228461
 10
465.3281923317205
 20
185.1261905539782
 10
466.457369372962
 20
185.1865136692936
 10
467.582856382629
 20
185.2472965920087
 10
468.7046276083402
 20
185.30853894534
 10
469.8226572977148
 20
185.3702403525037
 10
470.9369196983712
 20
185.4324004367163
 10
472.1001735018098
 20
185.4980120741376
 10
473.2592348118806
 20
185.5641262654845
 10
474.4140740193234
 20
185.6307425775432
 10
475.5646615148794
 20
185.6978605771
 10
476.7109676892887
 20
185.7654798309413
 10
477.8529629332919
 20
185.8335999058533
 10
478.8283624065526
 20
185.8923868257976
 10
479.8005542658312
 20
185.951541104826
 10
480.7695198650633
 20
186.0110624701275
 10
481.7352405581846
 20
186.0709506488911
 10
482.6976976991307
 20
186.1312053683059
 10
483.6568726418371
 20
186.191826355561
 10
484.61274674024
 20
186.2528133378453
 10
485.6603735192341
 20
186.3203214170171
 10
486.7039588969709
 20
186.3882716569617
 10
487.743478055539
 20
186.4566636945677
 10
488.7789061770264
 20
186.5254971667238
 10
489.8102184435221
 20
186.5947717103187
 10
490.7421485547589
 20
186.6579923757852
 10
491.6706530142545
 20
186.7215754043832
 10
492.5957132977255
 20
186.7855205250835
 10
493.5173108808883
 20
186.8498274668569
 10
494.4354272394596
 20
186.9144959586743
 10
495.3337422067866
 20
186.9783613170654
 10
496.2286637507515
 20
187.0425749100856
 10
497.1201743218281
 20
187.1071364809674
 10
498.0082563704898
 20
187.1720457729433
 10
498.910910137957
 20
187.2386379158948
 10
499.8099570961552
 20
187.3055915772958
 10
500.7053785990204
 20
187.3729064843355
 10
501.5971560004879
 20
187.440582364203
 10
502.4852706544935
 20
187.5086189440871
 10
503.3697039149732
 20
187.5770159511771
 10
504.2504371358621
 20
187.645773112662
 10
505.1274516710961
 20
187.7148901557308
 10
506.0007288746107
 20
187.7843668075725
 10
506.8702501003417
 20
187.8542027953762
 10
507.7359967022247
 20
187.924397846331
 10
508.5979500341955
 20
187.9949516876259
 10
509.4560914501896
 20
188.06586404645
 10
510.3104023041429
 20
188.1371346499923
 10
511.0901396195363
 20
188.2027805116067
 10
511.8666281686795
 20
188.268726958926
 10
512.639853589355
 20
188.3349737818162
 10
513.4098015193454
 20
188.4015207701435
 10
514.176457596433
 20
188.4683677137739
 10
514.939807458401
 20
188.5355144025735
 10
515.7687651612689
 20
188.6091069470173
 10
516.5937524566134
 20
188.6830556900971
 10
517.4147506983697
 20
188.757360359002
 10
518.2317412404739
 20
188.8320206809212
 10
519.0447054368612
 20
188.9070363830435
 10
519.8536246414677
 20
188.9824071925582
 10
520.6584802082291
 20
189.0581328366542
 10
521.3926787597436
 20
189.1278594897323
 10
522.1234326965887
 20
189.1978838630531
 10
522.8507276565474
 20
189.2682057464825
 10
523.5745492774018
 20
189.3388249298867
 10
524.294883196935
 20
189.4097412031319
 10
525.0117150529292
 20
189.4809543560841
 10
525.7250304831672
 20
189.5524641786093
 10
526.4348151254314
 20
189.6242704605738
 10
527.1410546175049
 20
189.6963729918436
 10
527.8437345971697
 20
189.7687715622849
 10
528.5428407022091
 20
189.8414659617637
 10
529.2383585704051
 20
189.9144559801461
 10
529.890833124333
 20
189.9835457143193
 10
530.5400930030844
 20
190.0528978847298
 10
531.1861261685247
 20
190.1225123152476
 10
531.8289205825197
 20
190.1923888297423
 10
532.4684642069352
 20
190.2625272520837
  0
LWPOLYLINE
  5
8D
330
1F
100
AcDbEntity
  8
Geometries
  6
Continuous
370
    13
100
AcDbPolyline
 90
      229
 70
   128
 43
0.0
 10
327.7396110010278
 20
214.039793528098
 10
327.5984700422547
 20
214.1054020247334
 10
327.4591964816469
 20
214.1740106314138
 10
327.3218434233708
 20
214.245586600078
 10
327.1864639715931
 20
214.3200971826651
 10
327.0531112304807
 20
214.3975096311138
 10
326.9241639177461
 20
214.4763326280298
 10
326.7972731137478
 20
214.5578921643086
 10
326.6724913247893
 20
214.6421551580569
 10
326.549885192777
 20
214.729075289226
 10
326.4270945803569
 20
214.8204548181363
 10
326.3067213218919
 20
214.9144925573162
 10
326.1888421866155
 20
215.0111337077555
 10
326.0735339437612
 20
215.1103234704445
 10
325.9608733625621
 20
215.2120070463731
 10
325.8509357317289
 20
215.316128897432
 10
325.7437812961469
 20
215.4226259754066
 10
325.6394615339047
 20
215.5314308555647
 10
325.5380278139061
 20
215.6424760586676
 10
325.4395315050554
 20
215.7556941054764
 10
325.3440239762567
 20
215.8710175167525
 10
325.2515565964139
 20
215.9883788132571
 10
325.1621807344313
 20
216.1077105157515
 10
325.075947759213
 20
216.228945144997
 10
324.9997056766337
 20
216.3416909247557
 10
324.9261872232452
 20
216.4559270140753
 10
324.8554319661839
 20
216.5716014367597
 10
324.7874794725856
 20
216.6886622166129
 10
324.7223693095867
 20
216.8070573774388
 10
324.6601410443234
 20
216.9267349430415
 10
324.5957213634344
 20
217.0584022070502
 10
324.5347867109759
 20
217.1914475968861
 10
324.4773604856104
 20
217.3257913094303
 10
324.4234660860008
 20
217.4613535415637
 10
324.37312691081
 20
217.5980544901674
 10
324.3271698515699
 20
217.7333455312065
 10
324.2846869160003
 20
217.8695824010869
 10
324.245700271515
 20
218.0066894959691
 10
324.2102320855275
 20
218.1445912120132
 10
324.1776899641984
 20
218.2860478964191
 10
324.148858011259
 20
218.4281729175045
 10
324.1237597791977
 20
218.5708859475152
 10
324.1024188205029
 20
218.7141066586968
 10
324.0848586876631
 20
218.857754723295
 10
324.0711011468831
 20
219.001749679144
 10
324.0611498136604
 20
219.1460096983008
 10
324.0549977261588
 20
219.2904521569153
 10
324.0526377908082
 20
219.4349944212248
 10
324.0540629140388
 20
219.5795538574665
 10
324.0592660022806
 20
219.7240478318779
 10
324.068239961964
 20
219.8683937106962
 10
324.0809776995188
 20
220.0125088601589
 10
324.0974721213755
 20
220.1563106465031
 10
324.1158860924775
 20
220.2877830948214
 10
324.1374452974921
 20
220.4188591467222
 10
324.1621442725647
 20
220.5494751531673
 10
324.1899775538399
 20
220.6795674651183
 10
324.2209396774626
 20
220.8090724335371
 10
324.2550251795782
 20
220.9379264093852
 10
324.2956672885218
 20
221.0773743307824
 10
324.3399671484563
 20
221.2159000924355
 10
324.3878881082156
 20
221.3534283100281
 10
324.4393935166342
 20
221.4898835992438
 10
324.4944467225464
 20
221.6251905757663
 10
324.5519347054269
 20
221.756890678532
 10
324.6127748336143
 20
221.8873389799865
 10
324.6769323845452
 20
222.016464062573
 10
324.7443726356561
 20
222.1441945087348
 10
324.8165370568173
 20
222.2730199594029
 10
324.8920464867556
 20
222.4002430266481
 10
324.9708640333558
 20
222.5257878305685
 10
325.0529528045033
 20
222.6495784912621
 10
325.1382759080827
 20
222.7715391288269
 10
325.2267949598617
 20
222.8915947674508
 10
325.3184564139624
 20
223.0096796179216
 10
325.4131978890515
 20
223.1257332445228
 10
325.5109568937559
 20
223.2396952782118
 10
325.6116709367026
 20
223.3515053499464
 10
325.7152775265186
 20
223.461103090684
 10
325.8217141718308
 20
223.5684281313822
 10
325.9309183812661
 20
223.6734201029986
 10
326.0428276634515
 20
223.7760186364908
 10
326.1689776494281
 20
223.8860405518465
 10
326.2982419828537
 20
223.9930130093351
 10
326.4305374877105
 20
224.096855657761
 10
326.565780987981
 20
224.1974881459288
 10
326.7038893076479
 20
224.2948301226429
 10
326.8315736156802
 20
224.3802198960682
 10
326.9614663533998
 20
224.4627982275361
 10
327.0934870921968
 20
224.5425273688714
 10
327.2275554034608
 20
224.6193695718991
 10
327.3635908585815
 20
224.6932870884441
 10
327.4990340541879
 20
224.7630013119889
 10
327.6362209875671
 20
224.8298221956121
 10
327.7750754623023
 20
224.8937139774661
 10
327.9155212819758
 20
224.9546408957034
 10
328.0603946546919
 20
225.0137178634436
 10
328.2067646924172
 20
225.0696324851347
 10
328.3545504377943
 20
225.1223467644405
 10
328.5036709334654
 20
225.1718227050249
 10
328.6540452220731
 20
225.2180223105516
 10
328.8055918082982
 20
225.2609091418498
 10
328.958223730512
 20
225.3004625823463
 10
329.1118508415908
 20
225.3366712360958
 10
329.2663829547373
 20
225.3695238219891
 10
329.4217298831547
 20
225.3990090589174
 10
329.5778014400463
 20
225.4251156657716
 10
329.7345074386147
 20
225.4478323614426
 10
329.8917576920634
 20
225.4671478648214
 10
330.049462013595
 20
225.4830508947991
 10
330.2233535779739
 20
225.4965893569925
 10
330.3975654000822
 20
225.5059700610725
 10
330.5719774412933
 20
225.5111779918829
 10
330.7464696629805
 20
225.5121981342677
 10
330.9209220265171
 20
225.5090154730706
 10
331.0790341471468
 20
225.5024851853181
 10
331.2369261552086
 20
225.4925009016802
 10
331.3945095082228
 20
225.4790792327083
 10
331.5516956637096
 20
225.4622367889542
 10
331.7083960791899
 20
225.4419901809695
 10
331.8617397944881
 20
225.4188076675747
 10
332.0144456709322
 20
225.3923732408423
 10
332.1664298251914
 20
225.3627026372685
 10
332.3176083739346
 20
225.3298115933495
 10
332.4709547076306
 20
225.2929459395901
 10
332.6232857517783
 20
225.2527601627573
 10
332.7745123818091
 20
225.2092709826026
 10
332.9245454731546
 20
225.1624951188771
 10
333.0732959012463
 20
225.1124492913325
 10
333.2206751959917
 20
225.0591517405813
 10
333.3666015375314
 20
225.002636160945
 10
333.5109969814333
 20
224.9429452524027
 10
333.6537836315304
 20
224.8801218270922
 10
333.7948835916562
 20
224.8142086971514
 10
333.9342189656439
 20
224.7452486747184
 10
334.0717118573269
 20
224.6732845719311
 10
334.2072843705386
 20
224.5983592009275
 10
334.3408586091121
 20
224.5205153738455
 10
334.4853892952612
 20
224.4315674435715
 10
334.6273041349387
 20
224.3391969670853
 10
334.7664994483468
 20
224.2434609273425
 10
334.9028715556876
 20
224.1444163072986
 10
335.0363167771633
 20
224.0421200899094
 10
335.1547506742916
 20
223.9465651525185
 10
335.2706334985891
 20
223.8484451518694
 10
335.3839078597071
 20
223.7478236936809
 10
335.4945163672968
 20
223.6447643836712
 10
335.6024016310092
 20
223.5393308275589
 10
335.7056541083757
 20
223.4335305283588
 10
335.8061700027587
 20
223.3255616335885
 10
335.9038949437178
 20
223.2154844020024
 10
335.9987745608124
 20
223.1033590923549
 10
336.092601051048
 20
222.9868968487645
 10
336.1833505167662
 20
222.8684288463422
 10
336.270965190327
 20
222.7480191089583
 10
336.3553873040905
 20
222.6257316604829
 10
336.4365590904166
 20
222.5016305247861
 10
336.5144243365213
 20
222.3757805353328
 10
336.5889426287543
 20
222.2482547520061
 10
336.660082760419
 20
222.1191310286386
 10
336.7278136394846
 20
221.9884872787684
 10
336.7921041739209
 20
221.8564014159334
 10
336.8529232716973
 20
221.7229513536716
 10
336.9102398407832
 20
221.588215005521
 10
336.9640227891481
 20
221.4522702850196
 10
337.0142410247616
 20
221.3151951057052
 10
337.0571163514976
 20
221.1886163249673
 10
337.0969462546017
 20
221.061213127088
 10
337.1337067852933
 20
220.9330455253308
 10
337.167373994792
 20
220.8041735329591
 10
337.1979239343175
 20
220.6746571632362
 10
337.225332655089
 20
220.5445564294254
 10
337.251574184729
 20
220.402344832757
 10
337.2740646240452
 20
220.2595943689279
 10
337.292803274602
 20
220.1163874715639
 10
337.3077894379638
 20
219.9728065742911
 10
337.3190224156949
 20
219.8289341107352
 10
337.3264008764693
 20
219.6874267564694
 10
337.330157661752
 20
219.5457957678103
 10
337.3302921098596
 20
219.404119240686
 10
337.3268035591082
 20
219.2624752710246
 10
337.3195084652619
 20
219.1180552195264
 10
337.308439594104
 20
218.973833359525
 10
337.2935962426069
 20
218.829892666575
 10
337.2749777077436
 20
218.6863161162307
 10
337.2525832864865
 20
218.5431866840468
 10
337.2264140157421
 20
218.4005870751682
 10
337.1964886121573
 20
218.2585972470673
 10
337.1628360952569
 20
218.1172955560088
 10
337.1254856128805
 20
217.9767603383152
 10
337.0844663128682
 20
217.8370699303093
 10
337.0398073430601
 20
217.6983026683137
 10
336.9915378512957
 20
217.5605368886511
 10
336.9396869854152
 20
217.4238509276442
 10
336.8842838932583
 20
217.2883231216156
 10
336.8304020876388
 20
217.1651736111203
 10
336.7735823687585
 20
217.0431234357028
 10
336.713847187876
 20
216.9222329342784
 10
336.6512189962498
 20
216.8025624457622
 10
336.5857202451386
 20
216.6841723090696
 10
336.5173733858011
 20
216.5671228631157
 10
336.4397694212188
 20
216.4413036428976
 10
336.3588749510819
 20
216.3172096973201
 10
336.2747475772755
 20
216.1949062276812
 10
336.187444901685
 20
216.074458435279
 10
336.0970245261957
 20
215.9559315214113
 10
336.0052398475287
 20
215.8414539797314
 10
335.9105579551121
 20
215.7289539901515
 10
335.8130334197917
 20
215.6184933230452
 10
335.7127208124133
 20
215.5101337487863
 10
335.6075436425746
 20
215.4017927115307
 10
335.4995782421282
 20
215.2957693483845
 10
335.3888825916412
 20
215.1921292892868
 10
335.2755146716802
 20
215.0909381641769
 10
335.1595324628125
 20
214.9922616029939
 10
335.040994738572
 20
214.8961638690282
 10
334.9199683299534
 20
214.8026953388373
 10
334.7965247634415
 20
214.711898296478
 10
334.6707356239996
 20
214.6238149252205
 10
334.5426724965914
 20
214.538487408335
 10
334.4124069661805
 20
214.4559579290919
 10
334.2800106177304
 20
214.3762686707613
 10
334.1455550362047
 20
214.2994618166135
 10
334.0091118065669
 20
214.2255795499188
 10
333.85681395705
 20
214.1477373007961
 10
333.70229295071
 20
214.0735409901812
 10
333.5456440671334
 20
214.0030467640071
 10
333.3869625859066
 20
213.9363107682064
 10
333.2263437866163
 20
213.8733891487117
  0
VIEWPORT
  5
79
330
75
100
AcDbEntity
 67
     1
  8
0
100
AcDbViewport
 10
297.0
 20
210.0
 30
0.0
 40
594.0
 41
420.0
 68
     1
 69
     1
 12
297.0
 22
210.0
 13
0.0
 23
0.0
 14
10.0
 24
10.0
 15
10.0
 25
10.0
 16
0.0
 26
0.0
 36
1.0
 17
0.0
 27
0.0
 37
0.0
 42
50.0
 43
0.0
 44
0.0
 45
420.0
 50
0.0
 51
0.0
 72
   100
 90
   557152
  1

281
     0
 71
     1
 74
     0
110
0.0
120
0.0
130
0.0
111
1.0
121
0.0
131
0.0
112
0.0
122
1.0
132
0.0
 79
     0
146
0.0
170
     0
 61
     5
348
2F
292
     1
282
     1
141
0.0
142
0.0
 63
   256
361
7A
  0
VIEWPORT
  5
7B
330
75
100
AcDbEntity
 67
     1
  8
0
100
AcDbViewport
 10
297.0
 20
210.0
 30
0.0
 40
594.0
 41
420.0
 68
     2
 69
     2
 12
297.0
 22
210.0
 13
0.0
 23
0.0
 14
10.0
 24
10.0
 15
10.0
 25
10.0
 16
0.0
 26
0.0
 36
1.0
 17
0.0
 27
0.0
 37
0.0
 42
50.0
 43
0.0
 44
0.0
 45
420.0
 50
0.0
 51
0.0
 72
   100
 90
   557152
  1

281
     0
 71
     1
 74
     0
110
0.0
120
0.0
130
0.0
111
1.0
121
0.0
131
0.0
112
0.0
122
1.0
132
0.0
 79
     0
146
0.0
170
     0
 61
     5
348
2F
292
     1
282
     1
141
0.0
142
0.0
 63
   256
361
7C
  0
ENDSEC
  0
SECTION
  2
OBJECTS
  0
DICTIONARY
  5
C
330
0
100
AcDbDictionary
281
     1
  3
ACAD_DETAILVIEWSTYLE
350
C5
  3
ACAD_GROUP
350
D
  3
ACAD_LAYOUT
350
1A
  3
ACAD_MATERIAL
350
43
  3
ACAD_MLEADERSTYLE
350
5B
  3
ACAD_MLINESTYLE
350
17
  3
ACAD_PLOTSETTINGS
350
19
  3
ACAD_PLOTSTYLENAME
350
E
  3
ACAD_SCALELIST
350
47
  3
ACAD_SECTIONVIEWSTYLE
350
C6
  3
ACAD_TABLESTYLE
350
59
  3
ACAD_VISUALSTYLE
350
2A
  3
ACDB_RECOMPOSE_DATA
350
C2
  3
AcDbVariableDictionary
350
8E
  0
SUN
  5
5D
330
29
100
AcDbSun
 90
        1
290
     0
 63
     7
421
 16777215
 40
1.0
291
     1
 91
  2455826
 92
 54000000
292
     0
 70
     2
 71
   256
280
     1
  0
SUN
  5
7A
330
79
100
AcDbSun
 90
        1
290
     0
 63
     7
421
 16777215
 40
1.0
291
     1
 91
  2455826
 92
 54000000
292
     0
 70
     2
 71
   256
280
     1
  0
SUN
  5
7C
330
7B
100
AcDbSun
 90
        1
290
     0
 63
     7
421
 16777215
 40
1.0
291
     1
 91
  2455826
 92
 54000000
292
     0
 70
     2
 71
   256
280
     1
  0
DICTIONARY
  5
C5
102
{ACAD_REACTORS
330
C
102
}
330
C
100
AcDbDictionary
281
     1
  0
DICTIONARY
  5
D
102
{ACAD_REACTORS
330
C
102
}
330
C
100
AcDbDictionary
281
     1
  0
DICTIONARY
  5
1A
102
{ACAD_REACTORS
330
C
102
}
330
C
100
AcDbDictionary
281
     1
  3
Layout1
350
1E
  3
Layout2
350
26
  3
Model
350
22
  3
Sheet
350
76
  0
DICTIONARY
  5
43
102
{ACAD_REACTORS
330
C
102
}
330
C
100
AcDbDictionary
281
     1
  3
ByBlock
350
45
  3
ByLayer
350
44
  3
Global
350
46
  0
DICTIONARY
  5
5B
102
{ACAD_REACTORS
330
C
102
}
330
C
100
AcDbDictionary
281
     1
  3
Standard
350
5C
  0
DICTIONARY
  5
17
102
{ACAD_REACTORS
330
C
102
}
330
C
100
AcDbDictionary
281
     1
  3
Standard
350
18
  0
DICTIONARY
  5
19
102
{ACAD_REACTORS
330
C
102
}
330
C
100
AcDbDictionary
281
     1
  0
ACDBDICTIONARYWDFLT
  5
E
102
{ACAD_REACTORS
330
C
102
}
330
C
100
AcDbDictionary
281
     1
  3
Normal
350
F
100
AcDbDictionaryWithDefault
340
F
  0
DICTIONARY
  5
47
102
{ACAD_REACTORS
330
C
102
}
330
C
100
AcDbDictionary
281
     1
  3
A0
350
48
  3
A1
350
49
  3
A2
350
4A
  3
A3
350
4B
  3
A4
350
4C
  3
A5
350
4D
  3
A6
350
4E
  3
A7
350
4F
  3
A8
350
50
  3
A9
350
51
  3
B0
350
52
  3
B1
350
53
  3
B2
350
54
  3
B3
350
55
  3
B4
350
56
  3
B5
350
57
  3
B6
350
58
  0
DICTIONARY
  5
C6
102
{ACAD_REACTORS
330
C
102
}
330
C
100
AcDbDictionary
281
     1
  0
DICTIONARY
  5
59
102
{ACAD_REACTORS
330
C
102
}
330
C
100
AcDbDictionary
281
     1
  3
Standard
350
5A
  0
DICTIONARY
  5
2A
102
{ACAD_REACTORS
330
C
102
}
330
C
100
AcDbDictionary
281
     1
  3
2dWireframe
350
2F
  3
Basic
350
32
  3
Brighten
350
36
  3
ColorChange
350
3A
  3
Conceptual
350
34
  3
Dim
350
35
  3
EdgeColorOff
350
3D
  3
Facepattern
350
39
  3
Flat
350
2B
  3
FlatWithEdges
350
2C
  3
Gouraud
350
2D
  3
GouraudWithEdges
350
2E
  3
Hidden
350
31
  3
JitterOff
350
3B
  3
Linepattern
350
38
  3
OverhangOff
350
3C
  3
Realistic
350
33
  3
Shaded
350
42
  3
Shaded with edges
350
41
  3
Shades of Gray
350
3E
  3
Sketchy
350
3F
  3
Thicken
350
37
  3
Wireframe
350
30
  3
X-Ray
350
40
  0
XRECORD
  5
C2
102
{ACAD_REACTORS
330
C
102
}
330
C
100
AcDbXrecord
280
     1
 90
        1
330
5A
  0
DICTIONARY
  5
8E
102
{ACAD_REACTORS
330
C
102
}
330
C
100
AcDbDictionary
281
     1
  3
CANNOSCALE
350
8F
  3
CENTEREXE
350
C7
  3
CENTERLTYPEFILE
350
C8
  3
CMLEADERSTYLE
350
C4
  3
CTABLESTYLE
350
C3
  0
LAYOUT
  5
1E
102
{ACAD_REACTORS
330
1A
102
}
330
1A
100
AcDbPlotSettings
  1

  2
none_device
  4

  6

 40
0.0
 41
0.0
 42
0.0
 43
0.0
 44
0.0
 45
0.0
 46
0.0
 47
0.0
 48
0.0
 49
0.0
140
0.0
141
0.0
142
1.0
143
1.0
 70
   688
 72
     1
 73
     0
 74
     5
  7

 75
    16
 76
     0
 77
     2
 78
   300
147
1.0
148
0.0
149
0.0
100
AcDbLayout
  1
Layout1
 70
     1
 71
     1
 10
0.0
 20
0.0
 11
420.0
 21
297.0
 12
0.0
 22
0.0
 32
0.0
 14
1.000000000000000E+20
 24
1.000000000000000E+20
 34
1.000000000000000E+20
 15
-1.000000000000000E+20
 25
-1.000000000000000E+20
 35
-1.000000000000000E+20
146
0.0
 13
0.0
 23
0.0
 33
0.0
 16
1.0
 26
0.0
 36
0.0
 17
0.0
 27
1.0
 37
0.0
 76
     0
330
1B
  0
LAYOUT
  5
26
102
{ACAD_REACTORS
330
1A
102
}
330
1A
100
AcDbPlotSettings
  1

  2
none_device
  4

  6

 40
0.0
 41
0.0
 42
0.0
 43
0.0
 44
0.0
 45
0.0
 46
0.0
 47
0.0
 48
0.0
 49
0.0
140
0.0
141
0.0
142
1.0
143
1.0
 70
   688
 72
     1
 73
     0
 74
     5
  7

 75
    16
 76
     0
 77
     2
 78
   300
147
1.0
148
0.0
149
0.0
100
AcDbLayout
  1
Layout2
 70
     1
 71
     2
 10
0.0
 20
0.0
 11
0.0
 21
0.0
 12
0.0
 22
0.0
 32
0.0
 14
0.0
 24
0.0
 34
0.0
 15
0.0
 25
0.0
 35
0.0
146
0.0
 13
0.0
 23
0.0
 33
0.0
 16
1.0
 26
0.0
 36
0.0
 17
0.0
 27
1.0
 37
0.0
 76
     0
330
23
  0
LAYOUT
  5
22
102
{ACAD_REACTORS
330
1A
102
}
330
1A
100
AcDbPlotSettings
  1

  2
none_device
  4
Letter_(8.50_x_11.00_Inches)
  6

 40
6.35
 41
6.35
 42
6.35000508
 43
6.35000508
 44
215.9
 45
279.4
 46
0.0
 47
0.0
 48
0.0
 49
0.0
140
0.0
141
0.0
142
1.0
143
1.0
 70
  1712
 72
     1
 73
     0
 74
     0
  7

 75
     0
 76
     0
 77
     2
 78
   300
147
1.0
148
0.0
149
0.0
100
AcDbLayout
  1
Model
 70
     1
 71
     0
 10
0.0
 20
0.0
 11
420.0
 21
297.0
 12
0.0
 22
0.0
 32
0.0
 14
1.000000000000000E+20
 24
1.000000000000000E+20
 34
1.000000000000000E+20
 15
-1.000000000000000E+20
 25
-1.000000000000000E+20
 35
-1.000000000000000E+20
146
0.0
 13
0.0
 23
0.0
 33
0.0
 16
1.0
 26
0.0
 36
0.0
 17
0.0
 27
1.0
 37
0.0
 76
     0
330
1F
331
29
  0
LAYOUT
  5
76
102
{ACAD_REACTORS
330
1A
102
}
330
1A
100
AcDbPlotSettings
  1

  2
Custom Device
  4
CustomPaper_594.000000x420.000000mm
  6

 40
0.0
 41
0.0
 42
0.0
 43
0.0
 44
420.0
 45
594.0
 46
0.0
 47
0.0
 48
0.0
 49
0.0
140
0.0
141
0.0
142
1.0
143
1.0
 70
   672
 72
     1
 73
     1
 74
     5
  7

 75
    16
 76
     0
 77
     2
 78
   300
147
1.0
148
0.0
149
0.0
100
AcDbLayout
  1
Sheet
 70
     1
 71
     3
 10
-20.0
 20
-7.5
 11
277.0
 21
202.5
 12
0.0
 22
0.0
 32
0.0
 14
0.0
 24
0.0
 34
0.0
 15
0.0
 25
0.0
 35
0.0
146
0.0
 13
0.0
 23
0.0
 33
0.0
 16
1.0
 26
0.0
 36
0.0
 17
0.0
 27
1.0
 37
0.0
 76
     0
330
75
331
79
  0
MATERIAL
  5
45
102
{ACAD_REACTORS
330
43
102
}
330
43
100
AcDbMaterial
  1
ByBlock
 72
     1
 94
      127
  0
MATERIAL
  5
44
102
{ACAD_REACTORS
330
43
102
}
330
43
100
AcDbMaterial
  1
ByLayer
 72
     1
 94
      127
  0
MATERIAL
  5
46
102
{ACAD_REACTORS
330
43
102
}
330
43
100
AcDbMaterial
  1
Global
 72
     1
 94
      127
  0
MLEADERSTYLE
  5
5C
102
{ACAD_REACTORS
330
5B
102
}
330
5B
100
AcDbMLeaderStyle
179
     2
170
     2
171
     1
172
     0
 90
        2
 40
0.0
 41
0.0
173
     1
 91
-1056964608
340
14
 92
       -2
290
     1
 42
2.0
291
     1
 43
8.0
  3
Standard
341
0
 44
4.0
300

342
11
174
     1
178
     6
175
     1
176
     0
 93
-1056964608
 45
4.0
292
     0
297
     0
 46
4.0
343
0
 94
-1056964608
 47
1.0
 49
1.0
140
1.0
293
     1
141
0.0
294
     1
177
     0
142
1.0
295
     0
296
     0
143
3.75
271
     0
272
     9
273
     9
  0
MLINESTYLE
  5
18
102
{ACAD_REACTORS
330
17
102
}
330
17
100
AcDbMlineStyle
  2
Standard
 70
     0
  3

 62
   256
 51
90.0
 52
90.0
 71
     2
 49
0.5
 62
   256
  6
BYLAYER
 49
-0.5
 62
   256
  6
BYLAYER
  0
ACDBPLACEHOLDER
  5
F
102
{ACAD_REACTORS
330
E
102
}
330
E
  0
SCALE
  5
48
102
{ACAD_REACTORS
330
47
102
}
330
47
100
AcDbScale
 70
     0
300
1:1
140
1.0
141
1.0
290
     1
  0
SCALE
  5
49
102
{ACAD_REACTORS
330
47
102
}
330
47
100
AcDbScale
 70
     0
300
1:2
140
1.0
141
2.0
290
     0
  0
SCALE
  5
4A
102
{ACAD_REACTORS
330
47
102
}
330
47
100
AcDbScale
 70
     0
300
1:4
140
1.0
141
4.0
290
     0
  0
SCALE
  5
4B
102
{ACAD_REACTORS
330
47
102
}
330
47
100
AcDbScale
 70
     0
300
1:5
140
1.0
141
5.0
290
     0
  0
SCALE
  5
4C
102
{ACAD_REACTORS
330
47
102
}
330
47
100
AcDbScale
 70
     0
300
1:8
140
1.0
141
8.0
290
     0
  0
SCALE
  5
4D
102
{ACAD_REACTORS
330
47
102
}
330
47
100
AcDbScale
 70
     0
300
1:10
140
1.0
141
10.0
290
     0
  0
SCALE
  5
4E
102
{ACAD_REACTORS
330
47
102
}
330
47
100
AcDbScale
 70
     0
300
1:16
140
1.0
141
16.0
290
     0
  0
SCALE
  5
4F
102
{ACAD_REACTORS
330
47
102
}
330
47
100
AcDbScale
 70
     0
300
1:20
140
1.0
141
20.0
290
     0
  0
SCALE
  5
50
102
{ACAD_REACTORS
330
47
102
}
330
47
100
AcDbScale
 70
     0
300
1:30
140
1.0
141
30.0
290
     0
  0
SCALE
  5
51
102
{ACAD_REACTORS
330
47
102
}
330
47
100
AcDbScale
 70
     0
300
1:40
140
1.0
141
40.0
290
     0
  0
SCALE
  5
52
102
{ACAD_REACTORS
330
47
102
}
330
47
100
AcDbScale
 70
     0
300
1:50
140
1.0
141
50.0
290
     0
  0
SCALE
  5
53
102
{ACAD_REACTORS
330
47
102
}
330
47
100
AcDbScale
 70
     0
300
1:100
140
1.0
141
100.0
290
     0
  0
SCALE
  5
54
102
{ACAD_REACTORS
330
47
102
}
330
47
100
AcDbScale
 70
     0
300
2:1
140
2.0
141
1.0
290
     0
  0
SCALE
  5
55
102
{ACAD_REACTORS
330
47
102
}
330
47
100
AcDbScale
 70
     0
300
4:1
140
4.0
141
1.0
290
     0
  0
SCALE
  5
56
102
{ACAD_REACTORS
330
47
102
}
330
47
100
AcDbScale
 70
     0
300
8:1
140
8.0
141
1.0
290
     0
  0
SCALE
  5
57
102
{ACAD_REACTORS
330
47
102
}
330
47
100
AcDbScale
 70
     0
300
10:1
140
10.0
141
1.0
290
     0
  0
SCALE
  5
58
102
{ACAD_REACTORS
330
47
102
}
330
47
100
AcDbScale
 70
     0
300
100:1
140
100.0
141
1.0
290
     0
  0
TABLESTYLE
  5
5A
102
{ACAD_REACTORS
330
59
102
}
102
{ACAD_XDICTIONARY
360
C0
102
}
330
59
100
AcDbTableStyle
  3
Standard
 70
     0
 71
     0
 40
0.06
 41
0.06
280
     0
281
     0
  7
Standard
140
4.5
170
     2
 62
     0
 63
   257
283
     0
 90
        4
 91
        0
  1

274
    -2
284
     1
 64
     0
275
    -2
285
     1
 65
     0
276
    -2
286
     1
 66
     0
277
    -2
287
     1
 67
     0
278
    -2
288
     1
 68
     0
279
    -2
289
     1
 69
     0
  7
Standard
140
6.0
170
     5
 62
     0
 63
   257
283
     0
 90
        4
 91
        0
  1

274
    -2
284
     1
 64
     0
275
    -2
285
     1
 65
     0
276
    -2
286
     1
 66
     0
277
    -2
287
     1
 67
     0
278
    -2
288
     1
 68
     0
279
    -2
289
     1
 69
     0
  7
Standard
140
4.5
170
     5
 62
     0
 63
   257
283
     0
 90
        4
 91
        0
  1

274
    -2
284
     1
 64
     0
275
    -2
285
     1
 65
     0
276
    -2
286
     1
 66
     0
277
    -2
287
     1
 67
     0
278
    -2
288
     1
 68
     0
279
    -2
289
     1
 69
     0
  0
VISUALSTYLE
  5
2F
102
{ACAD_REACTORS
330
2A
102
}
102
{ACAD_XDICTIONARY
360
98
102
}
330
2A
100
AcDbVisualStyle
  2
2dWireframe
 70
     4
177
     2
291
     0
 71
     0
176
     1
 72
     2
176
     1
 73
     0
176
     1
 90
        0
176
     1
 40
0.6
176
     1
 41
30.0
176
     1
 62
     5
 63
     7
421
 16777215
176
     1
 74
     1
176
     1
 91
        4
176
     1
 64
     7
176
     1
 65
   257
176
     1
 75
     1
176
     1
175
     1
176
     1
 42
1.0
176
     1
 92
        0
176
     1
 66
   257
176
     1
 43
1.0
176
     1
 76
     1
176
     1
 77
     6
176
     1
 78
     2
176
     1
 67
     7
176
     1
 79
     5
176
     1
170
     0
176
     1
171
     0
176
     1
290
     0
176
     1
 93
        1
176
     1
 44
0.0
176
     1
173
     0
176
     1
  0
VISUALSTYLE
  5
32
102
{ACAD_REACTORS
330
2A
102
}
102
{ACAD_XDICTIONARY
360
9E
102
}
330
2A
100
AcDbVisualStyle
  2
Basic
 70
     7
177
     2
291
     1
 71
     1
176
     1
 72
     0
176
     1
 73
     1
176
     1
 90
        0
176
     1
 40
0.6
176
     1
 41
30.0
176
     1
 62
     5
 63
     7
421
 16777215
176
     1
 74
     0
176
     1
 91
        4
176
     1
 64
     7
176
     1
 65
   257
176
     1
 75
     1
176
     1
175
     1
176
     1
 42
1.0
176
     1
 92
        8
176
     1
 66
     7
176
     1
 43
1.0
176
     1
 76
     1
176
     1
 77
     6
176
     1
 78
     2
176
     1
 67
     7
176
     1
 79
     5
176
     1
170
     0
176
     1
171
     0
176
     1
290
     0
176
     1
 93
        1
176
     1
 44
0.0
176
     1
173
     0
176
     1
  0
VISUALSTYLE
  5
36
102
{ACAD_REACTORS
330
2A
102
}
102
{ACAD_XDICTIONARY
360
A6
102
}
330
2A
100
AcDbVisualStyle
  2
Brighten
 70
    12
177
     2
291
     1
 71
     2
176
     1
 72
     2
176
     1
 73
     0
176
     1
 90
        0
176
     1
 40
0.6
176
     1
 41
30.0
176
     1
 62
     5
 63
     7
421
 16777215
176
     1
 74
     1
176
     1
 91
        4
176
     1
 64
     7
176
     1
 65
   257
176
     1
 75
     1
176
     1
175
     1
176
     1
 42
1.0
176
     1
 92
        8
176
     1
 66
     7
176
     1
 43
1.0
176
     1
 76
     1
176
     1
 77
     6
176
     1
 78
     2
176
     1
 67
     7
176
     1
 79
     5
176
     1
170
     0
176
     1
171
     0
176
     1
290
     0
176
     1
 93
        1
176
     1
 44
50.0
176
     1
173
     0
176
     1
  0
VISUALSTYLE
  5
3A
102
{ACAD_REACTORS
330
2A
102
}
102
{ACAD_XDICTIONARY
360
AE
102
}
330
2A
100
AcDbVisualStyle
  2
ColorChange
 70
    16
177
     2
291
     1
 71
     2
176
     1
 72
     2
176
     1
 73
     3
176
     1
 90
        0
176
     1
 40
0.6
176
     1
 41
30.0
176
     1
 62
     5
 63
     8
421
  8421504
176
     1
 74
     1
176
     1
 91
        4
176
     1
 64
     7
176
     1
 65
   257
176
     1
 75
     1
176
     1
175
     1
176
     1
 42
1.0
176
     1
 92
        8
176
     1
 66
     8
424
  8421504
176
     1
 43
1.0
176
     1
 76
     1
176
     1
 77
     6
176
     1
 78
     2
176
     1
 67
     7
176
     1
 79
     5
176
     1
170
     0
176
     1
171
     0
176
     1
290
     0
176
     1
 93
        1
176
     1
 44
0.0
176
     1
173
     0
176
     1
  0
VISUALSTYLE
  5
34
102
{ACAD_REACTORS
330
2A
102
}
102
{ACAD_XDICTIONARY
360
A2
102
}
330
2A
100
AcDbVisualStyle
  2
Conceptual
 70
     9
177
     2
291
     0
 71
     3
176
     1
 72
     2
176
     1
 73
     0
176
     1
 90
        0
176
     1
 40
0.6
176
     1
 41
30.0
176
     1
 62
     5
 63
     7
421
 16777215
176
     1
 74
     2
176
     1
 91
        2
176
     1
 64
     7
176
     1
 65
   257
176
     1
 75
     1
176
     1
175
     1
176
     1
 42
179.0
176
     1
 92
        8
176
     1
 66
     7
176
     1
 43
1.0
176
     1
 76
     1
176
     1
 77
     6
176
     1
 78
     2
176
     1
 67
     7
176
     1
 79
     3
176
     1
170
     0
176
     1
171
     0
176
     1
290
     0
176
     1
 93
        1
176
     1
 44
0.0
176
     1
173
     0
176
     1
  0
VISUALSTYLE
  5
35
102
{ACAD_REACTORS
330
2A
102
}
102
{ACAD_XDICTIONARY
360
A4
102
}
330
2A
100
AcDbVisualStyle
  2
Dim
 70
    11
177
     2
291
     1
 71
     2
176
     1
 72
     2
176
     1
 73
     0
176
     1
 90
        0
176
     1
 40
0.6
176
     1
 41
30.0
176
     1
 62
     5
 63
     7
421
 16777215
176
     1
 74
     1
176
     1
 91
        4
176
     1
 64
     7
176
     1
 65
   257
176
     1
 75
     1
176
     1
175
     1
176
     1
 42
1.0
176
     1
 92
        8
176
     1
 66
     7
176
     1
 43
1.0
176
     1
 76
     1
176
     1
 77
     6
176
     1
 78
     2
176
     1
 67
     7
176
     1
 79
     5
176
     1
170
     0
176
     1
171
     0
176
     1
290
     0
176
     1
 93
        1
176
     1
 44
-50.0
176
     1
173
     0
176
     1
  0
VISUALSTYLE
  5
3D
102
{ACAD_REACTORS
330
2A
102
}
102
{ACAD_XDICTIONARY
360
B4
102
}
330
2A
100
AcDbVisualStyle
  2
EdgeColorOff
 70
    22
177
     2
291
     1
 71
     2
176
     0
 72
     2
176
     0
 73
     0
176
     0
 90
        0
176
     0
 40
0.6
176
     0
 41
30.0
176
     0
 62
     5
 63
     7
421
 16777215
176
     0
 74
     1
176
     0
 91
        4
176
     0
 64
     7
176
     0
 65
   257
176
     0
 75
     1
176
     0
175
     1
176
     0
 42
1.0
176
     0
 92
        8
176
     2
 66
     7
176
     0
 43
1.0
176
     0
 76
     1
176
     0
 77
     6
176
     0
 78
     2
176
     0
 67
     7
176
     0
 79
     5
176
     0
170
     0
176
     0
171
     0
176
     0
290
     0
176
     0
 93
        1
176
     0
 44
0.0
176
     0
173
     0
176
     0
  0
VISUALSTYLE
  5
39
102
{ACAD_REACTORS
330
2A
102
}
102
{ACAD_XDICTIONARY
360
AC
102
}
330
2A
100
AcDbVisualStyle
  2
Facepattern
 70
    15
177
     2
291
     1
 71
     2
176
     1
 72
     2
176
     1
 73
     0
176
     1
 90
        0
176
     1
 40
0.6
176
     1
 41
30.0
176
     1
 62
     5
 63
     7
421
 16777215
176
     1
 74
     1
176
     1
 91
        4
176
     1
 64
     7
176
     1
 65
   257
176
     1
 75
     1
176
     1
175
     1
176
     1
 42
1.0
176
     1
 92
        8
176
     1
 66
     7
176
     1
 43
1.0
176
     1
 76
     1
176
     1
 77
     6
176
     1
 78
     2
176
     1
 67
     7
176
     1
 79
     5
176
     1
170
     0
176
     1
171
     0
176
     1
290
     0
176
     1
 93
        1
176
     1
 44
0.0
176
     1
173
     0
176
     1
  0
VISUALSTYLE
  5
2B
102
{ACAD_REACTORS
330
2A
102
}
102
{ACAD_XDICTIONARY
360
90
102
}
330
2A
100
AcDbVisualStyle
  2
Flat
 70
     0
177
     2
291
     1
 71
     2
176
     1
 72
     1
176
     1
 73
     1
176
     1
 90
        2
176
     1
 40
0.6
176
     1
 41
30.0
176
     1
 62
     5
 63
     7
421
 16777215
176
     1
 74
     0
176
     1
 91
        0
176
     1
 64
     7
176
     1
 65
   257
176
     1
 75
     1
176
     1
175
     1
176
     1
 42
1.0
176
     1
 92
        8
176
     1
 66
     7
176
     1
 43
1.0
176
     1
 76
     1
176
     1
 77
     6
176
     1
 78
     2
176
     1
 67
     7
176
     1
 79
     5
176
     1
170
     0
176
     1
171
     0
176
     1
290
     0
176
     1
 93
       13
176
     1
 44
0.0
176
     1
173
     0
176
     1
  0
VISUALSTYLE
  5
2C
102
{ACAD_REACTORS
330
2A
102
}
102
{ACAD_XDICTIONARY
360
92
102
}
330
2A
100
AcDbVisualStyle
  2
FlatWithEdges
 70
     1
177
     2
291
     1
 71
     2
176
     1
 72
     1
176
     1
 73
     1
176
     1
 90
        2
176
     1
 40
0.6
176
     1
 41
30.0
176
     1
 62
     5
 63
     7
421
 16777215
176
     1
 74
     1
176
     1
 91
        0
176
     1
 64
     7
176
     1
 65
   257
176
     1
 75
     1
176
     1
175
     1
176
     1
 42
1.0
176
     1
 92
        0
176
     1
 66
   257
176
     1
 43
1.0
176
     1
 76
     1
176
     1
 77
     6
176
     1
 78
     2
176
     1
 67
     7
176
     1
 79
     5
176
     1
170
     0
176
     1
171
     0
176
     1
290
     0
176
     1
 93
       13
176
     1
 44
0.0
176
     1
173
     0
176
     1
  0
VISUALSTYLE
  5
2D
102
{ACAD_REACTORS
330
2A
102
}
102
{ACAD_XDICTIONARY
360
94
102
}
330
2A
100
AcDbVisualStyle
  2
Gouraud
 70
     2
177
     2
291
     1
 71
     2
176
     1
 72
     2
176
     1
 73
     1
176
     1
 90
        2
176
     1
 40
0.6
176
     1
 41
30.0
176
     1
 62
     5
 63
     7
421
 16777215
176
     1
 74
     0
176
     1
 91
        0
176
     1
 64
     7
176
     1
 65
   257
176
     1
 75
     1
176
     1
175
     1
176
     1
 42
1.0
176
     1
 92
        0
176
     1
 66
     7
176
     1
 43
1.0
176
     1
 76
     1
176
     1
 77
     6
176
     1
 78
     2
176
     1
 67
     7
176
     1
 79
     5
176
     1
170
     0
176
     1
171
     0
176
     1
290
     0
176
     1
 93
       13
176
     1
 44
0.0
176
     1
173
     0
176
     1
  0
VISUALSTYLE
  5
2E
102
{ACAD_REACTORS
330
2A
102
}
102
{ACAD_XDICTIONARY
360
96
102
}
330
2A
100
AcDbVisualStyle
  2
GouraudWithEdges
 70
     3
177
     2
291
     1
 71
     2
176
     1
 72
     2
176
     1
 73
     1
176
     1
 90
        2
176
     1
 40
0.6
176
     1
 41
30.0
176
     1
 62
     5
 63
     7
421
 16777215
176
     1
 74
     1
176
     1
 91
        0
176
     1
 64
     7
176
     1
 65
   257
176
     1
 75
     1
176
     1
175
     1
176
     1
 42
1.0
176
     1
 92
        0
176
     1
 66
   257
176
     1
 43
1.0
176
     1
 76
     1
176
     1
 77
     6
176
     1
 78
     2
176
     1
 67
     7
176
     1
 79
     5
176
     1
170
     0
176
     1
171
     0
176
     1
290
     0
176
     1
 93
       13
176
     1
 44
0.0
176
     1
173
     0
176
     1
  0
VISUALSTYLE
  5
31
102
{ACAD_REACTORS
330
2A
102
}
102
{ACAD_XDICTIONARY
360
9C
102
}
330
2A
100
AcDbVisualStyle
  2
Hidden
 70
     6
177
     2
291
     0
 71
     1
176
     1
 72
     2
176
     1
 73
     2
176
     1
 90
        0
176
     1
 40
0.6
176
     1
 41
30.0
176
     1
 62
     5
 63
     7
421
 16777215
176
     1
 74
     2
176
     1
 91
        2
176
     1
 64
     7
176
     1
 65
   257
176
     1
 75
     2
176
     1
175
     1
176
     1
 42
40.0
176
     1
 92
        0
176
     1
 66
   257
176
     1
 43
1.0
176
     1
 76
     1
176
     1
 77
     6
176
     1
 78
     2
176
     1
 67
     7
176
     1
 79
     3
176
     1
170
     0
176
     1
171
     0
176
     1
290
     0
176
     1
 93
        1
176
     1
 44
0.0
176
     1
173
     0
176
     1
  0
VISUALSTYLE
  5
3B
102
{ACAD_REACTORS
330
2A
102
}
102
{ACAD_XDICTIONARY
360
B0
102
}
330
2A
100
AcDbVisualStyle
  2
JitterOff
 70
    20
177
     2
291
     1
 71
     2
176
     0
 72
     2
176
     0
 73
     0
176
     0
 90
        0
176
     0
 40
0.6
176
     0
 41
30.0
176
     0
 62
     5
 63
     7
421
 16777215
176
     0
 74
     1
176
     0
 91
        4
176
     0
 64
     7
176
     0
 65
   257
176
     0
 75
     1
176
     0
175
     1
176
     0
 42
1.0
176
     0
 92
       10
176
     2
 66
     7
176
     0
 43
1.0
176
     0
 76
     1
176
     0
 77
     6
176
     0
 78
     2
176
     0
 67
     7
176
     0
 79
     5
176
     0
170
     0
176
     0
171
     0
176
     0
290
     0
176
     0
 93
        1
176
     0
 44
0.0
176
     0
173
     0
176
     0
  0
VISUALSTYLE
  5
38
102
{ACAD_REACTORS
330
2A
102
}
102
{ACAD_XDICTIONARY
360
AA
102
}
330
2A
100
AcDbVisualStyle
  2
Linepattern
 70
    14
177
     2
291
     1
 71
     2
176
     1
 72
     2
176
     1
 73
     0
176
     1
 90
        0
176
     1
 40
0.6
176
     1
 41
30.0
176
     1
 62
     5
 63
     7
421
 16777215
176
     1
 74
     1
176
     1
 91
        4
176
     1
 64
     7
176
     1
 65
   257
176
     1
 75
     7
176
     1
175
     7
176
     1
 42
1.0
176
     1
 92
        8
176
     1
 66
     7
176
     1
 43
1.0
176
     1
 76
     1
176
     1
 77
     6
176
     1
 78
     2
176
     1
 67
     7
176
     1
 79
     5
176
     1
170
     0
176
     1
171
     0
176
     1
290
     0
176
     1
 93
        1
176
     1
 44
0.0
176
     1
173
     0
176
     1
  0
VISUALSTYLE
  5
3C
102
{ACAD_REACTORS
330
2A
102
}
102
{ACAD_XDICTIONARY
360
B2
102
}
330
2A
100
AcDbVisualStyle
  2
OverhangOff
 70
    21
177
     2
291
     1
 71
     2
176
     0
 72
     2
176
     0
 73
     0
176
     0
 90
        0
176
     0
 40
0.6
176
     0
 41
30.0
176
     0
 62
     5
 63
     7
421
 16777215
176
     0
 74
     1
176
     0
 91
        4
176
     0
 64
     7
176
     0
 65
   257
176
     0
 75
     1
176
     0
175
     1
176
     0
 42
1.0
176
     0
 92
        9
176
     2
 66
     7
176
     0
 43
1.0
176
     0
 76
     1
176
     0
 77
     6
176
     0
 78
     2
176
     0
 67
     7
176
     0
 79
     5
176
     0
170
     0
176
     0
171
     0
176
     0
290
     0
176
     0
 93
        1
176
     0
 44
0.0
176
     0
173
     0
176
     0
  0
VISUALSTYLE
  5
33
102
{ACAD_REACTORS
330
2A
102
}
102
{ACAD_XDICTIONARY
360
A0
102
}
330
2A
100
AcDbVisualStyle
  2
Realistic
 70
     8
177
     2
291
     0
 71
     2
176
     1
 72
     3
176
     1
 73
     0
176
     1
 90
        2
176
     1
 40
0.6
176
     1
 41
30.0
176
     1
 62
     5
 63
     7
421
 16777215
176
     1
 74
     0
176
     1
 91
        0
176
     1
 64
     7
176
     1
 65
   257
176
     1
 75
     1
176
     1
175
     1
176
     1
 42
1.0
176
     1
 92
        8
176
     1
 66
   257
176
     1
 43
1.0
176
     1
 76
     1
176
     1
 77
     6
176
     1
 78
     2
176
     1
 67
     7
176
     1
 79
     3
176
     1
170
     0
176
     1
171
     0
176
     1
290
     0
176
     1
 93
       13
176
     1
 44
0.0
176
     1
173
     0
176
     1
  0
VISUALSTYLE
  5
42
102
{ACAD_REACTORS
330
2A
102
}
102
{ACAD_XDICTIONARY
360
BE
102
}
330
2A
100
AcDbVisualStyle
  2
Shaded
 70
    27
177
     2
291
     0
 71
     2
176
     1
 72
     2
176
     1
 73
     1
176
     1
 90
        2
176
     1
 40
0.6
176
     1
 41
30.0
176
     1
 62
     5
 63
     7
421
 16777215
176
     1
 74
     0
176
     1
 91
        4
176
     1
 64
     7
176
     1
 65
   257
176
     1
 75
     1
176
     1
175
     1
176
     1
 42
1.0
176
     1
 92
        8
176
     1
 66
   257
176
     1
 43
1.0
176
     1
 76
     1
176
     1
 77
     6
176
     1
 78
     2
176
     1
 67
     8
425
  7895160
176
     1
 79
     3
176
     1
170
     0
176
     1
171
     0
176
     1
290
     0
176
     1
 93
        5
176
     1
 44
0.0
176
     1
173
     0
176
     1
  0
VISUALSTYLE
  5
41
102
{ACAD_REACTORS
330
2A
102
}
102
{ACAD_XDICTIONARY
360
BC
102
}
330
2A
100
AcDbVisualStyle
  2
Shaded with edges
 70
    26
177
     2
291
     0
 71
     2
176
     1
 72
     2
176
     1
 73
     1
176
     1
 90
        2
176
     1
 40
0.6
176
     1
 41
30.0
176
     1
 62
     5
 63
     7
421
 16777215
176
     1
 74
     1
176
     1
 91
       10
176
     1
 64
     7
176
     1
 65
   257
176
     1
 75
     2
176
     1
175
     1
176
     1
 42
1.0
176
     1
 92
        8
176
     1
 66
   257
176
     1
 43
1.0
176
     1
 76
     1
176
     1
 77
     6
176
     1
 78
     2
176
     1
 67
     7
176
     1
 79
     3
176
     1
170
     0
176
     1
171
     0
176
     1
290
     0
176
     1
 93
        5
176
     1
 44
0.0
176
     1
173
     0
176
     1
  0
VISUALSTYLE
  5
3E
102
{ACAD_REACTORS
330
2A
102
}
102
{ACAD_XDICTIONARY
360
B6
102
}
330
2A
100
AcDbVisualStyle
  2
Shades of Gray
 70
    23
177
     2
291
     0
 71
     2
176
     1
 72
     2
176
     1
 73
     3
176
     1
 90
        0
176
     1
 40
0.6
176
     1
 41
30.0
176
     1
 62
     5
 63
     7
421
 16777215
176
     1
 74
     2
176
     1
 91
        2
176
     1
 64
     7
176
     1
 65
     7
176
     1
 75
     1
176
     1
175
     1
176
     1
 42
40.0
176
     1
 92
        8
176
     1
 66
     7
176
     1
 43
1.0
176
     1
 76
     1
176
     1
 77
     6
176
     1
 78
     2
176
     1
 67
     7
176
     1
 79
     3
176
     1
170
     0
176
     1
171
     0
176
     1
290
     0
176
     1
 93
        1
176
     1
 44
0.0
176
     1
173
     0
176
     1
  0
VISUALSTYLE
  5
3F
102
{ACAD_REACTORS
330
2A
102
}
102
{ACAD_XDICTIONARY
360
B8
102
}
330
2A
100
AcDbVisualStyle
  2
Sketchy
 70
    24
177
     2
291
     0
 71
     1
176
     1
 72
     2
176
     1
 73
     2
176
     1
 90
        0
176
     1
 40
0.6
176
     1
 41
30.0
176
     1
 62
     5
 63
     7
421
 16777215
176
     1
 74
     2
176
     1
 91
        2
176
     1
 64
     7
176
     1
 65
     7
176
     1
 75
     1
176
     1
175
     1
176
     1
 42
40.0
176
     1
 92
       11
176
     1
 66
     7
176
     1
 43
1.0
176
     1
 76
     1
176
     1
 77
     6
176
     1
 78
     2
176
     1
 67
     7
176
     1
 79
     6
176
     1
170
     0
176
     1
171
     0
176
     1
290
     0
176
     1
 93
        1
176
     1
 44
0.0
176
     1
173
     0
176
     1
  0
VISUALSTYLE
  5
37
102
{ACAD_REACTORS
330
2A
102
}
102
{ACAD_XDICTIONARY
360
A8
102
}
330
2A
100
AcDbVisualStyle
  2
Thicken
 70
    13
177
     2
291
     1
 71
     2
176
     1
 72
     2
176
     1
 73
     0
176
     1
 90
        0
176
     1
 40
0.6
176
     1
 41
30.0
176
     1
 62
     5
 63
     7
421
 16777215
176
     1
 74
     1
176
     1
 91
        4
176
     1
 64
     7
176
     1
 65
   257
176
     1
 75
     1
176
     1
175
     1
176
     1
 42
1.0
176
     1
 92
       12
176
     1
 66
     7
176
     1
 43
1.0
176
     1
 76
     1
176
     1
 77
     6
176
     1
 78
     2
176
     1
 67
     7
176
     1
 79
     5
176
     1
170
     0
176
     1
171
     0
176
     1
290
     0
176
     1
 93
        1
176
     1
 44
0.0
176
     1
173
     0
176
     1
  0
VISUALSTYLE
  5
30
102
{ACAD_REACTORS
330
2A
102
}
102
{ACAD_XDICTIONARY
360
9A
102
}
330
2A
100
AcDbVisualStyle
  2
Wireframe
 70
     5
177
     2
291
     0
 71
     0
176
     1
 72
     2
176
     1
 73
     0
176
     1
 90
        0
176
     1
 40
0.6
176
     1
 41
30.0
176
     1
 62
     5
 63
     7
421
 16777215
176
     1
 74
     1
176
     1
 91
        4
176
     1
 64
     7
176
     1
 65
   257
176
     1
 75
     1
176
     1
175
     1
176
     1
 42
1.0
176
     1
 92
        0
176
     1
 66
   257
176
     1
 43
1.0
176
     1
 76
     1
176
     1
 77
     6
176
     1
 78
     2
176
     1
 67
     7
176
     1
 79
     3
176
     1
170
     0
176
     1
171
     0
176
     1
290
     0
176
     1
 93
        1
176
     1
 44
0.0
176
     1
173
     0
176
     1
  0
VISUALSTYLE
  5
40
102
{ACAD_REACTORS
330
2A
102
}
102
{ACAD_XDICTIONARY
360
BA
102
}
330
2A
100
AcDbVisualStyle
  2
X-Ray
 70
    25
177
     2
291
     0
 71
     2
176
     1
 72
     2
176
     1
 73
     1
176
     1
 90
        1
176
     1
 40
0.5
176
     1
 41
30.0
176
     1
 62
     5
 63
     7
421
 16777215
176
     1
 74
     1
176
     1
 91
        0
176
     1
 64
     7
176
     1
 65
   257
176
     1
 75
     1
176
     1
175
     1
176
     1
 42
1.0
176
     1
 92
        8
176
     1
 66
     7
176
     1
 43
1.0
176
     1
 76
     1
176
     1
 77
     6
176
     1
 78
     2
176
     1
 67
     7
176
     1
 79
     3
176
     1
170
     0
176
     1
171
     0
176
     1
290
     0
176
     1
 93
       13
176
     1
 44
0.0
176
     1
173
     0
176
     1
  0
DICTIONARYVAR
  5
8F
102
{ACAD_REACTORS
330
8E
102
}
330
8E
100
DictionaryVariables
280
     0
  1
1:1
  0
DICTIONARYVAR
  5
C7
102
{ACAD_REACTORS
330
8E
102
}
330
8E
100
DictionaryVariables
280
     0
  1
3.500000
  0
DICTIONARYVAR
  5
C8
102
{ACAD_REACTORS
330
8E
102
}
330
8E
100
DictionaryVariables
280
     0
  1
acadiso.lin
  0
DICTIONARYVAR
  5
C4
102
{ACAD_REACTORS
330
8E
102
}
330
8E
100
DictionaryVariables
280
     0
  1
Standard
  0
DICTIONARYVAR
  5
C3
102
{ACAD_REACTORS
330
8E
102
}
330
8E
100
DictionaryVariables
280
     0
  1
Standard
  0
DICTIONARY
  5
C0
330
5A
100
AcDbDictionary
280
     1
281
     1
  3
ACAD_ROUNDTRIP_2008_TABLESTYLE_CELLSTYLEMAP
360
C1
  0
DICTIONARY
  5
98
330
2F
100
AcDbDictionary
280
     1
281
     1
  3
ACAD_XREC_ROUNDTRIP
360
99
  0
DICTIONARY
  5
9E
330
32
100
AcDbDictionary
280
     1
281
     1
  3
ACAD_XREC_ROUNDTRIP
360
9F
  0
DICTIONARY
  5
A6
330
36
100
AcDbDictionary
280
     1
281
     1
  3
ACAD_XREC_ROUNDTRIP
360
A7
  0
DICTIONARY
  5
AE
330
3A
100
AcDbDictionary
280
     1
281
     1
  3
ACAD_XREC_ROUNDTRIP
360
AF
  0
DICTIONARY
  5
A2
330
34
100
AcDbDictionary
280
     1
281
     1
  3
ACAD_XREC_ROUNDTRIP
360
A3
  0
DICTIONARY
  5
A4
330
35
100
AcDbDictionary
280
     1
281
     1
  3
ACAD_XREC_ROUNDTRIP
360
A5
  0
DICTIONARY
  5
B4
330
3D
100
AcDbDictionary
280
     1
281
     1
  3
ACAD_XREC_ROUNDTRIP
360
B5
  0
DICTIONARY
  5
AC
330
39
100
AcDbDictionary
280
     1
281
     1
  3
ACAD_XREC_ROUNDTRIP
360
AD
  0
DICTIONARY
  5
90
330
2B
100
AcDbDictionary
280
     1
281
     1
  3
ACAD_XREC_ROUNDTRIP
360
91
  0
DICTIONARY
  5
92
330
2C
100
AcDbDictionary
280
     1
281
     1
  3
ACAD_XREC_ROUNDTRIP
360
93
  0
DICTIONARY
  5
94
330
2D
100
AcDbDictionary
280
     1
281
     1
  3
ACAD_XREC_ROUNDTRIP
360
95
  0
DICTIONARY
  5
96
330
2E
100
AcDbDictionary
280
     1
281
     1
  3
ACAD_XREC_ROUNDTRIP
360
97
  0
DICTIONARY
  5
9C
330
31
100
AcDbDictionary
280
     1
281
     1
  3
ACAD_XREC_ROUNDTRIP
360
9D
  0
DICTIONARY
  5
B0
330
3B
100
AcDbDictionary
280
     1
281
     1
  3
ACAD_XREC_ROUNDTRIP
360
B1
  0
DICTIONARY
  5
AA
330
38
100
AcDbDictionary
280
     1
281
     1
  3
ACAD_XREC_ROUNDTRIP
360
AB
  0
DICTIONARY
  5
B2
330
3C
100
AcDbDictionary
280
     1
281
     1
  3
ACAD_XREC_ROUNDTRIP
360
B3
  0
DICTIONARY
  5
A0
330
33
100
AcDbDictionary
280
     1
281
     1
  3
ACAD_XREC_ROUNDTRIP
360
A1
  0
DICTIONARY
  5
BE
330
42
100
AcDbDictionary
280
     1
281
     1
  3
ACAD_XREC_ROUNDTRIP
360
BF
  0
DICTIONARY
  5
BC
330
41
100
AcDbDictionary
280
     1
281
     1
  3
ACAD_XREC_ROUNDTRIP
360
BD
  0
DICTIONARY
  5
B6
330
3E
100
AcDbDictionary
280
     1
281
     1
  3
ACAD_XREC_ROUNDTRIP
360
B7
  0
DICTIONARY
  5
B8
330
3F
100
AcDbDictionary
280
     1
281
     1
  3
ACAD_XREC_ROUNDTRIP
360
B9
  0
DICTIONARY
  5
A8
330
37
100
AcDbDictionary
280
     1
281
     1
  3
ACAD_XREC_ROUNDTRIP
360
A9
  0
DICTIONARY
  5
9A
330
30
100
AcDbDictionary
280
     1
281
     1
  3
ACAD_XREC_ROUNDTRIP
360
9B
  0
DICTIONARY
  5
BA
330
40
100
AcDbDictionary
280
     1
281
     1
  3
ACAD_XREC_ROUNDTRIP
360
BB
  0
CELLSTYLEMAP
  5
C1
102
{ACAD_REACTORS
330
C0
102
}
330
C0
100
AcDbCellStyleMap
 90
        3
300
CELLSTYLE
  1
TABLEFORMAT_BEGIN
 90
        5
170
     1
 91
        0
 92
    32768
 62
   257
 93
        1
300
CONTENTFORMAT
  1
CONTENTFORMAT_BEGIN
 90
        0
 91
        0
 92
        4
 93
        0
300

 40
0.0
140
1.0
 94
        5
 62
     0
340
11
144
6.0
309
CONTENTFORMAT_END
171
     1
301
MARGIN
  1
CELLMARGIN_BEGIN
 40
1.5
 40
1.5
 40
1.5
 40
1.5
 40
1.5
 40
1.5
309
CELLMARGIN_END
 94
        6
 95
        1
302
GRIDFORMAT
  1
GRIDFORMAT_BEGIN
 90
        0
 91
        1
 62
     0
 92
       -2
340
14
 93
        0
 40
0.045
309
GRIDFORMAT_END
 95
        2
302
GRIDFORMAT
  1
GRIDFORMAT_BEGIN
 90
        0
 91
        1
 62
     0
 92
       -2
340
14
 93
        0
 40
0.045
309
GRIDFORMAT_END
 95
        4
302
GRIDFORMAT
  1
GRIDFORMAT_BEGIN
 90
        0
 91
        1
 62
     0
 92
       -2
340
14
 93
        0
 40
0.045
309
GRIDFORMAT_END
 95
        8
302
GRIDFORMAT
  1
GRIDFORMAT_BEGIN
 90
        0
 91
        1
 62
     0
 92
       -2
340
14
 93
        0
 40
0.045
309
GRIDFORMAT_END
 95
       16
302
GRIDFORMAT
  1
GRIDFORMAT_BEGIN
 90
        0
 91
        1
 62
     0
 92
       -2
340
14
 93
        0
 40
0.045
309
GRIDFORMAT_END
 95
       32
302
GRIDFORMAT
  1
GRIDFORMAT_BEGIN
 90
        0
 91
        1
 62
     0
 92
       -2
340
14
 93
        0
 40
0.045
309
GRIDFORMAT_END
309
TABLEFORMAT_END
  1
CELLSTYLE_BEGIN
 90
        1
 91
        1
300
_TITLE
309
CELLSTYLE_END
300
CELLSTYLE
  1
TABLEFORMAT_BEGIN
 90
        5
170
     1
 91
        0
 92
        0
 62
   257
 93
        1
300
CONTENTFORMAT
  1
CONTENTFORMAT_BEGIN
 90
        0
 91
        0
 92
        4
 93
        0
300

 40
0.0
140
1.0
 94
        5
 62
     0
340
11
144
4.5
309
CONTENTFORMAT_END
171
     1
301
MARGIN
  1
CELLMARGIN_BEGIN
 40
1.5
 40
1.5
 40
1.5
 40
1.5
 40
1.5
 40
1.5
309
CELLMARGIN_END
 94
        6
 95
        1
302
GRIDFORMAT
  1
GRIDFORMAT_BEGIN
 90
        0
 91
        1
 62
     0
 92
       -2
340
14
 93
        0
 40
0.045
309
GRIDFORMAT_END
 95
        2
302
GRIDFORMAT
  1
GRIDFORMAT_BEGIN
 90
        0
 91
        1
 62
     0
 92
       -2
340
14
 93
        0
 40
0.045
309
GRIDFORMAT_END
 95
        4
302
GRIDFORMAT
  1
GRIDFORMAT_BEGIN
 90
        0
 91
        1
 62
     0
 92
       -2
340
14
 93
        0
 40
0.045
309
GRIDFORMAT_END
 95
        8
302
GRIDFORMAT
  1
GRIDFORMAT_BEGIN
 90
        0
 91
        1
 62
     0
 92
       -2
340
14
 93
        0
 40
0.045
309
GRIDFORMAT_END
 95
       16
302
GRIDFORMAT
  1
GRIDFORMAT_BEGIN
 90
        0
 91
        1
 62
     0
 92
       -2
340
14
 93
        0
 40
0.045
309
GRIDFORMAT_END
 95
       32
302
GRIDFORMAT
  1
GRIDFORMAT_BEGIN
 90
        0
 91
        1
 62
     0
 92
       -2
340
14
 93
        0
 40
0.045
309
GRIDFORMAT_END
309
TABLEFORMAT_END
  1
CELLSTYLE_BEGIN
 90
        2
 91
        1
300
_HEADER
309
CELLSTYLE_END
300
CELLSTYLE
  1
TABLEFORMAT_BEGIN
 90
        5
170
     1
 91
        0
 92
        0
 62
   257
 93
        1
300
CONTENTFORMAT
  1
CONTENTFORMAT_BEGIN
 90
        0
 91
        0
 92
        4
 93
        0
300

 40
0.0
140
1.0
 94
        2
 62
     0
340
11
144
4.5
309
CONTENTFORMAT_END
171
     1
301
MARGIN
  1
CELLMARGIN_BEGIN
 40
1.5
 40
1.5
 40
1.5
 40
1.5
 40
1.5
 40
1.5
309
CELLMARGIN_END
 94
        6
 95
        1
302
GRIDFORMAT
  1
GRIDFORMAT_BEGIN
 90
        0
 91
        1
 62
     0
 92
       -2
340
14
 93
        0
 40
0.045
309
GRIDFORMAT_END
 95
        2
302
GRIDFORMAT
  1
GRIDFORMAT_BEGIN
 90
        0
 91
        1
 62
     0
 92
       -2
340
14
 93
        0
 40
0.045
309
GRIDFORMAT_END
 95
        4
302
GRIDFORMAT
  1
GRIDFORMAT_BEGIN
 90
        0
 91
        1
 62
     0
 92
       -2
340
14
 93
        0
 40
0.045
309
GRIDFORMAT_END
 95
        8
302
GRIDFORMAT
  1
GRIDFORMAT_BEGIN
 90
        0
 91
        1
 62
     0
 92
       -2
340
14
 93
        0
 40
0.045
309
GRIDFORMAT_END
 95
       16
302
GRIDFORMAT
  1
GRIDFORMAT_BEGIN
 90
        0
 91
        1
 62
     0
 92
       -2
340
14
 93
        0
 40
0.045
309
GRIDFORMAT_END
 95
       32
302
GRIDFORMAT
  1
GRIDFORMAT_BEGIN
 90
        0
 91
        1
 62
     0
 92
       -2
340
14
 93
        0
 40
0.045
309
GRIDFORMAT_END
309
TABLEFORMAT_END
  1
CELLSTYLE_BEGIN
 90
        3
 91
        2
300
_DATA
309
CELLSTYLE_END
  0
XRECORD
  5
99
102
{ACAD_REACTORS
330
98
102
}
330
98
100
AcDbXrecord
280
     1
102
RTVSPost2010Prop28
280
     1
102
RTVSPost2010PropOp28
 70
     1
102
RTVSPost2010Prop29
280
     1
102
RTVSPost2010PropOp29
 70
     1
102
RTVSPost2010Prop30
280
     0
102
RTVSPost2010PropOp30
 70
     1
102
RTVSPost2010Prop31
280
     0
102
RTVSPost2010PropOp31
 70
     1
102
RTVSPost2010Prop32
280
     0
102
RTVSPost2010PropOp32
 70
     1
102
RTVSPost2010Prop33
280
     0
102
RTVSPost2010PropOp33
 70
     1
102
RTVSPost2010Prop34
280
     0
102
RTVSPost2010PropOp34
 70
     1
102
RTVSPost2010Prop35
280
     0
102
RTVSPost2010PropOp35
 70
     1
102
RTVSPost2010Prop36
280
     0
102
RTVSPost2010PropOp36
 70
     1
102
RTVSPost2010Prop37
 90
       50
102
RTVSPost2010PropOp37
 70
     1
102
RTVSPost2010Prop38
140
0.0
102
RTVSPost2010PropOp38
 70
     1
102
RTVSPost2010Prop39
140
1.0
102
RTVSPost2010PropOp39
 70
     1
102
RTVSPost2010Prop40
 90
        0
102
RTVSPost2010PropOp40
 70
     1
102
RTVSPost2010Prop41ColorIndex
 90
       18
102
RTVSPost2010Prop41ColorRGB
 90
        0
102
RTVSPost2010PropOp41
 70
     1
102
RTVSPost2010Prop42
 90
       50
102
RTVSPost2010PropOp42
 70
     1
102
RTVSPost2010Prop43
 90
        3
102
RTVSPost2010PropOp43
 70
     1
102
RTVSPost2010Prop44ColorIndex
 90
        5
102
RTVSPost2010Prop44ColorRGB
 90
      255
102
RTVSPost2010PropOp44
 70
     1
102
RTVSPost2010Prop45
280
     0
102
RTVSPost2010PropOp45
 70
     1
102
RTVSPost2010Prop46
 90
       50
102
RTVSPost2010PropOp46
 70
     1
102
RTVSPost2010Prop47
 90
       50
102
RTVSPost2010PropOp47
 70
     1
102
RTVSPost2010Prop48
 90
       50
102
RTVSPost2010PropOp48
 70
     1
102
RTVSPost2010Prop49
280
     0
102
RTVSPost2010PropOp49
 70
     1
102
RTVSPost2010Prop50
 90
       50
102
RTVSPost2010PropOp50
 70
     1
102
RTVSPost2010Prop51ColorIndex
 90
      256
102
RTVSPost2010Prop51ColorRGB
 90
-16777216
102
RTVSPost2010PropOp51
 70
     0
102
RTVSPost2010Prop52
140
1.0
102
RTVSPost2010PropOp52
 70
     0
102
RTVSPost2010Prop53
 90
        2
102
RTVSPost2010PropOp53
 70
     1
102
RTVSPost2010Prop54
  1
strokes_ogs.tif
102
RTVSPost2010PropOp54
 70
     1
102
RTVSPost2010Prop55
280
     0
102
RTVSPost2010PropOp55
 70
     1
102
RTVSPost2010Prop56
140
1.0
102
RTVSPost2010PropOp56
 70
     1
102
RTVSPost2010Prop57
140
1.0
102
RTVSPost2010PropOp57
 70
     1
  0
XRECORD
  5
9F
102
{ACAD_REACTORS
330
9E
102
}
330
9E
100
AcDbXrecord
280
     1
102
RTVSPost2010Prop28
280
     0
102
RTVSPost2010PropOp28
 70
     1
102
RTVSPost2010Prop29
280
     1
102
RTVSPost2010PropOp29
 70
     1
102
RTVSPost2010Prop30
280
     1
102
RTVSPost2010PropOp30
 70
     1
102
RTVSPost2010Prop31
280
     0
102
RTVSPost2010PropOp31
 70
     1
102
RTVSPost2010Prop32
280
     0
102
RTVSPost2010PropOp32
 70
     1
102
RTVSPost2010Prop33
280
     0
102
RTVSPost2010PropOp33
 70
     1
102
RTVSPost2010Prop34
280
     0
102
RTVSPost2010PropOp34
 70
     1
102
RTVSPost2010Prop35
280
     0
102
RTVSPost2010PropOp35
 70
     1
102
RTVSPost2010Prop36
280
     0
102
RTVSPost2010PropOp36
 70
     1
102
RTVSPost2010Prop37
 90
       50
102
RTVSPost2010PropOp37
 70
     1
102
RTVSPost2010Prop38
140
0.0
102
RTVSPost2010PropOp38
 70
     1
102
RTVSPost2010Prop39
140
1.0
102
RTVSPost2010PropOp39
 70
     1
102
RTVSPost2010Prop40
 90
        0
102
RTVSPost2010PropOp40
 70
     1
102
RTVSPost2010Prop41ColorIndex
 90
       18
102
RTVSPost2010Prop41ColorRGB
 90
        0
102
RTVSPost2010PropOp41
 70
     1
102
RTVSPost2010Prop42
 90
       50
102
RTVSPost2010PropOp42
 70
     1
102
RTVSPost2010Prop43
 90
        3
102
RTVSPost2010PropOp43
 70
     1
102
RTVSPost2010Prop44ColorIndex
 90
        5
102
RTVSPost2010Prop44ColorRGB
 90
      255
102
RTVSPost2010PropOp44
 70
     1
102
RTVSPost2010Prop45
280
     0
102
RTVSPost2010PropOp45
 70
     1
102
RTVSPost2010Prop46
 90
       50
102
RTVSPost2010PropOp46
 70
     1
102
RTVSPost2010Prop47
 90
       50
102
RTVSPost2010PropOp47
 70
     1
102
RTVSPost2010Prop48
 90
       50
102
RTVSPost2010PropOp48
 70
     1
102
RTVSPost2010Prop49
280
     0
102
RTVSPost2010PropOp49
 70
     1
102
RTVSPost2010Prop50
 90
       50
102
RTVSPost2010PropOp50
 70
     1
102
RTVSPost2010Prop51ColorIndex
 90
      256
102
RTVSPost2010Prop51ColorRGB
 90
-16777216
102
RTVSPost2010PropOp51
 70
     0
102
RTVSPost2010Prop52
140
1.0
102
RTVSPost2010PropOp52
 70
     0
102
RTVSPost2010Prop53
 90
        2
102
RTVSPost2010PropOp53
 70
     1
102
RTVSPost2010Prop54
  1
strokes_ogs.tif
102
RTVSPost2010PropOp54
 70
     1
102
RTVSPost2010Prop55
280
     0
102
RTVSPost2010PropOp55
 70
     1
102
RTVSPost2010Prop56
140
1.0
102
RTVSPost2010PropOp56
 70
     1
102
RTVSPost2010Prop57
140
1.0
102
RTVSPost2010PropOp57
 70
     1
  0
XRECORD
  5
A7
102
{ACAD_REACTORS
330
A6
102
}
330
A6
100
AcDbXrecord
280
     1
102
RTVSPost2010Prop28
280
     0
102
RTVSPost2010PropOp28
 70
     1
102
RTVSPost2010Prop29
280
     1
102
RTVSPost2010PropOp29
 70
     1
102
RTVSPost2010Prop30
280
     1
102
RTVSPost2010PropOp30
 70
     1
102
RTVSPost2010Prop31
280
     0
102
RTVSPost2010PropOp31
 70
     1
102
RTVSPost2010Prop32
280
     0
102
RTVSPost2010PropOp32
 70
     1
102
RTVSPost2010Prop33
280
     0
102
RTVSPost2010PropOp33
 70
     1
102
RTVSPost2010Prop34
280
     0
102
RTVSPost2010PropOp34
 70
     1
102
RTVSPost2010Prop35
280
     0
102
RTVSPost2010PropOp35
 70
     1
102
RTVSPost2010Prop36
280
     0
102
RTVSPost2010PropOp36
 70
     1
102
RTVSPost2010Prop37
 90
       50
102
RTVSPost2010PropOp37
 70
     1
102
RTVSPost2010Prop38
140
0.0
102
RTVSPost2010PropOp38
 70
     1
102
RTVSPost2010Prop39
140
1.0
102
RTVSPost2010PropOp39
 70
     1
102
RTVSPost2010Prop40
 90
        0
102
RTVSPost2010PropOp40
 70
     1
102
RTVSPost2010Prop41ColorIndex
 90
       18
102
RTVSPost2010Prop41ColorRGB
 90
        0
102
RTVSPost2010PropOp41
 70
     1
102
RTVSPost2010Prop42
 90
       50
102
RTVSPost2010PropOp42
 70
     1
102
RTVSPost2010Prop43
 90
        3
102
RTVSPost2010PropOp43
 70
     1
102
RTVSPost2010Prop44ColorIndex
 90
        5
102
RTVSPost2010Prop44ColorRGB
 90
      255
102
RTVSPost2010PropOp44
 70
     1
102
RTVSPost2010Prop45
280
     0
102
RTVSPost2010PropOp45
 70
     1
102
RTVSPost2010Prop46
 90
       50
102
RTVSPost2010PropOp46
 70
     1
102
RTVSPost2010Prop47
 90
       50
102
RTVSPost2010PropOp47
 70
     1
102
RTVSPost2010Prop48
 90
       50
102
RTVSPost2010PropOp48
 70
     1
102
RTVSPost2010Prop49
280
     0
102
RTVSPost2010PropOp49
 70
     1
102
RTVSPost2010Prop50
 90
       50
102
RTVSPost2010PropOp50
 70
     1
102
RTVSPost2010Prop51ColorIndex
 90
      256
102
RTVSPost2010Prop51ColorRGB
 90
-16777216
102
RTVSPost2010PropOp51
 70
     0
102
RTVSPost2010Prop52
140
1.0
102
RTVSPost2010PropOp52
 70
     0
102
RTVSPost2010Prop53
 90
        2
102
RTVSPost2010PropOp53
 70
     1
102
RTVSPost2010Prop54
  1
strokes_ogs.tif
102
RTVSPost2010PropOp54
 70
     1
102
RTVSPost2010Prop55
280
     0
102
RTVSPost2010PropOp55
 70
     1
102
RTVSPost2010Prop56
140
1.0
102
RTVSPost2010PropOp56
 70
     1
102
RTVSPost2010Prop57
140
1.0
102
RTVSPost2010PropOp57
 70
     1
  0
XRECORD
  5
AF
102
{ACAD_REACTORS
330
AE
102
}
330
AE
100
AcDbXrecord
280
     1
102
RTVSPost2010Prop28
280
     0
102
RTVSPost2010PropOp28
 70
     1
102
RTVSPost2010Prop29
280
     1
102
RTVSPost2010PropOp29
 70
     1
102
RTVSPost2010Prop30
280
     1
102
RTVSPost2010PropOp30
 70
     1
102
RTVSPost2010Prop31
280
     0
102
RTVSPost2010PropOp31
 70
     1
102
RTVSPost2010Prop32
280
     0
102
RTVSPost2010PropOp32
 70
     1
102
RTVSPost2010Prop33
280
     0
102
RTVSPost2010PropOp33
 70
     1
102
RTVSPost2010Prop34
280
     0
102
RTVSPost2010PropOp34
 70
     1
102
RTVSPost2010Prop35
280
     0
102
RTVSPost2010PropOp35
 70
     1
102
RTVSPost2010Prop36
280
     0
102
RTVSPost2010PropOp36
 70
     1
102
RTVSPost2010Prop37
 90
       50
102
RTVSPost2010PropOp37
 70
     1
102
RTVSPost2010Prop38
140
0.0
102
RTVSPost2010PropOp38
 70
     1
102
RTVSPost2010Prop39
140
1.0
102
RTVSPost2010PropOp39
 70
     1
102
RTVSPost2010Prop40
 90
        0
102
RTVSPost2010PropOp40
 70
     1
102
RTVSPost2010Prop41ColorIndex
 90
       18
102
RTVSPost2010Prop41ColorRGB
 90
        0
102
RTVSPost2010PropOp41
 70
     1
102
RTVSPost2010Prop42
 90
       50
102
RTVSPost2010PropOp42
 70
     1
102
RTVSPost2010Prop43
 90
        3
102
RTVSPost2010PropOp43
 70
     1
102
RTVSPost2010Prop44ColorIndex
 90
        5
102
RTVSPost2010Prop44ColorRGB
 90
      255
102
RTVSPost2010PropOp44
 70
     1
102
RTVSPost2010Prop45
280
     0
102
RTVSPost2010PropOp45
 70
     1
102
RTVSPost2010Prop46
 90
       50
102
RTVSPost2010PropOp46
 70
     1
102
RTVSPost2010Prop47
 90
       50
102
RTVSPost2010PropOp47
 70
     1
102
RTVSPost2010Prop48
 90
       50
102
RTVSPost2010PropOp48
 70
     1
102
RTVSPost2010Prop49
280
     0
102
RTVSPost2010PropOp49
 70
     1
102
RTVSPost2010Prop50
 90
       50
102
RTVSPost2010PropOp50
 70
     1
102
RTVSPost2010Prop51ColorIndex
 90
      256
102
RTVSPost2010Prop51ColorRGB
 90
-16777216
102
RTVSPost2010PropOp51
 70
     0
102
RTVSPost2010Prop52
140
1.0
102
RTVSPost2010PropOp52
 70
     0
102
RTVSPost2010Prop53
 90
        2
102
RTVSPost2010PropOp53
 70
     1
102
RTVSPost2010Prop54
  1
strokes_ogs.tif
102
RTVSPost2010PropOp54
 70
     1
102
RTVSPost2010Prop55
280
     0
102
RTVSPost2010PropOp55
 70
     1
102
RTVSPost2010Prop56
140
1.0
102
RTVSPost2010PropOp56
 70
     1
102
RTVSPost2010Prop57
140
1.0
102
RTVSPost2010PropOp57
 70
     1
  0
XRECORD
  5
A3
102
{ACAD_REACTORS
330
A2
102
}
330
A2
100
AcDbXrecord
280
     1
102
RTVSPost2010Prop28
280
     0
102
RTVSPost2010PropOp28
 70
     1
102
RTVSPost2010Prop29
280
     1
102
RTVSPost2010PropOp29
 70
     1
102
RTVSPost2010Prop30
280
     1
102
RTVSPost2010PropOp30
 70
     1
102
RTVSPost2010Prop31
280
     0
102
RTVSPost2010PropOp31
 70
     1
102
RTVSPost2010Prop32
280
     0
102
RTVSPost2010PropOp32
 70
     1
102
RTVSPost2010Prop33
280
     0
102
RTVSPost2010PropOp33
 70
     1
102
RTVSPost2010Prop34
280
     0
102
RTVSPost2010PropOp34
 70
     1
102
RTVSPost2010Prop35
280
     0
102
RTVSPost2010PropOp35
 70
     1
102
RTVSPost2010Prop36
280
     0
102
RTVSPost2010PropOp36
 70
     1
102
RTVSPost2010Prop37
 90
       50
102
RTVSPost2010PropOp37
 70
     1
102
RTVSPost2010Prop38
140
0.0
102
RTVSPost2010PropOp38
 70
     1
102
RTVSPost2010Prop39
140
1.0
102
RTVSPost2010PropOp39
 70
     1
102
RTVSPost2010Prop40
 90
        0
102
RTVSPost2010PropOp40
 70
     1
102
RTVSPost2010Prop41ColorIndex
 90
       18
102
RTVSPost2010Prop41ColorRGB
 90
        0
102
RTVSPost2010PropOp41
 70
     1
102
RTVSPost2010Prop42
 90
       50
102
RTVSPost2010PropOp42
 70
     1
102
RTVSPost2010Prop43
 90
        3
102
RTVSPost2010PropOp43
 70
     1
102
RTVSPost2010Prop44ColorIndex
 90
        5
102
RTVSPost2010Prop44ColorRGB
 90
      255
102
RTVSPost2010PropOp44
 70
     1
102
RTVSPost2010Prop45
280
     0
102
RTVSPost2010PropOp45
 70
     1
102
RTVSPost2010Prop46
 90
       50
102
RTVSPost2010PropOp46
 70
     1
102
RTVSPost2010Prop47
 90
       50
102
RTVSPost2010PropOp47
 70
     1
102
RTVSPost2010Prop48
 90
       50
102
RTVSPost2010PropOp48
 70
     1
102
RTVSPost2010Prop49
280
     0
102
RTVSPost2010PropOp49
 70
     1
102
RTVSPost2010Prop50
 90
       50
102
RTVSPost2010PropOp50
 70
     1
102
RTVSPost2010Prop51ColorIndex
 90
      256
102
RTVSPost2010Prop51ColorRGB
 90
-16777216
102
RTVSPost2010PropOp51
 70
     0
102
RTVSPost2010Prop52
140
1.0
102
RTVSPost2010PropOp52
 70
     0
102
RTVSPost2010Prop53
 90
        2
102
RTVSPost2010PropOp53
 70
     1
102
RTVSPost2010Prop54
  1
strokes_ogs.tif
102
RTVSPost2010PropOp54
 70
     1
102
RTVSPost2010Prop55
280
     0
102
RTVSPost2010PropOp55
 70
     1
102
RTVSPost2010Prop56
140
1.0
102
RTVSPost2010PropOp56
 70
     1
102
RTVSPost2010Prop57
140
1.0
102
RTVSPost2010PropOp57
 70
     1
  0
XRECORD
  5
A5
102
{ACAD_REACTORS
330
A4
102
}
330
A4
100
AcDbXrecord
280
     1
102
RTVSPost2010Prop28
280
     0
102
RTVSPost2010PropOp28
 70
     1
102
RTVSPost2010Prop29
280
     1
102
RTVSPost2010PropOp29
 70
     1
102
RTVSPost2010Prop30
280
     1
102
RTVSPost2010PropOp30
 70
     1
102
RTVSPost2010Prop31
280
     0
102
RTVSPost2010PropOp31
 70
     1
102
RTVSPost2010Prop32
280
     0
102
RTVSPost2010PropOp32
 70
     1
102
RTVSPost2010Prop33
280
     0
102
RTVSPost2010PropOp33
 70
     1
102
RTVSPost2010Prop34
280
     0
102
RTVSPost2010PropOp34
 70
     1
102
RTVSPost2010Prop35
280
     0
102
RTVSPost2010PropOp35
 70
     1
102
RTVSPost2010Prop36
280
     0
102
RTVSPost2010PropOp36
 70
     1
102
RTVSPost2010Prop37
 90
       50
102
RTVSPost2010PropOp37
 70
     1
102
RTVSPost2010Prop38
140
0.0
102
RTVSPost2010PropOp38
 70
     1
102
RTVSPost2010Prop39
140
1.0
102
RTVSPost2010PropOp39
 70
     1
102
RTVSPost2010Prop40
 90
        0
102
RTVSPost2010PropOp40
 70
     1
102
RTVSPost2010Prop41ColorIndex
 90
       18
102
RTVSPost2010Prop41ColorRGB
 90
        0
102
RTVSPost2010PropOp41
 70
     1
102
RTVSPost2010Prop42
 90
       50
102
RTVSPost2010PropOp42
 70
     1
102
RTVSPost2010Prop43
 90
        3
102
RTVSPost2010PropOp43
 70
     1
102
RTVSPost2010Prop44ColorIndex
 90
        5
102
RTVSPost2010Prop44ColorRGB
 90
      255
102
RTVSPost2010PropOp44
 70
     1
102
RTVSPost2010Prop45
280
     0
102
RTVSPost2010PropOp45
 70
     1
102
RTVSPost2010Prop46
 90
       50
102
RTVSPost2010PropOp46
 70
     1
102
RTVSPost2010Prop47
 90
       50
102
RTVSPost2010PropOp47
 70
     1
102
RTVSPost2010Prop48
 90
       50
102
RTVSPost2010PropOp48
 70
     1
102
RTVSPost2010Prop49
280
     0
102
RTVSPost2010PropOp49
 70
     1
102
RTVSPost2010Prop50
 90
       50
102
RTVSPost2010PropOp50
 70
     1
102
RTVSPost2010Prop51ColorIndex
 90
      256
102
RTVSPost2010Prop51ColorRGB
 90
-16777216
102
RTVSPost2010PropOp51
 70
     0
102
RTVSPost2010Prop52
140
1.0
102
RTVSPost2010PropOp52
 70
     0
102
RTVSPost2010Prop53
 90
        2
102
RTVSPost2010PropOp53
 70
     1
102
RTVSPost2010Prop54
  1
strokes_ogs.tif
102
RTVSPost2010PropOp54
 70
     1
102
RTVSPost2010Prop55
280
     0
102
RTVSPost2010PropOp55
 70
     1
102
RTVSPost2010Prop56
140
1.0
102
RTVSPost2010PropOp56
 70
     1
102
RTVSPost2010Prop57
140
1.0
102
RTVSPost2010PropOp57
 70
     1
  0
XRECORD
  5
B5
102
{ACAD_REACTORS
330
B4
102
}
330
B4
100
AcDbXrecord
280
     1
102
RTVSPost2010Prop28
280
     0
102
RTVSPost2010PropOp28
 70
     0
102
RTVSPost2010Prop29
280
     1
102
RTVSPost2010PropOp29
 70
     0
102
RTVSPost2010Prop30
280
     1
102
RTVSPost2010PropOp30
 70
     0
102
RTVSPost2010Prop31
280
     0
102
RTVSPost2010PropOp31
 70
     0
102
RTVSPost2010Prop32
280
     0
102
RTVSPost2010PropOp32
 70
     0
102
RTVSPost2010Prop33
280
     0
102
RTVSPost2010PropOp33
 70
     0
102
RTVSPost2010Prop34
280
     0
102
RTVSPost2010PropOp34
 70
     0
102
RTVSPost2010Prop35
280
     0
102
RTVSPost2010PropOp35
 70
     0
102
RTVSPost2010Prop36
280
     0
102
RTVSPost2010PropOp36
 70
     0
102
RTVSPost2010Prop37
 90
       50
102
RTVSPost2010PropOp37
 70
     0
102
RTVSPost2010Prop38
140
0.0
102
RTVSPost2010PropOp38
 70
     0
102
RTVSPost2010Prop39
140
1.0
102
RTVSPost2010PropOp39
 70
     0
102
RTVSPost2010Prop40
 90
        0
102
RTVSPost2010PropOp40
 70
     0
102
RTVSPost2010Prop41ColorIndex
 90
       18
102
RTVSPost2010Prop41ColorRGB
 90
        0
102
RTVSPost2010PropOp41
 70
     0
102
RTVSPost2010Prop42
 90
       50
102
RTVSPost2010PropOp42
 70
     0
102
RTVSPost2010Prop43
 90
        3
102
RTVSPost2010PropOp43
 70
     0
102
RTVSPost2010Prop44ColorIndex
 90
        5
102
RTVSPost2010Prop44ColorRGB
 90
      255
102
RTVSPost2010PropOp44
 70
     0
102
RTVSPost2010Prop45
280
     0
102
RTVSPost2010PropOp45
 70
     0
102
RTVSPost2010Prop46
 90
       50
102
RTVSPost2010PropOp46
 70
     0
102
RTVSPost2010Prop47
 90
       50
102
RTVSPost2010PropOp47
 70
     0
102
RTVSPost2010Prop48
 90
       50
102
RTVSPost2010PropOp48
 70
     0
102
RTVSPost2010Prop49
280
     0
102
RTVSPost2010PropOp49
 70
     0
102
RTVSPost2010Prop50
 90
       50
102
RTVSPost2010PropOp50
 70
     0
102
RTVSPost2010Prop51ColorIndex
 90
      256
102
RTVSPost2010Prop51ColorRGB
 90
-16777216
102
RTVSPost2010PropOp51
 70
     0
102
RTVSPost2010Prop52
140
1.0
102
RTVSPost2010PropOp52
 70
     0
102
RTVSPost2010Prop53
 90
        2
102
RTVSPost2010PropOp53
 70
     0
102
RTVSPost2010Prop54
  1
strokes_ogs.tif
102
RTVSPost2010PropOp54
 70
     0
102
RTVSPost2010Prop55
280
     0
102
RTVSPost2010PropOp55
 70
     0
102
RTVSPost2010Prop56
140
1.0
102
RTVSPost2010PropOp56
 70
     0
102
RTVSPost2010Prop57
140
1.0
102
RTVSPost2010PropOp57
 70
     0
  0
XRECORD
  5
AD
102
{ACAD_REACTORS
330
AC
102
}
330
AC
100
AcDbXrecord
280
     1
102
RTVSPost2010Prop28
280
     0
102
RTVSPost2010PropOp28
 70
     1
102
RTVSPost2010Prop29
280
     1
102
RTVSPost2010PropOp29
 70
     1
102
RTVSPost2010Prop30
280
     1
102
RTVSPost2010PropOp30
 70
     1
102
RTVSPost2010Prop31
280
     0
102
RTVSPost2010PropOp31
 70
     1
102
RTVSPost2010Prop32
280
     0
102
RTVSPost2010PropOp32
 70
     1
102
RTVSPost2010Prop33
280
     0
102
RTVSPost2010PropOp33
 70
     1
102
RTVSPost2010Prop34
280
     0
102
RTVSPost2010PropOp34
 70
     1
102
RTVSPost2010Prop35
280
     0
102
RTVSPost2010PropOp35
 70
     1
102
RTVSPost2010Prop36
280
     0
102
RTVSPost2010PropOp36
 70
     1
102
RTVSPost2010Prop37
 90
       50
102
RTVSPost2010PropOp37
 70
     1
102
RTVSPost2010Prop38
140
0.0
102
RTVSPost2010PropOp38
 70
     1
102
RTVSPost2010Prop39
140
1.0
102
RTVSPost2010PropOp39
 70
     1
102
RTVSPost2010Prop40
 90
        0
102
RTVSPost2010PropOp40
 70
     1
102
RTVSPost2010Prop41ColorIndex
 90
       18
102
RTVSPost2010Prop41ColorRGB
 90
        0
102
RTVSPost2010PropOp41
 70
     1
102
RTVSPost2010Prop42
 90
       50
102
RTVSPost2010PropOp42
 70
     1
102
RTVSPost2010Prop43
 90
        3
102
RTVSPost2010PropOp43
 70
     1
102
RTVSPost2010Prop44ColorIndex
 90
        5
102
RTVSPost2010Prop44ColorRGB
 90
      255
102
RTVSPost2010PropOp44
 70
     1
102
RTVSPost2010Prop45
280
     0
102
RTVSPost2010PropOp45
 70
     1
102
RTVSPost2010Prop46
 90
       50
102
RTVSPost2010PropOp46
 70
     1
102
RTVSPost2010Prop47
 90
       50
102
RTVSPost2010PropOp47
 70
     1
102
RTVSPost2010Prop48
 90
       50
102
RTVSPost2010PropOp48
 70
     1
102
RTVSPost2010Prop49
280
     0
102
RTVSPost2010PropOp49
 70
     1
102
RTVSPost2010Prop50
 90
       50
102
RTVSPost2010PropOp50
 70
     1
102
RTVSPost2010Prop51ColorIndex
 90
      256
102
RTVSPost2010Prop51ColorRGB
 90
-16777216
102
RTVSPost2010PropOp51
 70
     0
102
RTVSPost2010Prop52
140
1.0
102
RTVSPost2010PropOp52
 70
     0
102
RTVSPost2010Prop53
 90
        2
102
RTVSPost2010PropOp53
 70
     1
102
RTVSPost2010Prop54
  1
strokes_ogs.tif
102
RTVSPost2010PropOp54
 70
     1
102
RTVSPost2010Prop55
280
     0
102
RTVSPost2010PropOp55
 70
     1
102
RTVSPost2010Prop56
140
1.0
102
RTVSPost2010PropOp56
 70
     1
102
RTVSPost2010Prop57
140
1.0
102
RTVSPost2010PropOp57
 70
     1
  0
XRECORD
  5
91
102
{ACAD_REACTORS
330
90
102
}
330
90
100
AcDbXrecord
280
     1
102
RTVSPost2010Prop28
280
     0
102
RTVSPost2010PropOp28
 70
     1
102
RTVSPost2010Prop29
280
     1
102
RTVSPost2010PropOp29
 70
     1
102
RTVSPost2010Prop30
280
     1
102
RTVSPost2010PropOp30
 70
     1
102
RTVSPost2010Prop31
280
     0
102
RTVSPost2010PropOp31
 70
     1
102
RTVSPost2010Prop32
280
     0
102
RTVSPost2010PropOp32
 70
     1
102
RTVSPost2010Prop33
280
     0
102
RTVSPost2010PropOp33
 70
     1
102
RTVSPost2010Prop34
280
     0
102
RTVSPost2010PropOp34
 70
     1
102
RTVSPost2010Prop35
280
     0
102
RTVSPost2010PropOp35
 70
     1
102
RTVSPost2010Prop36
280
     0
102
RTVSPost2010PropOp36
 70
     1
102
RTVSPost2010Prop37
 90
       50
102
RTVSPost2010PropOp37
 70
     1
102
RTVSPost2010Prop38
140
0.0
102
RTVSPost2010PropOp38
 70
     1
102
RTVSPost2010Prop39
140
1.0
102
RTVSPost2010PropOp39
 70
     1
102
RTVSPost2010Prop40
 90
        0
102
RTVSPost2010PropOp40
 70
     1
102
RTVSPost2010Prop41ColorIndex
 90
       18
102
RTVSPost2010Prop41ColorRGB
 90
        0
102
RTVSPost2010PropOp41
 70
     1
102
RTVSPost2010Prop42
 90
       50
102
RTVSPost2010PropOp42
 70
     1
102
RTVSPost2010Prop43
 90
        3
102
RTVSPost2010PropOp43
 70
     1
102
RTVSPost2010Prop44ColorIndex
 90
        5
102
RTVSPost2010Prop44ColorRGB
 90
      255
102
RTVSPost2010PropOp44
 70
     1
102
RTVSPost2010Prop45
280
     0
102
RTVSPost2010PropOp45
 70
     1
102
RTVSPost2010Prop46
 90
       50
102
RTVSPost2010PropOp46
 70
     1
102
RTVSPost2010Prop47
 90
       50
102
RTVSPost2010PropOp47
 70
     1
102
RTVSPost2010Prop48
 90
       50
102
RTVSPost2010PropOp48
 70
     1
102
RTVSPost2010Prop49
280
     0
102
RTVSPost2010PropOp49
 70
     1
102
RTVSPost2010Prop50
 90
       50
102
RTVSPost2010PropOp50
 70
     1
102
RTVSPost2010Prop51ColorIndex
 90
      256
102
RTVSPost2010Prop51ColorRGB
 90
-16777216
102
RTVSPost2010PropOp51
 70
     0
102
RTVSPost2010Prop52
140
1.0
102
RTVSPost2010PropOp52
 70
     0
102
RTVSPost2010Prop53
 90
        2
102
RTVSPost2010PropOp53
 70
     1
102
RTVSPost2010Prop54
  1
strokes_ogs.tif
102
RTVSPost2010PropOp54
 70
     1
102
RTVSPost2010Prop55
280
     0
102
RTVSPost2010PropOp55
 70
     1
102
RTVSPost2010Prop56
140
1.0
102
RTVSPost2010PropOp56
 70
     1
102
RTVSPost2010Prop57
140
1.0
102
RTVSPost2010PropOp57
 70
     1
  0
XRECORD
  5
93
102
{ACAD_REACTORS
330
92
102
}
330
92
100
AcDbXrecord
280
     1
102
RTVSPost2010Prop28
280
     0
102
RTVSPost2010PropOp28
 70
     1
102
RTVSPost2010Prop29
280
     1
102
RTVSPost2010PropOp29
 70
     1
102
RTVSPost2010Prop30
280
     1
102
RTVSPost2010PropOp30
 70
     1
102
RTVSPost2010Prop31
280
     0
102
RTVSPost2010PropOp31
 70
     1
102
RTVSPost2010Prop32
280
     0
102
RTVSPost2010PropOp32
 70
     1
102
RTVSPost2010Prop33
280
     0
102
RTVSPost2010PropOp33
 70
     1
102
RTVSPost2010Prop34
280
     0
102
RTVSPost2010PropOp34
 70
     1
102
RTVSPost2010Prop35
280
     0
102
RTVSPost2010PropOp35
 70
     1
102
RTVSPost2010Prop36
280
     0
102
RTVSPost2010PropOp36
 70
     1
102
RTVSPost2010Prop37
 90
       50
102
RTVSPost2010PropOp37
 70
     1
102
RTVSPost2010Prop38
140
0.0
102
RTVSPost2010PropOp38
 70
     1
102
RTVSPost2010Prop39
140
1.0
102
RTVSPost2010PropOp39
 70
     1
102
RTVSPost2010Prop40
 90
        0
102
RTVSPost2010PropOp40
 70
     1
102
RTVSPost2010Prop41ColorIndex
 90
       18
102
RTVSPost2010Prop41ColorRGB
 90
        0
102
RTVSPost2010PropOp41
 70
     1
102
RTVSPost2010Prop42
 90
       50
102
RTVSPost2010PropOp42
 70
     1
102
RTVSPost2010Prop43
 90
        3
102
RTVSPost2010PropOp43
 70
     1
102
RTVSPost2010Prop44ColorIndex
 90
        5
102
RTVSPost2010Prop44ColorRGB
 90
      255
102
RTVSPost2010PropOp44
 70
     1
102
RTVSPost2010Prop45
280
     0
102
RTVSPost2010PropOp45
 70
     1
102
RTVSPost2010Prop46
 90
       50
102
RTVSPost2010PropOp46
 70
     1
102
RTVSPost2010Prop47
 90
       50
102
RTVSPost2010PropOp47
 70
     1
102
RTVSPost2010Prop48
 90
       50
102
RTVSPost2010PropOp48
 70
     1
102
RTVSPost2010Prop49
280
     0
102
RTVSPost2010PropOp49
 70
     1
102
RTVSPost2010Prop50
 90
       50
102
RTVSPost2010PropOp50
 70
     1
102
RTVSPost2010Prop51ColorIndex
 90
      256
102
RTVSPost2010Prop51ColorRGB
 90
-16777216
102
RTVSPost2010PropOp51
 70
     0
102
RTVSPost2010Prop52
140
1.0
102
RTVSPost2010PropOp52
 70
     0
102
RTVSPost2010Prop53
 90
        2
102
RTVSPost2010PropOp53
 70
     1
102
RTVSPost2010Prop54
  1
strokes_ogs.tif
102
RTVSPost2010PropOp54
 70
     1
102
RTVSPost2010Prop55
280
     0
102
RTVSPost2010PropOp55
 70
     1
102
RTVSPost2010Prop56
140
1.0
102
RTVSPost2010PropOp56
 70
     1
102
RTVSPost2010Prop57
140
1.0
102
RTVSPost2010PropOp57
 70
     1
  0
XRECORD
  5
95
102
{ACAD_REACTORS
330
94
102
}
330
94
100
AcDbXrecord
280
     1
102
RTVSPost2010Prop28
280
     0
102
RTVSPost2010PropOp28
 70
     1
102
RTVSPost2010Prop29
280
     1
102
RTVSPost2010PropOp29
 70
     1
102
RTVSPost2010Prop30
280
     1
102
RTVSPost2010PropOp30
 70
     1
102
RTVSPost2010Prop31
280
     0
102
RTVSPost2010PropOp31
 70
     1
102
RTVSPost2010Prop32
280
     0
102
RTVSPost2010PropOp32
 70
     1
102
RTVSPost2010Prop33
280
     0
102
RTVSPost2010PropOp33
 70
     1
102
RTVSPost2010Prop34
280
     0
102
RTVSPost2010PropOp34
 70
     1
102
RTVSPost2010Prop35
280
     0
102
RTVSPost2010PropOp35
 70
     1
102
RTVSPost2010Prop36
280
     0
102
RTVSPost2010PropOp36
 70
     1
102
RTVSPost2010Prop37
 90
       50
102
RTVSPost2010PropOp37
 70
     1
102
RTVSPost2010Prop38
140
0.0
102
RTVSPost2010PropOp38
 70
     1
102
RTVSPost2010Prop39
140
1.0
102
RTVSPost2010PropOp39
 70
     1
102
RTVSPost2010Prop40
 90
        0
102
RTVSPost2010PropOp40
 70
     1
102
RTVSPost2010Prop41ColorIndex
 90
       18
102
RTVSPost2010Prop41ColorRGB
 90
        0
102
RTVSPost2010PropOp41
 70
     1
102
RTVSPost2010Prop42
 90
       50
102
RTVSPost2010PropOp42
 70
     1
102
RTVSPost2010Prop43
 90
        3
102
RTVSPost2010PropOp43
 70
     1
102
RTVSPost2010Prop44ColorIndex
 90
        5
102
RTVSPost2010Prop44ColorRGB
 90
      255
102
RTVSPost2010PropOp44
 70
     1
102
RTVSPost2010Prop45
280
     0
102
RTVSPost2010PropOp45
 70
     1
102
RTVSPost2010Prop46
 90
       50
102
RTVSPost2010PropOp46
 70
     1
102
RTVSPost2010Prop47
 90
       50
102
RTVSPost2010PropOp47
 70
     1
102
RTVSPost2010Prop48
 90
       50
102
RTVSPost2010PropOp48
 70
     1
102
RTVSPost2010Prop49
280
     0
102
RTVSPost2010PropOp49
 70
     1
102
RTVSPost2010Prop50
 90
       50
102
RTVSPost2010PropOp50
 70
     1
102
RTVSPost2010Prop51ColorIndex
 90
      256
102
RTVSPost2010Prop51ColorRGB
 90
-16777216
102
RTVSPost2010PropOp51
 70
     0
102
RTVSPost2010Prop52
140
1.0
102
RTVSPost2010PropOp52
 70
     0
102
RTVSPost2010Prop53
 90
        2
102
RTVSPost2010PropOp53
 70
     1
102
RTVSPost2010Prop54
  1
strokes_ogs.tif
102
RTVSPost2010PropOp54
 70
     1
102
RTVSPost2010Prop55
280
     0
102
RTVSPost2010PropOp55
 70
     1
102
RTVSPost2010Prop56
140
1.0
102
RTVSPost2010PropOp56
 70
     1
102
RTVSPost2010Prop57
140
1.0
102
RTVSPost2010PropOp57
 70
     1
  0
XRECORD
  5
97
102
{ACAD_REACTORS
330
96
102
}
330
96
100
AcDbXrecord
280
     1
102
RTVSPost2010Prop28
280
     0
102
RTVSPost2010PropOp28
 70
     1
102
RTVSPost2010Prop29
280
     1
102
RTVSPost2010PropOp29
 70
     1
102
RTVSPost2010Prop30
280
     1
102
RTVSPost2010PropOp30
 70
     1
102
RTVSPost2010Prop31
280
     0
102
RTVSPost2010PropOp31
 70
     1
102
RTVSPost2010Prop32
280
     0
102
RTVSPost2010PropOp32
 70
     1
102
RTVSPost2010Prop33
280
     0
102
RTVSPost2010PropOp33
 70
     1
102
RTVSPost2010Prop34
280
     0
102
RTVSPost2010PropOp34
 70
     1
102
RTVSPost2010Prop35
280
     0
102
RTVSPost2010PropOp35
 70
     1
102
RTVSPost2010Prop36
280
     0
102
RTVSPost2010PropOp36
 70
     1
102
RTVSPost2010Prop37
 90
       50
102
RTVSPost2010PropOp37
 70
     1
102
RTVSPost2010Prop38
140
0.0
102
RTVSPost2010PropOp38
 70
     1
102
RTVSPost2010Prop39
140
1.0
102
RTVSPost2010PropOp39
 70
     1
102
RTVSPost2010Prop40
 90
        0
102
RTVSPost2010PropOp40
 70
     1
102
RTVSPost2010Prop41ColorIndex
 90
       18
102
RTVSPost2010Prop41ColorRGB
 90
        0
102
RTVSPost2010PropOp41
 70
     1
102
RTVSPost2010Prop42
 90
       50
102
RTVSPost2010PropOp42
 70
     1
102
RTVSPost2010Prop43
 90
        3
102
RTVSPost2010PropOp43
 70
     1
102
RTVSPost2010Prop44ColorIndex
 90
        5
102
RTVSPost2010Prop44ColorRGB
 90
      255
102
RTVSPost2010PropOp44
 70
     1
102
RTVSPost2010Prop45
280
     0
102
RTVSPost2010PropOp45
 70
     1
102
RTVSPost2010Prop46
 90
       50
102
RTVSPost2010PropOp46
 70
     1
102
RTVSPost2010Prop47
 90
       50
102
RTVSPost2010PropOp47
 70
     1
102
RTVSPost2010Prop48
 90
       50
102
RTVSPost2010PropOp48
 70
     1
102
RTVSPost2010Prop49
280
     0
102
RTVSPost2010PropOp49
 70
     1
102
RTVSPost2010Prop50
 90
       50
102
RTVSPost2010PropOp50
 70
     1
102
RTVSPost2010Prop51ColorIndex
 90
      256
102
RTVSPost2010Prop51ColorRGB
 90
-16777216
102
RTVSPost2010PropOp51
 70
     0
102
RTVSPost2010Prop52
140
1.0
102
RTVSPost2010PropOp52
 70
     0
102
RTVSPost2010Prop53
 90
        2
102
RTVSPost2010PropOp53
 70
     1
102
RTVSPost2010Prop54
  1
strokes_ogs.tif
102
RTVSPost2010PropOp54
 70
     1
102
RTVSPost2010Prop55
280
     0
102
RTVSPost2010PropOp55
 70
     1
102
RTVSPost2010Prop56
140
1.0
102
RTVSPost2010PropOp56
 70
     1
102
RTVSPost2010Prop57
140
1.0
102
RTVSPost2010PropOp57
 70
     1
  0
XRECORD
  5
9D
102
{ACAD_REACTORS
330
9C
102
}
330
9C
100
AcDbXrecord
280
     1
102
RTVSPost2010Prop28
280
     0
102
RTVSPost2010PropOp28
 70
     1
102
RTVSPost2010Prop29
280
     1
102
RTVSPost2010PropOp29
 70
     1
102
RTVSPost2010Prop30
280
     1
102
RTVSPost2010PropOp30
 70
     1
102
RTVSPost2010Prop31
280
     0
102
RTVSPost2010PropOp31
 70
     1
102
RTVSPost2010Prop32
280
     0
102
RTVSPost2010PropOp32
 70
     1
102
RTVSPost2010Prop33
280
     0
102
RTVSPost2010PropOp33
 70
     1
102
RTVSPost2010Prop34
280
     0
102
RTVSPost2010PropOp34
 70
     1
102
RTVSPost2010Prop35
280
     0
102
RTVSPost2010PropOp35
 70
     1
102
RTVSPost2010Prop36
280
     0
102
RTVSPost2010PropOp36
 70
     1
102
RTVSPost2010Prop37
 90
       50
102
RTVSPost2010PropOp37
 70
     1
102
RTVSPost2010Prop38
140
0.0
102
RTVSPost2010PropOp38
 70
     1
102
RTVSPost2010Prop39
140
1.0
102
RTVSPost2010PropOp39
 70
     1
102
RTVSPost2010Prop40
 90
        0
102
RTVSPost2010PropOp40
 70
     1
102
RTVSPost2010Prop41ColorIndex
 90
       18
102
RTVSPost2010Prop41ColorRGB
 90
        0
102
RTVSPost2010PropOp41
 70
     1
102
RTVSPost2010Prop42
 90
       50
102
RTVSPost2010PropOp42
 70
     1
102
RTVSPost2010Prop43
 90
        3
102
RTVSPost2010PropOp43
 70
     1
102
RTVSPost2010Prop44ColorIndex
 90
        5
102
RTVSPost2010Prop44ColorRGB
 90
      255
102
RTVSPost2010PropOp44
 70
     1
102
RTVSPost2010Prop45
280
     0
102
RTVSPost2010PropOp45
 70
     1
102
RTVSPost2010Prop46
 90
       50
102
RTVSPost2010PropOp46
 70
     1
102
RTVSPost2010Prop47
 90
       50
102
RTVSPost2010PropOp47
 70
     1
102
RTVSPost2010Prop48
 90
       50
102
RTVSPost2010PropOp48
 70
     1
102
RTVSPost2010Prop49
280
     0
102
RTVSPost2010PropOp49
 70
     1
102
RTVSPost2010Prop50
 90
       50
102
RTVSPost2010PropOp50
 70
     1
102
RTVSPost2010Prop51ColorIndex
 90
      256
102
RTVSPost2010Prop51ColorRGB
 90
-16777216
102
RTVSPost2010PropOp51
 70
     0
102
RTVSPost2010Prop52
140
1.0
102
RTVSPost2010PropOp52
 70
     0
102
RTVSPost2010Prop53
 90
        2
102
RTVSPost2010PropOp53
 70
     1
102
RTVSPost2010Prop54
  1
strokes_ogs.tif
102
RTVSPost2010PropOp54
 70
     1
102
RTVSPost2010Prop55
280
     0
102
RTVSPost2010PropOp55
 70
     1
102
RTVSPost2010Prop56
140
1.0
102
RTVSPost2010PropOp56
 70
     1
102
RTVSPost2010Prop57
140
1.0
102
RTVSPost2010PropOp57
 70
     1
  0
XRECORD
  5
B1
102
{ACAD_REACTORS
330
B0
102
}
330
B0
100
AcDbXrecord
280
     1
102
RTVSPost2010Prop28
280
     0
102
RTVSPost2010PropOp28
 70
     0
102
RTVSPost2010Prop29
280
     1
102
RTVSPost2010PropOp29
 70
     0
102
RTVSPost2010Prop30
280
     1
102
RTVSPost2010PropOp30
 70
     0
102
RTVSPost2010Prop31
280
     0
102
RTVSPost2010PropOp31
 70
     0
102
RTVSPost2010Prop32
280
     0
102
RTVSPost2010PropOp32
 70
     0
102
RTVSPost2010Prop33
280
     0
102
RTVSPost2010PropOp33
 70
     0
102
RTVSPost2010Prop34
280
     0
102
RTVSPost2010PropOp34
 70
     0
102
RTVSPost2010Prop35
280
     0
102
RTVSPost2010PropOp35
 70
     0
102
RTVSPost2010Prop36
280
     0
102
RTVSPost2010PropOp36
 70
     0
102
RTVSPost2010Prop37
 90
       50
102
RTVSPost2010PropOp37
 70
     0
102
RTVSPost2010Prop38
140
0.0
102
RTVSPost2010PropOp38
 70
     0
102
RTVSPost2010Prop39
140
1.0
102
RTVSPost2010PropOp39
 70
     0
102
RTVSPost2010Prop40
 90
        0
102
RTVSPost2010PropOp40
 70
     0
102
RTVSPost2010Prop41ColorIndex
 90
       18
102
RTVSPost2010Prop41ColorRGB
 90
        0
102
RTVSPost2010PropOp41
 70
     0
102
RTVSPost2010Prop42
 90
       50
102
RTVSPost2010PropOp42
 70
     0
102
RTVSPost2010Prop43
 90
        3
102
RTVSPost2010PropOp43
 70
     0
102
RTVSPost2010Prop44ColorIndex
 90
        5
102
RTVSPost2010Prop44ColorRGB
 90
      255
102
RTVSPost2010PropOp44
 70
     0
102
RTVSPost2010Prop45
280
     0
102
RTVSPost2010PropOp45
 70
     0
102
RTVSPost2010Prop46
 90
       50
102
RTVSPost2010PropOp46
 70
     0
102
RTVSPost2010Prop47
 90
       50
102
RTVSPost2010PropOp47
 70
     0
102
RTVSPost2010Prop48
 90
       50
102
RTVSPost2010PropOp48
 70
     0
102
RTVSPost2010Prop49
280
     0
102
RTVSPost2010PropOp49
 70
     0
102
RTVSPost2010Prop50
 90
       50
102
RTVSPost2010PropOp50
 70
     0
102
RTVSPost2010Prop51ColorIndex
 90
      256
102
RTVSPost2010Prop51ColorRGB
 90
-16777216
102
RTVSPost2010PropOp51
 70
     0
102
RTVSPost2010Prop52
140
1.0
102
RTVSPost2010PropOp52
 70
     0
102
RTVSPost2010Prop53
 90
        2
102
RTVSPost2010PropOp53
 70
     0
102
RTVSPost2010Prop54
  1
strokes_ogs.tif
102
RTVSPost2010PropOp54
 70
     0
102
RTVSPost2010Prop55
280
     0
102
RTVSPost2010PropOp55
 70
     0
102
RTVSPost2010Prop56
140
1.0
102
RTVSPost2010PropOp56
 70
     0
102
RTVSPost2010Prop57
140
1.0
102
RTVSPost2010PropOp57
 70
     0
  0
XRECORD
  5
AB
102
{ACAD_REACTORS
330
AA
102
}
330
AA
100
AcDbXrecord
280
     1
102
RTVSPost2010Prop28
280
     0
102
RTVSPost2010PropOp28
 70
     1
102
RTVSPost2010Prop29
280
     1
102
RTVSPost2010PropOp29
 70
     1
102
RTVSPost2010Prop30
280
     1
102
RTVSPost2010PropOp30
 70
     1
102
RTVSPost2010Prop31
280
     0
102
RTVSPost2010PropOp31
 70
     1
102
RTVSPost2010Prop32
280
     0
102
RTVSPost2010PropOp32
 70
     1
102
RTVSPost2010Prop33
280
     0
102
RTVSPost2010PropOp33
 70
     1
102
RTVSPost2010Prop34
280
     0
102
RTVSPost2010PropOp34
 70
     1
102
RTVSPost2010Prop35
280
     0
102
RTVSPost2010PropOp35
 70
     1
102
RTVSPost2010Prop36
280
     0
102
RTVSPost2010PropOp36
 70
     1
102
RTVSPost2010Prop37
 90
       50
102
RTVSPost2010PropOp37
 70
     1
102
RTVSPost2010Prop38
140
0.0
102
RTVSPost2010PropOp38
 70
     1
102
RTVSPost2010Prop39
140
1.0
102
RTVSPost2010PropOp39
 70
     1
102
RTVSPost2010Prop40
 90
        0
102
RTVSPost2010PropOp40
 70
     1
102
RTVSPost2010Prop41ColorIndex
 90
       18
102
RTVSPost2010Prop41ColorRGB
 90
        0
102
RTVSPost2010PropOp41
 70
     1
102
RTVSPost2010Prop42
 90
       50
102
RTVSPost2010PropOp42
 70
     1
102
RTVSPost2010Prop43
 90
        3
102
RTVSPost2010PropOp43
 70
     1
102
RTVSPost2010Prop44ColorIndex
 90
        5
102
RTVSPost2010Prop44ColorRGB
 90
      255
102
RTVSPost2010PropOp44
 70
     1
102
RTVSPost2010Prop45
280
     0
102
RTVSPost2010PropOp45
 70
     1
102
RTVSPost2010Prop46
 90
       50
102
RTVSPost2010PropOp46
 70
     1
102
RTVSPost2010Prop47
 90
       50
102
RTVSPost2010PropOp47
 70
     1
102
RTVSPost2010Prop48
 90
       50
102
RTVSPost2010PropOp48
 70
     1
102
RTVSPost2010Prop49
280
     0
102
RTVSPost2010PropOp49
 70
     1
102
RTVSPost2010Prop50
 90
       50
102
RTVSPost2010PropOp50
 70
     1
102
RTVSPost2010Prop51ColorIndex
 90
      256
102
RTVSPost2010Prop51ColorRGB
 90
-16777216
102
RTVSPost2010PropOp51
 70
     0
102
RTVSPost2010Prop52
140
1.0
102
RTVSPost2010PropOp52
 70
     0
102
RTVSPost2010Prop53
 90
        2
102
RTVSPost2010PropOp53
 70
     1
102
RTVSPost2010Prop54
  1
strokes_ogs.tif
102
RTVSPost2010PropOp54
 70
     1
102
RTVSPost2010Prop55
280
     0
102
RTVSPost2010PropOp55
 70
     1
102
RTVSPost2010Prop56
140
1.0
102
RTVSPost2010PropOp56
 70
     1
102
RTVSPost2010Prop57
140
1.0
102
RTVSPost2010PropOp57
 70
     1
  0
XRECORD
  5
B3
102
{ACAD_REACTORS
330
B2
102
}
330
B2
100
AcDbXrecord
280
     1
102
RTVSPost2010Prop28
280
     0
102
RTVSPost2010PropOp28
 70
     0
102
RTVSPost2010Prop29
280
     1
102
RTVSPost2010PropOp29
 70
     0
102
RTVSPost2010Prop30
280
     1
102
RTVSPost2010PropOp30
 70
     0
102
RTVSPost2010Prop31
280
     0
102
RTVSPost2010PropOp31
 70
     0
102
RTVSPost2010Prop32
280
     0
102
RTVSPost2010PropOp32
 70
     0
102
RTVSPost2010Prop33
280
     0
102
RTVSPost2010PropOp33
 70
     0
102
RTVSPost2010Prop34
280
     0
102
RTVSPost2010PropOp34
 70
     0
102
RTVSPost2010Prop35
280
     0
102
RTVSPost2010PropOp35
 70
     0
102
RTVSPost2010Prop36
280
     0
102
RTVSPost2010PropOp36
 70
     0
102
RTVSPost2010Prop37
 90
       50
102
RTVSPost2010PropOp37
 70
     0
102
RTVSPost2010Prop38
140
0.0
102
RTVSPost2010PropOp38
 70
     0
102
RTVSPost2010Prop39
140
1.0
102
RTVSPost2010PropOp39
 70
     0
102
RTVSPost2010Prop40
 90
        0
102
RTVSPost2010PropOp40
 70
     0
102
RTVSPost2010Prop41ColorIndex
 90
       18
102
RTVSPost2010Prop41ColorRGB
 90
        0
102
RTVSPost2010PropOp41
 70
     0
102
RTVSPost2010Prop42
 90
       50
102
RTVSPost2010PropOp42
 70
     0
102
RTVSPost2010Prop43
 90
        3
102
RTVSPost2010PropOp43
 70
     0
102
RTVSPost2010Prop44ColorIndex
 90
        5
102
RTVSPost2010Prop44ColorRGB
 90
      255
102
RTVSPost2010PropOp44
 70
     0
102
RTVSPost2010Prop45
280
     0
102
RTVSPost2010PropOp45
 70
     0
102
RTVSPost2010Prop46
 90
       50
102
RTVSPost2010PropOp46
 70
     0
102
RTVSPost2010Prop47
 90
       50
102
RTVSPost2010PropOp47
 70
     0
102
RTVSPost2010Prop48
 90
       50
102
RTVSPost2010PropOp48
 70
     0
102
RTVSPost2010Prop49
280
     0
102
RTVSPost2010PropOp49
 70
     0
102
RTVSPost2010Prop50
 90
       50
102
RTVSPost2010PropOp50
 70
     0
102
RTVSPost2010Prop51ColorIndex
 90
      256
102
RTVSPost2010Prop51ColorRGB
 90
-16777216
102
RTVSPost2010PropOp51
 70
     0
102
RTVSPost2010Prop52
140
1.0
102
RTVSPost2010PropOp52
 70
     0
102
RTVSPost2010Prop53
 90
        2
102
RTVSPost2010PropOp53
 70
     0
102
RTVSPost2010Prop54
  1
strokes_ogs.tif
102
RTVSPost2010PropOp54
 70
     0
102
RTVSPost2010Prop55
280
     0
102
RTVSPost2010PropOp55
 70
     0
102
RTVSPost2010Prop56
140
1.0
102
RTVSPost2010PropOp56
 70
     0
102
RTVSPost2010Prop57
140
1.0
102
RTVSPost2010PropOp57
 70
     0
  0
XRECORD
  5
A1
102
{ACAD_REACTORS
330
A0
102
}
330
A0
100
AcDbXrecord
280
     1
102
RTVSPost2010Prop28
280
     0
102
RTVSPost2010PropOp28
 70
     1
102
RTVSPost2010Prop29
280
     1
102
RTVSPost2010PropOp29
 70
     1
102
RTVSPost2010Prop30
280
     1
102
RTVSPost2010PropOp30
 70
     1
102
RTVSPost2010Prop31
280
     0
102
RTVSPost2010PropOp31
 70
     1
102
RTVSPost2010Prop32
280
     0
102
RTVSPost2010PropOp32
 70
     1
102
RTVSPost2010Prop33
280
     0
102
RTVSPost2010PropOp33
 70
     1
102
RTVSPost2010Prop34
280
     0
102
RTVSPost2010PropOp34
 70
     1
102
RTVSPost2010Prop35
280
     0
102
RTVSPost2010PropOp35
 70
     1
102
RTVSPost2010Prop36
280
     0
102
RTVSPost2010PropOp36
 70
     1
102
RTVSPost2010Prop37
 90
       50
102
RTVSPost2010PropOp37
 70
     1
102
RTVSPost2010Prop38
140
0.0
102
RTVSPost2010PropOp38
 70
     1
102
RTVSPost2010Prop39
140
1.0
102
RTVSPost2010PropOp39
 70
     1
102
RTVSPost2010Prop40
 90
        0
102
RTVSPost2010PropOp40
 70
     1
102
RTVSPost2010Prop41ColorIndex
 90
       18
102
RTVSPost2010Prop41ColorRGB
 90
        0
102
RTVSPost2010PropOp41
 70
     1
102
RTVSPost2010Prop42
 90
       50
102
RTVSPost2010PropOp42
 70
     1
102
RTVSPost2010Prop43
 90
        3
102
RTVSPost2010PropOp43
 70
     1
102
RTVSPost2010Prop44ColorIndex
 90
        5
102
RTVSPost2010Prop44ColorRGB
 90
      255
102
RTVSPost2010PropOp44
 70
     1
102
RTVSPost2010Prop45
280
     0
102
RTVSPost2010PropOp45
 70
     1
102
RTVSPost2010Prop46
 90
       50
102
RTVSPost2010PropOp46
 70
     1
102
RTVSPost2010Prop47
 90
       50
102
RTVSPost2010PropOp47
 70
     1
102
RTVSPost2010Prop48
 90
       50
102
RTVSPost2010PropOp48
 70
     1
102
RTVSPost2010Prop49
280
     0
102
RTVSPost2010PropOp49
 70
     1
102
RTVSPost2010Prop50
 90
       50
102
RTVSPost2010PropOp50
 70
     1
102
RTVSPost2010Prop51ColorIndex
 90
      256
102
RTVSPost2010Prop51ColorRGB
 90
-16777216
102
RTVSPost2010PropOp51
 70
     0
102
RTVSPost2010Prop52
140
1.0
102
RTVSPost2010PropOp52
 70
     0
102
RTVSPost2010Prop53
 90
        2
102
RTVSPost2010PropOp53
 70
     1
102
RTVSPost2010Prop54
  1
strokes_ogs.tif
102
RTVSPost2010PropOp54
 70
     1
102
RTVSPost2010Prop55
280
     0
102
RTVSPost2010PropOp55
 70
     1
102
RTVSPost2010Prop56
140
1.0
102
RTVSPost2010PropOp56
 70
     1
102
RTVSPost2010Prop57
140
1.0
102
RTVSPost2010PropOp57
 70
     1
  0
XRECORD
  5
BF
102
{ACAD_REACTORS
330
BE
102
}
330
BE
100
AcDbXrecord
280
     1
102
RTVSPost2010Prop28
280
     0
102
RTVSPost2010PropOp28
 70
     1
102
RTVSPost2010Prop29
280
     1
102
RTVSPost2010PropOp29
 70
     1
102
RTVSPost2010Prop30
280
     1
102
RTVSPost2010PropOp30
 70
     1
102
RTVSPost2010Prop31
280
     0
102
RTVSPost2010PropOp31
 70
     1
102
RTVSPost2010Prop32
280
     0
102
RTVSPost2010PropOp32
 70
     1
102
RTVSPost2010Prop33
280
     0
102
RTVSPost2010PropOp33
 70
     1
102
RTVSPost2010Prop34
280
     0
102
RTVSPost2010PropOp34
 70
     1
102
RTVSPost2010Prop35
280
     0
102
RTVSPost2010PropOp35
 70
     1
102
RTVSPost2010Prop36
280
     0
102
RTVSPost2010PropOp36
 70
     1
102
RTVSPost2010Prop37
 90
       50
102
RTVSPost2010PropOp37
 70
     1
102
RTVSPost2010Prop38
140
0.0
102
RTVSPost2010PropOp38
 70
     1
102
RTVSPost2010Prop39
140
1.0
102
RTVSPost2010PropOp39
 70
     1
102
RTVSPost2010Prop40
 90
        0
102
RTVSPost2010PropOp40
 70
     1
102
RTVSPost2010Prop41ColorIndex
 90
       18
102
RTVSPost2010Prop41ColorRGB
 90
        0
102
RTVSPost2010PropOp41
 70
     1
102
RTVSPost2010Prop42
 90
       50
102
RTVSPost2010PropOp42
 70
     1
102
RTVSPost2010Prop43
 90
        3
102
RTVSPost2010PropOp43
 70
     1
102
RTVSPost2010Prop44ColorIndex
 90
        5
102
RTVSPost2010Prop44ColorRGB
 90
      255
102
RTVSPost2010PropOp44
 70
     1
102
RTVSPost2010Prop45
280
     0
102
RTVSPost2010PropOp45
 70
     1
102
RTVSPost2010Prop46
 90
       50
102
RTVSPost2010PropOp46
 70
     1
102
RTVSPost2010Prop47
 90
       50
102
RTVSPost2010PropOp47
 70
     1
102
RTVSPost2010Prop48
 90
       50
102
RTVSPost2010PropOp48
 70
     1
102
RTVSPost2010Prop49
280
     0
102
RTVSPost2010PropOp49
 70
     1
102
RTVSPost2010Prop50
 90
       50
102
RTVSPost2010PropOp50
 70
     1
102
RTVSPost2010Prop51ColorIndex
 90
      256
102
RTVSPost2010Prop51ColorRGB
 90
-16777216
102
RTVSPost2010PropOp51
 70
     0
102
RTVSPost2010Prop52
140
1.0
102
RTVSPost2010PropOp52
 70
     0
102
RTVSPost2010Prop53
 90
        2
102
RTVSPost2010PropOp53
 70
     1
102
RTVSPost2010Prop54
  1
strokes_ogs.tif
102
RTVSPost2010PropOp54
 70
     1
102
RTVSPost2010Prop55
280
     0
102
RTVSPost2010PropOp55
 70
     1
102
RTVSPost2010Prop56
140
1.0
102
RTVSPost2010PropOp56
 70
     1
102
RTVSPost2010Prop57
140
1.0
102
RTVSPost2010PropOp57
 70
     1
  0
XRECORD
  5
BD
102
{ACAD_REACTORS
330
BC
102
}
330
BC
100
AcDbXrecord
280
     1
102
RTVSPost2010Prop28
280
     0
102
RTVSPost2010PropOp28
 70
     1
102
RTVSPost2010Prop29
280
     1
102
RTVSPost2010PropOp29
 70
     1
102
RTVSPost2010Prop30
280
     1
102
RTVSPost2010PropOp30
 70
     1
102
RTVSPost2010Prop31
280
     0
102
RTVSPost2010PropOp31
 70
     1
102
RTVSPost2010Prop32
280
     0
102
RTVSPost2010PropOp32
 70
     1
102
RTVSPost2010Prop33
280
     0
102
RTVSPost2010PropOp33
 70
     1
102
RTVSPost2010Prop34
280
     0
102
RTVSPost2010PropOp34
 70
     1
102
RTVSPost2010Prop35
280
     0
102
RTVSPost2010PropOp35
 70
     1
102
RTVSPost2010Prop36
280
     0
102
RTVSPost2010PropOp36
 70
     1
102
RTVSPost2010Prop37
 90
       50
102
RTVSPost2010PropOp37
 70
     1
102
RTVSPost2010Prop38
140
0.0
102
RTVSPost2010PropOp38
 70
     1
102
RTVSPost2010Prop39
140
1.0
102
RTVSPost2010PropOp39
 70
     1
102
RTVSPost2010Prop40
 90
        0
102
RTVSPost2010PropOp40
 70
     1
102
RTVSPost2010Prop41ColorIndex
 90
       18
102
RTVSPost2010Prop41ColorRGB
 90
        0
102
RTVSPost2010PropOp41
 70
     1
102
RTVSPost2010Prop42
 90
       50
102
RTVSPost2010PropOp42
 70
     1
102
RTVSPost2010Prop43
 90
        3
102
RTVSPost2010PropOp43
 70
     1
102
RTVSPost2010Prop44ColorIndex
 90
        5
102
RTVSPost2010Prop44ColorRGB
 90
      255
102
RTVSPost2010PropOp44
 70
     1
102
RTVSPost2010Prop45
280
     0
102
RTVSPost2010PropOp45
 70
     1
102
RTVSPost2010Prop46
 90
       50
102
RTVSPost2010PropOp46
 70
     1
102
RTVSPost2010Prop47
 90
       50
102
RTVSPost2010PropOp47
 70
     1
102
RTVSPost2010Prop48
 90
       50
102
RTVSPost2010PropOp48
 70
     1
102
RTVSPost2010Prop49
280
     0
102
RTVSPost2010PropOp49
 70
     1
102
RTVSPost2010Prop50
 90
       50
102
RTVSPost2010PropOp50
 70
     1
102
RTVSPost2010Prop51ColorIndex
 90
      256
102
RTVSPost2010Prop51ColorRGB
 90
-16777216
102
RTVSPost2010PropOp51
 70
     0
102
RTVSPost2010Prop52
140
1.0
102
RTVSPost2010PropOp52
 70
     0
102
RTVSPost2010Prop53
 90
        2
102
RTVSPost2010PropOp53
 70
     1
102
RTVSPost2010Prop54
  1
strokes_ogs.tif
102
RTVSPost2010PropOp54
 70
     1
102
RTVSPost2010Prop55
280
     0
102
RTVSPost2010PropOp55
 70
     1
102
RTVSPost2010Prop56
140
1.0
102
RTVSPost2010PropOp56
 70
     1
102
RTVSPost2010Prop57
140
1.0
102
RTVSPost2010PropOp57
 70
     1
  0
XRECORD
  5
B7
102
{ACAD_REACTORS
330
B6
102
}
330
B6
100
AcDbXrecord
280
     1
102
RTVSPost2010Prop28
280
     0
102
RTVSPost2010PropOp28
 70
     1
102
RTVSPost2010Prop29
280
     1
102
RTVSPost2010PropOp29
 70
     1
102
RTVSPost2010Prop30
280
     1
102
RTVSPost2010PropOp30
 70
     1
102
RTVSPost2010Prop31
280
     0
102
RTVSPost2010PropOp31
 70
     1
102
RTVSPost2010Prop32
280
     0
102
RTVSPost2010PropOp32
 70
     1
102
RTVSPost2010Prop33
280
     0
102
RTVSPost2010PropOp33
 70
     1
102
RTVSPost2010Prop34
280
     0
102
RTVSPost2010PropOp34
 70
     1
102
RTVSPost2010Prop35
280
     0
102
RTVSPost2010PropOp35
 70
     1
102
RTVSPost2010Prop36
280
     0
102
RTVSPost2010PropOp36
 70
     1
102
RTVSPost2010Prop37
 90
       50
102
RTVSPost2010PropOp37
 70
     1
102
RTVSPost2010Prop38
140
0.0
102
RTVSPost2010PropOp38
 70
     1
102
RTVSPost2010Prop39
140
1.0
102
RTVSPost2010PropOp39
 70
     1
102
RTVSPost2010Prop40
 90
        0
102
RTVSPost2010PropOp40
 70
     1
102
RTVSPost2010Prop41ColorIndex
 90
       18
102
RTVSPost2010Prop41ColorRGB
 90
        0
102
RTVSPost2010PropOp41
 70
     1
102
RTVSPost2010Prop42
 90
       50
102
RTVSPost2010PropOp42
 70
     1
102
RTVSPost2010Prop43
 90
        3
102
RTVSPost2010PropOp43
 70
     1
102
RTVSPost2010Prop44ColorIndex
 90
        5
102
RTVSPost2010Prop44ColorRGB
 90
      255
102
RTVSPost2010PropOp44
 70
     1
102
RTVSPost2010Prop45
280
     0
102
RTVSPost2010PropOp45
 70
     1
102
RTVSPost2010Prop46
 90
       50
102
RTVSPost2010PropOp46
 70
     1
102
RTVSPost2010Prop47
 90
       50
102
RTVSPost2010PropOp47
 70
     1
102
RTVSPost2010Prop48
 90
       50
102
RTVSPost2010PropOp48
 70
     1
102
RTVSPost2010Prop49
280
     0
102
RTVSPost2010PropOp49
 70
     1
102
RTVSPost2010Prop50
 90
       50
102
RTVSPost2010PropOp50
 70
     1
102
RTVSPost2010Prop51ColorIndex
 90
      256
102
RTVSPost2010Prop51ColorRGB
 90
-16777216
102
RTVSPost2010PropOp51
 70
     0
102
RTVSPost2010Prop52
140
1.0
102
RTVSPost2010PropOp52
 70
     0
102
RTVSPost2010Prop53
 90
        2
102
RTVSPost2010PropOp53
 70
     1
102
RTVSPost2010Prop54
  1
strokes_ogs.tif
102
RTVSPost2010PropOp54
 70
     1
102
RTVSPost2010Prop55
280
     0
102
RTVSPost2010PropOp55
 70
     1
102
RTVSPost2010Prop56
140
1.0
102
RTVSPost2010PropOp56
 70
     1
102
RTVSPost2010Prop57
140
1.0
102
RTVSPost2010PropOp57
 70
     1
  0
XRECORD
  5
B9
102
{ACAD_REACTORS
330
B8
102
}
330
B8
100
AcDbXrecord
280
     1
102
RTVSPost2010Prop28
280
     0
102
RTVSPost2010PropOp28
 70
     1
102
RTVSPost2010Prop29
280
     1
102
RTVSPost2010PropOp29
 70
     1
102
RTVSPost2010Prop30
280
     1
102
RTVSPost2010PropOp30
 70
     1
102
RTVSPost2010Prop31
280
     0
102
RTVSPost2010PropOp31
 70
     1
102
RTVSPost2010Prop32
280
     0
102
RTVSPost2010PropOp32
 70
     1
102
RTVSPost2010Prop33
280
     0
102
RTVSPost2010PropOp33
 70
     1
102
RTVSPost2010Prop34
280
     0
102
RTVSPost2010PropOp34
 70
     1
102
RTVSPost2010Prop35
280
     0
102
RTVSPost2010PropOp35
 70
     1
102
RTVSPost2010Prop36
280
     0
102
RTVSPost2010PropOp36
 70
     1
102
RTVSPost2010Prop37
 90
       50
102
RTVSPost2010PropOp37
 70
     1
102
RTVSPost2010Prop38
140
0.0
102
RTVSPost2010PropOp38
 70
     1
102
RTVSPost2010Prop39
140
1.0
102
RTVSPost2010PropOp39
 70
     1
102
RTVSPost2010Prop40
 90
        0
102
RTVSPost2010PropOp40
 70
     1
102
RTVSPost2010Prop41ColorIndex
 90
       18
102
RTVSPost2010Prop41ColorRGB
 90
        0
102
RTVSPost2010PropOp41
 70
     1
102
RTVSPost2010Prop42
 90
       50
102
RTVSPost2010PropOp42
 70
     1
102
RTVSPost2010Prop43
 90
        3
102
RTVSPost2010PropOp43
 70
     1
102
RTVSPost2010Prop44ColorIndex
 90
        5
102
RTVSPost2010Prop44ColorRGB
 90
      255
102
RTVSPost2010PropOp44
 70
     1
102
RTVSPost2010Prop45
280
     0
102
RTVSPost2010PropOp45
 70
     1
102
RTVSPost2010Prop46
 90
       50
102
RTVSPost2010PropOp46
 70
     1
102
RTVSPost2010Prop47
 90
       50
102
RTVSPost2010PropOp47
 70
     1
102
RTVSPost2010Prop48
 90
       50
102
RTVSPost2010PropOp48
 70
     1
102
RTVSPost2010Prop49
280
     0
102
RTVSPost2010PropOp49
 70
     1
102
RTVSPost2010Prop50
 90
       50
102
RTVSPost2010PropOp50
 70
     1
102
RTVSPost2010Prop51ColorIndex
 90
      256
102
RTVSPost2010Prop51ColorRGB
 90
-16777216
102
RTVSPost2010PropOp51
 70
     0
102
RTVSPost2010Prop52
140
1.0
102
RTVSPost2010PropOp52
 70
     0
102
RTVSPost2010Prop53
 90
        2
102
RTVSPost2010PropOp53
 70
     1
102
RTVSPost2010Prop54
  1
strokes_ogs.tif
102
RTVSPost2010PropOp54
 70
     1
102
RTVSPost2010Prop55
280
     0
102
RTVSPost2010PropOp55
 70
     1
102
RTVSPost2010Prop56
140
1.0
102
RTVSPost2010PropOp56
 70
     1
102
RTVSPost2010Prop57
140
1.0
102
RTVSPost2010PropOp57
 70
     1
  0
XRECORD
  5
A9
102
{ACAD_REACTORS
330
A8
102
}
330
A8
100
AcDbXrecord
280
     1
102
RTVSPost2010Prop28
280
     0
102
RTVSPost2010PropOp28
 70
     1
102
RTVSPost2010Prop29
280
     1
102
RTVSPost2010PropOp29
 70
     1
102
RTVSPost2010Prop30
280
     1
102
RTVSPost2010PropOp30
 70
     1
102
RTVSPost2010Prop31
280
     0
102
RTVSPost2010PropOp31
 70
     1
102
RTVSPost2010Prop32
280
     0
102
RTVSPost2010PropOp32
 70
     1
102
RTVSPost2010Prop33
280
     0
102
RTVSPost2010PropOp33
 70
     1
102
RTVSPost2010Prop34
280
     0
102
RTVSPost2010PropOp34
 70
     1
102
RTVSPost2010Prop35
280
     0
102
RTVSPost2010PropOp35
 70
     1
102
RTVSPost2010Prop36
280
     0
102
RTVSPost2010PropOp36
 70
     1
102
RTVSPost2010Prop37
 90
       50
102
RTVSPost2010PropOp37
 70
     1
102
RTVSPost2010Prop38
140
0.0
102
RTVSPost2010PropOp38
 70
     1
102
RTVSPost2010Prop39
140
1.0
102
RTVSPost2010PropOp39
 70
     1
102
RTVSPost2010Prop40
 90
        0
102
RTVSPost2010PropOp40
 70
     1
102
RTVSPost2010Prop41ColorIndex
 90
       18
102
RTVSPost2010Prop41ColorRGB
 90
        0
102
RTVSPost2010PropOp41
 70
     1
102
RTVSPost2010Prop42
 90
       50
102
RTVSPost2010PropOp42
 70
     1
102
RTVSPost2010Prop43
 90
        3
102
RTVSPost2010PropOp43
 70
     1
102
RTVSPost2010Prop44ColorIndex
 90
        5
102
RTVSPost2010Prop44ColorRGB
 90
      255
102
RTVSPost2010PropOp44
 70
     1
102
RTVSPost2010Prop45
280
     0
102
RTVSPost2010PropOp45
 70
     1
102
RTVSPost2010Prop46
 90
       50
102
RTVSPost2010PropOp46
 70
     1
102
RTVSPost2010Prop47
 90
       50
102
RTVSPost2010PropOp47
 70
     1
102
RTVSPost2010Prop48
 90
       50
102
RTVSPost2010PropOp48
 70
     1
102
RTVSPost2010Prop49
280
     0
102
RTVSPost2010PropOp49
 70
     1
102
RTVSPost2010Prop50
 90
       50
102
RTVSPost2010PropOp50
 70
     1
102
RTVSPost2010Prop51ColorIndex
 90
      256
102
RTVSPost2010Prop51ColorRGB
 90
-16777216
102
RTVSPost2010PropOp51
 70
     0
102
RTVSPost2010Prop52
140
1.0
102
RTVSPost2010PropOp52
 70
     0
102
RTVSPost2010Prop53
 90
        2
102
RTVSPost2010PropOp53
 70
     1
102
RTVSPost2010Prop54
  1
strokes_ogs.tif
102
RTVSPost2010PropOp54
 70
     1
102
RTVSPost2010Prop55
280
     0
102
RTVSPost2010PropOp55
 70
     1
102
RTVSPost2010Prop56
140
1.0
102
RTVSPost2010PropOp56
 70
     1
102
RTVSPost2010Prop57
140
1.0
102
RTVSPost2010PropOp57
 70
     1
  0
XRECORD
  5
9B
102
{ACAD_REACTORS
330
9A
102
}
330
9A
100
AcDbXrecord
280
     1
102
RTVSPost2010Prop28
280
     0
102
RTVSPost2010PropOp28
 70
     1
102
RTVSPost2010Prop29
280
     1
102
RTVSPost2010PropOp29
 70
     1
102
RTVSPost2010Prop30
280
     1
102
RTVSPost2010PropOp30
 70
     1
102
RTVSPost2010Prop31
280
     0
102
RTVSPost2010PropOp31
 70
     1
102
RTVSPost2010Prop32
280
     0
102
RTVSPost2010PropOp32
 70
     1
102
RTVSPost2010Prop33
280
     0
102
RTVSPost2010PropOp33
 70
     1
102
RTVSPost2010Prop34
280
     0
102
RTVSPost2010PropOp34
 70
     1
102
RTVSPost2010Prop35
280
     0
102
RTVSPost2010PropOp35
 70
     1
102
RTVSPost2010Prop36
280
     0
102
RTVSPost2010PropOp36
 70
     1
102
RTVSPost2010Prop37
 90
       50
102
RTVSPost2010PropOp37
 70
     1
102
RTVSPost2010Prop38
140
0.0
102
RTVSPost2010PropOp38
 70
     1
102
RTVSPost2010Prop39
140
1.0
102
RTVSPost2010PropOp39
 70
     1
102
RTVSPost2010Prop40
 90
        0
102
RTVSPost2010PropOp40
 70
     1
102
RTVSPost2010Prop41ColorIndex
 90
       18
102
RTVSPost2010Prop41ColorRGB
 90
        0
102
RTVSPost2010PropOp41
 70
     1
102
RTVSPost2010Prop42
 90
       50
102
RTVSPost2010PropOp42
 70
     1
102
RTVSPost2010Prop43
 90
        3
102
RTVSPost2010PropOp43
 70
     1
102
RTVSPost2010Prop44ColorIndex
 90
        5
102
RTVSPost2010Prop44ColorRGB
 90
      255
102
RTVSPost2010PropOp44
 70
     1
102
RTVSPost2010Prop45
280
     0
102
RTVSPost2010PropOp45
 70
     1
102
RTVSPost2010Prop46
 90
       50
102
RTVSPost2010PropOp46
 70
     1
102
RTVSPost2010Prop47
 90
       50
102
RTVSPost2010PropOp47
 70
     1
102
RTVSPost2010Prop48
 90
       50
102
RTVSPost2010PropOp48
 70
     1
102
RTVSPost2010Prop49
280
     0
102
RTVSPost2010PropOp49
 70
     1
102
RTVSPost2010Prop50
 90
       50
102
RTVSPost2010PropOp50
 70
     1
102
RTVSPost2010Prop51ColorIndex
 90
      256
102
RTVSPost2010Prop51ColorRGB
 90
-16777216
102
RTVSPost2010PropOp51
 70
     0
102
RTVSPost2010Prop52
140
1.0
102
RTVSPost2010PropOp52
 70
     0
102
RTVSPost2010Prop53
 90
        2
102
RTVSPost2010PropOp53
 70
     1
102
RTVSPost2010Prop54
  1
strokes_ogs.tif
102
RTVSPost2010PropOp54
 70
     1
102
RTVSPost2010Prop55
280
     0
102
RTVSPost2010PropOp55
 70
     1
102
RTVSPost2010Prop56
140
1.0
102
RTVSPost2010PropOp56
 70
     1
102
RTVSPost2010Prop57
140
1.0
102
RTVSPost2010PropOp57
 70
     1
  0
XRECORD
  5
BB
102
{ACAD_REACTORS
330
BA
102
}
330
BA
100
AcDbXrecord
280
     1
102
RTVSPost2010Prop28
280
     0
102
RTVSPost2010PropOp28
 70
     1
102
RTVSPost2010Prop29
280
     1
102
RTVSPost2010PropOp29
 70
     1
102
RTVSPost2010Prop30
280
     1
102
RTVSPost2010PropOp30
 70
     1
102
RTVSPost2010Prop31
280
     0
102
RTVSPost2010PropOp31
 70
     1
102
RTVSPost2010Prop32
280
     0
102
RTVSPost2010PropOp32
 70
     1
102
RTVSPost2010Prop33
280
     0
102
RTVSPost2010PropOp33
 70
     1
102
RTVSPost2010Prop34
280
     0
102
RTVSPost2010PropOp34
 70
     1
102
RTVSPost2010Prop35
280
     0
102
RTVSPost2010PropOp35
 70
     1
102
RTVSPost2010Prop36
280
     0
102
RTVSPost2010PropOp36
 70
     1
102
RTVSPost2010Prop37
 90
       50
102
RTVSPost2010PropOp37
 70
     1
102
RTVSPost2010Prop38
140
0.0
102
RTVSPost2010PropOp38
 70
     1
102
RTVSPost2010Prop39
140
1.0
102
RTVSPost2010PropOp39
 70
     1
102
RTVSPost2010Prop40
 90
        0
102
RTVSPost2010PropOp40
 70
     1
102
RTVSPost2010Prop41ColorIndex
 90
       18
102
RTVSPost2010Prop41ColorRGB
 90
        0
102
RTVSPost2010PropOp41
 70
     1
102
RTVSPost2010Prop42
 90
       50
102
RTVSPost2010PropOp42
 70
     1
102
RTVSPost2010Prop43
 90
        3
102
RTVSPost2010PropOp43
 70
     1
102
RTVSPost2010Prop44ColorIndex
 90
        5
102
RTVSPost2010Prop44ColorRGB
 90
      255
102
RTVSPost2010PropOp44
 70
     1
102
RTVSPost2010Prop45
280
     0
102
RTVSPost2010PropOp45
 70
     1
102
RTVSPost2010Prop46
 90
       50
102
RTVSPost2010PropOp46
 70
     1
102
RTVSPost2010Prop47
 90
       50
102
RTVSPost2010PropOp47
 70
     1
102
RTVSPost2010Prop48
 90
       50
102
RTVSPost2010PropOp48
 70
     1
102
RTVSPost2010Prop49
280
     0
102
RTVSPost2010PropOp49
 70
     1
102
RTVSPost2010Prop50
 90
       50
102
RTVSPost2010PropOp50
 70
     1
102
RTVSPost2010Prop51ColorIndex
 90
      256
102
RTVSPost2010Prop51ColorRGB
 90
-16777216
102
RTVSPost2010PropOp51
 70
     0
102
RTVSPost2010Prop52
140
1.0
102
RTVSPost2010PropOp52
 70
     0
102
RTVSPost2010Prop53
 90
        2
102
RTVSPost2010PropOp53
 70
     1
102
RTVSPost2010Prop54
  1
strokes_ogs.tif
102
RTVSPost2010PropOp54
 70
     1
102
RTVSPost2010Prop55
280
     0
102
RTVSPost2010PropOp55
 70
     1
102
RTVSPost2010Prop56
140
1.0
102
RTVSPost2010PropOp56
 70
     1
102
RTVSPost2010Prop57
140
1.0
102
RTVSPost2010PropOp57
 70
     1
  0
ENDSEC
  0
EOF
