[Project]
projectname = mid_right
usernotes = <!DOCTYPE HTML PUBLIC "-//W3C//DTD HTML 4.0//EN" "http://www.w3.org/TR/REC-html40/strict.dtd">
	<html><head><meta name="qrichtext" content="1" /><style type="text/css">
	p, li { white-space: pre-wrap; }
	</style></head><body style=" font-family:'Arial'; font-size:12pt; font-weight:400; font-style:normal;">
	<p style=" margin-top:0px; margin-bottom:0px; margin-left:0px; margin-right:0px; -qt-block-indent:0; text-indent:0px;"><span style=" font-family:'MS Shell Dlg 2'; font-size:16pt; font-weight:600;">Hello,</span></p>
	<p style="-qt-paragraph-type:empty; margin-top:0px; margin-bottom:0px; margin-left:0px; margin-right:0px; -qt-block-indent:0; text-indent:0px; font-family:'MS Shell Dlg 2'; font-size:8.25pt;"><br /></p>
	<p style=" margin-top:0px; margin-bottom:0px; margin-left:0px; margin-right:0px; -qt-block-indent:0; text-indent:0px;"><span style=" font-family:'MS Shell Dlg 2'; font-size:8.25pt;">This is the</span><span style=" font-family:'MS Shell Dlg 2'; font-size:8.25pt; font-weight:600;"> </span><span style=" font-family:'MS Shell Dlg 2'; font-weight:600; text-decoration: underline; color:#ff0000;">Gemini Aero Foam</span><span style=" font-family:'MS Shell Dlg 2'; font-size:8.25pt; font-weight:600; color:#00ff00;"> </span><span style=" font-family:'MS Shell Dlg 2'; font-size:10pt; font-weight:600; font-style:italic; color:#00ff00;">notes editor</span><span style=" font-family:'MS Shell Dlg 2'; font-size:8.25pt; font-weight:600; font-style:italic; color:#00ff00;"> </span></p>
	<p style="-qt-paragraph-type:empty; margin-top:0px; margin-bottom:0px; margin-left:0px; margin-right:0px; -qt-block-indent:0; text-indent:0px; font-family:'MS Shell Dlg 2'; font-size:8.25pt;"><br /></p>
	<p style=" margin-top:0px; margin-bottom:0px; margin-left:0px; margin-right:0px; -qt-block-indent:0; text-indent:0px;"><span style=" font-family:'Monotype Corsiva'; font-size:16pt;">You can use it to :</span></p>
	<ul style="margin-top: 0px; margin-bottom: 0px; margin-left: 0px; margin-right: 0px; -qt-list-indent: 1;"><li style=" font-family:'Monotype Corsiva'; font-size:16pt;" style=" margin-top:0px; margin-bottom:0px; margin-left:0px; margin-right:0px; -qt-block-indent:0; text-indent:0px;">write notes about your project</li>
	<li style=" font-family:'Monotype Corsiva'; font-size:16pt;" style=" margin-top:0px; margin-bottom:0px; margin-left:0px; margin-right:0px; -qt-block-indent:0; text-indent:0px;">organize these notes</li>
	<li style=" font-family:'Monotype Corsiva'; font-size:16pt;" style=" margin-top:0px; margin-bottom:0px; margin-left:0px; margin-right:0px; -qt-block-indent:0; text-indent:0px;">or write everything you want :)</li></ul></body></html>

[Profil]
rootx = [1.0, 0.999991632212242, 0.9999907180841676, 0.9999893117332839, 0.9999873428420467, 0.9999848817280002, 0.9999818580736003, 0.9999782718788468, 0.9999741231437399, 0.9999694821858237, 0.9999643490050981, 0.9999586532840191, 0.9999523950225867, 0.9999456445383449, 0.9999383315137497, 0.9999305262663452, 0.9999222287961314, 0.9999132984680198, 0.9999039462346432, 0.999894031460913, 0.9998836244643737, 0.999872725245025, 0.9998612634853228, 0.9998493095028114, 0.9998368632974906, 0.9998239248693606, 0.999810423900877, 0.9997965010271284, 0.9997820156130263, 0.999767108293659, 0.9997517087514824, 0.9997357466689525, 0.9997193626811574, 0.9997024864705529, 0.9996851883546833, 0.9996673980160046, 0.9996491154545164, 0.9996304109877632, 0.9996112142982007, 0.9995915957033731, 0.9995714848857361, 0.9995510224803782, 0.9995300678522111, 0.9995086210012346, 0.9994868225625373, 0.9994646022185748, 0.9994419599693471, 0.9994188958148544, 0.9993954097550967, 0.9993715017900737, 0.9993472422373298, 0.9993226310968651, 0.9992975980511352, 0.9992721431001402, 0.9992463365614243, 0.9992201784349874, 0.9991936687208296, 0.9991668074189509, 0.9991395945293513, 0.9991120300520308, 0.9990841139869893, 0.9990558463342268, 0.9990272974112877, 0.9989984672181719, 0.9989692854373351, 0.9989398223863215, 0.998910007747587, 0.9988799118386757, 0.998849604977132, 0.9988189465278673, 0.9987880771259701, 0.9987569264538961, 0.9987254945116454, 0.998693851616762, 0.998661927451702, 0.9986298626515536, 0.9985974462636843, 0.9985648892407266, 0.9985321212651364, 0.9984991423369136, 0.9984659524560582, 0.9984326219401145, 0.9983990804715382, 0.9983653280503294, 0.9983314349940321, 0.9982974013026465, 0.9982632269761726, 0.9982289120146103, 0.9981944564179596, 0.9981598601862205, 0.9981251936369373, 0.9980903864525656, 0.9980555089506499, 0.9980204908136457, 0.9979854023590974, 0.9979502435870048, 0.9979150144973681, 0.9978797150901871, 0.9978443453654621, 0.997808975640737, 0.9977735355984677, 0.9960599673642214, 0.9943822610775095, 0.9927048360609743, 0.9910278329497042, 0.989351111108611, 0.987573061686347, 0.9857953638518038, 0.9840179472874374, 0.9822407416757036, 0.9804638876516908, 0.9786871742627663, 0.9760224909258726, 0.9733582294942439, 0.9706941790152478, 0.9680304098064284, 0.9612503218785585, 0.954470796491042, 0.9484181435577668, 0.9423659125297567, 0.9363141034070116, 0.9302628568246201, 0.9241020555083881, 0.9179418167325096, 0.911782281132073, 0.90562330807199, 0.8994651085048929, 0.8934175887523431, 0.8873707018576911, 0.8813243775033924, 0.8752785453719032, 0.8691233694592061, 0.8629686857693183, 0.8568144943022397, 0.8506607247404263, 0.844507377083878, 0.8368163956886345, 0.8291261174688328, 0.8214364721069288, 0.8137475299204666, 0.8059194996316064, 0.7980921022006437, 0.7902652673100347, 0.7824391355948674, 0.7746134961025095, 0.7654643397934999, 0.756315816342388, 0.7471679257491737, 0.7380205976963129, 0.7288738321838055, 0.7197274885765633, 0.708087262947253, 0.696447529540752, 0.6848082883570601, 0.673169328443545, 0.6498916898866918, 0.6411624699515555, 0.6324331093813308, 0.6237035378584735, 0.6149736147478955, 0.6062433400495963, 0.597512573128488, 0.5887812788257982, 0.5800493165064388, 0.5735289815867886, 0.5670082247618732, 0.5604869757141485, 0.5539651992848424, 0.547442860315183, 0.54091995880517, 0.5354402532219147, 0.5299600554158502, 0.5244794005457485, 0.5189982182940654, 0.5134168335419186, 0.5078348862494183, 0.5022523412577924, 0.49666919856704095, 0.4910854230183918, 0.4856868638811262, 0.48028770704473506, 0.474887847032902, 0.4694873541631713, 0.46490454885599686, 0.4603212513260131, 0.4557374264144479, 0.45115303896252934, 0.4465681241290293, 0.44198264675517585, 0.43805179055891336, 0.4341205124573858, 0.43018877729182103, 0.42625662022099114, 0.4223240060861241, 0.4183909700459919, 0.4144574769418225, 0.41060221210555903, 0.4067465253640304, 0.4028904167172367, 0.3990338861651779, 0.3951068271163014, 0.39117931100338776, 0.3872513378264369, 0.3833229427442209, 0.3793941257567398, 0.3759485660916707, 0.37250265483888073, 0.36905639199836976, 0.36560981272890997, 0.36216291703050135, 0.3587157049031439, 0.35526814118806554, 0.3518202962028104, 0.3487307894227225, 0.345641071690002, 0.3425511078458769, 0.3394609682078913, 0.33637058245850104, 0.33309273013631335, 0.3298146317027211, 0.32653635747526827, 0.32325787229518294, 0.3199792464800092, 0.3167004097122029, 0.31360879340578945, 0.31051703646428763, 0.3074251388876974, 0.3043331358347909, 0.3012410273055681, 0.29842990768290895, 0.2956187177427056, 0.292807457484958, 0.28999616206843837, 0.28718483149314666, 0.28437348333846885, 0.2815621351837911, 0.2787508046084993, 0.2759394916125936, 0.2731282313548461, 0.2703170238352567, 0.26750588663321145, 0.2646948549074825, 0.2618839110786838, 0.25912934434093543, 0.25637490065888946, 0.25362065035008996, 0.25086657583515093, 0.24806264618138466, 0.24525894505963702, 0.2424555252080661, 0.23965236904728587, 0.2368495293154545, 0.2341402998143195, 0.23143140432151937, 0.22872287799582622, 0.22601475599601215, 0.22371728845423897, 0.2214201373414146, 0.21912335539569722, 0.2168269426170868, 0.21453089900558336, 0.21223527729934502, 0.20994009507775785, 0.2076453347614358, 0.205351066667923, 0.20305725563844743, 0.20076397199055326, 0.1984712333036265, 0.19628323259876346, 0.19409575927548178, 0.19190886607193963, 0.189722552988137, 0.18753683760345996, 0.18535175507668059, 0.18316734056657097, 0.18098361165251714, 0.17869662142482753, 0.17641045742828207, 0.17412510208349477, 0.17184060812862373, 0.169556993143055, 0.16727432744433277, 0.1653576294043218, 0.1634416345397527, 0.16152639558878357, 0.15961191255141444, 0.15766343098143182, 0.15571577564259337, 0.15376901685244326, 0.1518231370315955, 0.14987818891820817, 0.14796887422033664, 0.14606051759900465, 0.1441531278439052, 0.1422467225344243, 0.14030669664912995, 0.13836776947546348, 0.13642998496189, 0.13449337826718163, 0.13255799333980348, 0.13062389170760672, 0.12869109973967038, 0.12675967017415266, 0.1248296469595186, 0.1229010740442334, 0.12114913001024807, 0.11939844290236508, 0.11764906545874251, 0.11590102404845948, 0.11415435383028805, 0.11240908996300031, 0.11066525881567535, 0.10895025786146628, 0.10723672478599207, 0.10552469474802481, 0.10381421169602963, 0.10210531957847163, 0.10039805355412292, 0.09869244878175558, 0.09702261805999239, 0.09535446616959664, 0.0936880370590334, 0.09202338346646086, 0.09033035674480962, 0.08863930770408858, 0.08695031545153496, 0.08526344151499993, 0.08357874742233462, 0.08225663695656668, 0.08093595921076151, 0.07961674055399817, 0.07829900735535576, 0.07698282993237843, 0.07558860882504868, 0.07419623355325379, 0.07280575246030539, 0.07141722267920812, 0.07003070134296666, 0.06864623679489258, 0.06726389056283709, 0.06588371538495832, 0.0645057683942609, 0.06313010672374951, 0.06175678750642878, 0.06038587227014988, 0.05907957446213056, 0.057775579553683294, 0.056473940282966234, 0.055174713782984025, 0.05387794839704829, 0.05258369686331718, 0.051292020709641846, 0.05000296827933391, 0.04886835075544247, 0.047735921865113794, 0.04660578268981764, 0.045478043100716806, 0.044352799784434536, 0.043332109866662465, 0.042313652530918275, 0.04129750248959265, 0.04028373884992281, 0.039272440719145964, 0.03826368720449931, 0.037257557413220066, 0.03625412825512218, 0.035253478837442856, 0.03425571024165187, 0.03326096310283758, 0.03226938025351162, 0.03128110672360888, 0.03029628314821771, 0.029334646783021577, 0.02837660100742539, 0.027422273271977996, 0.026471784434958453, 0.025668404295220614, 0.024867940136143202, 0.0240704622752704, 0.023276043227569654, 0.022484751113161883, 0.02169665624959128, 0.02095918782041068, 0.020224699097164924, 0.01949328896390052, 0.01876505190981747, 0.018040087917673905, 0.017318490377958205, 0.01660035597729362, 0.015885781402303407, 0.015248624246037712, 0.014614488546748721, 0.013983588553203872, 0.01335619784459851, 0.012732593296262862, 0.012169195947712437, 0.011609361720971266, 0.011053297173825392, 0.010501209962772486, 0.009953305546886965, 0.0094097915826665, 0.008870874078541322, 0.008485739944837293, 0.008103476195261132, 0.007724461335968647, 0.007349073323759834, 0.006977691763502129, 0.006610694062639712, 0.00626481524733282, 0.005923604857732841, 0.005587229898007215, 0.005255463484204781, 0.004928021050013916, 0.004604616381055553, 0.0042849649110180705, 0.003968781249556121, 0.003693181798205243, 0.0034198522850775906, 0.0031487369505580473, 0.0028808441372431106, 0.0026888967437492272, 0.002500030687015767, 0.0023148255374264427, 0.002133861964076595, 0.001957677236952263, 0.0017866880424383255, 0.0016212895047039624, 0.0014814626560750632, 0.0013464837351652836, 0.0012166172567990385, 0.0010921257443859175, 0.0009731084939892915, 0.000859397059382709, 0.0007507984106670449, 0.0006471194492736972, 0.0005582435669818908, 0.000473023372953988, 0.0003913199831732754, 0.00031312024743495665, 0.00023960327215682086, 0.00019191079266277913, 0.00014804522877290014, 0.00010863894053114321, 7.432430514883693e-05, 4.967260677435617e-05, 2.952804881920868e-05, 1.4276911038562682e-05, 4.305468895744097e-06, 0.0, 1.7467815582172468e-06, 9.963827341624103e-06, 2.4032769650988144e-05, 4.362714346662645e-05, 6.842047692873245e-05, 9.808630461526301e-05, 0.00014375791866191233, 0.0001964921798079199, 0.00025555592980115185, 0.0003250294231128459, 0.00040002562475687707, 0.0004796480547143624, 0.0005633917176533319, 0.0006514070340625919, 0.0007439068106505695, 0.0008411039914646456, 0.0009432113832132474, 0.0010504418612742792, 0.0011630083696951214, 0.0012789644721574872, 0.0014004734631872186, 0.0015275323213273394, 0.0016597007378929714, 0.0017990080332608313, 0.001942572424169912, 0.0020898694131568484, 0.002240374228080369, 0.002393562508816062, 0.002597348794778388, 0.002803694529477888, 0.003012084966516895, 0.003294420069502564, 0.0035805481997056225, 0.0038705594514795586, 0.004164543644499951, 0.0044402719197892, 0.004719505359849329, 0.005002269784403597, 0.005288588541074095, 0.005578487449584078, 0.005871984638675409, 0.006168886185745762, 0.006498863347662174, 0.006831776267048313, 0.007166993734073955, 0.007503887835043761, 0.007842033917913549, 0.008275186693958781, 0.008710535794548169, 0.009148222404125895, 0.009588386059068706, 0.010031166845109154, 0.01047670649604724, 0.010925143449548076, 0.011345434707277205, 0.011768081602736534, 0.012192802865749322, 0.01261931832485046, 0.013047347808574831, 0.013476611145457324, 0.014152985714568994, 0.014830640282727157, 0.015509046369638797, 0.01623698567287069, 0.01696635989348861, 0.01769749425013441, 0.018430717257584838, 0.019166217894239883, 0.01990389507862978, 0.02064361586664756, 0.02138523742578159, 0.022128627910636526, 0.022873644488700745, 0.023606812560569776, 0.024341290296699254, 0.025076948049117087, 0.02581365397242793, 0.026705928672555244, 0.027599488865287194, 0.02849427741761913, 0.02939023499912314, 0.030287300081948066, 0.031185415533089258, 0.03224517783377242, 0.033306216837367196, 0.034368444646943344, 0.03543178874753344, 0.03669905152883701, 0.03796771187133127, 0.03923767748323946, 0.040508842888245314, 0.04178110700487905, 0.0430543995155965, 0.044328658892546495, 0.04560382800272438, 0.04687986289766505, 0.04815670204951733, 0.04943428832527658, 0.050712573381631175, 0.052219944207247744, 0.05372811928977593, 0.055237006337438985, 0.0567465218481532, 0.05857297171504912, 0.060400168705852006, 0.06222807766178977, 0.0640566590292438, 0.0658858732545955, 0.06771568957391928, 0.0698729790913595, 0.07203098496878112, 0.07418965886287249, 0.07634894364062897, 0.07855287126924995, 0.0807573526485314, 0.08296233504031515, 0.0851677657064431, 0.08737360948814313, 0.08957980485756407, 0.09178633423531991, 0.09436101111565676, 0.09693607474248661, 0.09951150753642343, 0.10208727433869513, 0.10466333120083661, 0.10723966933315482, 0.11027639400663881, 0.11331343510907166, 0.11635077506106727, 0.11938836991416056, 0.12306258465353351, 0.12673709824246923, 0.13041190189127475, 0.13408696923087093, 0.13776227389217874, 0.1414377895061191, 0.1457698951888877, 0.15010222061398185, 0.1544347306226295, 0.15876741642513761, 0.16392555987883442, 0.16908393186454984, 0.17424247964412573, 0.179401185638176, 0.1845600498467007, 0.18971903711092775, 0.195909969494843, 0.20210107767261867, 0.20829232648548274, 0.21448371593343515, 0.22067519327831783, 0.22878324560750912, 0.23689147373056088, 0.24499984248870102, 0.25266784762638206, 0.2603359758197654, 0.2680042094894651, 0.275672548635481, 0.2833409756784272, 0.29087254720100314, 0.2984042066205093, 0.30593595393694567, 0.3134678067296984, 0.32115340883281174, 0.3288390812534693, 0.3365248591504431, 0.34421067220618906, 0.35189659073825125, 0.35958254442908555, 0.367268568437464, 0.37329446554517687, 0.37932039781166177, 0.3853463300781467, 0.3913723326621758, 0.39739833524620494, 0.4033167168288588, 0.4092351687290568, 0.41515358547048276, 0.4210720373706808, 0.42711125965301666, 0.4331504467765805, 0.4391896690589164, 0.4452288561824802, 0.4512680081472719, 0.4573071601120637, 0.4633462417593112, 0.4633462417593112, 0.46220045253558734, 0.4610641561803285, 0.459941677222502, 0.458837234714759, 0.45775494223343427, 0.4566988781960906, 0.4556730507027465, 0.45468132721833215, 0.4537273994139173, 0.45281485348425543, 0.4519471701477836, 0.45112758401153435, 0.45035922420622393, 0.44964490343361974, 0.44898736407794504, 0.44838906725324623, 0.4478522631209373, 0.4473789908897996, 0.44697100849843774, 0.4466298629328238, 0.44635685506752526, 0.44615296934816057, 0.4460189792677159, 0.4459554473665447, 0.4459625494385074, 0.4460402503248319, 0.4461883390728857, 0.44640618282477107, 0.44669297292872995, 0.4470476546215995, 0.44746889187004024, 0.447955102529308, 0.44850442318448186, 0.4491148146267805, 0.4497839563772458, 0.4505093521630591, 0.45128825959999724, 0.4521177605099766, 0.45299472576228084, 0.45391585043233335, 0.4548776538016969, 0.45587654967561814, 0.4569087760654831, 0.4579703951888174, 0.45905746926314667, 0.4601659198709082, 0.4612914928006789, 0.46243003931735166, 0.4635772348919592, 0.4647287549955341, 0.46588023994033695, 0.4670274355149445, 0.4681659820316173, 0.4692915549613879, 0.4704000055691495, 0.4714870796434788, 0.4725486987668131, 0.47358092515667805, 0.47457982103059926, 0.47554162439996284, 0.47646274907001535, 0.4773397143223196, 0.47816921523229894, 0.4789481226692371, 0.4796735184550504, 0.4803426602055157, 0.4809530516478143, 0.48150237230298815, 0.48198858296225594, 0.48240982021069667, 0.48276450190356623, 0.4830512920075251, 0.4832691357594105, 0.48341722450746427, 0.4834949253937888, 0.4835020274657515, 0.48343849556458024, 0.4833045054841356, 0.4831006197647709, 0.4828276118994724, 0.48248646633385844, 0.4820784839424966, 0.48160521171135884, 0.48106840757904995, 0.48047011075435114, 0.47981257139867645, 0.47909825062607225, 0.4783298908207618, 0.4775103046845126, 0.47664262134804075, 0.4757301105771509, 0.4747761827727361, 0.4737844241295497, 0.47275859663620556, 0.471702567757634, 0.47062024011753717, 0.46951579760979417, 0.46839331865196765, 0.4672570222967088, 0.46611123307298497, 0.46611123307298497, 0.4686383049759085, 0.47116537687883203, 0.4736924487817556, 0.47621948552590704, 0.4787465222700585, 0.4812735238554378, 0.48380052544081714, 0.4863275270261965, 0.4888544934528038, 0.49138145987941106, 0.4939083911472462, 0.49643528725630925, 0.49896218336537235, 0.5014890794744354, 0.5040159052659543, 0.5065427662162453, 0.5090695568489921, 0.5115963474817389, 0.5141231029557136, 0.5166498584296882, 0.5191765435861188, 0.5217032287425494, 0.5242298787402078, 0.5267565287378662, 0.5292831084179804, 0.5318096880980947, 0.5343362326194369, 0.5368627419820069, 0.5393892161858048, 0.5419156552308307, 0.5444420591170844, 0.5469684278445661, 0.5494947614132758, 0.5520210598232133, 0.5545473230743787, 0.5570735511667719, 0.5595997441003931, 0.5621259018752424, 0.5646519893325472, 0.5671780767898522, 0.569704093929613, 0.5722300759106016, 0.5747560227328182, 0.5772818992374906, 0.5798077405833909, 0.5823335467705191, 0.5848593177988752, 0.5873850185096872, 0.589910684061727, 0.5924362792962227, 0.5924362792962227, 0.5878551967688808, 0.5878642325733086, 0.5876068703615911, 0.5873492268796969, 0.5870914427627144, 0.5868337289632761, 0.5865763315927865, 0.5863194264451064, 0.5860632947904122, 0.5858293834796805, 0.5855964917733395, 0.5853648306240218, 0.5851346109843598, 0.5849060086482141, 0.5846792697269894, 0.5844546051733179, 0.5842322610986047, 0.58401241329671, 0.5837953078790387, 0.5835812261157671, 0.5833703789595281, 0.5831747203928331, 0.582982401909487, 0.5827935289858058, 0.5826084180507386, 0.5824271745806016, 0.5822663231982782, 0.5821089876931641, 0.5819553790178917, 0.5818055674900054, 0.5816597640621376, 0.5815206056421953, 0.5813855607985879, 0.5812547701664037, 0.5811283392219588, 0.5810040178038397, 0.5808845482962692, 0.5807700361755638, 0.5806606220768118, 0.5805564114763295, 0.5804575450092053, 0.5803641281517554, 0.580276231221524, 0.5801939948535996, 0.5801174893655262, 0.5800467850748481, 0.5799819874578815, 0.5799231668321707, 0.5798703935152598, 0.5798193781369535, 0.5797757812595588, 0.5797397083593918, 0.5797111594364527, 0.5796901696495135, 0.5796776882854205, 0.5796714300239881, 0.5796714651827602, 0.5796776882854205, 0.5796901696495135, 0.5797084522110015, 0.5797326414462013, 0.5797627725138845, 0.5797987399377352, 0.5798414226870555, 0.5798900824276316, 0.5799446488419193, 0.5800050867711464, 0.5800712204214524, 0.5801430497928375, 0.5802203990914411, 0.5803032331584911, 0.5803914113588992, 0.5804848282163491, 0.5805833782545244, 0.5806869208383371, 0.5807953504914705, 0.5809084914200642, 0.5810382976066298, 0.5811734830853257, 0.5813139072210634, 0.581459323902438, 0.5816095924943616, 0.5817664357766664, 0.5819278496993433, 0.5820935881509876, 0.5822634401789666, 0.5824372651481922, 0.5826147817884874, 0.5827958143059918, 0.5829801869068452, 0.5831766892840704, 0.5833763559507839, 0.5835789759543533, 0.5837843031833737, 0.5839921970027568, 0.584202340983554, 0.5844145944906767, 0.5846287114127202, 0.5848445159558243, 0.5850617620085841, 0.5852803089359113, 0.5854999457851734, 0.5857599800635699, 0.586020998787585, 0.5862827206870418, 0.5865448644917638, 0.5867905539911464, 0.5870420095291523, 0.5872992311057813, 0.5875622187210335, 0.587830972374909, 0.5881054217498634, 0.5883855316871246, 0.5886472184278094, 0.5889136164439546, 0.5891845851004718, 0.589460089238589, 0.5897400585407618, 0.5900243875306743, 0.5903130410495541, 0.5906058433035407, 0.5909027239750901, 0.5912034721115698, 0.5915080877129796, 0.5918162895091428, 0.592110076208748, 0.5924068162452091, 0.5927064393009818, 0.5930086641058893, 0.5933133500248432, 0.5935918074998161, 0.5938719525958495, 0.5941537853129433, 0.5944370946984651, 0.5947217401173263, 0.5950024477537131, 0.5952841398357185, 0.5955666757282542, 0.5958499147962317, 0.5961394824431859, 0.596429401677861, 0.5967194615476245, 0.5970095917349321, 0.5972995109696072, 0.5975891489341055, 0.5978781540407062, 0.5981664559718651, 0.5984538437749496, 0.598740106497327, 0.5990251035039091, 0.5993085535245193, 0.5995903862416131, 0.5998702500674696, 0.600175850114498, 0.600478637459759, 0.6007784714681642, 0.6010750708695369, 0.6013681543937003, 0.60163093105632, 0.6018904731119071, 0.6021466399253734, 0.6023992908616304, 0.6026482852855898, 0.6028890525568795, 0.6031260929983274, 0.6033591253397568, 0.6035880792636235, 0.603817384775211, 0.6040421899639707, 0.6042623541948142, 0.6044778774677415, 0.60468854883012, 0.6048943682819498, 0.6050951248705981, 0.6052908889136094, 0.6054815197758951, 0.6056669471399112, 0.6058471006881134, 0.6060219101029576, 0.6061914457019878, 0.6063555668501157, 0.6065299543596948, 0.6066976617025762, 0.6068588998313926, 0.6070134577935115, 0.6071614762240211, 0.6073046427439819, 0.6074411290972451, 0.6075709352838108, 0.607694131621223, 0.6078107181094818, 0.6079207650661316, 0.6080243428087162, 0.60812152165478, 0.6082165909745182, 0.6083048394924705, 0.6083864078437252, 0.6084612960282823, 0.6085297149987744, 0.6085917350727456, 0.6086474968852844, 0.6086972113890232, 0.6087408785839622, 0.6087787094227337, 0.6088109148579706, 0.6088374948896724, 0.6088576057073094, 0.608873005249486, 0.6088839044688347, 0.6088903033653554, 0.6088924128916811, 0.6088888970144718, 0.6088781384302114, 0.6088601371389001, 0.6088346118703609, 0.6088016329421381, 0.6087617628945852, 0.6087144391873486, 0.6086595915028842, 0.6085971495236479, 0.6085349184970441, 0.608466499526552, 0.6083919629297158, 0.6083112383889913, 0.6082243259043786, 0.6081312254758775, 0.6080319371034881, 0.6079265311047547, 0.607814937162133, 0.6076972255931672, 0.6075733963978572, 0.6074435902112916, 0.6073078773510143, 0.6071661874994814, 0.6070186612917811, 0.6068654393630019, 0.6066987867832832, 0.6065260868947646, 0.6063474100149903, 0.6061628967790487, 0.6059726175044838, 0.6057767831439284, 0.6055848162483031, 0.6053880677596732, 0.6051866783131271, 0.6049807885437531, 0.6047705390866398, 0.6045561408944194, 0.6043377346021807, 0.6041155311625558, 0.6038787016737404, 0.6036381453550832, 0.6033939325241284, 0.6031462741335085, 0.6028954514534004, 0.6026416754364364, 0.602385086717705, 0.6021258962498388, 0.6018644556205587, 0.6016007648298646, 0.6013352457830217, 0.6010678984800301, 0.6008145443683311, 0.6005599948583812, 0.6003043905852684, 0.6000480128191695, 0.5997910021951731, 0.5997824234547825, 0.5952013057686685, 0.5952013057686685, 0.6001617162881169, 0.6051219158549327, 0.6100819044691159, 0.6150416118131224, 0.6200010378869522, 0.6249602530081494, 0.6299191868591698, 0.6348778394400135, 0.6400723370640541, 0.6452664831003736, 0.6504603478665165, 0.6556538610449384, 0.6608470226356393, 0.6660398326386194, 0.6712322207363344, 0.6764243275638726, 0.6816160124861457, 0.6868073458206979, 0.6919982572499849, 0.697188817091551, 0.7020823556264794, 0.7069755425736868, 0.7118683779331733, 0.7167608617049389, 0.7216529235714393, 0.7268410926165032, 0.7320288397563018, 0.7372161649908355, 0.7424029980025598, 0.747589409109019, 0.752775327992669, 0.757664577157402, 0.7625533340993258, 0.7674418097710728, 0.7723298635375547, 0.7772174953987715, 0.7834512863258676, 0.7896844443950659, 0.7959169696063666, 0.802149002594858, 0.808380473042996, 0.8146114512683246, 0.8208418669532997, 0.8270581488118937, 0.8332739384476784, 0.8394892358606537, 0.8457040410508198, 0.8519183540181765, 0.8600556408663628, 0.8681922245391072, 0.8763283159890423, 0.8872243007306977, 0.8981200042021764, 0.9090157779911994, 0.9199118330503989, 0.9286288880503912, 0.9373460836854719, 0.946063490273185, 0.9547811078135308, 0.9634992175766859, 0.966239281320946, 0.9689794153827503, 0.9717196900796431, 0.9744601757291683, 0.9772010129664145, 0.9799422017913816, 0.9826838828391581, 0.9843730508855721, 0.9860625002021629, 0.9877522307889305, 0.989442312963419, 0.9911328170431726, 0.9924613264054614, 0.9937901170379269, 0.9951192592581134, 0.9964486827484765, 0.9978136165986532, 0.9978489160058341, 0.9978841450954709, 0.9979193038675633, 0.9979543923221117, 0.99798948077666, 0.9980244989136643, 0.9980593764155801, 0.9980941835999517, 0.9981289204667791, 0.9981635166985182, 0.998198042612713, 0.9982324278918195, 0.9982666725358377, 0.9983007765447675, 0.9983347399186089, 0.9983685626573618, 0.9984022447610266, 0.9984357862296028, 0.9984690464280024, 0.9985022363088577, 0.9985351449195363, 0.9985679128951266, 0.9986004699180843, 0.9986327456708652, 0.9986648807885579, 0.9986967346360737, 0.998728377530957, 0.9987598094732076, 0.9987909601452817, 0.9988218295471789, 0.9988524879964437, 0.9988827948579874, 0.9989128907668986, 0.9989427054056331, 0.9989721684566466, 0.9990013502374835, 0.9990302507481436, 0.9990587996710827, 0.9990870673238451, 0.9991149833888865, 0.9991426181837513, 0.9991698310733509, 0.9991967626927738, 0.9992233427244758, 0.9992495008509126, 0.9992753777071727, 0.9993008326581677, 0.9993259360214418, 0.9993506174794508, 0.9993749473497388, 0.9993988553147617, 0.9994224116920637, 0.9994455461641006, 0.9994682587308724, 0.999490549392379, 0.9995124181486207, 0.9995338649995971, 0.9995548899453084, 0.9995754929857547, 0.9995956741209358, 0.9996153630333076, 0.9996346300404143, 0.9996534048247118, 0.9996717577037441, 0.9996896886775112, 0.9997070571109249, 0.9997240036390735, 0.999740528261957, 0.9997564903444871, 0.999772030521752, 0.9997870784762075, 0.9998015638903097, 0.9998156273991468, 0.9998291986851744, 0.9998422777483928, 0.9998547942712578, 0.9998668888888577, 0.999878420966104, 0.9998894608205411, 0.9998999381346246, 0.9999099935434431, 0.9999194864119081, 0.9999284167400195, 0.9999368548453218, 0.9999448007278147, 0.9999521840699541, 0.9999590751892843, 0.9999654037682609, 0.9999712401244283, 0.9999765139402422, 0.9999812252157025, 0.9999854442683537, 0.9999891710981955, 0.9999923353876838, 0.9999949371368186, 0.9999969763456, 0.9999985233315721, 0.9999995077771907, 1.0]
rooty = [0.0, 0.0015971575398478976, 0.0016326327408892722, 0.0016680859676980891, 0.0017035172202743481, 0.001738908919232003, 0.0017742654594175653, 0.001809569261444989, 0.0018448115356212505, 0.0018799922819463502, 0.0019150939210342416, 0.0019501164528849249, 0.001985051087805377, 0.002019880246409551, 0.0020546083235439593, 0.002089217739822555, 0.0021237084952453384, 0.002158067405272775, 0.0021922856802118413, 0.002226358925216026, 0.0022602783505923057, 0.002294039561494169, 0.0023276249785355698, 0.0023610346017165075, 0.0023942640361904713, 0.002427295702571414, 0.002460125206012825, 0.0024927525465147037, 0.0025251601446910042, 0.0025573436056952146, 0.0025893029295273352, 0.0026210205368013195, 0.002652492032670656, 0.0026837130222888334, 0.002714674715962828, 0.002745368323999617, 0.0027757894515526888, 0.0028059293089290204, 0.0028357835012820997, 0.0028653432389189044, 0.0028945997321464106, 0.0029235485861181074, 0.0029521854059874827, 0.002980497007215002, 0.0030084833898006654, 0.0030361357640514494, 0.0030634453402743314, 0.003090412118469311, 0.0031170229140968534, 0.0031432733323104476, 0.0031691589782635813, 0.0031946754571097434, 0.003219813979155911, 0.003244570149555572, 0.003268939573462215, 0.003292913461182817, 0.0033164874178708663, 0.0033396570486798516, 0.003362413563916749, 0.003384756963581559, 0.003406678457981259, 0.003428173652269337, 0.003449238151599281, 0.00346986756112458, 0.003490057485998722, 0.003509803531375196, 0.0035290969075609784, 0.0035479376145560694, 0.003566321257513957, 0.00358424344158813, 0.0036016953770855657, 0.0036186770640062632, 0.0036351841075037117, 0.003651216507577911, 0.003666761079689326, 0.0036818222186844685, 0.003696395529716827, 0.00371047661793989, 0.003724061088507146, 0.003737144546572083, 0.0037497313869812128, 0.003761808425195001, 0.003773380056059959, 0.0037844418847295747, 0.0037949895163573374, 0.0038050229509432464, 0.003814537793640791, 0.0038235340444499697, 0.0038320073085242722, 0.0038399575858636984, 0.0038473804816217365, 0.003854280390644898, 0.0038606485232401595, 0.003866484879407521, 0.003871793853993495, 0.0038765666573050577, 0.0038808076841887204, 0.003884512539797972, 0.0038876812241328126, 0.0038903137371932416, 0.003892410078979259, 0.003973424679573499, 0.004059273611330463, 0.004151165457040832, 0.004248744234137171, 0.004351658354898552, 0.004466249582841169, 0.004586026729667436, 0.00471056349526573, 0.004839446764063966, 0.004972245841104008, 0.005108547610813769, 0.0053186432482992645, 0.005534245628463754, 0.005753935215884002, 0.005976292475136771, 0.0065460184026638535, 0.007117963727679278, 0.007631686126109452, 0.008149464967869804, 0.008672425333667294, 0.009201643960897258, 0.009747426764629318, 0.010300342404249655, 0.01086051393546059, 0.011428060019117933, 0.01200309492123099, 0.012574956744162695, 0.013153371283243146, 0.013737859500202584, 0.014327924777385202, 0.014933952137097835, 0.015544888540363887, 0.016160602141788015, 0.016781000649593474, 0.017405978587463986, 0.018193477949332272, 0.018987780533600465, 0.01978867538763601, 0.020595969138192397, 0.021424314203539196, 0.022258838423081257, 0.02309922536786975, 0.023945154214109327, 0.024796286558618603, 0.025797608387814194, 0.02680507860727947, 0.027818161045740017, 0.028836345901000492, 0.029859110186326022, 0.03088596167890731, 0.03219798597193121, 0.03351478306826666, 0.03483532457382998, 0.03615856012030488, 0.03880779996655698, 0.03980034968211548, 0.04079146667771121, 0.04178052688513953, 0.04276693260527486, 0.043749980662675346, 0.044728871195275896, 0.045702769182239304, 0.046670857182114424, 0.047389414586755746, 0.0481039199429134, 0.04881403924225252, 0.049519429686745185, 0.05021972210928443, 0.05091452097368422, 0.051493612319127455, 0.05206829123867308, 0.05263832041060945, 0.05320345372353195, 0.05377357079239856, 0.054338106406195484, 0.054896796874132014, 0.055449387295110494, 0.05599561397834023, 0.056517352576807504, 0.05703254285397254, 0.057540824432421395, 0.05804182814504709, 0.05846093828777624, 0.05887432634034732, 0.059281772560434765, 0.05968304841601997, 0.06007792537508433, 0.06046619248499529, 0.060793555811948945, 0.061115750799405004, 0.06143265439166112, 0.061744099584549884, 0.06204997211206198, 0.06235012254941601, 0.0626444102615236, 0.06292700768191044, 0.06320372479766478, 0.06347442976339131, 0.06373899952338768, 0.06400194319017478, 0.06425825063872942, 0.06450779881334925, 0.06475044707894592, 0.0649860635901241, 0.0651867762303074, 0.06538188983603496, 0.06557130772068352, 0.06575493319762984, 0.06593268715963671, 0.06610443776130878, 0.0662700179984786, 0.06642928723605783, 0.06656650313384199, 0.06669840126734716, 0.06682488494995008, 0.06694583112594843, 0.06706113431902591, 0.06717713189785224, 0.06728651962752516, 0.06738915687295631, 0.06748492057844337, 0.06757367889859099, 0.06765528240861778, 0.06772556479403077, 0.06778926369936944, 0.06784626485862447, 0.06789645400578657, 0.06793973445423249, 0.06797297707324598, 0.06800032180824096, 0.06802170713136625, 0.06803705393538464, 0.06804627432336592, 0.06804928918807285, 0.06804603700165429, 0.06803642986718, 0.06802039746710581, 0.06799785190450146, 0.06796873165151582, 0.06793294881121863, 0.06789040669698665, 0.0678409998325036, 0.06778580935001134, 0.06772380685542614, 0.06765488687243174, 0.06757893513501882, 0.06749427281181998, 0.06740209530108636, 0.06730229712650168, 0.06719475523236362, 0.0670793641423559, 0.06696023743281335, 0.06683354279757787, 0.0666991747603332, 0.06655700147568398, 0.06643015741566712, 0.06629754731702707, 0.06615909207252664, 0.06601471257492862, 0.06586433850668881, 0.06570790833995607, 0.06554533417780016, 0.06537655449236991, 0.06520149896612115, 0.06502007970212363, 0.06483224396221923, 0.06463792142886375, 0.06444631491065242, 0.06424866987333419, 0.06404494236844396, 0.06383506207843753, 0.0636189850548498, 0.06339663219044353, 0.06316796832644667, 0.06293291435562198, 0.06267976240686265, 0.062419473227368544, 0.06215198528928849, 0.06187722827507829, 0.06159511428780774, 0.061305537851160545, 0.061056446740577905, 0.06080195875847907, 0.06054201237701286, 0.06027655485802114, 0.0600005233383226, 0.059718646672763664, 0.05943086333349319, 0.059137094213273955, 0.05883728657394783, 0.05853688123549613, 0.05823053406456079, 0.057918174743597624, 0.057599732955062447, 0.05726920533862046, 0.05693223487719252, 0.05658874246354141, 0.056238622621350855, 0.05588180503307667, 0.055518201801788625, 0.05514772503055649, 0.054770278032757004, 0.05438578170115297, 0.053994148138814146, 0.053631845782093526, 0.05326351369595903, 0.052889072773173465, 0.05250847027557867, 0.052121635885630485, 0.05172850807547773, 0.051329007737883195, 0.05092951618998169, 0.05052373122187562, 0.05011161767479289, 0.04969312281057536, 0.04926817631167886, 0.04883673422963825, 0.04839875261598844, 0.0479631178503758, 0.04752109297793534, 0.04707262526050892, 0.04661759164239422, 0.046147422172893686, 0.04567021215928161, 0.04518581217677662, 0.0446941079593694, 0.04419497645135763, 0.04379749774315842, 0.04339528139041974, 0.04298828344467648, 0.04257642479869142, 0.0421596439246134, 0.041712151863112557, 0.041258964080532715, 0.040800019049022716, 0.04033522008195932, 0.03986449686179832, 0.03938777907099555, 0.03890497002292774, 0.038415999400050714, 0.037920796884820286, 0.03741927458030622, 0.03691137095865736, 0.03639701130748301, 0.035899945377331675, 0.03539688048169205, 0.034887746303019954, 0.03437249449800375, 0.03385105474909927, 0.03332337431814835, 0.03278939167729985, 0.03224904090385609, 0.03176714598386269, 0.03128011348829726, 0.030787785202685398, 0.030290024886785238, 0.029786683115815386, 0.029324134310165905, 0.028856742383660677, 0.028384397465136914, 0.02790698968343182, 0.027424404772536104, 0.026936541650979993, 0.02644328605275419, 0.025944523711849393, 0.025440153546795834, 0.024930039317351656, 0.024414027203888956, 0.02389195020224029, 0.02336364130823822, 0.022828942307408333, 0.02229857662523885, 0.0217617637032369, 0.02121836730116062, 0.020668290732386758, 0.020196262242811826, 0.01971932031483696, 0.019237407815457512, 0.018750476401361856, 0.01825847772923836, 0.017761354666082373, 0.01728956789306558, 0.01681314895182559, 0.016332023129971715, 0.015846128899652787, 0.015355387153631599, 0.01485973636405699, 0.014359106213384775, 0.013853421989224258, 0.013395984390067731, 0.012934367291878704, 0.012468359742024619, 0.011997680470328738, 0.011522052601460832, 0.011085130145820304, 0.010643667813733326, 0.010197467837106877, 0.00974630607876887, 0.009289975980933257, 0.008828270985813997, 0.008360975745932024, 0.008020801441397147, 0.007677348581364641, 0.0073303490801973, 0.006979534852257918, 0.006624633417062777, 0.006265381083821185, 0.00591814865578873, 0.005566468643086569, 0.00521025314878447, 0.004849748284287081, 0.004485261688850211, 0.004117092212036648, 0.003745543098255689, 0.003370913197070121, 0.003038935281279318, 0.0027050104484838905, 0.002369248569846628, 0.002030964049311725, 0.0017827475131848912, 0.0015322324723325074, 0.0012790146008755097, 0.0010226785858185546, 0.000762921182752344, 0.000499691850941995, 0.00023298839296425155, -3.2258173394907124e-06, -0.00024210110720598722, -0.0004836352792119822, -0.0007278283333574757, -0.0009746495057168866, -0.0012240130967832395, -0.0014758224199332799, -0.001729991775660032, -0.001959653269815027, -0.0021910683077281373, -0.0024241709667016894, -0.002658897521461266, -0.0028951930364254723, -0.0030615094103859856, -0.003228559723713931, -0.0033963263970232613, -0.0035647918509279313, -0.003708270404991083, -0.003852234589593763, -0.003996671220196436, -0.004141573704529336, -0.004286928858052927, -0.004432732285920698, -0.004586776050997658, -0.004740092468976954, -0.004892668355319051, -0.00504449272290767, -0.005195554584626532, -0.0053922019917866295, -0.0055874979836444206, -0.005781418388544091, -0.00598762898171336, -0.006192200297133815, -0.006395097176033362, -0.006596198760132934, -0.006795239161218581, -0.006991937109113561, -0.007186011333641136, -0.007377182762047821, -0.007565170124156875, -0.0077496921497915575, -0.00792727251536122, -0.008100976626307679, -0.008270696808891401, -0.008436676977093778, -0.008602127566291513, -0.008764299599991619, -0.008923498520026647, -0.009080023175959387, -0.009234179009622394, -0.009432973299303392, -0.009628880174826292, -0.009822202880600388, -0.010077055634959689, -0.010327214693244637, -0.010572644896683135, -0.010813304494233329, -0.011031737155551268, -0.011245783760050662, -0.011455180616940818, -0.011659666232854297, -0.011858976917000405, -0.012052862163127983, -0.012241480185711447, -0.01244366509947612, -0.0126411980682083, -0.012834999812252158, -0.013025993249375123, -0.013214765091586492, -0.013452130751676264, -0.013685277359114933, -0.01391378520606064, -0.014137230189825023, -0.01435519479998948, -0.014567254933865646, -0.014772990883611666, -0.014958688530688194, -0.015139121151643863, -0.015314875458487967, -0.01548654036065306, -0.01565469817530192, -0.015819940009290354, -0.016075117982291512, -0.016326786670353182, -0.01657598545467535, -0.01683955318966709, -0.01709869970906819, -0.017352539451306576, -0.017600186854810164, -0.01784109585989989, -0.018075452148840866, -0.018303532596963323, -0.01852561627702075, -0.018741978965631737, -0.01895289863683815, -0.01915502312146329, -0.019352427540935007, -0.019545374487332366, -0.01973412765144606, -0.019957148532522076, -0.02017461432760747, -0.02038672500221852, -0.020593677225736615, -0.020795666568831524, -0.020992891898307893, -0.021219486888309443, -0.021440059839878515, -0.021654917293559294, -0.021864255918733172, -0.022106488871334505, -0.022341380232838264, -0.022569193694035147, -0.0227901874521577, -0.023004624099284998, -0.02321275743780308, -0.023414832480404962, -0.023611096437206925, -0.023801796518325244, -0.02398717773645294, -0.024167487301706283, -0.0243429702267783, -0.024543928978366245, -0.024738929416796132, -0.0249283747692354, -0.025112667164139853, -0.025329175981397355, -0.025538954091222386, -0.025742222334652162, -0.025939196059165743, -0.02613009610580034, -0.026315137822035015, -0.026525998712169336, -0.02672938341903167, -0.02692564407969875, -0.027115110307658945, -0.02730177097547732, -0.02748202835192834, -0.027656223586972464, -0.02782469508379109, -0.027987782893633042, -0.02814581772869832, -0.028299046249747384, -0.028471998292584552, -0.02863898488063808, -0.028800316399942846, -0.028956302137822104, -0.029107252480310736, -0.02925343935853664, -0.029419918341818084, -0.02958044505485542, -0.02973537712828353, -0.02988507109402567, -0.030059593745134904, -0.03022736810942563, -0.030388789173728073, -0.03054425027680501, -0.030694143658707613, -0.030838864855621907, -0.03100332220950803, -0.031161785267430277, -0.031314859144817714, -0.031462901472305224, -0.03163294110529476, -0.03179665435673089, -0.03195447741512989, -0.032106847567719664, -0.032254197981559506, -0.032396867883864526, -0.03256222261047273, -0.032721570680611246, -0.03287530680643239, -0.03302382734815594, -0.03316748279479118, -0.03334863493452417, -0.03352233121715028, -0.03368905658651428, -0.03384069087699127, -0.03398658247646718, -0.03412678934198037, -0.03426136970524714, -0.03439037548039188, -0.034511671870721614, -0.03462762117490578, -0.034738233418687994, -0.034843501460442655, -0.03494524744473516, -0.035041021175965824, -0.035130575684361544, -0.03521366417182291, -0.03529003973724628, -0.03535945556536488, -0.03542166470357296, -0.03546523643077186, -0.03550410031598419, -0.035538121758451856, -0.03556716568960595, -0.03559109702371018, -0.03560949386193721, -0.03562270080810758, -0.035630589898260824, -0.03563303316414464, -0.03562977981678273, -0.03562058689122736, -0.035605316961615216, -0.03558382565144442, -0.035555966526274685, -0.035521593144155025, -0.03548055908030181, -0.009959785748068271, -0.009839769082107125, -0.00964971833956089, -0.009390349880410953, -0.009062637163159627, -0.008667817337099915, -0.008207373662929477, -0.007683042105020377, -0.0070967915546098, -0.006450832619493064, -0.0057475934523678095, -0.004989721948257257, -0.004180072559970669, -0.0033216887187173067, -0.0024178028341064277, -0.0014718187147612417, -0.00048729398893286233, 0.0005320664877694586, 0.0015824260143411225, 0.0026598270314984627, 0.0037602174907578135, 0.004879457446705279, 0.006013332241536264, 0.007157578874134549, 0.008307881605225775, 0.00945992030068907, 0.010609357247017517, 0.011751863520397221, 0.012883136566093358, 0.013998926567529242, 0.015095032051439815, 0.016167321862104202, 0.017211761530424783, 0.018224426458466732, 0.019201501919458002, 0.020139309426868417, 0.021034319918949187, 0.021883166943272445, 0.02268265105157778, 0.023429766168851267, 0.024121703988172028, 0.02475585397071218, 0.02532983410966246, 0.025841482140539176, 0.02628886872572375, 0.026670319428695268, 0.026984388344951434, 0.027229902050473653, 0.027405928837801474, 0.027511809479958165, 0.02754714844075768, 0.027511809479958165, 0.027405928837801474, 0.027229902050473653, 0.026984388344951434, 0.026670319428695268, 0.02628886872572375, 0.025841482140539176, 0.02532983410966246, 0.02475585397071218, 0.024121703988172028, 0.023429766168851267, 0.02268265105157778, 0.021883166943272445, 0.021034319918949187, 0.020139309426868417, 0.019201501919458002, 0.018224426458466732, 0.017211761530424783, 0.016167321862104202, 0.015095032051439815, 0.013998926567529242, 0.012883136566093358, 0.011751863520397221, 0.010609357247017517, 0.00945992030068907, 0.008307881605225775, 0.007157578874134549, 0.006013332241536264, 0.004879457446705279, 0.0037602174907578135, 0.0026598270314984627, 0.0015824260143411225, 0.0005320664877694586, -0.00048729398893286233, -0.0014718187147612417, -0.0024178028341064277, -0.0033216887187173067, -0.004180072559970669, -0.004989721948257257, -0.0057475934523678095, -0.006450832619493064, -0.0070967915546098, -0.007683042105020377, -0.008207373662929477, -0.008667817337099915, -0.009062637163159627, -0.009390349880410953, -0.00964971833956089, -0.009839769082107125, -0.009959785748068271, -0.03545950850370828, -0.03544045335910469, -0.03541998793228985, -0.0353981122060964, -0.0353748261976917, -0.03535012990707576, -0.035324023334248576, -0.03529650651354488, -0.03526757946213205, -0.03523724214567534, -0.03520549456417476, -0.03517233678629978, -0.0351377688120504, -0.03510179060709188, -0.03506440220575896, -0.03502560364238638, -0.03498539491697414, -0.034943775995187505, -0.03490074694569594, -0.034856307768499455, -0.034810458532267524, -0.0347631990996612, -0.0347145296766889, -0.03466445012601167, -0.03461296051629901, -0.034560060847550894, -0.034505751188436816, -0.03445003153895676, -0.03439290183044127, -0.03433436220022928, -0.0342744126483208, -0.034213053037376866, -0.0341502836420754, -0.03408610432507744, -0.03402051508638299, -0.033953516063331, -0.03388510711858252, -0.0338152883894765, -0.03374405987601294, -0.03367142157819184, -0.03359737363335216, -0.033521915766815985, -0.033445048390600175, -0.03336677123002683, -0.033287084422434894, -0.03320598796782438, -0.033123482140873184, -0.033039566392225495, -0.03295424127123713, -0.03286750677790808, -0.03277936236288255, -0.02098757083789401, -0.02098757083789401, -0.014083327397360646, -0.013959063112246067, -0.013828410917726927, -0.013691258745217176, -0.013547492328707517, -0.013397008389304927, -0.01323970584553964, -0.013075494603058166, -0.012918829312037056, -0.012756226583378816, -0.012587638073771824, -0.012413017637327703, -0.012232325720427852, -0.012045531559146689, -0.01185261537667491, -0.011653559593626473, -0.011448362012578121, -0.011237022633529853, -0.011019559035867713, -0.010795990996401007, -0.010579641492329551, -0.010357932472937238, -0.010130914478958952, -0.009898635853706319, -0.009661164717300268, -0.009441321310252115, -0.009217324773250532, -0.008989243226416446, -0.008757149184717298, -0.008521121755390297, -0.00828556677206329, -0.008046388237787494, -0.007803680641762911, -0.007557545065459305, -0.00730296039673721, -0.007045031249819811, -0.0067838850752559455, -0.006519649323594447, -0.00625245803765392, -0.005982454049945989, -0.005709782390405537, -0.005434594681237212, -0.005157046939492175, -0.004877301774491354, -0.004595521795555678, -0.004311874006852586, -0.004026536399665795, -0.0037396781755860017, -0.0034225965920461577, -0.003104137224124937, -0.0027845417883804757, -0.002464060791063934, -0.002142940343579959, -0.0018513093161886035, -0.0015595442459786452, -0.0012678341113500813, -0.0009763678907029097, -0.00068532797016736, -0.00040008045733405656, -0.00011559545037051017, 0.00016794905943956072, 0.00045039046277522813, 0.0007372816482038579, 0.0010226719935487872, 0.001306390099796065, 0.0015882711602015075, 0.0018681481705976751, 0.0021458629165101517, 0.0024212615783110315, 0.0026941903363724108, 0.0029645085556059187, 0.0032320799957696964, 0.0034967640217753743, 0.003758433183074117, 0.0040169644239636, 0.004272247873281035, 0.004549167151974918, 0.004821876167710718, 0.005090247469939601, 0.0053541580029592434, 0.0056134978956068554, 0.005871295197128906, 0.006124201034483583, 0.006372136300433677, 0.006615017492895467, 0.006852778689171281, 0.007085358361409957, 0.007312712561146378, 0.007534792945068919, 0.007761756003465811, 0.007982873916002319, 0.008198115918752859, 0.008407486406563946, 0.008610972194896043, 0.008808590863135199, 0.009000351200974432, 0.009186279577492816, 0.009366411151462443, 0.009540776686808894, 0.009709428921690305, 0.009872416199418305, 0.010057307392159959, 0.01023450760350637, 0.010404131099466838, 0.010566292146050664, 0.01071149347994635, 0.010853583262511847, 0.010992332961728551, 0.011127518440424375, 0.011258911166580714, 0.011386269423639437, 0.011509364679581937, 0.011618242607059516, 0.011723143198444126, 0.011823873080489258, 0.011920247669641428, 0.01201206919780761, 0.012099148686587815, 0.012181288367889015, 0.012258308053004239, 0.012330005578993955, 0.0123962051519977, 0.012456709003922452, 0.012511341340907752, 0.01255731143541875, 0.012597752813018196, 0.01263252483861772, 0.01266148248228244, 0.01268449829346352, 0.012700121972812143, 0.01271065202505386, 0.01271600494810495, 0.01271608845018867, 0.012710827818914323, 0.012700390058449348, 0.012684656507937937, 0.012663565639528923, 0.012637069109910682, 0.012604397820943686, 0.01256600004697212, 0.01252182304983784, 0.012471840460461781, 0.01241602590976487, 0.012354357423514553, 0.01228682181717129, 0.012213410301042064, 0.012134131664819893, 0.012048990303351293, 0.011958003796022305, 0.011861198511912002, 0.011758605214945966, 0.01165026785358931, 0.011524509320660799, 0.011391929985946335, 0.011252613351529639, 0.01110665170918745, 0.010954154930082562, 0.010810267655293835, 0.010661190066774946, 0.010507023245995662, 0.010347877064118771, 0.010183856997460551, 0.01001814491489538, 0.009847972063120965, 0.009673452708146612, 0.009494723090214175, 0.009308135486719054, 0.00911744309658213, 0.008922795344584797, 0.008724337260661933, 0.008522227059287957, 0.008316627349783794, 0.008107696346623864, 0.007895592264282584, 0.0076804821069273894, 0.007462537273572234, 0.007241915978691534, 0.007018794016145752, 0.006793333995255816, 0.006565702920189166, 0.006313008035467044, 0.0060581157274891394, 0.005801241343734517, 0.005542613416221779, 0.00528243850273697, 0.005017688554033619, 0.004751791550390748, 0.0044849672341339365, 0.004217422163049227, 0.003949358500076154, 0.003680982803000759, 0.00341248405022304, 0.0031440556149895066, 0.0028631238414305628, 0.002582666711294868, 0.0023028907823684666, 0.002023980638204844, 0.0017461208623574856, 0.0014694828538403435, 0.0011942314193976009, 0.0009205269709269301, 0.0006485167357864687, 0.0003783457439110984, 0.00011014364327291041, -0.00015595991815600397, -0.0004048290889898055, -0.0006516370768096818, -0.0008962959846854014, -0.0011387223105332447, -0.0013788413419625147, -0.0016896866383024445, -0.002002406336679558, -0.002316785089614788, -0.0026326009573593005, -0.0029496188156247273, -0.00326191660873673, -0.003574910985020816, -0.003888366820188617, -0.004202033607988973, -0.0044820710302828125, -0.004761899697367353, -0.005041337223112364, -0.005320196826541104, -0.005598289529253575, -0.005875430747696292, -0.006151429306046001, -0.006426094028479449, -0.006699235936596639, -0.006970663854574318, -0.0072401888040124875, -0.007507619609087896, -0.007772773883670312, -0.008035464846782994, -0.008295507914872456, -0.008552722899231724, -0.008818962700902497, -0.009081704204750062, -0.009340756234951167, -0.009595927615682556, -0.009847035960814002, -0.010093903279061784, -0.010325436977830707, -0.010552806559529919, -0.010775877981340817, -0.010994519397868056, -0.011208607753409311, -0.011418026584532025, -0.011622663822650153, -0.011822420583717186, -0.012026348054123694, -0.012224709451423305, -0.012417414681262525, -0.012604382438980896, -0.012785535814764461, -0.012960813280762063, -0.013130157703969046, -0.013293525135920296, -0.013450878220420468, -0.013602186193543978, -0.013747433673328036, -0.013886609672656362, -0.014012269321538363, -0.014132532098904157, -0.014247413386716538, -0.014356928566938295, -0.01446110181122524, -0.02098757083789401, -0.02098757083789401, -0.03267986386189437, -0.03249669380091781, -0.032307505546999474, -0.03211226421604517, -0.031910934374604905, -0.03170348113858449, -0.03148987044792346, -0.0312700937876067, -0.031044162144750493, -0.030800881295934057, -0.03055086946500725, -0.03029413901247588, -0.030030702024167858, -0.029760571135266905, -0.029483759530312556, -0.02920027819642109, -0.028910140867487853, -0.028613359629340755, -0.0283099465678077, -0.027999928601323575, -0.027683346382218605, -0.02737888185365766, -0.02706865623067586, -0.026752705770756932, -0.02643106673138459, -0.026103775370042562, -0.025750511015172978, -0.025390971918196507, -0.025025199830155005, -0.024653239798225212, -0.024275133573448994, -0.02389094378238914, -0.02352325663998022, -0.023150409947766723, -0.022772528958874223, -0.022389741123851555, -0.022002172794535934, -0.021501089974673027, -0.020992699623773012, -0.020477265432626582, -0.01995505109202443, -0.019426318095333996, -0.01889132463978783, -0.018350266296055705, -0.017804503269132948, -0.01725302584303352, -0.016695993330943473, -0.016133587020281406, -0.015566179374289177, -0.01481639438775991, -0.014059962195881895, -0.013297985905129539, -0.012271334378064526, -0.011241544930590255, -0.010212830023088062, -0.009187187113297456, -0.00836861838401564, -0.00755149116438962, -0.006736135067907762, -0.005924024565574696, -0.005116770368636912, -0.004864323792742695, -0.004612670486643816, -0.004362526810321659, -0.004114780522771563, -0.0038703171855656083, -0.003630024557699131, -0.003394796990437236, -0.0032530236368205727, -0.0031144782979666556, -0.0029799410591312887, -0.002850187610723763, -0.002725998037999882, -0.002632829489377902, -0.002543952508374468, -0.00245974724921283, -0.0023805872738464724, -0.0023050684288149484, -0.0023027413575870733, -0.0022998781150847867, -0.002296478701308089, -0.002292545313680236, -0.0022880757547779716, -0.0022830744194478076, -0.002277541307689744, -0.0022714764195037804, -0.0022648841497364285, -0.0022577623009644335, -0.0022501152680343053, -0.0022419430509460453, -0.0022332478471229085, -0.0022240340514114065, -0.002214299466388284, -0.0022040506843233085, -0.002193287705216479, -0.002182014923914308, -0.002170230142993539, -0.0021579421521471954, -0.0021451509513752774, -0.002131858738101041, -0.0021180699071709974, -0.002103788853431658, -0.002089015576883023, -0.0020737566697948597, -0.0020580121321671684, -0.002041788556269716, -0.0020250903369490145, -0.002007917474205064, -0.0019902787577308866, -0.001972174187526483, -0.001953610355861621, -0.0019345916575828118, -0.0019151202901133112, -0.0018952028457228862, -0.0018748437192580487, -0.0018540451081420545, -0.0018328158020679264, -0.0018111601958821764, -0.0017890782895848044, -0.0017665810702920891, -0.0017436729328505424, -0.00172035607468342, -0.0016966370880604888, -0.0016725225652515167, -0.001648016901103015, -0.0016231266878847512, -0.0015978585178664925, -0.0015722167858947507, -0.001546208084239293, -0.0015198368077466308, -0.0014931117461097873, -0.0014660350967520186, -0.0014386178467896034, -0.0014108643910690532, -0.0013827813218601354, -0.0013543752314326173, -0.0013256505146330107, -0.0012966181585775942, -0.0012672803606896238, -0.0012376459106621226, -0.0012077235981881138, -0.001177515620690853, -0.0011470351627098751, -0.0011162822242451798, -0.0010852699898363021, -0.0010540028543297535, -0.0010224896074185572, -0.0009907368413724802, -0.0009587489510380346, -0.0009265369235314989, -0.0008941095485458965, -0.000861469023504483, -0.0008286263355235373, -0.0007955902742960827, -0.0007623674320918865, -0.0007289622037574601, -0.0006953877738323385, -0.000661648537163033, -0.0006277510860193112, -0.0005937064075174518, -0.000559523291350478, -0.0005252061323649013, -0.0004907637202537451, -0.00045620484471003227, -0.000421538295426786, -0.0003867706646737737, -0.0003519085447207627, -0.0003169651201072877, -0.0002819425882566045, -0.0002468541337082477, -0.00021170415130872903, -0.00017650143075107153, -0.00014125695915155414, -0.00010597513135668841, -7.066693448275328e-05, -3.5338960799516105e-05, 0.0]
roots = [4, 0.0, 0.0, 0.0, 0.0, 0.0, 0.0, 0.0, 0.0, 0.0, 0.0, 0.0, 0.0, 0.0, 0.0, 0.0, 0.0, 0.0, 0.0, 0.0, 0.0, 0.0, 0.0, 0.0, 0.0, 0.0, 0.0, 0.0, 0.0, 0.0, 0.0, 0.0, 0.0, 0.0, 0.0, 0.0, 0.0, 0.0, 0.0, 0.0, 0.0, 0.0, 0.0, 0.0, 0.0, 0.0, 0.0, 0.0, 0.0, 0.0, 0.0, 0.0, 0.0, 0.0, 0.0, 0.0, 0.0, 0.0, 0.0, 0.0, 0.0, 0.0, 0.0, 0.0, 0.0, 0.0, 0.0, 0.0, 0.0, 0.0, 0.0, 0.0, 0.0, 0.0, 0.0, 0.0, 0.0, 0.0, 0.0, 0.0, 0.0, 0.0, 0.0, 0.0, 0.0, 0.0, 0.0, 0.0, 0.0, 0.0, 0.0, 0.0, 0.0, 0.0, 0.0, 0.0, 0.0, 0.0, 0.0, 0.0, 0.0, 0.0, 0.0, 0.0, 0.0, 0.0, 0.0, 0.0, 0.0, 0.0, 0.0, 0.0, 0.0, 0.0, 0.0, 0.0, 0.0, 0.0, 0.0, 0.0, 0.0, 0.0, 0.0, 0.0, 0.0, 0.0, 0.0, 0.0, 0.0, 0.0, 0.0, 0.0, 0.0, 0.0, 0.0, 0.0, 0.0, 0.0, 0.0, 0.0, 0.0, 0.0, 0.0, 0.0, 0.0, 0.0, 0.0, 0.0, 0.0, 0.0, 0.0, 0.0, 0.0, 0.0, 0.0, 0.0, 0.0, 0.0, 0.0, 0.0, 0.0, 0.0, 0.0, 0.0, 0.0, 0.0, 0.0, 0.0, 0.0, 0.0, 0.0, 0.0, 0.0, 0.0, 0.0, 0.0, 0.0, 0.0, 0.0, 0.0, 0.0, 0.0, 0.0, 0.0, 0.0, 0.0, 0.0, 0.0, 0.0, 0.0, 0.0, 0.0, 0.0, 0.0, 0.0, 0.0, 0.0, 0.0, 0.0, 0.0, 0.0, 0.0, 0.0, 0.0, 0.0, 0.0, 0.0, 0.0, 0.0, 0.0, 0.0, 0.0, 0.0, 0.0, 0.0, 0.0, 0.0, 0.0, 0.0, 0.0, 0.0, 0.0, 0.0, 0.0, 0.0, 0.0, 0.0, 0.0, 0.0, 0.0, 0.0, 0.0, 0.0, 0.0, 0.0, 0.0, 0.0, 0.0, 0.0, 0.0, 0.0, 0.0, 0.0, 0.0, 0.0, 0.0, 0.0, 0.0, 0.0, 0.0, 0.0, 0.0, 0.0, 0.0, 0.0, 0.0, 0.0, 0.0, 0.0, 0.0, 0.0, 0.0, 0.0, 0.0, 0.0, 0.0, 0.0, 0.0, 0.0, 0.0, 0.0, 0.0, 0.0, 0.0, 0.0, 0.0, 0.0, 0.0, 0.0, 0.0, 0.0, 0.0, 0.0, 0.0, 0.0, 0.0, 0.0, 0.0, 0.0, 0.0, 0.0, 0.0, 0.0, 0.0, 0.0, 0.0, 0.0, 0.0, 0.0, 0.0, 0.0, 0.0, 0.0, 0.0, 0.0, 0.0, 0.0, 0.0, 0.0, 0.0, 0.0, 0.0, 0.0, 0.0, 0.0, 0.0, 0.0, 0.0, 0.0, 0.0, 0.0, 0.0, 0.0, 0.0, 0.0, 0.0, 0.0, 0.0, 0.0, 0.0, 0.0, 0.0, 0.0, 0.0, 0.0, 0.0, 0.0, 0.0, 0.0, 0.0, 0.0, 0.0, 0.0, 0.0, 0.0, 0.0, 0.0, 0.0, 0.0, 0.0, 0.0, 0.0, 0.0, 0.0, 0.0, 0.0, 0.0, 0.0, 0.0, 0.0, 0.0, 0.0, 0.0, 0.0, 0.0, 0.0, 0.0, 0.0, 0.0, 0.0, 0.0, 0.0, 0.0, 0.0, 0.0, 0.0, 0.0, 0.0, 0.0, 0.0, 0.0, 0.0, 0.0, 0.0, 0.0, 0.0, 0.0, 0.0, 0.0, 0.0, 0.0, 0.0, 0.0, 0.0, 0.0, 0.0, 0.0, 0.0, 0.0, 0.0, 0.0, 0.0, 0.0, 0.0, 0.0, 0.0, 0.0, 0.0, 0.0, 0.0, 0.0, 0.0, 0.0, 0.0, 0.0, 0.0, 0.0, 0.0, 0.0, 0.0, 0.0, 0.0, 0.0, 0.0, 0.0, 0.0, 0.0, 0.0, 0.0, 0.0, 0.0, 0.0, 0.0, 0.0, 0.0, 0.0, 0.0, 0.0, 0.0, 0.0, 0.0, 0.0, 0.0, 0.0, 0.0, 0.0, 0.0, 0.0, 4.0, 0.0, 0.0, 0.0, 0.0, 0.0, 0.0, 0.0, 0.0, 0.0, 0.0, 0.0, 0.0, 0.0, 0.0, 0.0, 0.0, 0.0, 0.0, 0.0, 0.0, 0.0, 0.0, 0.0, 0.0, 0.0, 0.0, 0.0, 0.0, 0.0, 0.0, 0.0, 0.0, 0.0, 0.0, 0.0, 0.0, 0.0, 0.0, 0.0, 0.0, 0.0, 0.0, 0.0, 0.0, 0.0, 0.0, 0.0, 0.0, 0.0, 0.0, 0.0, 0.0, 0.0, 0.0, 0.0, 0.0, 0.0, 0.0, 0.0, 0.0, 0.0, 0.0, 0.0, 0.0, 0.0, 0.0, 0.0, 0.0, 0.0, 0.0, 0.0, 0.0, 0.0, 0.0, 0.0, 0.0, 0.0, 0.0, 0.0, 0.0, 0.0, 0.0, 0.0, 0.0, 0.0, 0.0, 0.0, 0.0, 0.0, 0.0, 0.0, 0.0, 0.0, 0.0, 0.0, 0.0, 0.0, 0.0, 0.0, 0.0, 0.0, 0.0, 0.0, 0.0, 0.0, 0.0, 0.0, 0.0, 0.0, 0.0, 0.0, 0.0, 0.0, 0.0, 0.0, 0.0, 0.0, 0.0, 0.0, 0.0, 0.0, 0.0, 0.0, 0.0, 0.0, 0.0, 0.0, 0.0, 0.0, 0.0, 0.0, 0.0, 0.0, 0.0, 0.0, 0.0, 0.0, 0.0, 0.0, 0.0, 0.0, 0.0, 0.0, 0.0, 0.0, 0.0, 0.0, 0.0, 0.0, 0.0, 0.0, 0.0, 0.0, 0.0, 0.0, 0.0, 0.0, 0.0, 0.0, 0.0, 0.0, 0.0, 0.0, 0.0, 0.0, 0.0, 0.0, 0.0, 0.0, 0.0, 0.0, 0.0, 0.0, 0.0, 0.0, 0.0, 0.0, 0.0, 0.0, 0.0, 0.0, 0.0, 0.0, 0.0, 0.0, 4.0, 4.0, 0.0, 0.0, 0.0, 0.0, 0.0, 0.0, 0.0, 0.0, 0.0, 0.0, 0.0, 0.0, 0.0, 0.0, 0.0, 0.0, 0.0, 0.0, 0.0, 0.0, 0.0, 0.0, 0.0, 0.0, 0.0, 0.0, 0.0, 0.0, 0.0, 0.0, 0.0, 0.0, 0.0, 0.0, 0.0, 0.0, 0.0, 0.0, 0.0, 0.0, 0.0, 0.0, 0.0, 0.0, 0.0, 0.0, 0.0, 0.0, 0.0, 0.0, 0.0, 0.0, 0.0, 0.0, 0.0, 0.0, 0.0, 0.0, 0.0, 0.0, 0.0, 0.0, 0.0, 0.0, 0.0, 0.0, 0.0, 0.0, 0.0, 0.0, 0.0, 0.0, 0.0, 0.0, 0.0, 0.0, 0.0, 0.0, 0.0, 0.0, 0.0, 0.0, 0.0, 0.0, 0.0, 0.0, 0.0, 0.0, 0.0, 0.0, 0.0, 0.0, 0.0, 0.0, 0.0, 0.0, 0.0, 0.0, 0.0, 4.0, 4.0, 0.0, 0.0, 0.0, 0.0, 0.0, 0.0, 0.0, 0.0, 0.0, 0.0, 0.0, 0.0, 0.0, 0.0, 0.0, 0.0, 0.0, 0.0, 0.0, 0.0, 0.0, 0.0, 0.0, 0.0, 0.0, 0.0, 0.0, 0.0, 0.0, 0.0, 0.0, 0.0, 0.0, 0.0, 0.0, 0.0, 0.0, 0.0, 0.0, 0.0, 0.0, 0.0, 0.0, 0.0, 0.0, 0.0, 0.0, 0.0, 0.0, 4.0, 4.0, 4.0, 4.0, 0.0, 0.0, 0.0, 0.0, 0.0, 0.0, 0.0, 0.0, 0.0, 0.0, 0.0, 0.0, 0.0, 0.0, 0.0, 0.0, 0.0, 0.0, 0.0, 0.0, 0.0, 0.0, 0.0, 0.0, 0.0, 0.0, 0.0, 0.0, 0.0, 0.0, 0.0, 0.0, 0.0, 0.0, 0.0, 0.0, 0.0, 0.0, 0.0, 0.0, 0.0, 0.0, 0.0, 0.0, 0.0, 0.0, 0.0, 0.0, 0.0, 0.0, 0.0, 0.0, 0.0, 0.0, 0.0, 0.0, 0.0, 0.0, 0.0, 0.0, 0.0, 0.0, 0.0, 0.0, 0.0, 0.0, 0.0, 0.0, 0.0, 0.0, 0.0, 0.0, 0.0, 0.0, 0.0, 0.0, 0.0, 0.0, 0.0, 0.0, 0.0, 0.0, 0.0, 0.0, 0.0, 0.0, 0.0, 0.0, 0.0, 0.0, 0.0, 0.0, 0.0, 0.0, 0.0, 0.0, 0.0, 0.0, 0.0, 0.0, 0.0, 0.0, 0.0, 0.0, 0.0, 0.0, 0.0, 0.0, 0.0, 0.0, 0.0, 0.0, 0.0, 0.0, 0.0, 0.0, 0.0, 0.0, 0.0, 0.0, 0.0, 0.0, 0.0, 0.0, 0.0, 0.0, 0.0, 0.0, 0.0, 0.0, 0.0, 0.0, 0.0, 0.0, 0.0, 0.0, 0.0, 0.0, 0.0, 0.0, 0.0, 0.0, 0.0, 0.0, 0.0, 0.0, 0.0, 0.0, 0.0, 0.0, 0.0, 0.0, 0.0, 0.0, 0.0, 0.0, 0.0, 0.0, 0.0, 0.0, 0.0, 0.0, 0.0, 0.0, 0.0, 0.0, 0.0, 0.0, 0.0, 0.0, 0.0, 0.0, 0.0, 0.0, 0.0, 0.0, 0.0, 0.0, 0.0, 0.0, 0.0, 0.0, 0.0, 0.0, 0.0, 0.0, 0.0, 0.0, 0.0, 0.0, 0.0, 0.0, 0.0, 0.0, 0.0, 0.0, 0.0, 0.0, 0.0, 0.0, 0.0, 0.0, 0.0, 0.0, 0.0, 0.0, 0.0, 0.0, 0.0, 0.0, 0.0, 0.0, 0.0, 0.0, 0.0, 0.0, 0.0, 0.0, 0.0, 0.0, 0.0, 0.0, 0.0, 0.0, 0.0, 0.0, 0.0, 0.0, 0.0, 0.0, 0.0, 0.0, 0.0, 0.0, 0.0, 0.0, 0.0, 0.0, 0.0, 0.0, 0.0, 0.0, 0.0, 0.0, 0.0, 0.0, 0.0, 0.0, 0.0, 0.0, 0.0, 0.0, 0.0, 0.0, 0.0, 0.0, 0.0, 0.0, 0.0, 0.0, 0.0, 0.0, 0.0, 0.0, 4.0, 4.0, 4.0, 4.0, 0.0, 0.0, 0.0, 0.0, 0.0, 0.0, 0.0, 0.0, 0.0, 0.0, 0.0, 0.0, 0.0, 0.0, 0.0, 0.0, 0.0, 0.0, 0.0, 0.0, 0.0, 0.0, 0.0, 0.0, 0.0, 0.0, 0.0, 0.0, 0.0, 0.0, 0.0, 0.0, 0.0, 0.0, 0.0, 0.0, 0.0, 0.0, 0.0, 0.0, 0.0, 0.0, 0.0, 0.0, 0.0, 0.0, 0.0, 0.0, 0.0, 0.0, 0.0, 0.0, 0.0, 0.0, 0.0, 0.0, 0.0, 0.0, 0.0, 0.0, 0.0, 0.0, 0.0, 0.0, 0.0, 0.0, 0.0, 0.0, 0.0, 0.0, 0.0, 0.0, 0.0, 0.0, 0.0, 0.0, 0.0, 0.0, 0.0, 0.0, 0.0, 0.0, 0.0, 0.0, 0.0, 0.0, 0.0, 0.0, 0.0, 0.0, 0.0, 0.0, 0.0, 0.0, 0.0, 0.0, 0.0, 0.0, 0.0, 0.0, 0.0, 0.0, 0.0, 0.0, 0.0, 0.0, 0.0, 0.0, 0.0, 0.0, 0.0, 0.0, 0.0, 0.0, 0.0, 0.0, 0.0, 0.0, 0.0, 0.0, 0.0, 0.0, 0.0, 0.0, 0.0, 0.0, 0.0, 0.0, 0.0, 0.0, 0.0, 0.0, 0.0, 0.0, 0.0, 0.0, 0.0, 0.0, 0.0, 0.0, 0.0, 0.0, 0.0, 0.0, 0.0, 0.0, 0.0, 0.0, 0.0, 0.0, 0.0, 0.0, 0.0, 0.0, 0.0, 0.0, 0.0, 0.0, 0.0, 0.0, 0.0, 0.0, 0.0, 0.0, 0.0, 0.0, 0.0, 0.0, 0.0, 0.0, 0.0, 0.0, 0.0, 0.0, 0.0, 4]
tipx = [1.0, 0.9999993180397496, 0.9999979541192487, 0.9999959082384975, 0.9999932656425272, 0.9999899410863065, 0.9999860198148666, 0.9999814165831763, 0.9999761313912355, 0.9999701642390445, 0.9999636003716342, 0.999956439789005, 0.9999485120010939, 0.999940072742995, 0.9999308662796145, 0.9999211483460461, 0.999910663207196, 0.9998996665981581, 0.9998879880288698, 0.999875627499331, 0.9998626702545732, 0.9998491162945963, 0.9998349656194002, 0.9998201329839538, 0.9998047036332881, 0.9997886775674034, 0.9997720547862996, 0.9997548352899768, 0.9997370190784347, 0.9997185209066423, 0.999699511264662, 0.9996799049074627, 0.9996597018350443, 0.9996389872924379, 0.9996176760346126, 0.999595768061568, 0.9995732633733044, 0.999550247214853, 0.9995267195862138, 0.9995025952423554, 0.999477874183278, 0.9994527268990441, 0.999426982899591, 0.9994007274299501, 0.9993739604901214, 0.9993466820801049, 0.9993189774449319, 0.9992906760945398, 0.9992618632739599, 0.9992326242282235, 0.9992029589573305, 0.9991726969712185, 0.9991420940049812, 0.9991109795685561, 0.9990793536619432, 0.9990473867752052, 0.9990149084182793, 0.998982003836197, 0.9989487582739893, 0.9989150012415939, 0.9988809032290733, 0.9988463789913962, 0.9988115137735938, 0.998776222330635, 0.9987405899075509, 0.9987046165043416, 0.9986682168759758, 0.9986314762674849, 0.9985944799239, 0.9985570573551587, 0.9985193790513234, 0.9984813597673629, 0.9984429995032772, 0.9984043835040975, 0.9983655117698241, 0.9983262990554254, 0.9982868306059328, 0.9982471064213463, 0.9982072117466971, 0.9981669760919227, 0.9981265699470858, 0.998085908067155, 0.9980449904521302, 0.9980039875920742, 0.9979626437518929, 0.9979212146666804, 0.9978796150914052, 0.9978378450260675, 0.9977959044706671, 0.9977537934252042, 0.9977115971347099, 0.997669230354153, 0.9976267783285648, 0.997584155812914, 0.9975415332972634, 0.99749874029155, 0.9974559472858365, 0.9974129837900606, 0.9973700202942846, 0.9973270567985086, 0.9951981473867837, 0.9931127981860539, 0.9910278752104806, 0.9889432932150326, 0.9868212034058118, 0.9846995398217475, 0.9825781319727772, 0.9804569798589007, 0.9783361687251495, 0.9756854744768279, 0.9730350359636001, 0.9703849384304974, 0.9677350113874575, 0.9632385917213947, 0.9587424277904257, 0.954246604839582, 0.947404923872351, 0.9405638396203391, 0.9337233520835463, 0.9268833760169413, 0.9200438261754927, 0.9132048730492633, 0.9063665166382531, 0.8995288421874932, 0.8926916792069212, 0.8858551129415682, 0.8790191433914344, 0.8721836853114884, 0.8653487387017301, 0.8585143035621597, 0.8516802946477458, 0.8448467119584884, 0.8371935835382979, 0.8295409665882952, 0.8218888611084804, 0.814237181853822, 0.8044993009481208, 0.7947620167576387, 0.7850253292823758, 0.7752891532773006, 0.7643614222246924, 0.753434202642272, 0.7425074092850081, 0.7315811273979321, 0.7206551012459499, 0.706749590759916, 0.6789390386355203, 0.665033698639549, 0.6511279750409368, 0.6424366900070404, 0.6337451066155344, 0.6250532248664189, 0.6163609595146625, 0.6076683105602653, 0.5989751927581959, 0.590281520863423, 0.5815872522534311, 0.5737966235977512, 0.5660053982268523, 0.5582135761407341, 0.5504210720943655, 0.542627843465231, 0.5371721188394162, 0.5317160106109605, 0.526259518779864, 0.520802600723611, 0.5152460312257664, 0.5096890355027653, 0.5041315283095765, 0.4985735096461999, 0.493015022135151, 0.48764104749435444, 0.48226660400588567, 0.4768916064247134, 0.47151609737335337, 0.46695463574840745, 0.4623927478983051, 0.4578305190680774, 0.4532678213901777, 0.4487046974871214, 0.44414118998142427, 0.43957721362805496, 0.43501276842701353, 0.43044789700081554, 0.4258825567269454, 0.42131674760540316, 0.4167504696361887, 0.412914443227619, 0.4090780758389241, 0.4052414100926196, 0.4014044033661899, 0.3974972826015147, 0.3935898634792299, 0.38968210337681997, 0.38577395967176914, 0.38186551760910875, 0.377948210063193, 0.3740305189146364, 0.3701125294084702, 0.36619419892217886, 0.3622755274557623, 0.3583565576317362, 0.3544372468275849, 0.35059604178336357, 0.3467545383815327, 0.34291275793335013, 0.3390707217500737, 0.33581061077297725, 0.33255030799456037, 0.3292898560373387, 0.3260292122787966, 0.32276841934144973, 0.3195074559140403, 0.3164326889462512, 0.3133577941109152, 0.31028279271929005, 0.30720764214886015, 0.3041323850221411, 0.3008706330781921, 0.29760875326669617, 0.2943467668989111, 0.2910847165973525, 0.28782258105076264, 0.2845604028816571, 0.281298182090036, 0.278035939987157, 0.27477367657302015, 0.2715114344701412, 0.26824921367852, 0.2649870355094145, 0.26224685528948405, 0.25950673900332705, 0.2567666866509435, 0.2540267195435913, 0.2512370332717324, 0.2484474535561627, 0.24565802301939776, 0.24286872035017976, 0.24007956685976656, 0.23738341569850333, 0.23468745633856053, 0.23199168877993817, 0.22929613433389404, 0.2265517984186876, 0.22380773954983293, 0.22106395772732995, 0.21832049557369437, 0.21557735308892617, 0.21283455158428316, 0.21009213368228102, 0.20735009938291973, 0.20460846999745713, 0.20186728814840887, 0.19937572506226936, 0.19688458820128638, 0.19439387756545987, 0.19190365708856336, 0.189413905459339, 0.18692466530030247, 0.1844359792339694, 0.18215516317646513, 0.1798748372778909, 0.17759503350513334, 0.1753157518581925, 0.17303702430395515, 0.17075887215367905, 0.16858483615350892, 0.16641137555730004, 0.16423850102068138, 0.16206625516616857, 0.15989464864939051, 0.15772371343723396, 0.1555534601853278, 0.15338392086055883, 0.15147532723223278, 0.14956731966349696, 0.14765991946560914, 0.14575312663856935, 0.14381232104404024, 0.14187219740976154, 0.13993278770262, 0.13799412388950233, 0.1360562379372953, 0.13411917246851454, 0.13218293813878898, 0.13024758822626317, 0.12831314404219493, 0.126379637553471, 0.12433001667648548, 0.12228151464053577, 0.12023419537939538, 0.11818808020432212, 0.11614320108220272, 0.11409961129118176, 0.11208942689680211, 0.11008055314477871, 0.10807306462451396, 0.10606698264726569, 0.10406236049117847, 0.10205925143439683, 0.10037783581448942, 0.09869754969124676, 0.09701840372029776, 0.09534046183541589, 0.09363328090479758, 0.09192742127216445, 0.09022295752691889, 0.08851991098031871, 0.0868183455661374, 0.08514865113803395, 0.08348046448142166, 0.08181384953007398, 0.08014884890650657, 0.07845530185308207, 0.07676356092875826, 0.07507369539512308, 0.0733857585303211, 0.07169982492375471, 0.07029645195688068, 0.06889454946679659, 0.06749415474820365, 0.06609531575143197, 0.0646980857546261, 0.06330252869155953, 0.06197201891519048, 0.060643150105674004, 0.05931595955771127, 0.05799051653289022, 0.05666685832591204, 0.05534505419836468, 0.05402514144494931, 0.052707189327253885, 0.05154651962012427, 0.050387490879847216, 0.04923018302363955, 0.048074670640903684, 0.04692103364885645, 0.04569962685692448, 0.044480511025208745, 0.04326378471827668, 0.04204954650069573, 0.04083788960921887, 0.03962890461669188, 0.03859483443667398, 0.037562858087737426, 0.03653304216756292, 0.03550547192118176, 0.0344802272658108, 0.03345738811866688, 0.03243704238868853, 0.031439598269150784, 0.030444703508830405, 0.0294524540083876, 0.028463004274441605, 0.02762578618295681, 0.02679079778182199, 0.025958134971697373, 0.02512789631715039, 0.024300177718841257, 0.02347508040524465, 0.022592139010095484, 0.021712427602460477, 0.020836038087139006, 0.019963069028698505, 0.019093613663891968, 0.018227767893379605, 0.017365627617821632, 0.01669236102864838, 0.016021497283794945, 0.015353258819514872, 0.01468794399341772, 0.014025851163113043, 0.013426995494544361, 0.012831273912829625, 0.012238908854222387, 0.011650128082790657, 0.011065152036857564, 0.010484207148537506, 0.009907516520060842, 0.009412639144399031, 0.008920937146153203, 0.008432240035260755, 0.00794637798763589, 0.007463179181262392, 0.0071264346685489905, 0.006790852951340687, 0.00645653792201938, 0.006124413290416438, 0.005845213169692425, 0.00556916911305699, 0.005297006369253004, 0.005029294348450488, 0.004765544223673074, 0.004504827623251741, 0.004200182526661023, 0.0038969356483766916, 0.003593848271537647, 0.003291877737804015, 0.003101201252202625, 0.0029122902711167073, 0.002725656764216676, 0.0025418118687019374, 0.0023612673877487036, 0.0021845351245331876, 0.002012126382748997, 0.0018445531320665468, 0.0017014948206397656, 0.0015629258588692639, 0.0014291948856135284, 0.0013006507062252486, 0.0011754044439854473, 0.0010557708677812058, 0.0009415120573982074, 0.0008323896763866319, 0.0007281651385553559, 0.0006285998993368064, 0.000533455622281163, 0.00044249367957375184, 0.0003556100539620228, 0.0002739740758484928, 0.00022095316482674502, 0.00017206537871072153, 0.00012795528939665187, 8.926746878076546e-05, 6.11735701640451e-05, 3.784108833811263e-05, 1.9663752173205527e-05, 7.0353028965528395e-06, 3.4947389031990385e-07, 0.0, 7.197976186456862e-06, 2.1725374430924816e-05, 4.3155169624286096e-05, 7.106033405595102e-05, 0.00010568450467474161, 0.00014612822517183586, 0.00019194073851068534, 0.0002426713136694606, 0.0002978691780027818, 0.00037246201433454874, 0.0004524503658274535, 0.0005370965591088195, 0.0006263910623855958, 0.00072231453230548, 0.0008235216124711435, 0.0009302469764599682, 0.0010427251313551342, 0.001161190500992721, 0.0012586235738399707, 0.0013600114667087465, 0.0014654669794207412, 0.0015749640556333795, 0.0016881940983436976, 0.0018371626209445849, 0.0019909151879388682, 0.002148744531957467, 0.002309943385631302, 0.0024738046480854946, 0.002743663778113918, 0.0030157684154414896, 0.003289129917498154, 0.003564314198075696, 0.0038419316249177706, 0.004122593564733244, 0.004406909719288964, 0.004655953411224844, 0.004907971022592576, 0.005162750106790713, 0.005420078217217809, 0.005679743240260819, 0.006013271084996201, 0.0063498018191545415, 0.006688899227927227, 0.007030124432598416, 0.0073730398864058815, 0.007932199341413938, 0.008493439307967197, 0.009056781097323484, 0.009622387873800528, 0.010190424133669666, 0.010761053707225429, 0.011334441756715967, 0.011892210652150915, 0.01245256886541165, 0.013015363221832547, 0.01358044321065522, 0.014147660985028501, 0.01475142090680425, 0.015357236033006535, 0.015964927881851068, 0.01657431397569272, 0.017185217164700818, 0.017797457635137456, 0.018533660364529917, 0.019271241665912958, 0.020010094982997453, 0.020750192344757504, 0.021491509776028057, 0.022436726662403848, 0.02338382559923634, 0.024332751976427362, 0.025283457843646804, 0.026235884594935643, 0.027217579694940427, 0.028200926417426674, 0.02918579955875467, 0.03017207924309914, 0.031159648258542044, 0.032148384065350886, 0.03340827099719382, 0.03466961508629056, 0.03593228047337248, 0.037196216544202236, 0.038461370020635266, 0.039727687624527004, 0.04099511874164013, 0.04226361275773729, 0.04353311639467392, 0.04480357903821271, 0.046074955401930746, 0.04734718421596181, 0.048735996265926645, 0.050125703388720154, 0.05151624165056885, 0.052907541789884806, 0.054299545200709, 0.0556921826214535, 0.05708539011834483, 0.05880627418774485, 0.06052789349553985, 0.06225020541921418, 0.06397318331969555, 0.06569678990228277, 0.06742098787227464, 0.06914573993496997, 0.07134163595785452, 0.07353830451383522, 0.07573568699695309, 0.07793374078469245, 0.08013242325453766, 0.08233168112834416, 0.08453148243922519, 0.08709853532839668, 0.08966620091623065, 0.09223440994113916, 0.0948031410918644, 0.09737236240151961, 0.09994204190321808, 0.1027458042608706, 0.10555001415493745, 0.10835466092978972, 0.11115969130728284, 0.11396508397615901, 0.11677081762516038, 0.1195768496317713, 0.122577698501793, 0.12557884572942427, 0.12858027000340724, 0.13158196066811303, 0.13458390706791276, 0.13840489838408665, 0.1422262413360147, 0.14604789330118118, 0.14986983296832831, 0.15369201771494045, 0.15847006565316576, 0.16324845457151627, 0.16802715250310526, 0.1728061487923038, 0.17767229747037927, 0.18253870188354865, 0.18740531940929625, 0.19227215004762213, 0.19713917248726845, 0.19713917248726845, 0.19575014732472534, 0.19437265155266578, 0.19301188511799916, 0.19167296272260353, 0.19036091382332576, 0.18908068263198127, 0.18783708549283862, 0.18663481088261938, 0.18547837678798257, 0.18437213070552452, 0.18332024964177907, 0.18232667617944387, 0.18139518241115402, 0.18052924207193505, 0.17973211578423426, 0.17900680843540503, 0.17835605852207792, 0.17778230618327392, 0.17728771451166234, 0.17687414824230285, 0.1765431630970168, 0.17629599512875793, 0.17613358203287066, 0.1760565418358319, 0.17606515158399333, 0.1761593793104683, 0.1763388840351315, 0.17660297314210371, 0.1769506663135249, 0.17738064225140993, 0.17789130261142186, 0.1784806974134697, 0.1791466315979974, 0.1798866010922105, 0.18069779281007603, 0.1815771805529828, 0.18252143976471008, 0.1835270327764588, 0.18459016618433607, 0.18570683347187072, 0.18687283632127114, 0.1880837846134253, 0.18933511773915856, 0.19062212591049152, 0.1919399714718978, 0.19328371021156196, 0.1946482487388637, 0.19602847235192492, 0.19741920241509403, 0.1988151750476882, 0.20021114768028236, 0.20160185643219367, 0.2029820800452549, 0.2043466185725566, 0.20569035731222074, 0.20700820287362706, 0.20829523235621786, 0.2095465654819511, 0.21075751377410526, 0.2119235166235057, 0.2130401625997825, 0.2141032960076598, 0.2151088890194085, 0.21605314823113578, 0.21693253597404255, 0.21774374900316593, 0.21848369718612118, 0.21914963137064888, 0.21973903682832563, 0.22024969718833756, 0.22067967312622258, 0.22102736629764377, 0.22129145540461598, 0.2214709601292792, 0.22156519851138307, 0.2215737869482867, 0.22149674675124792, 0.22133433365536065, 0.2210871656871018, 0.22075618054181573, 0.22034261427245624, 0.21984802260084466, 0.2192742809176696, 0.21862352034871355, 0.21789823431114214, 0.21710110802344135, 0.2162351676842224, 0.2153036526046747, 0.21431007914233952, 0.21325819807859403, 0.21215197330739383, 0.21099553921275702, 0.2097932646025378, 0.20854966746339515, 0.20726943627205066, 0.20595738737277286, 0.20461844366611942, 0.2032576772314528, 0.20188018145939324, 0.20049115629685013, 0.20049115629685013, 0.20605273394028364, 0.2116145246962954, 0.21717650725362758, 0.22273866030102238, 0.22830096252722193, 0.2338634352434841, 0.23942605713855106, 0.24498880690116495, 0.2519295639060262, 0.2588705127122079, 0.2658116320084522, 0.27275292179475913, 0.2796943607598708, 0.2866359275925294, 0.29357764360399285, 0.3003806446382708, 0.3071837522288379, 0.3139869663756941, 0.3207903083900973, 0.3277174261899503, 0.33464465054609244, 0.34157198145852374, 0.3484993763047285, 0.35542687770722237, 0.3622307311918133, 0.3690346486101778, 0.3758386512735736, 0.38264269655948496, 0.3895705176308462, 0.3964984239472388, 0.40342633026363134, 0.41035427920253953, 0.4172822281414478, 0.42305557575389213, 0.42882888074382086, 0.4346022283562652, 0.44037557596870963, 0.446148923581154, 0.4519222285710827, 0.4582203872187351, 0.4645185032438718, 0.47081661926900853, 0.4771146500491139, 0.48341268082921934, 0.4897105837417778, 0.4960084866543363, 0.5014213330294064, 0.5068341367819609, 0.5122468979119997, 0.5176595311744916, 0.5231705372031054, 0.5286814153641723, 0.534192208280208, 0.5397029159512122, 0.5452134957546696, 0.5452134957546696, 0.5396598672104049, 0.5396708211969272, 0.539401233785436, 0.5391313053938197, 0.5388612065121408, 0.5385911076304618, 0.5383212218613611, 0.5380353100263756, 0.5377499949066094, 0.5374654469921248, 0.5371819646405315, 0.5368997609644077, 0.5366190490763317, 0.5363798088959839, 0.5361420178811682, 0.5359058891444629, 0.5356714653083837, 0.53543904473054, 0.5352087126559633, 0.5349806821972316, 0.534759599208551, 0.5345410735708095, 0.5343252757740696, 0.5341123336858784, 0.5338987096374367, 0.5336884101452157, 0.5334816483217939, 0.5332786372797492, 0.5330795475091444, 0.5329002345858016, 0.5327245445762891, 0.532552605348154, 0.5323845447689429, 0.5322205333287188, 0.5320606988950284, 0.5318911891502852, 0.5317270498425141, 0.5315683235942306, 0.5314152661405287, 0.5312680053489552, 0.5311267117095729, 0.5309915130899286, 0.530862579980085, 0.530740040247589, 0.5306240643825033, 0.5305147802523748, 0.5304122731022346, 0.5303166281771143, 0.530228058589592, 0.5301481413727468, 0.530075129003437, 0.530009106726694, 0.5299501597875489, 0.5298974783582046, 0.5298522132465835, 0.5298144496977168, 0.5297841877116048, 0.5297615125332786, 0.5297473192355668, 0.5297395193152028, 0.5297381127721863, 0.5297430996065174, 0.5297544798181962, 0.5297721681621913, 0.529798679366926, 0.5298326921344154, 0.5298740785971123, 0.5299228387550168, 0.5299788873630975, 0.5300421391763233, 0.530112466327147, 0.5301898261930532, 0.5302740909064948, 0.5303651325999249, 0.530462866028312, 0.5305671207015938, 0.5306778113747389, 0.530794724935169, 0.5309153040319451, 0.5310415519233027, 0.5311734259867261, 0.5313107557321529, 0.5314560132654907, 0.5316065559907693, 0.5317622560404416, 0.531922942924445, 0.5320884035302014, 0.5322761983341586, 0.532469363575088, 0.532667686140411, 0.5328708676725182, 0.5330787376813471, 0.5332715619421512, 0.533467838626723, 0.5336674398675156, 0.5338701099294351, 0.53407576356745, 0.5342841450464666, 0.5344951264989379, 0.534744340347948, 0.5349965803955693, 0.5352515482841923, 0.5355090309012386, 0.5357687725116145, 0.5360305173802258, 0.536282032845081, 0.5365349548529528, 0.5367890702912627, 0.5370442086699482, 0.5373001994989468, 0.5375568296656801, 0.5378139713026012, 0.5380714112971319, 0.5383283824439904, 0.5385906387827896, 0.5388580950684982, 0.5391307939236318, 0.5394086927256749, 0.5397090962159816, 0.5400153389909323, 0.5403272931829805, 0.5406450014146413, 0.5409683784408837, 0.5412972963941608, 0.5415836344543027, 0.5418738937858845, 0.5421681170114218, 0.5424661762633676, 0.5427679862966908, 0.5430735044888755, 0.5433825603498592, 0.5436888457473257, 0.5439984130784973, 0.5443110918533114, 0.5446268394492523, 0.544951282038386, 0.5452786655810996, 0.5456087769648149, 0.5459415309445005, 0.5462767570300938, 0.5465867505864219, 0.5468985342884073, 0.5472120655135344, 0.5475270885267093, 0.5478436033279319, 0.5481613541821084, 0.5485092817773657, 0.5488583601805456, 0.5492083762790697, 0.54955911696036, 0.5499104543568692, 0.5502620474884725, 0.5506137684876227, 0.5509653616192259, 0.551316613770704, 0.5516673118294786, 0.5520172426829715, 0.552366107973573, 0.5527137372112207, 0.5530598746608206, 0.5533974023622592, 0.5537330972955247, 0.5540667037255232, 0.5543980511621924, 0.5547328084001136, 0.5550647525520018, 0.5553936705052789, 0.5557193065248508, 0.556041490120655, 0.5563342641806601, 0.5566237563069601, 0.5569097960094925, 0.5571923406657415, 0.5574711345406133, 0.5577460923890764, 0.5580414664225363, 0.5583319814892119, 0.5586173818540096, 0.558897539649382, 0.5591723270077826, 0.5594415734391486, 0.559705151075933, 0.5599629746731045, 0.5602148737406005, 0.5604608056559055, 0.5607005999289568, 0.5609342565597544, 0.5611616050582355, 0.5613826028018848, 0.5615929875391371, 0.5617971920116199, 0.5619951309743021, 0.5621868044271836, 0.5623754943039696, 0.5625576203133454, 0.5627331824553109, 0.5629022233523819, 0.563064657759527, 0.5632081251472075, 0.5633460516078534, 0.563478522386496, 0.5636055374831354, 0.5637270968977713, 0.5638432432529197, 0.5639638223496958, 0.5640780933141555, 0.5641861413913302, 0.5642879239587042, 0.5643836115063402, 0.5644732466567538, 0.5645569146549763, 0.5646347007460389, 0.5647067327974887, 0.5647730108093257, 0.5648337052716124, 0.5648889014293802, 0.5649386845276603, 0.5649831398114841, 0.5650265721549321, 0.5650637389885796, 0.5650947255574578, 0.5651197449741447, 0.5651389251061876, 0.5651524364436489, 0.5651604068540756, 0.5651630494500459, 0.5651598101388565, 0.5651500495827725, 0.5651337251592782, 0.5651106237557955, 0.5650807453723243, 0.5650476276776637, 0.5650087133208744, 0.5649640449244725, 0.564913451998395, 0.5648570197876733, 0.564794577802245, 0.5647262112871412, 0.5646518349973305, 0.5645714489328132, 0.5644850104710735, 0.5643925196121112, 0.5642939763559266, 0.5641893807025197, 0.5640787326518902, 0.5639644616874305, 0.5638444793058736, 0.5637187002621882, 0.5635872524239212, 0.5634475784401336, 0.5633021077942175, 0.5631508404861729, 0.5629938617610311, 0.5628312568638234, 0.5626627274369402, 0.5624886570830224, 0.5623091736696171, 0.5621243624417552, 0.5619343086444685, 0.5617391401453036, 0.5615389421892919, 0.5613379770279985, 0.5611324512575304, 0.5609224075004035, 0.5607079736241644, 0.5604853136024047, 0.56025839132908, 0.5600273772942528, 0.5597923567429545, 0.5595535001652475, 0.559315325547791, 0.5590737411290824, 0.5588288747766686, 0.5585809396031282, 0.5583254176218018, 0.5580669546868954, 0.5578057639109875, 0.5575419731616248, 0.5572757529288701, 0.5570072310802702, 0.5567366207284035, 0.5564640497408168, 0.5561896886075727, 0.555913707818734, 0.5556193993481653, 0.555323599089549, 0.555026520155463, 0.5547283756584859, 0.5544292934661644, 0.5541294440685612, 0.5541190867972581, 0.5485654582529934, 0.5485654582529934, 0.5540345663487226, 0.5595035465769048, 0.5649723563150244, 0.570441038185597, 0.5759095921886227, 0.5813779757015858, 0.5868461461019706, 0.5922048618821643, 0.5975633645497797, 0.6029216967273324, 0.6082798157923069, 0.6137351994379966, 0.6191903273485923, 0.6246452847691253, 0.6300999864545646, 0.6355545176499411, 0.6409113580394461, 0.6462679853163729, 0.6516243994807214, 0.656980557909976, 0.662433810429883, 0.6678868072146962, 0.6733395482644154, 0.6787919909565251, 0.6842441779135409, 0.6896960665129471, 0.6951476141322281, 0.7005989060164153, 0.7060498995429929, 0.7115005520894452, 0.7172812733970971, 0.7230615684795927, 0.7288416078269941, 0.7346212209492392, 0.740400493091359, 0.7461794242533537, 0.7522602080711871, 0.758340565663864, 0.7644205822764157, 0.7705001726638109, 0.7765793368260496, 0.782658160008163, 0.7887366422101514, 0.7948146981869831, 0.8016217696715057, 0.8084283296858406, 0.8152344634750188, 0.8220401710390406, 0.8289692281633557, 0.8358979443075457, 0.8428262342265791, 0.8497542684105186, 0.8566819616143329, 0.8669906432496293, 0.8772988134147378, 0.8876067278447525, 0.9082222157246566, 0.9185300449096399, 0.9271888089640947, 0.9358476582635809, 0.9445066780531296, 0.9531660388228036, 0.9570456254423685, 0.9609253825519959, 0.9648052249066545, 0.9686853229964072, 0.9725655915762224, 0.9752820949887089, 0.9779988541362893, 0.9807159542639948, 0.9834334806168569, 0.985410057157646, 0.9873869746785602, 0.9893641479345683, 0.9913415769256704, 0.9933193468968976, 0.9952974578482501, 0.9973187880304724, 0.9973615810361858, 0.9974043740418991, 0.9974470818025812, 0.997489704318232, 0.9975323268338827, 0.9975748641045022, 0.997617230885059, 0.997659597665616, 0.9977017939561102, 0.9977439050015732, 0.9977858455569736, 0.9978276156223114, 0.9978693004426178, 0.9979108147728616, 0.9979521586130429, 0.9979933319631615, 0.9980342495781863, 0.9980750819481797, 0.9981156585830793, 0.9981559794828849, 0.998196129892628, 0.9982359393222457, 0.9982755782618009, 0.9983150467112936, 0.998354174180661, 0.9983929606699032, 0.9984315766690828, 0.9984698516881372, 0.9985078709720977, 0.9985454640309017, 0.998582886599643, 0.9986198829432279, 0.9986566235517189, 0.9986929379350533, 0.998728996583294, 0.998764629006378, 0.9987999204493367, 0.9988347856671391, 0.9988693099048163, 0.9989034931623682, 0.9989371649497323, 0.9989704957569712, 0.9990034003390535, 0.9990359639410108, 0.9990680160727802, 0.999099641979393, 0.999130756415818, 0.9991615298721179, 0.99919179185823, 0.9992215423741543, 0.999250866664922, 0.9992797647305333, 0.9993080660809254, 0.999335941206161, 0.9993633048612087, 0.9993901570460687, 0.9994164977607409, 0.9994423270052253, 0.9994676447795219, 0.9994924510836306, 0.9995166606725202, 0.999540358791222, 0.999563545439736, 0.999586135373031, 0.9996081285911068, 0.9996296103389948, 0.999650580616695, 0.9996708689341447, 0.9996906457814067, 0.9997098259134495, 0.9997284093302733, 0.9997463960318779, 0.9997637860182634, 0.9997805792894298, 0.9997967758453771, 0.9998123756861053, 0.9998273788116143, 0.9998417852219044, 0.9998555096719439, 0.9998686374067643, 0.9998811684263657, 0.9998930174857166, 0.9999042698298484, 0.999914925458761, 0.9999248991274233, 0.9999342760808665, 0.9999429710740593, 0.9999510693520329, 0.9999584856697561, 0.9999653052722602, 0.999971442914514, 0.9999768985965173, 0.9999817575633014, 0.9999859345698352, 0.99998951486115, 0.9999924131922142, 0.999994629563028, 0.9999962492186227, 0.999997186913967, 1.0]
tipy = [0.0, 4.309136332293316e-05, 8.616407929526909e-05, 0.00012921282010255148, 0.0001722269301158676, 0.00021519575370630478, 0.00025810863524495034, 0.00030095491910289154, 0.0003437266135584439, 0.00038641572688992285, 0.0004290062756539594, 0.0004714929320360972, 0.0005138677043146517, 0.0005561146090462539, 0.0005982283184164474, 0.0006402008407035477, 0.0006820161924641858, 0.0007236690458839053, 0.0007651514092410218, 0.000806447299092166, 0.00084755405153011, 0.0008884583470187128, 0.0009291521938362898, 0.0009696249363539285, 0.0010098685828499442, 0.0010498724776954245, 0.0010896286291686844, 0.0011291263816408117, 0.0011683577433901217, 0.0012073147226949296, 0.0012459840000190949, 0.0012843629114553893, 0.0013224381374676718, 0.00136019902242703, 0.0013976429024262355, 0.0014347591218363757, 0.0014715343611213098, 0.0015079659563738094, 0.0015440432519649619, 0.0015797582561730829, 0.0016151029772764878, 0.0016500667596462638, 0.0016846442754679548, 0.001718827533019876, 0.001752605876673115, 0.0017859739786132151, 0.001818923847118492, 0.0018514474904672612, 0.0018835369169378383, 0.0019151867987157666, 0.0019463864801721336, 0.001977130633492483, 0.0020074139308623585, 0.002037225716652847, 0.002066563326956721, 0.0020954134422378388, 0.0021237760624962013, 0.0021516431960101235, 0.0021790041871506925, 0.0022058563720106805, 0.002232194422775631, 0.0022580103477238597, 0.0022832988190409098, 0.0023080518450050973, 0.0023322667617091935, 0.0023559382413387425, 0.0023790582921720594, 0.0024016215863946885, 0.002423625460099401, 0.0024450619215645123, 0.002465928306882795, 0.0024862192882397914, 0.0025059295378210464, 0.0025250537278121037, 0.002543589194305734, 0.002561530609487482, 0.002578875309450119, 0.002595615302471961, 0.0026117532524602355, 0.00262727850378603, 0.002642193720356573, 0.0026564909104501797, 0.002670167410159622, 0.002683220555577672, 0.0026956503467043293, 0.0027074487918179093, 0.002718615890918412, 0.0027291489800986097, 0.002739048059358502, 0.002748305136976405, 0.0027569228768595457, 0.002764895951193469, 0.002772224359978174, 0.0027789054393064327, 0.0027849391891782457, 0.0027903256095936123, 0.0027950593727380764, 0.002799140478611638, 0.002802568927214297, 0.002805344718546054, 0.0029173513618618334, 0.003034587255066517, 0.0031586986928271166, 0.0032892088357497884, 0.003428174220214683, 0.003572776432374392, 0.0037225119937627916, 0.0038768800898209845, 0.0040353772420828465, 0.004238540126839492, 0.004446388824410495, 0.004657940353028658, 0.004872217058741243, 0.005239428678423264, 0.005609551948705678, 0.005982512280186097, 0.006555548027945708, 0.007135118340136029, 0.007721199241592006, 0.00831378806840641, 0.008912932770909349, 0.009518691955059843, 0.010131118899002454, 0.010750272208696204, 0.011376021352686911, 0.012008046662107193, 0.012646012484646304, 0.013289583167993491, 0.013938433715466918, 0.014592316383694364, 0.01525099941274698, 0.01591426436223205, 0.016662278856274235, 0.017415440019081248, 0.018173433509600167, 0.01893594498677807, 0.019912453459409597, 0.02089517416369723, 0.021883627596339886, 0.022877312942778675, 0.023998306415651875, 0.025124579752651314, 0.026255456321341034, 0.02739020621114052, 0.028528046233324687, 0.02997943346407932, 0.03288692304138246, 0.03433966886482346, 0.03578923931084848, 0.03669273541417023, 0.03759375408376978, 0.038491805160717145, 0.03938641446952571, 0.04027703857312093, 0.04116300083906684, 0.0420436246349275, 0.042918238656081395, 0.04369622743425498, 0.04446835561652659, 0.04523414369959514, 0.04599309086890175, 0.04674466967081523, 0.047266102871657896, 0.047783470950070364, 0.048296582104732214, 0.04880525518995193, 0.04931841962275834, 0.04982658123779025, 0.05032954823372721, 0.05082712348143436, 0.05131909919614788, 0.05178918292126027, 0.05225356055708992, 0.052711960385099545, 0.05316408404767959, 0.05354257731447293, 0.05391617431978088, 0.05428469924572639, 0.054647981602246855, 0.05500584557146521, 0.05535811533550441, 0.055704615076487385, 0.056045174304351526, 0.05637961187340533, 0.05670776262140065, 0.057029445402645956, 0.05734450571052203, 0.057603906340772636, 0.057858416037352325, 0.0581079229161575, 0.05835234173215687, 0.05859586547532757, 0.058833901569608237, 0.05906633280308082, 0.059293073930714035, 0.05951400774058982, 0.059729485868462315, 0.05993893291037022, 0.060142220998766587, 0.06033926488862012, 0.060529926056754946, 0.06071403401310847, 0.06089140761198917, 0.06105850918459803, 0.06121878049907385, 0.06137205106535404, 0.061518150393375985, 0.061636353284904494, 0.06174915377257427, 0.061856455955725094, 0.06195814262243893, 0.06205410721642665, 0.06214424318139913, 0.06222380876249021, 0.06229800390660929, 0.06236674336872508, 0.06242995255943518, 0.06248751426682155, 0.06254232682194845, 0.06259059682092295, 0.06263222836308484, 0.06266712554777391, 0.06269519247432995, 0.06271632258646383, 0.06273043063914423, 0.06273739942045313, 0.06273714368535922, 0.06272954622194447, 0.06271452178517757, 0.06269193185188267, 0.06266699768022696, 0.0626365545484234, 0.06260049590018284, 0.06255875780173183, 0.06251033862395254, 0.06245585639332194, 0.06239522586480871, 0.06232835113775265, 0.062255157622751356, 0.062178309227033005, 0.06209537646720551, 0.06200626344260866, 0.061910874252582224, 0.06180721629451954, 0.06169684529024186, 0.06157968665034679, 0.0614556231629163, 0.06132455892729016, 0.06118639804280818, 0.06104104460881012, 0.06088838141337796, 0.06072832321148039, 0.06056075279119937, 0.060401792119079804, 0.06023644872524154, 0.060064626709024356, 0.05988625148102586, 0.05970122714058585, 0.05950948975393084, 0.059310922109142794, 0.059122860914462665, 0.05892892846825164, 0.05872907682017961, 0.0585232313808442, 0.05831132288865746, 0.058093271426402554, 0.05787933303690795, 0.05765966724687276, 0.057434194139080165, 0.05720285510757113, 0.05696558621857218, 0.05672231288268093, 0.056472971166123896, 0.05621749713512761, 0.05598754866319168, 0.055752751880100475, 0.055513064163338344, 0.055268432234760724, 0.05501422622360505, 0.05475477231520987, 0.05448998526454389, 0.05421977449876135, 0.05394405477283094, 0.053662740841721374, 0.0533757527882158, 0.053082989383839534, 0.05278437603919021, 0.05247982218142205, 0.05215022226789461, 0.051813744145904034, 0.05147027593134672, 0.05111971639574801, 0.050761969638447695, 0.05039692910315663, 0.0500303967798178, 0.04965661862881833, 0.04927551473294138, 0.04888699984715566, 0.04849099405424431, 0.04808742276480495, 0.04774251604034443, 0.047392164289509514, 0.047036314234155656, 0.04667486997362263, 0.04630100657759186, 0.04592112275122542, 0.04553511193823418, 0.045142867582329015, 0.04474427247159188, 0.04434651382772439, 0.04394242041246831, 0.04353188566953451, 0.04311480837044831, 0.04268330867762878, 0.0422447975809847, 0.04179915786859802, 0.04134627232855072, 0.040886029076739196, 0.04049678960818741, 0.04010229691458166, 0.039702476406519575, 0.03929725349459875, 0.0388865162947156, 0.03847014226713764, 0.03806733285516554, 0.03765919030092263, 0.03724560272030534, 0.03682647421265345, 0.036401703549492286, 0.03597118950234718, 0.035534836170557915, 0.03509253699783537, 0.034697436933381606, 0.03429750454121593, 0.033892611953791396, 0.0334826259757466, 0.03306742406734903, 0.03262120895100107, 0.0321688188976982, 0.031710104728635655, 0.031244911937194187, 0.030773080688940115, 0.030294461805068652, 0.029878695148338717, 0.029457728544699382, 0.029031460765675986, 0.028599790582793855, 0.0281626061119494, 0.02771980612466796, 0.027271284064660402, 0.02682608123305915, 0.026375177639989603, 0.025918456073533727, 0.025455708748927722, 0.025058200512339687, 0.024656078388432454, 0.024249225165287984, 0.023837512975359326, 0.023420808623285074, 0.022998984241518267, 0.022540216794311157, 0.022075306377035874, 0.021604135777774387, 0.021126614423680933, 0.020642635758466386, 0.020152087898027166, 0.019654874941703055, 0.019260328969952747, 0.01886154738570964, 0.018458290437323208, 0.01805023845592606, 0.017637066444836362, 0.0172567457376845, 0.01687168327566649, 0.016481644634946252, 0.016086384736058792, 0.01568566382735358, 0.015279236829365618, 0.014866869318258829, 0.0145055475974583, 0.014139841085360197, 0.013769976214078916, 0.013396184743543307, 0.01301870109758945, 0.012752387628081724, 0.012484457166886499, 0.012214832460694155, 0.011942631756212168, 0.01170880197144479, 0.011471602344033773, 0.011230334930285335, 0.010984445637496017, 0.010734312740492217, 0.010480722091906248, 0.010178456530447095, 0.009873740174338024, 0.009567643914284758, 0.009259717549965735, 0.009062279401842436, 0.00886333081832076, 0.00866256545006947, 0.008459687603386239, 0.008254396256754283, 0.00804638772474959, 0.007835363649762605, 0.007621020346369316, 0.007429416155075715, 0.007234807076428734, 0.007036985325664577, 0.0068357457819266726, 0.006627169837682379, 0.006414989626958366, 0.006199450229219627, 0.005980788732209468, 0.005759244887578427, 0.005535055783069808, 0.005308461170334149, 0.005079700801021985, 0.0048489984433404834, 0.004616452661857085, 0.004452585072623225, 0.004287830402282385, 0.004122196642556246, 0.003955691785166495, 0.0038137401606988183, 0.0036711705097542055, 0.0035279881601471123, 0.003384198439691996, 0.0032398066762033126, 0.0030948155335882898, 0.002928193464280499, 0.002762413189656811, 0.0025975173322328768, 0.0024335325310809778, 0.0022675444716934922, 0.0021025793526816255, 0.0019386691409321152, 0.0017758537950533842, 0.001614170609746627, 0.0014137115908265776, 0.0012151492738529876, 0.0010185928790222122, 0.0008243381000365786, 0.0006292921406041775, 0.00043738692779379297, 0.0002490034003390536, 6.452249697358828e-05, -0.00011567750747620236, -0.0002540115459280196, -0.0003892820910674374, -0.0005213079972029401, -0.0006500386500971921, -0.0007756924901429039, -0.0009315630298777867, -0.0010833791028113896, -0.0012316654986676628, -0.0013769363515416435, -0.0015197191150645105, -0.0017475444529395853, -0.0019723062975022607, -0.0021945827166210507, -0.0024136784305094014, -0.0026288661924940217, -0.00283941875590162, -0.0030446088740589054, -0.0032171901038361202, -0.003385487770790432, -0.0035497709295518867, -0.003710305970843301, -0.0038673566214802646, -0.00406262901302706, -0.004253242230831781, -0.004439755695412342, -0.004622712843843292, -0.004802670432735319, -0.0050898263123962725, -0.005372029988520052, -0.005649164249188617, -0.005920928072885184, -0.006187012446371285, -0.006447119012037365, -0.006700944084459413, -0.006940461311158941, -0.007174067327719152, -0.007402020533141179, -0.007624576662518928, -0.007841999442667986, -0.008067275421325699, -0.008287372764331842, -0.008502603148832113, -0.008713274256111365, -0.00891969643136168, -0.009122177355867914, -0.00936038660411841, -0.009593863421178054, -0.009822808932042576, -0.010047285738531836, -0.010267355110512084, -0.010541170142774345, -0.010808076331640338, -0.01106820287661063, -0.011321678977185787, -0.011568631168959146, -0.011816082843337789, -0.012057101181760394, -0.012292023168491322, -0.012521184455841326, -0.01274491936416754, -0.012963567541641558, -0.013235018356238816, -0.013499440451614537, -0.013757208106734281, -0.014008474496263667, -0.014253388799007475, -0.014492102857677708, -0.014724765851079147, -0.014951529621923795, -0.015172573983949554, -0.015388100062152152, -0.015598311645434544, -0.015803412522699685, -0.01602157054124372, -0.016234151670005574, -0.016441420967754448, -0.01664364482521316, -0.016841084305290077, -0.01703400579870801, -0.017222671700328936, -0.017450092124305327, -0.01767163330502914, -0.017887499031403332, -0.018097893092330855, -0.01830301794476105, -0.018503077377596874, -0.018698276511694895, -0.018940000785532964, -0.01917459910753567, -0.0194024297732252, -0.019623773158837322, -0.019838904978770153, -0.02004810161339861, -0.020251638111144006, -0.020482311165846, -0.02070608936266467, -0.020923319675516493, -0.02113427115903151, -0.021339211535886155, -0.02153840786278005, -0.021749474560282686, -0.021954366320830417, -0.02215338949375448, -0.02234681846149938, -0.02253492694053281, -0.022717988647322468, -0.022896277298336043, -0.023081928322951483, -0.02326262448012252, -0.02343855424128555, -0.023609907409830575, -0.0237768731231708, -0.023983328597261468, -0.02418337537653796, -0.02437740305743239, -0.024565801902353693, -0.024748950186128264, -0.024970882961214618, -0.025185379106285124, -0.025392805907548867, -0.025593530651214925, -0.025791398687367174, -0.02598308779070367, -0.026168953925827788, -0.02634924583507695, -0.026524189950565553, -0.00401549383853176, -0.0038699965535433844, -0.003639600545193122, -0.0033251715833301295, -0.0029278924427637155, -0.0024492575754488854, -0.0018910677826718845, -0.0012554248872357415, -0.0005447237417385844, 0.00023836641877695715, 0.0010908913211948386, 0.0020096489490267957, 0.002991178886783431, 0.00403178363123204, 0.005127552566561664, 0.006274359300475863, 0.007467885639357768, 0.008703640235620676, 0.009976974571151428, 0.011283096276846538, 0.01261708511605557, 0.013973924951467872, 0.01534850907292704, 0.0167356588447815, 0.018130161000585718, 0.019526762315285738, 0.0209202095638276, 0.02230524952115735, 0.023676682240365586, 0.025029339741429655, 0.026358128633729293, 0.027658051427304445, 0.02892421718848418, 0.030151857523330074, 0.03133635321670847, 0.03247324488791941, 0.033558254301954436, 0.034587300352940005, 0.03555650439195188, 0.03646222219390193, 0.03730104928535254, 0.03806982094451665, 0.03876564949595892, 0.03938590832715236, 0.03992827451099401, 0.040390696838918175, 0.040771443771226545, 0.041069071470201446, 0.041282471750435965, 0.04141082945631827, 0.041453670412361754, 0.04141082945631827, 0.041282471750435965, 0.041069071470201446, 0.040771443771226545, 0.040390696838918175, 0.03992827451099401, 0.03938590832715236, 0.03876564949595892, 0.03806982094451665, 0.03730104928535254, 0.03646222219390193, 0.03555650439195188, 0.034587300352940005, 0.033558254301954436, 0.03247324488791941, 0.03133635321670847, 0.030151857523330074, 0.02892421718848418, 0.027658051427304445, 0.026358128633729293, 0.025029339741429655, 0.023676682240365586, 0.02230524952115735, 0.0209202095638276, 0.019526762315285738, 0.018130161000585718, 0.0167356588447815, 0.01534850907292704, 0.013973924951467872, 0.01261708511605557, 0.011283096276846538, 0.009976974571151428, 0.008703640235620676, 0.007467885639357768, 0.006274359300475863, 0.005127552566561664, 0.00403178363123204, 0.002991178886783431, 0.0020096489490267957, 0.0010908913211948386, 0.00023836641877695715, -0.0005447237417385844, -0.0012554248872357415, -0.0018910677826718845, -0.0024492575754488854, -0.0029278924427637155, -0.0033251715833301295, -0.003639600545193122, -0.0038699965535433844, -0.00401549383853176, -0.026641680246910528, -0.02683145400094997, -0.027015082121014018, -0.027192895264587364, -0.027365128188494497, -0.027531950383832802, -0.027693529010780853, -0.027850032561470832, -0.0280016280295871, -0.028184121325171944, -0.028359419240839293, -0.028527704753716875, -0.028689161839897642, -0.0288439713120847, -0.028992264367709047, -0.029134118759562896, -0.029266961403005134, -0.029393763220571988, -0.02951457873911453, -0.02962938048708947, -0.029740035447228252, -0.029844343898137216, -0.02994224923178776, -0.03003369492339839, -0.0301186243649405, -0.030195639795966765, -0.03026626145422168, -0.030330430816993336, -0.030388051005468073, -0.0304398714308598, -0.030484662262935433, -0.030522302330336693, -0.030552670451299422, -0.030575645441457983, -0.030589056306822564, -0.03059717876905457, -0.030599942702552212, -0.030597278621350605, -0.030589118336968976, -0.030575393816689684, -0.030553995687913057, -0.03052580636730695, -0.03049073753229881, -0.03044870086812048, -0.0303996080339891, -0.030343370725542412, -0.030279900617606378, -0.03021950499160006, -0.030153662819959764, -0.030082335788207314, -0.030005485602676296, -0.02992152382543482, -0.029831756020765987, -0.029736141813825875, -0.029634640704899903, -0.029527212235897042, -0.013890260949106245, -0.013890260949106245, -0.00552033769563415, -0.005390589430178736, -0.005255071141667098, -0.0051136922572534785, -0.004966367531906576, -0.0048130063927806326, -0.004643672465914561, -0.00446736709383236, -0.004284013023224412, -0.004093530336873872, -0.0038958471092855793, -0.003690902070593286, -0.003509412735045059, -0.003322515667823641, -0.0031301922215784326, -0.0029324210850516104, -0.002729186274799804, -0.002520482463008558, -0.0023063069857706437, -0.0020911085681571107, -0.0018706702450257606, -0.0016450053359127344, -0.001414135152075857, -0.0011737521555271726, -0.0009280413445221415, -0.000677042677669186, -0.0004208147609273261, -0.00015940820853389714, 8.523970348709292e-05, 0.0003341445392587041, 0.000587239701100232, 0.0008444585913309724, 0.0011057266205485364, 0.001370969199350535, 0.001664755544102412, 0.0019630492198843582, 0.002265727686963878, 0.0025726577499795623, 0.0028836982218483184, 0.0031987052515798247, 0.003517524332554847, 0.003839990302525239, 0.004165940663150082, 0.004495194268737859, 0.004827575301411513, 0.005162894623757842, 0.005500960434456417, 0.005841575604372354, 0.006177654140278712, 0.006515791876472448, 0.006855789019911449, 0.007197440449739146, 0.007546795899270721, 0.007897435352086275, 0.00824913770388587, 0.00860167918646234, 0.008954836031608517, 0.009279614273052962, 0.009604544357209414, 0.009929450466200813, 0.0102541567821501, 0.010578484823272985, 0.010902264099506866, 0.011254645747649646, 0.011605945849457787, 0.01195594330063135, 0.012304419660777628, 0.012651164481225592, 0.012995967313304218, 0.013338623036156936, 0.013678929192834406, 0.014016693982016196, 0.01435172826628911, 0.014683842908239946, 0.015012862089991644, 0.015338620649296059, 0.01566094276827613, 0.01597333384110957, 0.016282133966999433, 0.016587209950584308, 0.01688842859650279, 0.01719103247417992, 0.017489390083735342, 0.017783384213251017, 0.018072908306437815, 0.018357866462635524, 0.018666591999123, 0.01896954751255425, 0.019266615791011237, 0.019557711589462658, 0.019842760318506125, 0.020096582727020945, 0.020345295761472128, 0.02058887278278739, 0.02082726584063663, 0.02106046960720539, 0.02128844678779247, 0.021511197382397873, 0.02176445504258032, 0.022010584087020175, 0.022249600499160804, 0.022481514934631127, 0.02270637001594679, 0.022924192382180072, 0.02312559975207335, 0.023320698989650314, 0.023509532717426618, 0.023692170196990187, 0.023868670034300044, 0.024039101490944122, 0.024203544484139267, 0.024362073603287866, 0.024514422457667103, 0.024663984865085673, 0.0248105743520376, 0.02495402575627474, 0.025094152604291115, 0.025238935962142342, 0.025379563624717615, 0.025515795840366402, 0.02564742482432491, 0.02577420549712814, 0.02589591941838338, 0.025996034379832594, 0.026092100202294983, 0.02618398369040914, 0.026271530337555832, 0.026354596292744736, 0.026433032377171074, 0.026506694739844527, 0.026574118231789595, 0.02663668808476493, 0.026694271103409127, 0.026746734092360776, 0.026794769667499198, 0.02683723234871628, 0.026873999596279532, 0.026904943542641994, 0.026929941648071172, 0.026947571386107226, 0.02696000117723388, 0.026967140448605386, 0.02696891461081935, 0.02696524374665893, 0.026956063922350643, 0.026939675565082918, 0.026916568833785744, 0.026886658483427812, 0.02684988058023565, 0.026806176518250235, 0.02675549301932701, 0.026697787460950317, 0.02663301722060451, 0.02656116098703176, 0.026482197448974242, 0.026396121278617502, 0.026302921820332628, 0.02620260972974853, 0.026095206318123034, 0.02598308779070367, 0.025864218922368117, 0.02573863168000311, 0.025606384669567668, 0.02546494717919503, 0.025316732708833917, 0.025161821175701177, 0.025000303152642567, 0.0248322745403183, 0.024672264288750835, 0.02450693155054148, 0.02433638288197936, 0.02416070352809578, 0.02398001070080878, 0.023794405628593026, 0.023586461030361806, 0.02337296484946708, 0.02315408224815698, 0.022929973060865208, 0.022700813105468818, 0.022466783527659327, 0.022228060145313797, 0.021984834759752648, 0.02173729917229632, 0.021485639856450776, 0.021230059269165363, 0.020970749211760505, 0.020707917469000005, 0.0204417664978332, 0.020177906486882623, 0.019911244045528007, 0.01964197097508978, 0.019370273749073918, 0.01909135200665525, 0.01881031512189741, 0.018527365551749744, 0.01824270575316159, 0.017956527527453376, 0.01769244907611009, 0.01742739563472129, 0.017161521709906213, 0.016894965824840725, 0.016627861174886235, 0.016360362266661974, 0.01606823287220602, 0.0157759649545742, 0.015483707692571297, 0.015191636904074364, 0.014899907095702635, 0.014608667446260893, 0.014318072462368369, 0.014028260667200925, 0.01373937324784166, 0.013451543399651978, 0.013164898990178834, 0.012879562559154723, 0.012595651318497686, 0.012313279816218532, 0.012000763539745368, 0.011690429003292077, 0.011382406738312843, 0.011076827276261842, 0.010773805165149888, 0.010473449625173336, 0.010175864548714083, 0.009881143172525118, 0.009554875806940121, 0.009226879565564042, 0.008897319610645025, 0.008566371760060129, 0.008234214495593641, 0.007931360210637062, 0.007627799990265018, 0.007323685677189512, 0.00701915845849364, 0.006714375504703864, 0.006409488658532188, 0.006104655090505076, 0.005800034635056218, 0.005495784462712076, 0.005192072399628025, 0.004889058280237755, 0.004586907266789414, 0.004285787185438376, 0.003985865862340015, 0.0036932649563046756, 0.0034021291992448314, 0.003112621089501401, 0.0028248924697863906, 0.0025339218749746927, 0.002245125028461185, 0.0019586617646795567, 0.0016746919180634988, 0.0013933753230467017, 0.001114261779307604, 0.0008381211560351478, 0.0005651106237557955, 0.00029537136955264006, 2.9055236137687433e-05, -0.00023369925331319732, -0.0004927535756241492, -0.0007429104477930018, -0.000989265924347251, -0.001231700129461629, -0.0014701011790325524, -0.0017085848097275493, -0.0019426650017743752, -0.00217224052669836, -0.0023972128199320616, -0.0026174886447224927, -0.0028291760326092934, -0.00303617227986728, -0.0032384027970940653, -0.0034358063144233997, -0.003631773985756749, -0.003822613635675864, -0.004008271986036182, -0.004188703750414823, -0.004363868970203366, -0.004533735678515073, -0.004698269244555975, -0.004857451020975478, -0.005011265024330211, -0.005159697935084033, -0.005311242289480362, -0.005456726254932597, -0.005596157823162422, -0.005729552977613205, -0.0058569277017283174, -0.0059783086345800394, -0.013890260949106245, -0.013890260949106245, -0.02945894803148018, -0.029342801176849214, -0.0292207118944161, -0.02909264588637528, -0.028958583256669636, -0.028818506190419584, -0.02867239703923974, -0.02852023832123891, -0.028365236048766212, -0.02820439016280011, -0.028037683847426227, -0.02786510045322439, -0.027683323915178124, -0.027495419558036055, -0.0273013712318606, -0.02710117760469816, -0.026894849332177638, -0.02668624574989585, -0.02647174694091812, -0.026251363560873348, -0.026025106931367264, -0.025788712802904366, -0.025546252624694513, -0.025297737718343427, -0.025043179738445227, -0.02478258934062883, -0.024515988169140464, -0.024243431833043515, -0.023964984932088266, -0.023680712066025005, -0.023390677168627205, -0.023076841592099287, -0.02275667457406681, -0.022430253367839385, -0.022097655226726635, -0.021758957404038177, -0.021414237153083625, -0.021045078883194616, -0.02066948461344234, -0.02028761151435326, -0.019899614758523417, -0.019505650184525658, -0.019105874296909638, -0.0187004422682714, -0.018289510603160596, -0.017822929916053252, -0.017349863946798917, -0.01687055511095536, -0.016385373691627292, -0.015885779202241195, -0.015380991425713772, -0.014871459230412972, -0.014357632816660358, -0.013839962384777488, -0.013063474718326975, -0.012280969285448017, -0.01149424022765879, -0.009916439943298414, -0.009129074211681656, -0.00846972653777561, -0.007812938878715842, -0.007159429157500339, -0.006510053820302963, -0.006220708208900451, -0.005932449471647034, -0.005645357525759557, -0.005359696098053608, -0.005077612297755098, -0.004884018167762051, -0.004694891410190651, -0.004511345538262275, -0.004334504720827211, -0.004210742254913503, -0.004091545725988883, -0.003977349350931545, -0.0038685793548979964, -0.0037656726186736573, -0.0036690553674150355, -0.0035773956475080447, -0.00357498214755932, -0.0035719186542469204, -0.0035682025036636185, -0.0035638363597166422, -0.0035588202224059915, -0.003553156755638895, -0.00354684862332258, -0.003539890497642591, -0.0035322930342278408, -0.003524050905263872, -0.003515169438565142, -0.0035056512980388786, -0.0034954964836850814, -0.003484707659410979, -0.0034732874891237994, -0.003461238636730771, -0.0034485664300463502, -0.0034352708690705367, -0.0034213546177105586, -0.003406825667688101, -0.003391681355095935, -0.0033759270077485175, -0.0033595679534603046, -0.0033426068561385244, -0.0033250463796904053, -0.0033068945158376316, -0.0032881512645802037, -0.0032688246176398057, -0.0032489145750164376, -0.003228431792339012, -0.003207373605700301, -0.0031857506707292176, -0.0031635656513329894, -0.003140826539233301, -0.003117533334430153, -0.003093696692552457, -0.003069319277507442, -0.0030444064171095643, -0.00301896343917328, -0.002993000999327502, -0.00296651909757223, -0.002939528389536377, -0.002912031539127171, -0.002884036538066297, -0.002855551378075438, -0.002826581386969052, -0.0027971318925615954, -0.0027672108865747515, -0.0027368263607302056, -0.0027059836428424138, -0.0026746907246330606, -0.0026429555978238306, -0.0026107835902291804, -0.002578185357478022, -0.002545166227384813, -0.0025117315277640084, -0.0024778945781517496, -0.002443658042455265, -0.002409032576303467, -0.002374028835325268, -0.002338646819520669, -0.002302902512333038, -0.002266801241576832, -0.0022303536628809633, -0.00219356244015266, -0.002156440892928064, -0.002118997012928858, -0.0020812387918767283, -0.0020431768854005865, -0.0020048166213148893, -0.0019661686552485493, -0.0019272436428304795, -0.0018880469118751357, -0.0018485917819186593, -0.0018088835807755065, -0.001768935627981818, -0.00172875325135205, -0.0016883471065151157, -0.0016477251851926993, -0.0016069008069209418, -0.0015658792995142995, -0.001524673982508913, -0.0014832928476264673, -0.0014417438865886464, -0.0014000377550243634, -0.0013581824446553027, -0.0013161939389248335, -0.0012740749017401836, -0.001231835988730266, -0.0011894931833384495, -0.0011470491494719624, -0.0011045172066669457, -0.0010619053466450837, -0.0010192242250352892, -0.0009764871613737032, -0.0009336994834747819, -0.0008908718469674378, -0.000848014907480584, -0.0008051393206431329, 0.0]
tips = [4, 0.0, 0.0, 0.0, 0.0, 0.0, 0.0, 0.0, 0.0, 0.0, 0.0, 0.0, 0.0, 0.0, 0.0, 0.0, 0.0, 0.0, 0.0, 0.0, 0.0, 0.0, 0.0, 0.0, 0.0, 0.0, 0.0, 0.0, 0.0, 0.0, 0.0, 0.0, 0.0, 0.0, 0.0, 0.0, 0.0, 0.0, 0.0, 0.0, 0.0, 0.0, 0.0, 0.0, 0.0, 0.0, 0.0, 0.0, 0.0, 0.0, 0.0, 0.0, 0.0, 0.0, 0.0, 0.0, 0.0, 0.0, 0.0, 0.0, 0.0, 0.0, 0.0, 0.0, 0.0, 0.0, 0.0, 0.0, 0.0, 0.0, 0.0, 0.0, 0.0, 0.0, 0.0, 0.0, 0.0, 0.0, 0.0, 0.0, 0.0, 0.0, 0.0, 0.0, 0.0, 0.0, 0.0, 0.0, 0.0, 0.0, 0.0, 0.0, 0.0, 0.0, 0.0, 0.0, 0.0, 0.0, 0.0, 0.0, 0.0, 0.0, 0.0, 0.0, 0.0, 0.0, 0.0, 0.0, 0.0, 0.0, 0.0, 0.0, 0.0, 0.0, 0.0, 0.0, 0.0, 0.0, 0.0, 0.0, 0.0, 0.0, 0.0, 0.0, 0.0, 0.0, 0.0, 0.0, 0.0, 0.0, 0.0, 0.0, 0.0, 0.0, 0.0, 0.0, 0.0, 0.0, 0.0, 0.0, 0.0, 0.0, 0.0, 0.0, 0.0, 0.0, 0.0, 0.0, 0.0, 0.0, 0.0, 0.0, 0.0, 0.0, 0.0, 0.0, 0.0, 0.0, 0.0, 0.0, 0.0, 0.0, 0.0, 0.0, 0.0, 0.0, 0.0, 0.0, 0.0, 0.0, 0.0, 0.0, 0.0, 0.0, 0.0, 0.0, 0.0, 0.0, 0.0, 0.0, 0.0, 0.0, 0.0, 0.0, 0.0, 0.0, 0.0, 0.0, 0.0, 0.0, 0.0, 0.0, 0.0, 0.0, 0.0, 0.0, 0.0, 0.0, 0.0, 0.0, 0.0, 0.0, 0.0, 0.0, 0.0, 0.0, 0.0, 0.0, 0.0, 0.0, 0.0, 0.0, 0.0, 0.0, 0.0, 0.0, 0.0, 0.0, 0.0, 0.0, 0.0, 0.0, 0.0, 0.0, 0.0, 0.0, 0.0, 0.0, 0.0, 0.0, 0.0, 0.0, 0.0, 0.0, 0.0, 0.0, 0.0, 0.0, 0.0, 0.0, 0.0, 0.0, 0.0, 0.0, 0.0, 0.0, 0.0, 0.0, 0.0, 0.0, 0.0, 0.0, 0.0, 0.0, 0.0, 0.0, 0.0, 0.0, 0.0, 0.0, 0.0, 0.0, 0.0, 0.0, 0.0, 0.0, 0.0, 0.0, 0.0, 0.0, 0.0, 0.0, 0.0, 0.0, 0.0, 0.0, 0.0, 0.0, 0.0, 0.0, 0.0, 0.0, 0.0, 0.0, 0.0, 0.0, 0.0, 0.0, 0.0, 0.0, 0.0, 0.0, 0.0, 0.0, 0.0, 0.0, 0.0, 0.0, 0.0, 0.0, 0.0, 0.0, 0.0, 0.0, 0.0, 0.0, 0.0, 0.0, 0.0, 0.0, 0.0, 0.0, 0.0, 0.0, 0.0, 0.0, 0.0, 0.0, 0.0, 0.0, 0.0, 0.0, 0.0, 0.0, 0.0, 0.0, 0.0, 0.0, 0.0, 0.0, 0.0, 0.0, 0.0, 0.0, 0.0, 0.0, 0.0, 0.0, 0.0, 0.0, 0.0, 0.0, 0.0, 0.0, 0.0, 0.0, 0.0, 0.0, 0.0, 0.0, 0.0, 0.0, 0.0, 0.0, 0.0, 0.0, 0.0, 0.0, 0.0, 0.0, 0.0, 0.0, 0.0, 0.0, 0.0, 0.0, 0.0, 0.0, 0.0, 0.0, 0.0, 0.0, 0.0, 0.0, 0.0, 0.0, 0.0, 0.0, 0.0, 0.0, 0.0, 0.0, 0.0, 0.0, 0.0, 0.0, 0.0, 0.0, 0.0, 0.0, 0.0, 0.0, 0.0, 0.0, 0.0, 0.0, 0.0, 0.0, 0.0, 0.0, 0.0, 0.0, 0.0, 0.0, 0.0, 0.0, 0.0, 0.0, 0.0, 0.0, 0.0, 0.0, 0.0, 0.0, 0.0, 0.0, 0.0, 0.0, 0.0, 0.0, 0.0, 0.0, 0.0, 0.0, 0.0, 0.0, 0.0, 0.0, 0.0, 4.0, 0.0, 0.0, 0.0, 0.0, 0.0, 0.0, 0.0, 0.0, 0.0, 0.0, 0.0, 0.0, 0.0, 0.0, 0.0, 0.0, 0.0, 0.0, 0.0, 0.0, 0.0, 0.0, 0.0, 0.0, 0.0, 0.0, 0.0, 0.0, 0.0, 0.0, 0.0, 0.0, 0.0, 0.0, 0.0, 0.0, 0.0, 0.0, 0.0, 0.0, 0.0, 0.0, 0.0, 0.0, 0.0, 0.0, 0.0, 0.0, 0.0, 0.0, 0.0, 0.0, 0.0, 0.0, 0.0, 0.0, 0.0, 0.0, 0.0, 0.0, 0.0, 0.0, 0.0, 0.0, 0.0, 0.0, 0.0, 0.0, 0.0, 0.0, 0.0, 0.0, 0.0, 0.0, 0.0, 0.0, 0.0, 0.0, 0.0, 0.0, 0.0, 0.0, 0.0, 0.0, 0.0, 0.0, 0.0, 0.0, 0.0, 0.0, 0.0, 0.0, 0.0, 0.0, 0.0, 0.0, 0.0, 0.0, 0.0, 0.0, 0.0, 0.0, 0.0, 0.0, 0.0, 0.0, 0.0, 0.0, 0.0, 0.0, 0.0, 0.0, 0.0, 0.0, 0.0, 0.0, 0.0, 0.0, 0.0, 0.0, 0.0, 0.0, 0.0, 0.0, 0.0, 0.0, 0.0, 0.0, 0.0, 0.0, 0.0, 0.0, 0.0, 0.0, 0.0, 0.0, 0.0, 0.0, 0.0, 0.0, 0.0, 0.0, 0.0, 4.0, 4.0, 0.0, 0.0, 0.0, 0.0, 0.0, 0.0, 0.0, 0.0, 0.0, 0.0, 0.0, 0.0, 0.0, 0.0, 0.0, 0.0, 0.0, 0.0, 0.0, 0.0, 0.0, 0.0, 0.0, 0.0, 0.0, 0.0, 0.0, 0.0, 0.0, 0.0, 0.0, 0.0, 0.0, 0.0, 0.0, 0.0, 0.0, 0.0, 0.0, 0.0, 0.0, 0.0, 0.0, 0.0, 0.0, 0.0, 0.0, 0.0, 0.0, 0.0, 0.0, 0.0, 0.0, 0.0, 0.0, 0.0, 0.0, 0.0, 0.0, 0.0, 0.0, 0.0, 0.0, 0.0, 0.0, 0.0, 0.0, 0.0, 0.0, 0.0, 0.0, 0.0, 0.0, 0.0, 0.0, 0.0, 0.0, 0.0, 0.0, 0.0, 0.0, 0.0, 0.0, 0.0, 0.0, 0.0, 0.0, 0.0, 0.0, 0.0, 0.0, 0.0, 0.0, 0.0, 0.0, 0.0, 0.0, 0.0, 0.0, 4.0, 4.0, 0.0, 0.0, 0.0, 0.0, 0.0, 0.0, 0.0, 0.0, 0.0, 0.0, 0.0, 0.0, 0.0, 0.0, 0.0, 0.0, 0.0, 0.0, 0.0, 0.0, 0.0, 0.0, 0.0, 0.0, 0.0, 0.0, 0.0, 0.0, 0.0, 0.0, 0.0, 0.0, 0.0, 0.0, 0.0, 0.0, 0.0, 0.0, 0.0, 0.0, 0.0, 0.0, 0.0, 0.0, 0.0, 0.0, 0.0, 0.0, 0.0, 0.0, 0.0, 0.0, 0.0, 0.0, 4.0, 4.0, 4.0, 4.0, 0.0, 0.0, 0.0, 0.0, 0.0, 0.0, 0.0, 0.0, 0.0, 0.0, 0.0, 0.0, 0.0, 0.0, 0.0, 0.0, 0.0, 0.0, 0.0, 0.0, 0.0, 0.0, 0.0, 0.0, 0.0, 0.0, 0.0, 0.0, 0.0, 0.0, 0.0, 0.0, 0.0, 0.0, 0.0, 0.0, 0.0, 0.0, 0.0, 0.0, 0.0, 0.0, 0.0, 0.0, 0.0, 0.0, 0.0, 0.0, 0.0, 0.0, 0.0, 0.0, 0.0, 0.0, 0.0, 0.0, 0.0, 0.0, 0.0, 0.0, 0.0, 0.0, 0.0, 0.0, 0.0, 0.0, 0.0, 0.0, 0.0, 0.0, 0.0, 0.0, 0.0, 0.0, 0.0, 0.0, 0.0, 0.0, 0.0, 0.0, 0.0, 0.0, 0.0, 0.0, 0.0, 0.0, 0.0, 0.0, 0.0, 0.0, 0.0, 0.0, 0.0, 0.0, 0.0, 0.0, 0.0, 0.0, 0.0, 0.0, 0.0, 0.0, 0.0, 0.0, 0.0, 0.0, 0.0, 0.0, 0.0, 0.0, 0.0, 0.0, 0.0, 0.0, 0.0, 0.0, 0.0, 0.0, 0.0, 0.0, 0.0, 0.0, 0.0, 0.0, 0.0, 0.0, 0.0, 0.0, 0.0, 0.0, 0.0, 0.0, 0.0, 0.0, 0.0, 0.0, 0.0, 0.0, 0.0, 0.0, 0.0, 0.0, 0.0, 0.0, 0.0, 0.0, 0.0, 0.0, 0.0, 0.0, 0.0, 0.0, 0.0, 0.0, 0.0, 0.0, 0.0, 0.0, 0.0, 0.0, 0.0, 0.0, 0.0, 0.0, 0.0, 0.0, 0.0, 0.0, 0.0, 0.0, 0.0, 0.0, 0.0, 0.0, 0.0, 0.0, 0.0, 0.0, 0.0, 0.0, 0.0, 0.0, 0.0, 0.0, 0.0, 0.0, 0.0, 0.0, 0.0, 0.0, 0.0, 0.0, 0.0, 0.0, 0.0, 0.0, 0.0, 0.0, 0.0, 0.0, 0.0, 0.0, 0.0, 0.0, 0.0, 0.0, 0.0, 0.0, 0.0, 0.0, 0.0, 0.0, 0.0, 0.0, 0.0, 0.0, 0.0, 0.0, 0.0, 0.0, 0.0, 0.0, 0.0, 0.0, 0.0, 0.0, 0.0, 0.0, 0.0, 0.0, 0.0, 0.0, 0.0, 0.0, 0.0, 0.0, 0.0, 0.0, 0.0, 0.0, 0.0, 0.0, 0.0, 0.0, 0.0, 0.0, 0.0, 0.0, 0.0, 0.0, 0.0, 0.0, 0.0, 0.0, 0.0, 0.0, 0.0, 0.0, 0.0, 0.0, 0.0, 0.0, 0.0, 0.0, 0.0, 0.0, 0.0, 0.0, 0.0, 0.0, 0.0, 0.0, 0.0, 0.0, 0.0, 0.0, 0.0, 0.0, 0.0, 0.0, 0.0, 0.0, 0.0, 0.0, 0.0, 0.0, 0.0, 4.0, 4.0, 4.0, 4.0, 0.0, 0.0, 0.0, 0.0, 0.0, 0.0, 0.0, 0.0, 0.0, 0.0, 0.0, 0.0, 0.0, 0.0, 0.0, 0.0, 0.0, 0.0, 0.0, 0.0, 0.0, 0.0, 0.0, 0.0, 0.0, 0.0, 0.0, 0.0, 0.0, 0.0, 0.0, 0.0, 0.0, 0.0, 0.0, 0.0, 0.0, 0.0, 0.0, 0.0, 0.0, 0.0, 0.0, 0.0, 0.0, 0.0, 0.0, 0.0, 0.0, 0.0, 0.0, 0.0, 0.0, 0.0, 0.0, 0.0, 0.0, 0.0, 0.0, 0.0, 0.0, 0.0, 0.0, 0.0, 0.0, 0.0, 0.0, 0.0, 0.0, 0.0, 0.0, 0.0, 0.0, 0.0, 0.0, 0.0, 0.0, 0.0, 0.0, 0.0, 0.0, 0.0, 0.0, 0.0, 0.0, 0.0, 0.0, 0.0, 0.0, 0.0, 0.0, 0.0, 0.0, 0.0, 0.0, 0.0, 0.0, 0.0, 0.0, 0.0, 0.0, 0.0, 0.0, 0.0, 0.0, 0.0, 0.0, 0.0, 0.0, 0.0, 0.0, 0.0, 0.0, 0.0, 0.0, 0.0, 0.0, 0.0, 0.0, 0.0, 0.0, 0.0, 0.0, 0.0, 0.0, 0.0, 0.0, 0.0, 0.0, 0.0, 0.0, 0.0, 0.0, 0.0, 0.0, 0.0, 0.0, 0.0, 0.0, 0.0, 0.0, 0.0, 0.0, 0.0, 0.0, 0.0, 0.0, 0.0, 0.0, 0.0, 0.0, 0.0, 0.0, 0.0, 0.0, 0.0, 0.0, 0.0, 0.0, 0.0, 0.0, 0.0, 0.0, 0.0, 0.0, 0.0, 0.0, 0.0, 0.0, 0.0, 0.0, 0.0, 0.0, 0.0, 0.0, 0.0, 0.0, 4]
nameroot = mid_root.dxf
nametip = mid_tip.dxf

[Transform]
croot = 434.0
ctip = 358.0
incidenceroot = 0.0
thicknessroot = 100.0
tethicknessroot = 0.0
vinvertroot = 0
incidencetip = 0.0
thicknesstip = 100.0
tethicknesstip = 0.0
vinverttip = 0
covering = 0.0
smooth = 1
nbrpoints = 201
repartition = 1.0
reducepoints = 0

[Bloc]
bloclx = 256.0
blochz = 50.0
fleading = 130.5
ftrailing = 54.5
mleadingroot = 5.0
mtrailingroot = 10.0
mleadingtip = 5.0
mtrailingtip = 10.0
cbcutboth = 0
cbrotdelta = 0
rbleftwing = 0
rbrightwing = 1
rbtabletoblockleft = 1
rbtabletoblockright = 0
bloctotableleft = 50.0
bloctotableright = 549.0
bloctotabletrailingroot = 175.0
hoffset = 50.0
hprofileroot = 3.0
hprofiletip = 4.6
cbalignprofiles = 3
angleinroot = 0.0
angleintip = 0.0
angleoutroot = 0.0
angleouttip = 0.0
gbextracutcmdsactive = 1
extracutcommands = 
	L; TE;=; 90;=; 5;=
	
	X; LE;=; 0;=; 0;=; 8;=; 1;=; 8;=; 2;=; 10;=

[Material]
mspeednorm = 5.0
mspeedhalf = 2.5
mspeedmin = 0.5
mspeedmax = 5.5
mradspnorm = 1.2
mradsphalf = 2.4
mheatspnorm = 80.0
mname = grey 22kg/m3
mhotwire = NiCr, 800 mm x 0.3 mm, 24 V

[Table]
tableyy = 855.0
tableyg = 0.0
tableyd = 0.0
maxdiag = 1000.0
cmaxy = 660.0
cmaxz = 360.0
vmaxy = 60.0
vmaxz = 60.0
theatingmax = 100.0
tsvaluemin = 0.0
tsvaluemax = 1000.0
tname = My CNC
tpreheat = 4.0
tpostheat = 4.0
vcut = 5.0
gcodestart1 = 
gcodestart2 = 
gcodestart3 = 
gcodestart4 = 
gcodeend1 = 
gcodeend2 = 
gcodeend3 = 
gcodeend4 = 
gcodeletters = XYAZ

[Cut]
vcut = 5.0
vheat = 80.0
vusefoamparam = 1
vcleanwire = 1
vfastoutsideblock = 1
vhmargin = 40.0
vcutblock = 0

