[Project]
projectname = root_right
usernotes = <!DOCTYPE HTML PUBLIC "-//W3C//DTD HTML 4.0//EN" "http://www.w3.org/TR/REC-html40/strict.dtd">
	<html><head><meta name="qrichtext" content="1" /><style type="text/css">
	p, li { white-space: pre-wrap; }
	</style></head><body style=" font-family:'Arial'; font-size:12pt; font-weight:400; font-style:normal;">
	<p style=" margin-top:0px; margin-bottom:0px; margin-left:0px; margin-right:0px; -qt-block-indent:0; text-indent:0px;"><span style=" font-family:'MS Shell Dlg 2'; font-size:16pt; font-weight:600;">Hello,</span></p>
	<p style="-qt-paragraph-type:empty; margin-top:0px; margin-bottom:0px; margin-left:0px; margin-right:0px; -qt-block-indent:0; text-indent:0px; font-family:'MS Shell Dlg 2'; font-size:8.25pt;"><br /></p>
	<p style=" margin-top:0px; margin-bottom:0px; margin-left:0px; margin-right:0px; -qt-block-indent:0; text-indent:0px;"><span style=" font-family:'MS Shell Dlg 2'; font-size:8.25pt;">This is the</span><span style=" font-family:'MS Shell Dlg 2'; font-size:8.25pt; font-weight:600;"> </span><span style=" font-family:'MS Shell Dlg 2'; font-weight:600; text-decoration: underline; color:#ff0000;">Gemini Aero Foam</span><span style=" font-family:'MS Shell Dlg 2'; font-size:8.25pt; font-weight:600; color:#00ff00;"> </span><span style=" font-family:'MS Shell Dlg 2'; font-size:10pt; font-weight:600; font-style:italic; color:#00ff00;">notes editor</span><span style=" font-family:'MS Shell Dlg 2'; font-size:8.25pt; font-weight:600; font-style:italic; color:#00ff00;"> </span></p>
	<p style="-qt-paragraph-type:empty; margin-top:0px; margin-bottom:0px; margin-left:0px; margin-right:0px; -qt-block-indent:0; text-indent:0px; font-family:'MS Shell Dlg 2'; font-size:8.25pt;"><br /></p>
	<p style=" margin-top:0px; margin-bottom:0px; margin-left:0px; margin-right:0px; -qt-block-indent:0; text-indent:0px;"><span style=" font-family:'Monotype Corsiva'; font-size:16pt;">You can use it to :</span></p>
	<ul style="margin-top: 0px; margin-bottom: 0px; margin-left: 0px; margin-right: 0px; -qt-list-indent: 1;"><li style=" font-family:'Monotype Corsiva'; font-size:16pt;" style=" margin-top:0px; margin-bottom:0px; margin-left:0px; margin-right:0px; -qt-block-indent:0; text-indent:0px;">write notes about your project</li>
	<li style=" font-family:'Monotype Corsiva'; font-size:16pt;" style=" margin-top:0px; margin-bottom:0px; margin-left:0px; margin-right:0px; -qt-block-indent:0; text-indent:0px;">organize these notes</li>
	<li style=" font-family:'Monotype Corsiva'; font-size:16pt;" style=" margin-top:0px; margin-bottom:0px; margin-left:0px; margin-right:0px; -qt-block-indent:0; text-indent:0px;">or write everything you want :)</li></ul></body></html>

[Profil]
rootx = [1.0, 0.9999986962139357, 0.9999917426882591, 0.9999793567206477, 0.9999616469599403, 0.9999386134061368, 0.999909930112721, 0.9998760316750478, 0.9998371353907947, 0.9997931326111228, 0.999744457931387, 0.9996769870025567, 0.9996025625480499, 0.9995214018655441, 0.999433830901555, 0.9993382199235026, 0.9992366332593218, 0.9991291795578514, 0.9990162934144462, 0.998898083477945, 0.9987604253993171, 0.9986171175810771, 0.9984683773209022, 0.9983148565118247, 0.9981566638026833, 0.9979941251399941, 0.9978274578214343, 0.9976565531981655, 0.9974606593419966, 0.9972600935857637, 0.997055181875983, 0.9968461415103319, 0.9966292784282946, 0.9964085039880642, 0.9961842527849957, 0.9959567421167662, 0.9957261892810533, 0.995434249851477, 0.9951383990637077, 0.9948385282689067, 0.99453496341359, 0.9942220547581455, 0.9939056693398627, 0.9935856985099029, 0.9932624682147823, 0.9929359784545007, 0.9925236561116493, 0.9921067705175727, 0.9916858649164643, 0.9912609393083242, 0.9908246055721209, 0.9903847950730794, 0.989941725108877, 0.9894959389237072, 0.98904743651757, 0.9884719236189972, 0.98789260801107, 0.9873095983426271, 0.9867232205601847, 0.9861334746637427, 0.9855405779509785, 0.9849448563684082, 0.9843583699371271, 0.9837692759337172, 0.9831780089535335, 0.9825845689965759, 0.9818263087513163, 0.9810651149874119, 0.9803009877048628, 0.9795339269036689, 0.9786698426895194, 0.9778026076590478, 0.9769322218122539, 0.9760589024468153, 0.9751829755092479, 0.9742510944197522, 0.973316497109289, 0.9723795095243745, 0.9714402403138473, 0.9704989067753851, 0.9695556175578262, 0.968421540979517, 0.9672854000732728, 0.9661474121367707, 0.965007794467688, 0.9638663297683476, 0.9624114131693692, 0.9609538889982621, 0.9594940832015423, 0.9580321044280486, 0.956567952677781, 0.9550986944320947, 0.9536275891561505, 0.9521548541476259, 0.9506803807576822, 0.9492044949328354, 0.9477271966730857, 0.9462485946272715, 0.9443649497107985, 0.942479349115229, 0.9405921187870792, 0.9387032587263487, 0.9368130948795541, 0.934921627246695, 0.933029073125449, 0.9303774982170726, 0.9277237503319222, 0.9250679381188366, 0.9224101702266545, 0.9197504466553759, 0.9169276411772145, 0.9141028800199567, 0.9112761631836022, 0.9084476536414093, 0.9056173513933778, 0.9027853650883467, 0.899803443385915, 0.8968197833020642, 0.8938343305123749, 0.8908472479901052, 0.8878584814108356, 0.8848681937478243, 0.8818763306766519, 0.8788830008461571, 0.8755288482223529, 0.8721729028927101, 0.868815327830487, 0.8654561230356833, 0.8620342278609521, 0.8586107572780598, 0.855185656962587, 0.8517590898877918, 0.8483310560536743, 0.8449628334052589, 0.8415933069707792, 0.8382224224258157, 0.8348502340947879, 0.8314155183570905, 0.8279794988333288, 0.824542229847922, 0.8211037114008704, 0.8176640521410122, 0.8142231977439286, 0.8107812568584579, 0.807338175160181, 0.8038939526490977, 0.8004487522984662, 0.7967935337426353, 0.793137174373998, 0.7894796741925544, 0.7858210331983045, 0.7821613057156678, 0.7785005460690633, 0.7744636441428933, 0.7704254384306588, 0.7663860375811987, 0.762345441594513, 0.7583035961461823, 0.7542606098850452, 0.7498487608165352, 0.7454355536375414, 0.7410210426724833, 0.7366052279213609, 0.732188109384174, 0.7277697413853422, 0.7233501239248654, 0.7189292570027436, 0.7145071949433961, 0.710083937746823, 0.7056595397374436, 0.7012339465908385, 0.6968072669558464, 0.6923794465080481, 0.6880391426998194, 0.683697806727623, 0.6793554385914591, 0.6750120926157469, 0.6705887267703351, 0.6661642744365363, 0.6617388442631892, 0.6573123819258746, 0.6528848874245923, 0.6484466910126985, 0.644007462436837, 0.639567201697008, 0.6351259631176306, 0.6306836923742857, 0.6262404437913925, 0.6217962173689511, 0.6174398335325954, 0.61308258050553, 0.6087242953144971, 0.6043650866083353, 0.5999256407347965, 0.59548516269729, 0.5910437068202353, 0.586601218779213, 0.5821576985742231, 0.5777925685063523, 0.5734264605989332, 0.5690593205275466, 0.5646912026166118, 0.5609841585647227, 0.5572764082953823, 0.5535678974841709, 0.5498586804555081, 0.5461487572093937, 0.5424381277458278, 0.5387267920648103, 0.5350147501663414, 0.5313020020504209, 0.5275885477170489, 0.5238744414906447, 0.5201595747223696, 0.5166130050052347, 0.5130657833950676, 0.5095179098918683, 0.5059694388200562, 0.5024203701796313, 0.4988707039705935, 0.49532044019294297, 0.4917695245222602, 0.4881073524407527, 0.4844445827906324, 0.4807811612474799, 0.47711714213571454, 0.4734525254553364, 0.4697873112063454, 0.46670809446886147, 0.46362849746044205, 0.46054846585666787, 0.45746799965753887, 0.4543311718733363, 0.45119393665598867, 0.44805632116770555, 0.444918325408487, 0.4417799222161234, 0.4386972015535915, 0.43561412778233377, 0.43253070090235035, 0.4294469480758508, 0.4263067521776487, 0.4231662031707208, 0.42002532821727684, 0.4168841544795264, 0.4137426276330503, 0.4106008291644774, 0.4074587319115981, 0.40431636303662205, 0.40117372253954925, 0.3980308375825894, 0.394697192427089, 0.39136330281170156, 0.38802916873642707, 0.38469479020126546, 0.3813601943684265, 0.3780253812379101, 0.3749371194846047, 0.3718486947580412, 0.36876016138263906, 0.36567146503397885, 0.3625264885868741, 0.3593814034909307, 0.3562362369083582, 0.3530909888391567, 0.34994568644553586, 0.34680035688970534, 0.34365500017166517, 0.34050967061583465, 0.33736436822221383, 0.3342191201530123, 0.33135986298946846, 0.3285006873125536, 0.32564159312226776, 0.3227826075808206, 0.31992373068821217, 0.3170649896066521, 0.31420641149835005, 0.3115862089421471, 0.30896614219699253, 0.30634623842509595, 0.30372652478866713, 0.301107001287706, 0.29848766792221265, 0.2956304479243943, 0.2927734995486727, 0.28991687711946723, 0.2870605806367778, 0.28420466442502385, 0.2813491013219956, 0.2784939728143222, 0.2759961088504909, 0.27349859799538545, 0.27100146741121545, 0.2685047442601905, 0.26600842854231066, 0.26351257458199534, 0.2610171552170347, 0.2585221976096386, 0.25628715518661305, 0.25405249303452293, 0.2518182926399973, 0.24958449967861673, 0.24735116847480065, 0.2449829768999531, 0.24261535573150872, 0.24024825064504815, 0.23788174312720042, 0.2355158060157558, 0.23315049363513374, 0.23095592290452244, 0.22876189541810463, 0.22656843833808998, 0.22437557882668815, 0.222183330465004, 0.2198589107910461, 0.21753522449674945, 0.2152122851632188, 0.2128901335337687, 0.210568783189504, 0.20824826129263435, 0.2059285814242646, 0.20360977074660438, 0.20129187000296828, 0.19897487919335624, 0.1966588390610828, 0.19434377676835762, 0.19213490513435297, 0.18992699775879177, 0.18772008180388364, 0.18551418443183829, 0.1833093328048654, 0.18110556766627944, 0.17890291617829013, 0.1767013919220023, 0.17472553130368612, 0.1727506213627085, 0.170776702842384, 0.16880380290492228, 0.16683193513142816, 0.16486112668411132, 0.16289144546849596, 0.1609622495263997, 0.15903418081600493, 0.15710729366173096, 0.15518158806357782, 0.15322214700100956, 0.15126400972450565, 0.1493072169773806, 0.14735180950294896, 0.14539782804452517, 0.1434801488793307, 0.14156390931124893, 0.1396491500835944, 0.13773588477747198, 0.13578941367002303, 0.13384459945736424, 0.13190149646391489, 0.1299601725951992, 0.12802069575674133, 0.1264059023916217, 0.1247924807180906, 0.12318044431725288, 0.12156984751352787, 0.11996071746912526, 0.11835309492735956, 0.116601064497862, 0.11485093542304163, 0.11310271449345087, 0.1113564764051663, 0.10961226190150244, 0.1078701117257738, 0.10613008020239975, 0.10462466226508492, 0.10312092838476987, 0.10161896004808363, 0.10011881836999798, 0.0986205780465895, 0.09712430019282996, 0.09563005950479597, 0.09416774120368138, 0.09270750760215925, 0.09124942660575378, 0.08979355253888434, 0.08831355163927194, 0.08683598175742539, 0.08536091079886883, 0.08388840666912648, 0.08241853727372249, 0.08097754130720199, 0.07953922081833437, 0.0781036369220914, 0.07667085073344485, 0.0754573993879159, 0.07424605311363669, 0.0730368798161314, 0.07182994061037179, 0.07062528982077722, 0.06942299535287187, 0.06822313190273234, 0.06702574021367315, 0.06583090177232331, 0.06463867090310219, 0.06344911551153394, 0.062262296712590356, 0.06113203642474047, 0.06000437691846687, 0.05887938609929374, 0.05775712508219285, 0.05663766516796458, 0.05552106407630451, 0.054407389712736814, 0.05329670319223326, 0.05220261957239294, 0.051111578120036104, 0.05002363995013453, 0.04893886957293618, 0.047857331498689044, 0.046876969260201365, 0.045899377567100434, 0.04492462772018665, 0.043952814787193865, 0.042984033835855945, 0.04201837993390674, 0.04105594814908011, 0.04009683354910993, 0.03914113120173004, 0.038188932779398096, 0.03724033674512416, 0.0362954347713659, 0.035354325321133376, 0.034417100066884226, 0.03350248395691248, 0.03259177580985758, 0.03168508766983443, 0.030782575719548663, 0.030020203794799718, 0.02926105738244956, 0.028505231550232053, 0.027752831551709677, 0.027003954152254397, 0.026258699512514392, 0.025571897947992844, 0.024888369429737014, 0.02420819374673782, 0.023531447292709968, 0.022846005536310224, 0.02216428839791203, 0.021486377364144407, 0.020812359014550686, 0.020142314835759897, 0.019476336500229684, 0.018814607352875348, 0.018157395620517422, 0.017504966134700223, 0.016857587122244284, 0.016273667519777348, 0.01569434342365963, 0.015119815155187483, 0.01455028473329535, 0.013985950781641476, 0.013427016167979361, 0.012873680364786304, 0.012371546175647797, 0.011874439541756139, 0.011382516645816954, 0.01089593027525966, 0.010414837461608933, 0.009939390143475137, 0.009544492358129606, 0.009153778401892923, 0.008767342493679896, 0.00838527800358628, 0.008000930190241944, 0.007621534387248798, 0.007247342693865382, 0.006878605936121654, 0.006515575788866623, 0.006164825082431874, 0.005820059823544508, 0.005481516832720119, 0.0051494350525219355, 0.004872912723392877, 0.004601358532177005, 0.004334917626932265, 0.0040737360045356545, 0.0038179719697404293, 0.003567868709205077, 0.003358209766669557, 0.0031530877619686476, 0.002952677764031889, 0.002757153992969768, 0.002566691093302299, 0.002381463709549494, 0.0022016464862313675, 0.002030842872429749, 0.0018655671927063164, 0.0017059836935476931, 0.0015522569397476457, 0.0014019223851877843, 0.0012580033111276837, 0.0011206729827563972, 0.0009901050896725043, 0.0008664729501162488, 0.000765348680114215, 0.0006697546253915704, 0.0005798470747563224, 0.0004957824761700502, 0.00041771725106873786, 0.0003458078208883694, 0.0002802105805393334, 0.0002210819514576138, 0.00017372543465884644, 0.00013180009982909945, 9.541845528119732e-05, 6.469300932796456e-05, 3.9736273597925105e-05, 1.9696174679782502e-05, 6.4060063031216854e-06, 0.0, 6.123876133216194e-07, 8.377400571528287e-06, 2.342927092475539e-05, 4.441580308622662e-05, 7.211204594071505e-05, 0.00010663008173366931, 0.00014802172158427472, 0.0001962159829992816, 0.00025466892558976493, 0.00032057492386907967, 0.0003938315625134453, 0.0004743363731478904, 0.0005619868078206575, 0.0006566804246823705, 0.0007583148349348444, 0.0008667874375751307, 0.000981995896856235, 0.001103837611775209, 0.0012322101404826768, 0.0013670110941804532, 0.0015015872169317481, 0.0016418381194572794, 0.0017876746757565544, 0.0019390076537266986, 0.0020957480334696005, 0.002257806688984768, 0.0024250944942717074, 0.0025975223233299263, 0.0027696195373672692, 0.002946355335320738, 0.003127614914413507, 0.0033132838962782775, 0.0035067401563337276, 0.00370452730339884, 0.0039065237441443705, 0.004112608946264892, 0.004322661528635923, 0.0045906213955747765, 0.004864354505297935, 0.005143623612880276, 0.005428192746625258, 0.0057231365712371324, 0.006023079091248076, 0.006327771178266234, 0.006636962430671176, 0.006950403720071048, 0.007262142702861506, 0.00757750274772913, 0.007896260615263162, 0.008218283040872389, 0.008632709606154478, 0.009052094972340179, 0.00947625579451419, 0.009905007030123108, 0.010338164485432582, 0.010775545664346362, 0.011216964675491995, 0.01166223817395418, 0.012119378162767695, 0.012580128179010696, 0.013044295540758309, 0.013511684170809448, 0.013982101387239237, 0.014556363975348013, 0.015134630442926547, 0.01571673866553585, 0.016302522274641667, 0.01690256774146444, 0.017506083180573066, 0.01811289713051898, 0.01872283643221551, 0.019335731321852193, 0.019951408640342356, 0.020569693530961226, 0.02119041792753644, 0.02181344601901963, 0.022438689528229357, 0.023104156874690078, 0.023771921125506357, 0.02444188551530623, 0.025113948185803422, 0.025788008976349756, 0.026463969423935165, 0.02726293733330552, 0.028064239495069733, 0.028867721424160286, 0.02967328465756711, 0.03049556623102828, 0.03131986799383396, 0.03214611864518375, 0.03297425027955346, 0.03380419159614271, 0.03484405265492129, 0.03588649412361891, 0.03693137679591098, 0.03797856825602534, 0.039047020935762025, 0.04011757868674845, 0.0411900921168314, 0.04226441862441009, 0.043340412212607524, 0.04438572268970196, 0.045432425230042185, 0.04648046890448507, 0.0475298163649923, 0.048580423472973165, 0.04991931329805288, 0.051260080710876316, 0.05260263743426202, 0.05394689179575235, 0.05529276230871829, 0.056640150510149756, 0.057988968122865324, 0.05933913366023596, 0.06069056224035644, 0.062043219910464666, 0.06347913654377614, 0.06491632301038987, 0.0663547181953341, 0.0677942745647419, 0.06923492421308905, 0.0706766263970611, 0.07237702825652077, 0.07407872032093998, 0.07578160752258484, 0.07748562195593116, 0.07922174891166459, 0.08095895556523254, 0.08269719438276812, 0.0844364246209568, 0.08617659195537923, 0.0879176556427209, 0.08965956135856246, 0.09140226835958941, 0.09314574269303966, 0.09488994361559867, 0.09711084810848891, 0.09933283229921369, 0.10155582828224882, 0.10377977494262255, 0.10600461795591552, 0.1081637691651119, 0.11032368091617915, 0.11248431246580277, 0.1146456434423255, 0.11680764668353766, 0.11910138664166874, 0.12139581923614651, 0.1236909173047613, 0.12598664010419858, 0.12828294689114386, 0.13057983766559714, 0.13333678836640386, 0.13609445886576696, 0.1388527676770574, 0.14161170121917036, 0.14437121874879127, 0.14729858515309274, 0.15022656270711185, 0.15315512424863895, 0.15608422903435953, 0.15901384990206394, 0.1619439732706473, 0.16539791985279387, 0.1688524775846581, 0.17230759214182062, 0.17576322278096698, 0.1792821956930731, 0.18280167110605822, 0.18632162185771262, 0.18984199362361695, 0.19336279998487607, 0.1968839730359658, 0.20040552635799097, 0.20392740562653222, 0.20744961084158955, 0.21097211484095332, 0.21470841259266116, 0.2184450362908851, 0.22218193161120578, 0.22591911213472804, 0.22965653711813735, 0.23339422014253858, 0.23831220982611406, 0.24323055261841528, 0.24814924851944228, 0.25306827036698537, 0.25807700899308167, 0.26308604640348443, 0.2680953554359839, 0.27310488176616077, 0.2781146525562247, 0.2781146525562247, 0.2772294633051585, 0.27635160785070434, 0.27548442714465204, 0.27463118065216247, 0.2737950191895579, 0.27297917505978947, 0.272186663268131, 0.27142047165764666, 0.2706835065847715, 0.26997853859489235, 0.2693082024223476, 0.26867502415263683, 0.2680813940602115, 0.2675295666084743, 0.2670215789631511, 0.26655935964112853, 0.26614464702382584, 0.26577901651940405, 0.26546382623834686, 0.26520027131788, 0.2649893567597613, 0.2648318431058618, 0.2647283279247941, 0.2646792458119132, 0.26468473257826736, 0.2647447610616469, 0.26485916828879386, 0.265027465339934, 0.26524902748424484, 0.2655230398554362, 0.26584847028954045, 0.2662240964871223, 0.26664847885106896, 0.26712001481100967, 0.26763699314773504, 0.2681974038577291, 0.26879915545084704, 0.26943999346368586, 0.2701175004595846, 0.27082912319083385, 0.27157217259867594, 0.27234387813772415, 0.2731413334515433, 0.2739614963726499, 0.27480132473356045, 0.2756576677179528, 0.27652723869845647, 0.2774068325343298, 0.2782931082737829, 0.27918269780281624, 0.2800723144940593, 0.28095859023351244, 0.28183818406938577, 0.2827077550498894, 0.28356409803428173, 0.28440392639519235, 0.28522408931629895, 0.2860215446301181, 0.28679325016916624, 0.2875362995770083, 0.28824792230825763, 0.2889254293041563, 0.28956626731699514, 0.29016801891011307, 0.29072842962010714, 0.29124538079462287, 0.2917169439167733, 0.2921413262807199, 0.29251695247830173, 0.29284235575019635, 0.2931163952835974, 0.29333795742790825, 0.2935062544790484, 0.2936206617061953, 0.2936806901895748, 0.29368617695592897, 0.29363709484304806, 0.2935335796619804, 0.29337606600808086, 0.2931651514499622, 0.2929015965294953, 0.2925864062484382, 0.2922207757440164, 0.29180606312671364, 0.2913438438046911, 0.29083585615936786, 0.29028400154542106, 0.28969039861520535, 0.28905722034549464, 0.28838688417294983, 0.287681889020861, 0.2869449239479859, 0.2861787594997112, 0.28538624770805276, 0.28457037641607463, 0.2837342421156797, 0.2828809956231902, 0.2820138149171379, 0.28113595946268366, 0.28025077021161754, 0.28025077021161754, 0.2860223323341986, 0.2917941389166668, 0.297566189959022, 0.30333843113684494, 0.30911086245013564, 0.314883483898894, 0.3206562954831201, 0.32631380348728006, 0.33197147446469805, 0.3376293084153741, 0.3432872781770985, 0.3490482470379067, 0.354809378871973, 0.36057061935487794, 0.36633196848662164, 0.372093426267204, 0.37852378062321845, 0.38495424362807157, 0.39138484244397304, 0.39781552274650356, 0.40424633886008243, 0.41067723646029036, 0.417108242709337, 0.4235393032828029, 0.4307422052063654, 0.43794518861655696, 0.4451482535133775, 0.4523513727346174, 0.4584631686955751, 0.46457499181874246, 0.47068686926632913, 0.47679874671391587, 0.48291067848592195, 0.489022610257928, 0.4959290366628987, 0.5028355173922888, 0.5097419437972596, 0.5166483702022303, 0.5166483702022303, 0.5157632081133737, 0.5148853798211293, 0.514018199115077, 0.5131649254603777, 0.5123287639977732, 0.5115129198680047, 0.5107204352385559, 0.5099542436280715, 0.5092172785551964, 0.5085123105653173, 0.5078419472305629, 0.5072087961230618, 0.5066151388684267, 0.5060633114166896, 0.5055553237713664, 0.5050931316115534, 0.5046784189942507, 0.5043127613276193, 0.5039975710465621, 0.503734043288305, 0.5035231015679765, 0.5033655607518673, 0.5032620727330094, 0.5032129634579188, 0.5032184502242729, 0.5032785330320718, 0.5033928859347994, 0.5035611829859395, 0.50378277229246, 0.5040567846636514, 0.5043822422599654, 0.5047578412953375, 0.5051822236592842, 0.505653759619225, 0.5061707107937407, 0.5067311215037347, 0.5073328730968526, 0.5079737382719011, 0.5086512181055901, 0.5093628679990491, 0.5101059174068912, 0.5108775957837297, 0.5116750782597586, 0.5124952683430748, 0.5133350695417757, 0.5141913853639584, 0.5150610106688813, 0.5159405773425451, 0.5168268259197885, 0.5177164426110316, 0.5186060593022745, 0.5194923622039374, 0.520371928877601, 0.5212414998581046, 0.5220978156802873, 0.5229376712034076, 0.5237578612867239, 0.5245552894383333, 0.5253269678151719, 0.5260700715474332, 0.5267816671164729, 0.5274592012745812, 0.5281000121252104, 0.5287017637183283, 0.5292621744283224, 0.5297791256028381, 0.5302507158871982, 0.5306750982511448, 0.531050697286517, 0.5313761005584116, 0.531650112929603, 0.5318717022361235, 0.5320399992872636, 0.5321544065144105, 0.5322144349977901, 0.5322199217641442, 0.5321708124890536, 0.5320673244701957, 0.5319098379785058, 0.5316988962581775, 0.5314353141755009, 0.5311201238944437, 0.5307545205522316, 0.5303398079349289, 0.5298775614506966, 0.5293696281297928, 0.5288177463536363, 0.5282241434234206, 0.5275909379915001, 0.5269206289811651, 0.5262156609912859, 0.5254786959184108, 0.5247125043079265, 0.5239199653540583, 0.5231041212242898, 0.5222680140861047, 0.5214147404314055, 0.5205475597253532, 0.5196697314331086, 0.5187845150198328, 0.5187845150198328, 0.5250355716297891, 0.5312866825641648, 0.5375376848497018, 0.5437886871352386, 0.5500396894207756, 0.5500396894207756, 0.5465005078246721, 0.5465074613503486, 0.5462926625962465, 0.5460775922200478, 0.5458624675194297, 0.5456473971432309, 0.5454287956797745, 0.5452107917849309, 0.5449936027563775, 0.5447774458917919, 0.5445626471376898, 0.5443494781161682, 0.5441382104493238, 0.543929061434834, 0.5437224113436341, 0.5435185861222404, 0.543335893099973, 0.5431560792719311, 0.542979198962534, 0.5428056324427171, 0.5426355970101578, 0.5424693099625335, 0.542307042921941, 0.5421701997096033, 0.542036670286846, 0.5419066719513462, 0.5417803133519427, 0.5416577574618936, 0.5415320507555222, 0.5414110159492149, 0.5412947616918102, 0.5411834509565661, 0.5410772467167407, 0.5409763662700114, 0.540880918265217, 0.5407910113511961, 0.540706862825626, 0.5406285270129262, 0.5405561668863547, 0.5404898367703307, 0.5404245388182743, 0.5403667376360881, 0.5403164332237719, 0.540273842879003, 0.5402389666017816, 0.5402118043921076, 0.5401925192232391, 0.5401821975835629, 0.540177688656757, 0.5401790467672407, 0.540186271915014, 0.5401993097756576, 0.540219518459655, 0.5402461374251355, 0.5402792209965185, 0.5403186605249651, 0.5403643473616367, 0.5404161728576948, 0.5404741370131391, 0.5405380768547118, 0.5406078294091545, 0.5406833403520483, 0.5407644467101349, 0.5408509855101563, 0.5409514856859501, 0.5410580701967109, 0.5411705760691806, 0.5412887860056819, 0.5414124827085374, 0.5415414488800695, 0.5416754128981817, 0.5418255655932596, 0.5419809877570143, 0.542141407767349, 0.5423064996777476, 0.5424791970068549, 0.542656077316252, 0.5428369233082615, 0.543021354711948, 0.5432091542296341, 0.5433999415903843, 0.5435934994965212, 0.5437894476771096, 0.5439875688344717, 0.5441875913465112, 0.5444015209099036, 0.5446169715570378, 0.5448336173413977, 0.5450512409653058, 0.5452695164822461, 0.5454882265945412, 0.545693464250838, 0.5459039170513922, 0.5461195849962038, 0.5463404137608535, 0.546570586325631, 0.5468060826835046, 0.5470469028344743, 0.5472928838052822, 0.5475439712715087, 0.5478001652331539, 0.5480612483925404, 0.5483271664252489, 0.5485977563580214, 0.5488729095420191, 0.5491267675536323, 0.5493841566525032, 0.5496448052165349, 0.5499086589213082, 0.5501754461447264, 0.5504450582379505, 0.5507172779033034, 0.5509544583181768, 0.5511933227900501, 0.5514336540212457, 0.5516753433629249, 0.5519182821662493, 0.5521770293756039, 0.5524367544245067, 0.5526972400152804, 0.5529582688502476, 0.5532196236317308, 0.5534811413864722, 0.5537425504923748, 0.554003579327342, 0.554264119242535, 0.5545238442914379, 0.5547825371763732, 0.5550399805996633, 0.5553190994662734, 0.5555961540049483, 0.5558708725935912, 0.556142929285686, 0.5564119981347168, 0.5566778075185865, 0.5569400858151987, 0.5571636851252352, 0.5573842965922075, 0.5576017572428575, 0.5578157954550887, 0.5580263569044815, 0.5582457189098089, 0.5584607349615883, 0.5586712964109812, 0.5588772946091488, 0.5590785122584139, 0.5592748407099376, 0.5594661713148813, 0.559652341099987, 0.5598332957408352, 0.5600089265885873, 0.5601791249944046, 0.5603438366338678, 0.5605171858560073, 0.5606838531745669, 0.5608438385895469, 0.5609970334521083, 0.5611433834378318, 0.5612829971955562, 0.5614157660764427, 0.5615250668081709, 0.5616292610444804, 0.5617284574342098, 0.5618226559773594, 0.5619119109983481, 0.5620183868602702, 0.5621169856813868, 0.5622078161105367, 0.5622910411209778, 0.5623667150371296, 0.5624351094810888, 0.5624962787772747, 0.5625504402233646, 0.5625977567926167, 0.5626383914582891, 0.5626743542238974, 0.5627033091394099, 0.5627254191780846, 0.5627409016375987, 0.5627500281400493, 0.5627530159831133, 0.5627497565179524, 0.5627400324468892, 0.5627236807966655, 0.5627005385940231, 0.5626699539459302, 0.562632144150064, 0.5625870548820052, 0.562534577492915, 0.5624746033339548, 0.5624071867295439, 0.5623322190308436, 0.562249700237854, 0.562159630350575, 0.5620620093690066, 0.5619667243374702, 0.5618652463221282, 0.5617576839718191, 0.5616439829621237, 0.5615242519418807, 0.5613985452355094, 0.5612670258162679, 0.5611156779839643, 0.5609574852748229, 0.5607925563376823, 0.5606211627946394, 0.560443467618952, 0.5602765830027149, 0.5601047548643172, 0.5599282548258555, 0.5597471372117492, 0.5595616193196757, 0.5593719184473125, 0.5591781975679174, 0.5589806196547488, 0.5587794563299031, 0.5585749248910578, 0.5583671339870516, 0.5581563552399814, 0.557942751623105, 0.5577266490829386, 0.5575125565462881, 0.557296345357283, 0.5570783414624394, 0.556858653510596, 0.5566334244679793, 0.5564069459637174, 0.5561793266466492, 0.5559508381388715, 0.5557215890892229, 0.5557149615100624, 0.5521757799139588, 0.5521757799139588, 0.558539994289417, 0.5649041543404559, 0.5712682600670754, 0.5776323114692756, 0.5839963085470564, 0.5903601969759986, 0.5964347535474932, 0.6025092557945685, 0.6085836493928051, 0.614657934342203, 0.6207321106427622, 0.626806232618902, 0.6328801916217839, 0.638954041975827, 0.6450277836810313, 0.6511013624129777, 0.657174778171666, 0.6632480852815157, 0.6693211750936879, 0.6753941562570215, 0.6814669201226776, 0.6875395210150756, 0.6929803289104564, 0.6984210281569985, 0.7038615644302825, 0.7093018290814697, 0.7147419307593988, 0.7205115100406738, 0.726280817699852, 0.7320498537369333, 0.7378186181519181, 0.743587110944806, 0.7493552777911778, 0.7546964003770549, 0.7600372513408353, 0.7653777763580997, 0.7707179754288478, 0.7752487949757301, 0.7797793429005154, 0.7843095648787848, 0.7888395695593768, 0.7933691939690334, 0.7978985467565931, 0.8024275735976368, 0.8069562201677452, 0.811484486466918, 0.8160123724951553, 0.8205398239280379, 0.8250668407655658, 0.8288691698489912, 0.832671118661481, 0.8364727415274549, 0.8402739841224933, 0.8441439471080069, 0.8480134211737465, 0.8518824606441312, 0.8557510111947417, 0.8596190185011588, 0.8626035477757192, 0.8655877511037635, 0.8685715741608724, 0.8715550169470458, 0.8745922952327931, 0.877629193247605, 0.8806656023426428, 0.8837015768423258, 0.8867370080978152, 0.8897718961091112, 0.8928061865517944, 0.8958398794258647, 0.8988729747313223, 0.9019053638193283, 0.9046614589105303, 0.9074169564331195, 0.9101718020626764, 0.9129259957992013, 0.9156792660205972, 0.918431884348961, 0.9211835248377764, 0.9233447675371177, 0.9255054669922655, 0.9276655145543812, 0.9298246929257872, 0.9319831107553224, 0.934140659394148, 0.9362972301934254, 0.937987262879342, 0.9396766436722265, 0.9413653725720788, 0.9430533409300601, 0.9447404400973319, 0.9462733665624942, 0.9478056411346242, 0.9493370465160446, 0.9508676913555941, 0.9523974670044342, 0.9539262648137259, 0.9554539761346307, 0.9568533731770354, 0.9582515750822146, 0.9596486904990067, 0.9610443934808959, 0.9624387926767206, 0.9638316707888036, 0.9650004063466567, 0.9661679467672842, 0.967334292050686, 0.9684993335480234, 0.9694867341940929, 0.9704730483517754, 0.9714580587233935, 0.972441873957786, 0.9734242767572755, 0.9744052671218618, 0.9753288908996167, 0.9762508849447912, 0.9771713579062239, 0.9780897665397214, 0.9790062194941224, 0.9798594388244022, 0.9807103765290694, 0.981559032608124, 0.9822053845495267, 0.9828501067583489, 0.9834931992345907, 0.9841345533294132, 0.9847739517451394, 0.9853998777048671, 0.9860237393366598, 0.986645210694001, 0.9872644004257296, 0.987787870530567, 0.9883093849563079, 0.9888289437029524, 0.9893464381216615, 0.9898617595635967, 0.990374908028758, 0.990758112482839, 0.9911395785555006, 0.9915190889490658, 0.9918963177170185, 0.9922709389128423, 0.9926427352388602, 0.9930113807485558, 0.9933766581442518, 0.993700757630082, 0.9940217062995901, 0.9943392868550985, 0.99465328199893, 0.9949635830822459, 0.9952420500558238, 0.9955171489154021, 0.9957886623633034, 0.9960563731018505, 0.9963202811310431, 0.9965799518555266, 0.9968356025729783, 0.9970433391525652, 0.9972475989693137, 0.9974477301301917, 0.9976434066886832, 0.9978341940494335, 0.9980031429936058, 0.9981674200377142, 0.9983268078840812, 0.9984807632885135, 0.9986291776021723, 0.9987717248785415, 0.998908079171105, 0.999022051802897, 0.9991308092904319, 0.9992341343360317, 0.9993319182908581, 0.999423835208395, 0.9995097764398035, 0.9995894160385678, 0.9996626453558488, 0.999722619514809, 0.9997770525829958, 0.999825944560409, 0.9998688608516939, 0.9999059101056893, 0.9999386134061368, 0.999964254532069, 0.9999829421323247, 0.9999947848557426, 1.0]
rooty = [0.0, 0.00021689703479935385, 0.0004176155784616281, 0.0006180251519888604, 0.00081794920101817, 0.0010172145664628849, 0.0012192368961895113, 0.0014202270619485256, 0.0016201341345967889, 0.001818927556648418, 0.0020165767706175294, 0.00226199073029838, 0.002505516916406887, 0.002747101004523703, 0.0029866920655056885, 0.003228527404061989, 0.0034681795800157412, 0.0037055874783951783, 0.0039406899842285344, 0.004173432773096461, 0.0044303261616407885, 0.004684126453558489, 0.004934745371668121, 0.005182108219893081, 0.005426187836023696, 0.005667058916136569, 0.0059047961563083035, 0.0061394844384441314, 0.006398812240030491, 0.006654524072454, 0.00690673537510577, 0.0071555547968244985, 0.007405532007730582, 0.00765222938181853, 0.007895765753755665, 0.008136256562933101, 0.008373827434570583, 0.00866660889264669, 0.008955098721594305, 0.009239395384423494, 0.009519600739420537, 0.00980079751507068, 0.010077957307308025, 0.010351185369695058, 0.010620590351070474, 0.010886270714444342, 0.01121330032364316, 0.011534880514526133, 0.01185122179421823, 0.012162521088739591, 0.012474519810160057, 0.012781721006296851, 0.013084345370103577, 0.013382603408705205, 0.013676705629226711, 0.01404601661305933, 0.014409005592590323, 0.014765900051325711, 0.015116924077495306, 0.015462305154605125, 0.015802253789780143, 0.01613700765235501, 0.016460244738028092, 0.01677890499137111, 0.017093212500613866, 0.017403370982328917, 0.017792442473699377, 0.018175382096235926, 0.018552393566511127, 0.018923680601097528, 0.01933384354827985, 0.019737317801329948, 0.020134381772896982, 0.02052530708507769, 0.02091038573162607, 0.02131271917186986, 0.02170911087874746, 0.02209990717043222, 0.022485433993440218, 0.022866024084839967, 0.02324201018169997, 0.0236875926502972, 0.024127600075358833, 0.024562480633344503, 0.0249924176691695, 0.02541759452774913, 0.02595210607081905, 0.026479535067716477, 0.027000234627167163, 0.02751455785789688, 0.028022864659183803, 0.028526594628140656, 0.029024987222896568, 0.029518409133282138, 0.030007165934156196, 0.030491495294853392, 0.03097158735084144, 0.03144765260924532, 0.03204805288243196, 0.03264268797661529, 0.03323197211549284, 0.03381633989441941, 0.034396205537092495, 0.034971922152237885, 0.03554365271311361, 0.03633755656801787, 0.03712414020741498, 0.037903675253401686, 0.038676460490284406, 0.03944278112126471, 0.040248690672844874, 0.04104771460427268, 0.04184000230770133, 0.042625723546941295, 0.043405034504698195, 0.044178084573125234, 0.044984951592596405, 0.045785184242354705, 0.04657893191455334, 0.04736633042024067, 0.04814753594212233, 0.04892269787235152, 0.04969196560308146, 0.0504554749453605, 0.05130396805115709, 0.05214562986122066, 0.05298061655825686, 0.05380903679110435, 0.05464589768060805, 0.055476198896475475, 0.05630006266865016, 0.05711761122707564, 0.057928966801695445, 0.05871992355685007, 0.05950514229521106, 0.06028471808451228, 0.061058725620830326, 0.06184118060435699, 0.06261802659158597, 0.06338935185969871, 0.06415523789532424, 0.06491575939453914, 0.06567101142507728, 0.06642106868301527, 0.06716600586442972, 0.06790587729373995, 0.06864074408591776, 0.06941473804113098, 0.07018321806778036, 0.07094625886194253, 0.07170391474803682, 0.07245626721269227, 0.0732033637897758, 0.07402095988206821, 0.07483229508503075, 0.07563743730418764, 0.07643644086395818, 0.0772293736698666, 0.07801627646522738, 0.07886792038734615, 0.0797125428782642, 0.08055019826240085, 0.08138094086417548, 0.08220482500800742, 0.08302190501831602, 0.08383222163841579, 0.08463584277383093, 0.0854327955867711, 0.08622314798276047, 0.08700695428621842, 0.08778425524045944, 0.08855511875100772, 0.08931957198007294, 0.09006258064460053, 0.09079954571747564, 0.09153048077980314, 0.09225539941268784, 0.09298725799014425, 0.09371280135385145, 0.09443198876049494, 0.0951448202100747, 0.0958512413781714, 0.09655274618631711, 0.09724777280745557, 0.09793628049827227, 0.09861824209655752, 0.09929363044010167, 0.09996240478559021, 0.10062455155191828, 0.10126697855402303, 0.10190291378801569, 0.10253227576726723, 0.10315491509962446, 0.10378187322331986, 0.10440163336145165, 0.10501410044628597, 0.10561913866677444, 0.10621663937407838, 0.10679602288752976, 0.10736789605000628, 0.10793215021266923, 0.10848869030778478, 0.10895476666358105, 0.10941512537424092, 0.10986971211534509, 0.11031845898136933, 0.11076128448568465, 0.11119813430387168, 0.1116289269493014, 0.11205360809755449, 0.11247210984310674, 0.11288435069932912, 0.11329027634180229, 0.11368981886500208, 0.114065187021592, 0.11443460665426332, 0.11479802343859667, 0.11515539663127757, 0.11550664474567697, 0.11585172703848037, 0.11619056202305876, 0.11652312253720244, 0.1168593771118618, 0.11718881397189299, 0.11751132446845729, 0.11782685427713538, 0.11813530833019338, 0.11843661872210713, 0.1186841343577615, 0.11892650275468265, 0.11916368316955607, 0.11939562127796241, 0.11962633708693342, 0.11985152538623575, 0.12007113185145009, 0.12028510215815708, 0.12049339556304219, 0.12069238591111395, 0.12088580800620255, 0.12107360752388863, 0.12125574372085766, 0.12143531308901252, 0.12160890677103908, 0.12177647044251803, 0.12193792261682032, 0.12209322255063144, 0.12224230233842723, 0.12238509407468347, 0.12252155701608568, 0.12265160967600482, 0.12277521131112638, 0.12289916605497371, 0.12301571909668486, 0.12312478894963083, 0.1232262941271826, 0.12332019388602564, 0.12340637957732124, 0.12347926936698145, 0.12354545009085216, 0.12360484026230437, 0.12365739913802358, 0.12370383293546129, 0.12374305516623055, 0.12377499792480719, 0.12379959330566699, 0.12381674624107612, 0.1238263888255104, 0.12382845315344562, 0.12382284415714795, 0.123809507512198, 0.12378834815086195, 0.12376225884847007, 0.12372959629133708, 0.12369030615504363, 0.12364432053406554, 0.12359157152287863, 0.12353201837816837, 0.12346560677551542, 0.12339863834756416, 0.12332581646342815, 0.12324708679868804, 0.12316240861002933, 0.12307172757303267, 0.12297501652548837, 0.12286257855854282, 0.12274282037609013, 0.12261568765371095, 0.12248111248588109, 0.12233899980486669, 0.12218930886735324, 0.12203194460560689, 0.12188790340770564, 0.1217378865236761, 0.12158185321020377, 0.12141974914286931, 0.12125151999725335, 0.12107712503004141, 0.12089652349791893, 0.12070966107646662, 0.12053686867962543, 0.12035896978736553, 0.12017595081858208, 0.11998774386775089, 0.11979433535376714, 0.11958348870117266, 0.11936669352465959, 0.11914393624312307, 0.11891514895103893, 0.11868030448619747, 0.1184393621052842, 0.11821024886668396, 0.11797582541609246, 0.1177360238479855, 0.11749081700015342, 0.11724016412928169, 0.11696832473486424, 0.11669026519443144, 0.11640595834577362, 0.11611533628336661, 0.11581835826389586, 0.11551498354404689, 0.11520515779940034, 0.11488884028664172, 0.11456599026245648, 0.1142365534024253, 0.11390044821991915, 0.1135576203905187, 0.11322401413130255, 0.11288413340165172, 0.11253791029604202, 0.11218527690894924, 0.11182617891595403, 0.11146052124932257, 0.11108826316574033, 0.11070932317857828, 0.11036331737064595, 0.11001181121525465, 0.10965476396908984, 0.10929213488883703, 0.1089238832311817, 0.10854990034728515, 0.10817013191272803, 0.10779227841395295, 0.10740873443225114, 0.10701940489988879, 0.10662423549244651, 0.10621582450778817, 0.10580119337711447, 0.10538028777600608, 0.1049530397989388, 0.10451935437817879, 0.10408709497342666, 0.10364849319271566, 0.1032034811305216, 0.10275197730021543, 0.10228554783569341, 0.10181220558880934, 0.10133184191072456, 0.1008443345714955, 0.10034957492228348, 0.09993165716423924, 0.09950853784304241, 0.09908016263427366, 0.09864646363240882, 0.09820737293192368, 0.09776282262729406, 0.09727155332202517, 0.09677360211317645, 0.09626888751411891, 0.09575734161932836, 0.09523884219886128, 0.09471333492829828, 0.09418069757769587, 0.09371352115240782, 0.09324084437966076, 0.0927625450295112, 0.09227854161533008, 0.09178871190717391, 0.0912929608373088, 0.09079117975689605, 0.09029348658903924, 0.08978981773505415, 0.08928005096499726, 0.08876411837334436, 0.08823233663234667, 0.0876939544743982, 0.08714886325066026, 0.0865969407311893, 0.08603809184825147, 0.08548239378163583, 0.08491982367597266, 0.08435027288242326, 0.08377365991435864, 0.08327879161630793, 0.08277870817399981, 0.08227332810080526, 0.08176259707230493, 0.08124646076407947, 0.08072483768949987, 0.08019767352414676, 0.07966488678139115, 0.07912642313681366, 0.07858222826599495, 0.07803222068230602, 0.07747634606132749, 0.0769401912045723, 0.07639857674367262, 0.07585143477310428, 0.07529871096844794, 0.07474036458638908, 0.07417632772140352, 0.07360653246796706, 0.07303095166387004, 0.07245667464583738, 0.07187662565824898, 0.07129076395779035, 0.0706990216389373, 0.07010136474892774, 0.06955284429621846, 0.0689993463685864, 0.06844080306050741, 0.06787713967590486, 0.06730828151870216, 0.06673414710227028, 0.06615466173053262, 0.06556975070741258, 0.06497932575572873, 0.06438332576050927, 0.0637816624445728, 0.06317426111184268, 0.06256104027568991, 0.0619419320305903, 0.06132941741188905, 0.06071109008031757, 0.06008687533979924, 0.059456644169838126, 0.05891708045576884, 0.05837301460544609, 0.057824365132240846, 0.05727104375897168, 0.056712982580114396, 0.056150086527935135, 0.055624463817981036, 0.0550945698505557, 0.05456034351068735, 0.0540217101022994, 0.0534687078849939, 0.0529110066054148, 0.052348545148590324, 0.051781262399548715, 0.05120908366221337, 0.05063193424050768, 0.050049725857250205, 0.04946232270139257, 0.04886958896188642, 0.0482713956182358, 0.047722739354478134, 0.047169363656789615, 0.046611173457436386, 0.04604807368868457, 0.04547995570169549, 0.04490673121928769, 0.044328291592622485, 0.043793399778617126, 0.04325397187559621, 0.04270993318748313, 0.04216120222764887, 0.04160771109056924, 0.04104938508016763, 0.04057659286802947, 0.04010028994029095, 0.03962042876308512, 0.03913696180254508, 0.03864094590113564, 0.03814106617540008, 0.037637241138709365, 0.0371293960949869, 0.03661746992926091, 0.03611062988729639, 0.03559970872332834, 0.03508463174128017, 0.03456533103562769, 0.03412135113740123, 0.03367423400395742, 0.03322393889198176, 0.032770425058159726, 0.03231365854972922, 0.031853639366690265, 0.03145675874003853, 0.031057521791697577, 0.03065593531221982, 0.0302520128827101, 0.029845761293720834, 0.029437200916909278, 0.02902633854282785, 0.02862147222653196, 0.02821442614290973, 0.02780520029196116, 0.027393821835895924, 0.02697274647097707, 0.0265494641765222, 0.026123968161978903, 0.025696285589556847, 0.02526642324980845, 0.0248929157045812, 0.024517629034620302, 0.02414070584152654, 0.02376226156469104, 0.023382452386819418, 0.02300140053785521, 0.022619241828846788, 0.022236112070842518, 0.021892116266426075, 0.021547543265054057, 0.021202494925012746, 0.020857066314035996, 0.02051135249985767, 0.02014448611489571, 0.019777524662199897, 0.019410583581161333, 0.01904377831117114, 0.018677224291620435, 0.01831104375245275, 0.017966219500641246, 0.017621924911918385, 0.01727825505401803, 0.016935304994674032, 0.016593183382725096, 0.01623133521600041, 0.01587065502429171, 0.015511258246990102, 0.015153267114039125, 0.01479681064593473, 0.014442011072620449, 0.014088980438211189, 0.013737851158479107, 0.013388738672815322, 0.013041772001715782, 0.012697066584571605, 0.01235474804660253, 0.012030326009532414, 0.011708297642189822, 0.011388768198137238, 0.011071842930937149, 0.01075763048942825, 0.010446232731896822, 0.010137761702457768, 0.009832319259397364, 0.00953898097602294, 0.00924856942074089, 0.008961064221893958, 0.00867644161254868, 0.008389578120905296, 0.008105654938459125, 0.007824644903000489, 0.0075465276428721365, 0.007271272600588181, 0.006931194944917212, 0.006595503986108594, 0.006264158980847818, 0.0059371056047155335, 0.005608470029869739, 0.005284180408571785, 0.004964192602230952, 0.0046484556817041, 0.0043369153225718835, 0.004034976804559427, 0.003736990388054538, 0.0034429051439140786, 0.003152663352442491, 0.002788716905020489, 0.0024307495390029775, 0.0020786288386177958, 0.001732215597540364, 0.0013913740047223132, 0.0010559682491152725, 0.000725859124394663, 0.00040091761006453305, 7.522913496836798e-05, -0.00024539358802359504, -0.0005610897652359353, -0.0008720087888218598, -0.001178289865105948, -0.0015436759096406722, -0.0019026177199302388, -0.0022552918503375287, -0.002601854483568167, -0.0029486208333713605, -0.003289401311217645, -0.0036243758667461106, -0.0039537210543196385, -0.004277606637748692, -0.004596215961948569, -0.004909718790729733, -0.0052182916784550655, -0.0055220874125539825, -0.005821221432417597, -0.006133529123973106, -0.006440866131158271, -0.006743375055573881, -0.007041195103544516, -0.007334468876670965, -0.007623335581277806, -0.00795831692735869, -0.008287604395236662, -0.008611411887312901, -0.008929895586293037, -0.009248820671180375, -0.009562476287390955, -0.00987098806014452, -0.010174478219384605, -0.010473079180883367, -0.010839639990986492, -0.011198999420249796, -0.011551405323836555, -0.011897098766357627, -0.012242442495429143, -0.012581341990255504, -0.012914065477657236, -0.013240864208073825, -0.013562003013049594, -0.013868360483048391, -0.014169743873400635, -0.01446626522822123, -0.014758036591625086, -0.015045164914812791, -0.015404062586511637, -0.015755850549828313, -0.016100754590630734, -0.016439002192424917, -0.01677082253635499, -0.017096443105926968, -0.017416091384646875, -0.017729994856020732, -0.018038341957878148, -0.018341271896543707, -0.01865679321703127, -0.018966537475048794, -0.019270665946216216, -0.019569341603791583, -0.01986272572339483, -0.020150982975922115, -0.0204843498681655, -0.020811085785972218, -0.02113144707269607, -0.021445627259080977, -0.021759337199710908, -0.022066979781754904, -0.022368726466661538, -0.022664748715879375, -0.022955217990856983, -0.02324030575304293, -0.023520185161523884, -0.023795024282472203, -0.024064962322212474, -0.024330123208326327, -0.024660882528441005, -0.02498435388817253, -0.02530078684032228, -0.02561043433296784, -0.025913547616548696, -0.02620158247848427, -0.026483840277949804, -0.026760460221269877, -0.027031576421854758, -0.027297326388390913, -0.02757346929540359, -0.027843891162003677, -0.028108754112630165, -0.028368221120541107, -0.02862245346135643, -0.028871615805972296, -0.029164145164789868, -0.029449886517646094, -0.029729119974828237, -0.030002073868661373, -0.030268908625946386, -0.030545402095227665, -0.030815373238910974, -0.031079010494825924, -0.03133649805670687, -0.03158802351356437, -0.031833771907951836, -0.0321162427609995, -0.03239125419221544, -0.03265910159062986, -0.032920018381482154, -0.033178764742017676, -0.03343074516588722, -0.033676171009034805, -0.03391525532504256, -0.03414820862103546, -0.034375244799414686, -0.03459657351848616, -0.03481240443655582, -0.03502291241034841, -0.035228249802883846, -0.03544055472661019, -0.03564740004619205, -0.03584896910654475, -0.03604544567699309, -0.03623701225363333, -0.036423852605790286, -0.036662763338301846, -0.03689408477966667, -0.0371180915228482, -0.03733505858521937, -0.03754902210137393, -0.037756262970634176, -0.037957070215887415, -0.03815171673245897, -0.038340459288112166, 0.020151229133447284, 0.020243947336169504, 0.02039077266056234, 0.02059114828132748, 0.020844327237698888, 0.021149352061785552, 0.02150506835967633, 0.021910145183097196, 0.022363054657753983, 0.022862099145542072, 0.023405390872889117, 0.023990892674069564, 0.024616397619547405, 0.025279549387633417, 0.02597784905503759, 0.026708682259078804, 0.02746928524492273, 0.028256799190001177, 0.02906826341345968, 0.02990061537615749, 0.030750731423982103, 0.0316154132067444, 0.03249139446873108, 0.03337539537312401, 0.034264068177580875, 0.035154085511416605, 0.03604209284173645, 0.03692474921675052, 0.03779872047522133, 0.038660733570883156, 0.03950754261967995, 0.040335949271422616, 0.04114283666255105, 0.04192518299723902, 0.042680027594632054, 0.043404538794371644, 0.04409598679438555, 0.04475177081309749, 0.04536941908942712, 0.04594661604499974, 0.04648117512193659, 0.046971093107274216, 0.047414522970754776, 0.04780980102703574, 0.048155433354585046, 0.04845012974844317, 0.048692762976908645, 0.04888243668706223, 0.049018431080347556, 0.04910023007478082, 0.0491275280955032, 0.04910023007478082, 0.049018431080347556, 0.04888243668706223, 0.048692762976908645, 0.04845012974844317, 0.048155433354585046, 0.04780980102703574, 0.047414522970754776, 0.046971093107274216, 0.04648117512193659, 0.04594661604499974, 0.04536941908942712, 0.04475177081309749, 0.04409598679438555, 0.043404538794371644, 0.042680027594632054, 0.04192518299723902, 0.04114283666255105, 0.040335949271422616, 0.03950754261967995, 0.038660733570883156, 0.03779872047522133, 0.03692474921675052, 0.03604209284173645, 0.035154085511416605, 0.034264068177580875, 0.03337539537312401, 0.03249139446873108, 0.0316154132067444, 0.030750731423982103, 0.02990061537615749, 0.02906826341345968, 0.028256799190001177, 0.02746928524492273, 0.026708682259078804, 0.02597784905503759, 0.025279549387633417, 0.024616397619547405, 0.023990892674069564, 0.023405390872889117, 0.022862099145542072, 0.022363054657753983, 0.021910145183097196, 0.02150506835967633, 0.021149352061785552, 0.020844327237698888, 0.02059114828132748, 0.02039077266056234, 0.020243947336169504, 0.020151229133447284, -0.038419202958366636, -0.038626975188353625, -0.038827791770616446, -0.03902204485955725, -0.03921006400917311, -0.03939196253680751, -0.03956780643814176, -0.03973766234547147, -0.03989837541058396, -0.04005346398845106, -0.040202990679477885, -0.04034701765966001, -0.04048807759284478, -0.04062356715099874, -0.040753552117598464, -0.04087809509304904, -0.040997237881688804, -0.04112387616697001, -0.04124388082525502, -0.04135730055753695, -0.041464184223962496, -0.04156458079078074, -0.0416585390650872, -0.041746107960079756, -0.04182733633590511, -0.041910841562735904, -0.04198648998779052, -0.04205430808361314, -0.04211432224317119, -0.042159143125255934, -0.0421983808867613, -0.04223205164861787, -0.042260171538387646, -0.04228275668694832, -0.04229982322020404, -0.04231248087581165, -0.042318097941278346, -0.042316659825454336, -0.04230815193636094, 0.020151229133447284, 0.020243947336169504, 0.02039077266056234, 0.02059114828132748, 0.020844327237698888, 0.021149352061785552, 0.02150506835967633, 0.021910145183097196, 0.022363054657753983, 0.022862099145542072, 0.023405390872889117, 0.023990892674069564, 0.024616397619547405, 0.025279549387633417, 0.02597784905503759, 0.026708682259078804, 0.02746928524492273, 0.028256799190001177, 0.02906826341345968, 0.02990061537615749, 0.030750731423982103, 0.0316154132067444, 0.03249139446873108, 0.03337539537312401, 0.034264068177580875, 0.035154085511416605, 0.03604209284173645, 0.03692474921675052, 0.03779872047522133, 0.038660733570883156, 0.03950754261967995, 0.040335949271422616, 0.04114283666255105, 0.04192518299723902, 0.042680027594632054, 0.043404538794371644, 0.04409598679438555, 0.04475177081309749, 0.04536941908942712, 0.04594661604499974, 0.04648117512193659, 0.046971093107274216, 0.047414522970754776, 0.04780980102703574, 0.048155433354585046, 0.04845012974844317, 0.048692762976908645, 0.04888243668706223, 0.049018431080347556, 0.04910023007478082, 0.0491275280955032, 0.04910023007478082, 0.049018431080347556, 0.04888243668706223, 0.048692762976908645, 0.04845012974844317, 0.048155433354585046, 0.04780980102703574, 0.047414522970754776, 0.046971093107274216, 0.04648117512193659, 0.04594661604499974, 0.04536941908942712, 0.04475177081309749, 0.04409598679438555, 0.043404538794371644, 0.042680027594632054, 0.04192518299723902, 0.04114283666255105, 0.040335949271422616, 0.03950754261967995, 0.038660733570883156, 0.03779872047522133, 0.03692474921675052, 0.03604209284173645, 0.035154085511416605, 0.034264068177580875, 0.03337539537312401, 0.03249139446873108, 0.0316154132067444, 0.030750731423982103, 0.02990061537615749, 0.02906826341345968, 0.028256799190001177, 0.02746928524492273, 0.026708682259078804, 0.02597784905503759, 0.025279549387633417, 0.024616397619547405, 0.023990892674069564, 0.023405390872889117, 0.022862099145542072, 0.022363054657753983, 0.021910145183097196, 0.02150506835967633, 0.021149352061785552, 0.020844327237698888, 0.02059114828132748, 0.02039077266056234, 0.020243947336169504, 0.020151229133447284, -0.042304086738832826, -0.04228829293348496, -0.04226668092281077, -0.04223923989265658, -0.04220595901063237, -0.04216682748413652, 0.010421729023494659, 0.010421729023494659, 0.015755657019084386, 0.01585958642384955, 0.01596928779817044, 0.016084863000333335, 0.01620642067917693, 0.01633645296743881, 0.01647288874663134, 0.01661582308448838, 0.016765337467638943, 0.01692151338271206, 0.01708439836357465, 0.01725404673464607, 0.01743049923924083, 0.017613769458463765, 0.01780387776397213, 0.017982632265836764, 0.018167009345103916, 0.018356995420668747, 0.018552542958664334, 0.01875361121577616, 0.018960132286480042, 0.0191720382652518, 0.019359457512002437, 0.01955076774528888, 0.019745894269034517, 0.019944775968267586, 0.020147310984701808, 0.020366014306444483, 0.02058861540527538, 0.020814978470146125, 0.021044974480560766, 0.021278447253813684, 0.02151525418830408, 0.021755218729669085, 0.021998184695203066, 0.02224396194943831, 0.022492373938011925, 0.022743223734903787, 0.022996307623541334, 0.023274720272699893, 0.02355527194587028, 0.02383769781150817, 0.024121705875859576, 0.024407010935722912, 0.02469330741623935, 0.024980310114207312, 0.02522868815001884, 0.02547718162522148, 0.02572558003269026, 0.025973706818062305, 0.02622135147421263, 0.02648328345265149, 0.02674423759154208, 0.027004003383759433, 0.02726235674107374, 0.0275190803658076, 0.02777397733194089, 0.028026837132348627, 0.028277469631563096, 0.02852567111301174, 0.028771265022331682, 0.029014074805160037, 0.029253930697686344, 0.029512039595113584, 0.029766237134347766, 0.030016353551578428, 0.030262198711337854, 0.030503623221472834, 0.030740470899277745, 0.030972612724256634, 0.031217968964241928, 0.03145754644411908, 0.03169122293394455, 0.031918896575432065, 0.03214444477401259, 0.032363589481662465, 0.03257628316451477, 0.032782478288702566, 0.03298214769201618, 0.03317527779335078, 0.03336186180215394, 0.03354193367118776, 0.03371550019100466, 0.03388260889547156, 0.034052854835155806, 0.03421596390424821, 0.03437202437993021, 0.034521131329935666, 0.03466340019365569, 0.03479893282937656, 0.03492002196010328, 0.035038286221023895, 0.03515350831446103, 0.035265470942737284, 0.03537587853450969, 0.03548242230195598, 0.0355848645757415, 0.03568294731487433, 0.035776412478362586, 0.03586501560631919, 0.035948498657752244, 0.03602660359166985, 0.03609906557652768, 0.036165646942991084, 0.036220854134153505, 0.03627079864719158, 0.03631529713719002, 0.03635417984033836, 0.0363872634117213, 0.03641437808752837, 0.03643537447560638, 0.036448459870116835, 0.036456751134619825, 0.03646016678248633, 0.03645861853653491, 0.03645201811958413, 0.03643942164484781, 0.03642097850447916, 0.03639662079295399, 0.03636627381419571, 0.03632989003433738, 0.03628742191951207, 0.03623882872640528, 0.03618409008335974, 0.03612317203761336, 0.036056088170270985, 0.03598283169078019, 0.03590341618024582, 0.03580978804349952, 0.03570891438732268, 0.035600856326687066, 0.03548568855766928, 0.03536351293855561, 0.03523443811818473, 0.03509857953594777, 0.03497580634822127, 0.034848171124963113, 0.034715775724459594, 0.03457874237665423, 0.03443717293983332, 0.03428222611474795, 0.03412248515965512, 0.03395811304781288, 0.03378928633358409, 0.03361618157133166, 0.03343898889652328, 0.03325787807296943, 0.03307305960779507, 0.03288472363646794, 0.03269307387556057, 0.032498307251093116, 0.03230062747963812, 0.03208189699568577, 0.031860219411983796, 0.03163585276952409, 0.03140906869040339, 0.03118013200616604, 0.03094930754835634, 0.030716846567413778, 0.030514820842410945, 0.03031193271725096, 0.03010833837463945, 0.02990419399728204, 0.02969965576788436, 0.029438993622747763, 0.02917822961932489, 0.028917655751369734, 0.028657543640979038, 0.028398158119697123, 0.02813975043796347, 0.027882571846217563, 0.027626832851584383, 0.02737276433284615, 0.02712055642547059, 0.026855317448003926, 0.026592597765484526, 0.026332594303932522, 0.02607549040826322, 0.025821449051734665, 0.02557061962650006, 0.025310541468871454, 0.025048779254243064, 0.024785550280292275, 0.02452107184469648, 0.02425073995291594, 0.023979599985397598, 0.023707916773685774, 0.02343594835877237, 0.023163966362754133, 0.0228922424077278, 0.022621075277999784, 0.022350736595666824, 0.022081518354482917, 0.021813712548202056, 0.021571724422216342, 0.021331366028811066, 0.021092847875111204, 0.020856400839898984, 0.02062223543029938, 0.02039055536288495, 0.020161584725885497, 0.019913091250682857, 0.01966838690372974, 0.019427736516570468, 0.019191398130196945, 0.01895960941394382, 0.018753034018820586, 0.018550594070120222, 0.018352432169443513, 0.018158711290048504, 0.017969574033535985, 0.017785149420401904, 0.017605566471142215, 0.017430947415700452, 0.01726139411236289, 0.01709700162886339, 0.01693785824238339, 0.016784045439551913, 0.01663561754478831, 0.01649264925416918, 0.016357863579214347, 0.0162283949068032, 0.016104263608592993, 0.015985483265688567, 0.01587005745567888, 0.015760193108099944, 0.015655876641846925, 0.015557087685262568, 0.015463805866689613, 0.010421729023494659, 0.010421729023494659, -0.042152111932636106, -0.04210420364366494, -0.04205017460008434, -0.041989979721644935, -0.04192357387504619, -0.04185091191372475, -0.04177194866459169, -0.04169065508885288, -0.04160353972849022, -0.04151056332562252, -0.04141168662236863, -0.041306868716260464, -0.04119604690079052, -0.041079143084605994, -0.040956078858046925, -0.0408267761297605, -0.04069115627788201, -0.04054914110495624, -0.04040065220132326, -0.040245611369527846, -0.0400839399877053, -0.03991555975229803, -0.03974037538336743, -0.0395775118351859, -0.03940895844069197, -0.03923460464120405, -0.03905433987804059, -0.038868053380315265, -0.03866377319190949, -0.03845246265970293, -0.03823398979233296, -0.03800822259843693, -0.03777502908665223, -0.03753426920183521, -0.03730440136309746, -0.03706769968216955, -0.03682398633146001, -0.036573085181015486, -0.036354430666368315, -0.03613036365703408, -0.035900750464012025, -0.035665443392787065, -0.035424295597663136, -0.03517715811089656, -0.034923884935610355, -0.03466432625524176, -0.03439833267763759, -0.0341257072767777, -0.03384622172033702, -0.03355965107126668, -0.0333132889807044, -0.03306163195689379, -0.03280454588642459, -0.03254189495824843, -0.032268598990337204, -0.03198917115359208, -0.03170338311568798, -0.031411006544299826, -0.0311118139559216, -0.030876129160218358, -0.03063614509601515, -0.030391757358568548, -0.03014286154313511, -0.029884692379555156, -0.02962155932215728, -0.029353255259092714, -0.02907957562496985, -0.02880031500557803, -0.0285152679867066, -0.028224228305325835, -0.027926990547225087, -0.027623350995831797, -0.027313100841659093, -0.027025149163990646, -0.02673135591360418, -0.0264313900510693, -0.026124903560574553, -0.025811550123946595, -0.02549097833009777, -0.02516284016321663, -0.024899407472693286, -0.024630712104045605, -0.024356450180052856, -0.02407632121877052, -0.023790017947701664, -0.023497238187263663, -0.023197678060235784, -0.022957851027557256, -0.022713401326319833, -0.02246408110136024, -0.022209650985705723, -0.02194986312419301, -0.021708839256650722, -0.021463000887443715, -0.0212121680669329, -0.02095615745020298, -0.020694777204148126, -0.020427723451547617, -0.020154571782875292, -0.019898455912582883, -0.01963652053886782, -0.019368431227023485, -0.019093856937619485, -0.018812464933587313, -0.018523922477858452, -0.01827577701846726, -0.018022154978550545, -0.017762859432088173, -0.0174976544073836, -0.0172677110237502, -0.01703297690538555, -0.01679319401129774, -0.016548100905218664, -0.016297437848518313, -0.016040948497842884, -0.015793544906303414, -0.015540450831837239, -0.0152812775153184, -0.015015615825963682, -0.01474306342354229, -0.01448210588937549, -0.014214461358714571, -0.013939800489767236, -0.013725132453799254, -0.013506031884740097, -0.01328231034476015, -0.013053658863724369, -0.012819761680945297, -0.01258461843179743, -0.012343798280827696, -0.012096999048453471, -0.011843911764539713, -0.011624013305571381, -0.011399181510271009, -0.011169236428999505, -0.01093398792628915, -0.010693249261948439, -0.010446830300509649, -0.010258073314932566, -0.010065663012154329, -0.009869348141735452, -0.009668867267407826, -0.009463975929284382, -0.00925441269109701, -0.009039929697682433, -0.00882026890804875, -0.00861884754221116, -0.008412886692081803, -0.008202196222192959, -0.007986602973457957, -0.00776591681040908, -0.007560723292703014, -0.007351034429295899, -0.007136714409139366, -0.006917627421185046, -0.006693630863832149, -0.006464592321308514, -0.006230372587289564, -0.006032444960671293, -0.005830276634067669, -0.005623840445269017, -0.0054131058367894525, -0.0051980388558668855, -0.004998739537660077, -0.004795814064461791, -0.00458923527406235, -0.004378986190080709, -0.004165036255030985, -0.003947368492532131, -0.0037259557403744735, -0.00352913157852421, -0.003329407850791246, -0.003126770976070745, -0.0029212039779816608, -0.0027127102518002028, -0.002501439189679577, -0.002287597903468549, -0.0020713833191872547, -0.001875808618981995, -0.0016786415342345971, -0.0014800280618220583, -0.001280117593897586, -0.0010790527320619682, -0.0008647021544195523, -0.0006494042947147555, -0.0004333730553487606, -0.00021683252455137808, 0.0]
roots = [4, 0, 0, 0, 0, 0, 0, 0, 0, 0, 0, 0, 0, 0, 0, 0, 0, 0, 0, 0, 0, 0, 0, 0, 0, 0, 0, 0, 0, 0, 0, 0, 0, 0, 0, 0, 0, 0, 0, 0, 0, 0, 0, 0, 0, 0, 0, 0, 0, 0, 0, 0, 0, 0, 0, 0, 0, 0, 0, 0, 0, 0, 0, 0, 0, 0, 0, 0, 0, 0, 0, 0, 0, 0, 0, 0, 0, 0, 0, 0, 0, 0, 0, 0, 0, 0, 0, 0, 0, 0, 0, 0, 0, 0, 0, 0, 0, 0, 0, 0, 0, 0, 0, 0, 0, 0, 0, 0, 0, 0, 0, 0, 0, 0, 0, 0, 0, 0, 0, 0, 0, 0, 0, 0, 0, 0, 0, 0, 0, 0, 0, 0, 0, 0, 0, 0, 0, 0, 0, 0, 0, 0, 0, 0, 0, 0, 0, 0, 0, 0, 0, 0, 0, 0, 0, 0, 0, 0, 0, 0, 0, 0, 0, 0, 0, 0, 0, 0, 0, 0, 0, 0, 0, 0, 0, 0, 0, 0, 0, 0, 0, 0, 0, 0, 0, 0, 0, 0, 0, 0, 0, 0, 0, 0, 0, 0, 0, 0, 0, 0, 0, 0, 0, 0, 0, 0, 0, 0, 0, 0, 0, 0, 0, 0, 0, 0, 0, 0, 0, 0, 0, 0, 0, 0, 0, 0, 0, 0, 0, 0, 0, 0, 0, 0, 0, 0, 0, 0, 0, 0, 0, 0, 0, 0, 0, 0, 0, 0, 0, 0, 0, 0, 0, 0, 0, 0, 0, 0, 0, 0, 0, 0, 0, 0, 0, 0, 0, 0, 0, 0, 0, 0, 0, 0, 0, 0, 0, 0, 0, 0, 0, 0, 0, 0, 0, 0, 0, 0, 0, 0, 0, 0, 0, 0, 0, 0, 0, 0, 0, 0, 0, 0, 0, 0, 0, 0, 0, 0, 0, 0, 0, 0, 0, 0, 0, 0, 0, 0, 0, 0, 0, 0, 0, 0, 0, 0, 0, 0, 0, 0, 0, 0, 0, 0, 0, 0, 0, 0, 0, 0, 0, 0, 0, 0, 0, 0, 0, 0, 0, 0, 0, 0, 0, 0, 0, 0, 0, 0, 0, 0, 0, 0, 0, 0, 0, 0, 0, 0, 0, 0, 0, 0, 0, 0, 0, 0, 0, 0, 0, 0, 0, 0, 0, 0, 0, 0, 0, 0, 0, 0, 0, 0, 0, 0, 0, 0, 0, 0, 0, 0, 0, 0, 0, 0, 0, 0, 0, 0, 0, 0, 0, 0, 0, 0, 0, 0, 0, 0, 0, 0, 0, 0, 0, 0, 0, 0, 0, 0, 0, 0, 0, 0, 0, 0, 0, 0, 0, 0, 0, 0, 0, 0, 0, 0, 0, 0, 0, 0, 0, 0, 0, 0, 0, 0, 0, 0, 0, 0, 0, 0, 0, 0, 0, 0, 0, 0, 0, 0, 0, 0, 0, 0, 0, 0, 0, 0, 0, 0, 0, 0, 0, 0, 0, 0, 0, 0, 0, 0, 0, 0, 0, 0, 0, 0, 0, 0, 0, 0, 0, 0, 0, 0, 0, 0, 0, 0, 0, 0, 0, 0, 0, 0, 0, 0, 0, 0, 0, 0, 0, 4, 0, 0, 0, 0, 0, 0, 0, 0, 0, 0, 0, 0, 0, 0, 0, 0, 0, 0, 0, 0, 0, 0, 0, 0, 0, 0, 0, 0, 0, 0, 0, 0, 0, 0, 0, 0, 0, 0, 0, 0, 0, 0, 0, 0, 0, 0, 0, 0, 0, 0, 0, 0, 0, 0, 0, 0, 0, 0, 0, 0, 0, 0, 0, 0, 0, 0, 0, 0, 0, 0, 0, 0, 0, 0, 0, 0, 0, 0, 0, 0, 0, 0, 0, 0, 0, 0, 0, 0, 0, 0, 0, 0, 0, 0, 0, 0, 0, 0, 0, 0, 0, 0, 0, 0, 0, 0, 0, 0, 0, 0, 0, 0, 0, 0, 0, 0, 0, 0, 0, 0, 0, 0, 0, 0, 0, 0, 0, 0, 0, 0, 0, 0, 0, 0, 0, 0, 0, 0, 0, 0, 0, 0, 0, 0, 0, 0, 0, 0, 0, 0, 0, 0, 0, 0, 0, 0, 0, 0, 0, 0, 0, 0, 0, 0, 0, 0, 0, 0, 0, 0, 0, 0, 0, 0, 0, 0, 0, 0, 0, 0, 0, 0, 0, 0, 0, 0, 0, 0, 0, 0, 0, 4, 4, 0, 0, 0, 0, 0, 0, 0, 0, 0, 0, 0, 0, 0, 0, 0, 0, 0, 0, 0, 0, 0, 0, 0, 0, 0, 0, 0, 0, 0, 0, 0, 0, 0, 0, 0, 0, 0, 0, 0, 0, 0, 0, 0, 0, 0, 0, 0, 0, 0, 0, 0, 0, 0, 0, 0, 0, 0, 0, 0, 0, 0, 0, 0, 0, 0, 0, 0, 0, 0, 0, 0, 0, 0, 0, 0, 0, 0, 0, 0, 0, 0, 0, 0, 0, 0, 0, 0, 0, 0, 0, 0, 0, 0, 0, 0, 0, 0, 0, 0, 4, 4, 0, 0, 0, 0, 0, 0, 0, 0, 0, 0, 0, 0, 0, 0, 0, 0, 0, 0, 0, 0, 0, 0, 0, 0, 0, 0, 0, 0, 0, 0, 0, 0, 0, 0, 0, 0, 0, 4, 4, 0, 0, 0, 0, 0, 0, 0, 0, 0, 0, 0, 0, 0, 0, 0, 0, 0, 0, 0, 0, 0, 0, 0, 0, 0, 0, 0, 0, 0, 0, 0, 0, 0, 0, 0, 0, 0, 0, 0, 0, 0, 0, 0, 0, 0, 0, 0, 0, 0, 0, 0, 0, 0, 0, 0, 0, 0, 0, 0, 0, 0, 0, 0, 0, 0, 0, 0, 0, 0, 0, 0, 0, 0, 0, 0, 0, 0, 0, 0, 0, 0, 0, 0, 0, 0, 0, 0, 0, 0, 0, 0, 0, 0, 0, 0, 0, 0, 0, 0, 4, 4, 0, 0, 0, 0, 4, 4, 4, 4, 0, 0, 0, 0, 0, 0, 0, 0, 0, 0, 0, 0, 0, 0, 0, 0, 0, 0, 0, 0, 0, 0, 0, 0, 0, 0, 0, 0, 0, 0, 0, 0, 0, 0, 0, 0, 0, 0, 0, 0, 0, 0, 0, 0, 0, 0, 0, 0, 0, 0, 0, 0, 0, 0, 0, 0, 0, 0, 0, 0, 0, 0, 0, 0, 0, 0, 0, 0, 0, 0, 0, 0, 0, 0, 0, 0, 0, 0, 0, 0, 0, 0, 0, 0, 0, 0, 0, 0, 0, 0, 0, 0, 0, 0, 0, 0, 0, 0, 0, 0, 0, 0, 0, 0, 0, 0, 0, 0, 0, 0, 0, 0, 0, 0, 0, 0, 0, 0, 0, 0, 0, 0, 0, 0, 0, 0, 0, 0, 0, 0, 0, 0, 0, 0, 0, 0, 0, 0, 0, 0, 0, 0, 0, 0, 0, 0, 0, 0, 0, 0, 0, 0, 0, 0, 0, 0, 0, 0, 0, 0, 0, 0, 0, 0, 0, 0, 0, 0, 0, 0, 0, 0, 0, 0, 0, 0, 0, 0, 0, 0, 0, 0, 0, 0, 0, 0, 0, 0, 0, 0, 0, 0, 0, 0, 0, 0, 0, 0, 0, 0, 0, 0, 0, 0, 0, 0, 0, 0, 0, 0, 0, 0, 0, 0, 0, 0, 0, 0, 0, 0, 0, 0, 0, 0, 0, 0, 0, 4, 4, 4, 4, 0, 0, 0, 0, 0, 0, 0, 0, 0, 0, 0, 0, 0, 0, 0, 0, 0, 0, 0, 0, 0, 0, 0, 0, 0, 0, 0, 0, 0, 0, 0, 0, 0, 0, 0, 0, 0, 0, 0, 0, 0, 0, 0, 0, 0, 0, 0, 0, 0, 0, 0, 0, 0, 0, 0, 0, 0, 0, 0, 0, 0, 0, 0, 0, 0, 0, 0, 0, 0, 0, 0, 0, 0, 0, 0, 0, 0, 0, 0, 0, 0, 0, 0, 0, 0, 0, 0, 0, 0, 0, 0, 0, 0, 0, 0, 0, 0, 0, 0, 0, 0, 0, 0, 0, 0, 0, 0, 0, 0, 0, 0, 0, 0, 0, 0, 0, 0, 0, 0, 0, 0, 0, 0, 0, 0, 0, 0, 0, 0, 0, 0, 0, 0, 0, 0, 0, 0, 0, 0, 0, 0, 0, 0, 0, 0, 0, 0, 0, 0, 0, 0, 0, 0, 0, 0, 0, 0, 0, 0, 0, 0, 0, 0, 0, 0, 0, 0, 0, 0, 0, 0, 0, 0, 0, 0, 0, 0, 0, 0, 0, 0, 0, 0, 0, 0, 0, 4]
tipx = [1.0, 0.9999988785028124, 0.9999944626076366, 0.9999871728759177, 0.9999820560449996, 0.9999706307924016, 0.9999531073988464, 0.9999296961450567, 0.9999004671246067, 0.9998655605246448, 0.9998212613857373, 0.9997706538251501, 0.9997139481236055, 0.9996512143746781, 0.9995828030462387, 0.9995088543254359, 0.9994295083994181, 0.9993450456424823, 0.9992556062417767, 0.9991614705715984, 0.9990629190062441, 0.9989603020135851, 0.9988538298743439, 0.9987439932435402, 0.9986332453962715, 0.9985198339931826, 0.9984038992214216, 0.9982859317360082, 0.9981638988232902, 0.9980402537583649, 0.9979153470091037, 0.9977895290433776, 0.9976630101419094, 0.9959851101622155, 0.9943075606503927, 0.9926304317000152, 0.9909535831239347, 0.9892770850157251, 0.9871438571778939, 0.985011049901508, 0.9828786631865675, 0.980746626939498, 0.9786150112538738, 0.9759508245913212, 0.9732869883966396, 0.9706235026698292, 0.9679602272237414, 0.9611814075672882, 0.9544031486594289, 0.948351549835515, 0.9423003715730462, 0.936249613872023, 0.9301994169195935, 0.924039663710657, 0.9178805413438886, 0.9117220498192883, 0.9055641891368558, 0.8994070293901656, 0.8933604773035956, 0.8873146261527677, 0.8812693357505336, 0.8752245360033191, 0.8675319064197513, 0.8598400478655, 0.8521488902469908, 0.8444585036577982, 0.8367687479107734, 0.8290796930994909, 0.8213913392239506, 0.813703546097004, 0.8058766873188037, 0.7980504593827714, 0.7902248622889071, 0.7823998259436364, 0.7745752802533855, 0.7654273678818486, 0.7562800162589055, 0.7471332954781303, 0.7379870653523748, 0.7288413258816387, 0.719696006972348, 0.7057292314667157, 0.6917630868032515, 0.6777972926076583, 0.663831778786362, 0.6498661948714914, 0.6396244722742414, 0.6293824693026944, 0.619140045769702, 0.6113181636352715, 0.6034959310329697, 0.5956732778692226, 0.5878500990036689, 0.5800263593895214, 0.5735060798815811, 0.5669853447654084, 0.560464083947429, 0.5539422974276429, 0.547419915112476, 0.5408969019551411, 0.5354170914629321, 0.5299367903157035, 0.5244559634666683, 0.5189746109158265, 0.5133930596006363, 0.5078109124900652, 0.502228134537326, 0.496644760789206, 0.49106068610534376, 0.48566186873814676, 0.4802623854819946, 0.47486220129010026, 0.4694613512092508, 0.4648782478120466, 0.4602946537598228, 0.4557104989590053, 0.451125783409594, 0.446540542158376, 0.44195470511177715, 0.4380235420483992, 0.43409192337678876, 0.430159884143733, 0.42622738930244486, 0.42229447389971136, 0.4183610678419583, 0.41442724122276, 0.41057163903239186, 0.4067156162805784, 0.4028591379205325, 0.39900227404582844, 0.39507482594188414, 0.39114695727649457, 0.3872186680496596, 0.38328992321459227, 0.37936072277129246, 0.3759148525690311, 0.3724685968521116, 0.3690220257141081, 0.36557513915502055, 0.36212793717484903, 0.3586803847268064, 0.35523255190446695, 0.35178440366104347, 0.34869460881582304, 0.34560460368987994, 0.34251438828321423, 0.3394239625958258, 0.33633336167450184, 0.3330551903485634, 0.3297768437886895, 0.32649828694809285, 0.32321955487356063, 0.31994064756509294, 0.31666156502268966, 0.31356973746381683, 0.3104777346710085, 0.30738562673783876, 0.30429341366430773, 0.30120106040362826, 0.29838978237557356, 0.29557839920715756, 0.2927669634685609, 0.2899554926831771, 0.2871440043743998, 0.2843324985422289, 0.28152101023345155, 0.27870952192467424, 0.27589808618607753, 0.2730867030176615, 0.27027537241942623, 0.26746412943815867, 0.2646529915972524, 0.2618419588967075, 0.2590872989532296, 0.25633279672029363, 0.2535784697212932, 0.2508243530030155, 0.24802036470667976, 0.24521663926124737, 0.24241319419011187, 0.23961002949327323, 0.2368071802175186, 0.23409795843352918, 0.2313890695940173, 0.22868056626916367, 0.2259724659823618, 0.22367502642352513, 0.2213779373325596, 0.2190811811860716, 0.21678482807763536, 0.21448886048385735, 0.2121932959281311, 0.20989816945724374, 0.2076034985945888, 0.20530930086355983, 0.203015611310944, 0.2007224124133477, 0.19842977426434516, 0.1962418909620154, 0.19405453336149225, 0.19186775403295644, 0.18968157049980153, 0.18749600028542104, 0.18531106091320854, 0.18312678742995112, 0.1809432148824359, 0.17865641202348723, 0.1763704152406421, 0.17408525958068763, 0.17180096256701735, 0.16951755924641837, 0.1672351021890714, 0.1653186036827304, 0.1634028236355252, 0.16148777957084928, 0.15957350653548982, 0.15762523811663331, 0.15567782834406105, 0.1537312947411665, 0.15178567235473686, 0.14984096118477205, 0.14793192764408558, 0.14602382284325752, 0.14411669935246854, 0.14221057469511222, 0.1402708401689171, 0.13833220961651596, 0.13639472684639267, 0.13445842690533436, 0.13252337112521845, 0.1305895945528321, 0.1286571497583559, 0.12672607178857703, 0.12479641321367613, 0.12286821784213707, 0.12111661446915017, 0.11936629906558957, 0.11761728915484883, 0.11586962854541184, 0.1141233522840657, 0.11237848665590076, 0.11063506670770412, 0.10892049026529928, 0.10720738578795307, 0.10549579708414937, 0.10378576796237209, 0.10207733346940832, 0.10037053741374197, 0.09866542360385691, 0.09699606627852116, 0.09532840872236026, 0.09366246845876777, 0.09199831558131791, 0.09030580985309579, 0.08861529303004217, 0.0869268352057313, 0.08524049771204059, 0.08355635940424107, 0.08223468373043329, 0.08091443621320026, 0.07959566066102586, 0.07827837459730365, 0.07696263935391108, 0.0755688987241077, 0.07417699805062761, 0.07278700742704503, 0.07139897066184385, 0.07001294908690152, 0.0686289908915503, 0.06724715740766767, 0.06586750558628263, 0.06449008361672749, 0.06311495721172808, 0.06174217894146507, 0.06037181013781588, 0.05906603694365942, 0.05776256807575545, 0.05646145610428466, 0.0551627535994277, 0.05386650875051685, 0.052572782889429556, 0.05128161544380132, 0.049993072126357965, 0.048858896763590426, 0.0477269030633205, 0.04659720492760631, 0.04546989873511239, 0.04434509838789686, 0.0433248119406927, 0.04230676410701523, 0.04129103374213541, 0.04027769970132427, 0.039266840839852796, 0.03825854477468876, 0.037252881599406394, 0.036249936740549264, 0.03524979124381258, 0.03425254148786088, 0.03325832327899422, 0.03226726804266428, 0.031279513775595284, 0.030295196284087295, 0.029334027195465674, 0.028376417546159948, 0.027422489999924998, 0.026472375982212495, 0.025669300759821354, 0.024869136611184565, 0.02407196458199732, 0.023277856956258034, 0.0224868947796619, 0.021699154717055722, 0.020962044119278794, 0.020227934402648192, 0.01949691975540427, 0.018769087794514798, 0.018044533803432242, 0.017323346494336474, 0.01660561567461946, 0.015891433342097368, 0.015254613506485023, 0.014620798932867388, 0.013990200997179224, 0.01336309678808112, 0.012739761203809473, 0.012176595476945768, 0.011616981522913274, 0.011061125241586265, 0.010509234723263209, 0.009961516963030477, 0.009418180051186534, 0.008879430982817751, 0.008494410812866069, 0.008112251336912265, 0.00773332437946334, 0.007358002312632341, 0.006986658603744413, 0.006619665077306554, 0.0062737538361337004, 0.005932469866071507, 0.005595981282176894, 0.005264079446545344, 0.004936499317849336, 0.0046129747595492505, 0.00429324155172664, 0.003977033831644908, 0.0037014765513688117, 0.0034282632987837434, 0.0031573425989211337, 0.0028896604412299376, 0.0026978222688757263, 0.0025089874418950556, 0.0023236997330941833, 0.0021425025045748326, 0.0019659177618028293, 0.0017944037141393388, 0.001628407892627579, 0.0014880397603872194, 0.0013525384769037818, 0.001222203719587362, 0.0010973324962685687, 0.0009780350126646822, 0.0008641154996133288, 0.000755349643986851, 0.0006515133380098597, 0.0005624793711325433, 0.00047706169192403915, 0.0003950989961776572, 0.00031655842753048144, 0.00024262336265353383, 0.0001946017689545992, 0.00015038405222150017, 0.00011060870399421398, 7.591419870002881e-05, 5.093628678701342e-05, 3.046589352599123e-05, 1.4893037421016917e-05, 4.607733767515968e-06, 0.0, 1.4598532855948651e-06, 7.961189250004637e-06, 2.0770100618323673e-05, 3.954862221047726e-05, 6.395878216174654e-05, 9.424958079278443e-05, 0.00012967156360984414, 0.00016986799521946929, 0.0002144821273936868, 0.00026315723757355705, 0.00032916835736383467, 0.0004002706219260025, 0.00047587523496899376, 0.0005559445828023453, 0.0006421994489830228, 0.0007333712698740692, 0.0008296055033321434, 0.0009310476756646606, 0.0010378432447282798, 0.0011480835296406098, 0.0012637659234639152, 0.0013849830400711647, 0.0015114786682823703, 0.001645264575818572, 0.00178364503500403, 0.0019261770325454278, 0.002072417555149449, 0.0022219233157197526, 0.0024127221317937235, 0.0026070653280172496, 0.0028042755157082155, 0.0030041467949923468, 0.0032621697295923085, 0.003524017966244757, 0.0037894204399556365, 0.004058104716715768, 0.004357819364022777, 0.004661056761040421, 0.004967680553862601, 0.005277556031401361, 0.005596264942110067, 0.005918060160508678, 0.006242798213812457, 0.006570336176842723, 0.006900530029208693, 0.007316789481414794, 0.007736706394419486, 0.008160053511712602, 0.008586613433692845, 0.009024004455708326, 0.009464269861872902, 0.009907180205252209, 0.010352505491305838, 0.010800014630281279, 0.01135526854495483, 0.011913337154718177, 0.01247405398733255, 0.013037253665771268, 0.01360276971779556, 0.014204905281501753, 0.01480926193534106, 0.01541564254113599, 0.01602384886549695, 0.016633681579822247, 0.017244944641146485, 0.017980068524179094, 0.018716649039300978, 0.0194545810461508, 0.020193853592607596, 0.020934457916974583, 0.021721391903477223, 0.022509802235886885, 0.023299680152506795, 0.024091010320367586, 0.024883788358620876, 0.025677996743873104, 0.026520048374379313, 0.027363585112489323, 0.028208497436993413, 0.02905467582668186, 0.029902015141193342, 0.030750403668893936, 0.031599734078998125, 0.032681889057572966, 0.03376517210460793, 0.034849443032954563, 0.03593467117667415, 0.03702083244110054, 0.03810790054114342, 0.039195853572560835, 0.040466216369190705, 0.04173771380555327, 0.04301029331146788, 0.04428389793590545, 0.04555847948953373, 0.04683397225962688, 0.048226398634913625, 0.049619771273452344, 0.05101401570082044, 0.05240906182344368, 0.05380483954774785, 0.05520126563761356, 0.05659827438031498, 0.05832385989472085, 0.06005017701080766, 0.06177719506263667, 0.06350486586087561, 0.06523315873958575, 0.06696202989028323, 0.0686914486470293, 0.0706179792961806, 0.07254508383647085, 0.07447271407856774, 0.07640083935653258, 0.07832942024272985, 0.08025843045206921, 0.08218784369946035, 0.08411761617641936, 0.0866911718475047, 0.08926524445869992, 0.09183979896321791, 0.09441478279087799, 0.09699017841828662, 0.0995659507986567, 0.10237626504006583, 0.10518694727273964, 0.10799797121158776, 0.11080929304812631, 0.11362091278235531, 0.11643280412918441, 0.1192449408035233, 0.12260417534804789, 0.1259637165519597, 0.1293235293684716, 0.13268359627419007, 0.13604389098402475, 0.14032092202769775, 0.14459825096906118, 0.14887580771454084, 0.15315356597904636, 0.1574314819540939, 0.1574314819540939, 0.15628934220895555, 0.1551566826197305, 0.1540377788944463, 0.15293681912416257, 0.15185797387654545, 0.1508052910555062, 0.14978273094798825, 0.14879414870057378, 0.14784325927269645, 0.14693364619833832, 0.14606872653924263, 0.14525175964661063, 0.1444858121143145, 0.14377378406398758, 0.1431183390514503, 0.14252195663689068, 0.14198687105298702, 0.14151509748999816, 0.14110841457236997, 0.14076835559703849, 0.14049619977173328, 0.1402929634532805, 0.1401594176709966, 0.14009607060329468, 0.1401031412925942, 0.14018062973889514, 0.1403282205211135, 0.14054537917574583, 0.14083126457990153, 0.14118482532996726, 0.14160471212463926, 0.1420893566201944, 0.1426369276220061, 0.14324536613133165, 0.14391238534531214, 0.14463547065697235, 0.14541190594031125, 0.14623875602690836, 0.1471129192761044, 0.1480311100516078, 0.14898986748319137, 0.1499855817517828, 0.15101450285116128, 0.15207277563474464, 0.15315638724540875, 0.15426127225584885, 0.15538329514518587, 0.15651819772878595, 0.15766172182201518, 0.1588095741934525, 0.15995742656488987, 0.16110095065811908, 0.16223587076511273, 0.1633578761310562, 0.1644627611414963, 0.16554639027555396, 0.16660464553574375, 0.16763356663512222, 0.16862928090371365, 0.16958803833529723, 0.17050622911080063, 0.17138040112169345, 0.17220724244659377, 0.17298368649162946, 0.17370677180328967, 0.17437378225557337, 0.1749822295265957, 0.17552980052840741, 0.17601442750056898, 0.1764343230569378, 0.17678787504530674, 0.1770737692111592, 0.17729091910409478, 0.1774385186480099, 0.17751600709431084, 0.17752308654530713, 0.1774597394776052, 0.17732619369532132, 0.17712295737686853, 0.17685080155156332, 0.17651074257623184, 0.17610405965860365, 0.175632277333918, 0.17509720051171113, 0.17450080933545473, 0.17384536432291745, 0.17313333627259053, 0.17236738874029442, 0.17155043060935918, 0.1706855109502635, 0.16977588911420857, 0.16882499968633125, 0.16783641743891678, 0.16681385733139883, 0.16576117451035957, 0.16468232926274246, 0.1635813870158523, 0.16246246576717452, 0.1613298061779495, 0.16018766643281113, 0.16018766643281113, 0.16551044979537233, 0.17083344343865617, 0.17615664736266268, 0.18148002652060474, 0.18680358091248236, 0.1921272754915084, 0.19745112778107646, 0.20422709112438014, 0.21100324722501293, 0.2177795610361877, 0.22455599751111738, 0.23133255664980193, 0.23810922092884781, 0.244885990348255, 0.2534156773951658, 0.26194550462922495, 0.2704754370036455, 0.2790054920418209, 0.28753565222035765, 0.29529045480425914, 0.30304532748173485, 0.3108002702527848, 0.318555318164196, 0.3263104712159686, 0.3340656943613154, 0.34182098760023644, 0.348606921754473, 0.3553928909554967, 0.36217893025009457, 0.3689650396382667, 0.3757511490264388, 0.3825373285081851, 0.38932354303671857, 0.396109757565252, 0.40219026998853197, 0.40827074736502483, 0.4143512597883048, 0.42043180725837187, 0.4265123196816518, 0.43296134907139683, 0.43941037846114184, 0.44585937280409976, 0.45230836714705763, 0.45875729139644134, 0.4652061805990379, 0.4652061805990379, 0.4640640408538996, 0.4629313987880681, 0.4618124950627839, 0.46071153529250014, 0.459632690044883, 0.4585800247472373, 0.45755746463971936, 0.45656886486891135, 0.45561797544103405, 0.45470837112837265, 0.45384345146927696, 0.4530264758149482, 0.45226052828265206, 0.4515484827089316, 0.4508930727431814, 0.45029668156692504, 0.4497615872213246, 0.4492898224200325, 0.4488831395024043, 0.4485430805270728, 0.44827090717837403, 0.4480676708599213, 0.4479341426010309, 0.44787077800993547, 0.4478778574609318, 0.4479553459072327, 0.44810292792775425, 0.44832007782068983, 0.44860598950993585, 0.4489595414983048, 0.4493794370546736, 0.4498640640268352, 0.4504116350286469, 0.4510200822996692, 0.45168709275195296, 0.45241017806361317, 0.4531866045852553, 0.45401346343354915, 0.454887635444442, 0.45580582621994536, 0.4567646011749225, 0.4577603154435139, 0.4587892190194988, 0.4598474918030822, 0.4609311034137463, 0.4620359884241864, 0.46315801131352347, 0.46429289637372995, 0.4654364379903527, 0.4665842903617901, 0.46773214273322744, 0.4688756843498502, 0.47001056941005676, 0.47113259229939375, 0.47223747730983384, 0.47332108892049796, 0.47437936170408135, 0.47540830032685333, 0.4764040145954448, 0.4773627545036348, 0.47828094527913817, 0.479155117290031, 0.4799819761383249, 0.48075840265996705, 0.48148148797162726, 0.48214849842391094, 0.48275694569493327, 0.483304516696745, 0.4837891436689066, 0.48420903922527536, 0.4845625912136443, 0.48484850290289033, 0.4850656527958259, 0.4852132348163475, 0.4852907232626484, 0.4852978027136447, 0.48523443812254924, 0.4851009098636589, 0.48489767354520613, 0.48462550019650735, 0.48428544122117584, 0.48387875830354765, 0.4834069935022556, 0.4828718991566551, 0.48227554302718584, 0.48162009801464856, 0.4809080524409281, 0.48014210490863196, 0.4793251292543032, 0.4784602095952075, 0.47755060528254617, 0.4765997158546688, 0.4756111160838608, 0.47458859102312995, 0.47353589067869717, 0.47245704543108, 0.4713560856607963, 0.4702371819355121, 0.46910453986968065, 0.46796240012454227, 0.46796240012454227, 0.47044434349412123, 0.4729262868637002, 0.475408195186492, 0.47789010350928385, 0.48037201183207573, 0.4828538851080804, 0.48533575838408516, 0.4878176316600899, 0.4902994698893075, 0.49278130811852516, 0.4952631113009557, 0.4977449144833862, 0.5002266826190296, 0.5027084157078858, 0.5051901487967422, 0.5076718818855984, 0.5101535799276676, 0.5126352429229497, 0.5151168708714446, 0.5175984988199396, 0.5200800917216475, 0.5225616846233553, 0.5250432074314889, 0.5275247302396225, 0.5300062180009691, 0.5324877057623156, 0.534969123430088, 0.5374505410978603, 0.5399319237188455, 0.5424132712930435, 0.5448945487736674, 0.5473758613010783, 0.549857103734915, 0.5523383111219647, 0.5548194834622272, 0.5573006207557026, 0.5597817230023909, 0.5622627902022922, 0.5647438223554062, 0.5672248194617332, 0.569705746474486, 0.5721866734872387, 0.5746675304064173, 0.5771483522788087, 0.579629139104413, 0.5821098908832302, 0.5845905725684731, 0.5870712542537162, 0.5895518658453849, 0.5920324073434795, 0.5920324073434795, 0.5874658810765784, 0.5874748881008658, 0.5871977381083974, 0.5869202376480578, 0.5866426320473569, 0.5863651666338044, 0.5861300727858684, 0.5858954695929519, 0.5856615322889904, 0.5854284361079197, 0.5851963562836752, 0.5849655381437665, 0.5847361569221294, 0.5845084228994866, 0.5842825814033477, 0.5840587726208611, 0.583837311973111, 0.5836183746940328, 0.58341198416474, 0.5832082922380549, 0.5830075442414869, 0.5828099504557589, 0.5826156861148064, 0.5824249965461391, 0.5822380920304797, 0.5820551478017639, 0.581878582088302, 0.5817063271296549, 0.5815385932065448, 0.5813755205061205, 0.5812173894026786, 0.581078043377128, 0.580943043153179, 0.5808125289179802, 0.5806866759054671, 0.5805655892560009, 0.5804494091567302, 0.5803382407480162, 0.5802322242170075, 0.5801314997508524, 0.5800361023963381, 0.5799462424341872, 0.5798619549111869, 0.5797833449676985, 0.5797104826972961, 0.5796447699714642, 0.5795847348251442, 0.5795304473519103, 0.5794819776453367, 0.5794386598164684, 0.5794014401285572, 0.5793703886751774, 0.5793455054563291, 0.5793268605655865, 0.5793135077396974, 0.579307689973037, 0.5793094773591797, 0.579318799804551, 0.579335622262364, 0.5793574213639466, 0.5793853887000607, 0.5794194191303448, 0.579459512654799, 0.5795055991798491, 0.5795576086119208, 0.5796154358106529, 0.5796790457292581, 0.5797483332273752, 0.5798231931646428, 0.5799035554474868, 0.5799892798887587, 0.5800802963948842, 0.580176464778715, 0.580275577092663, 0.5803794207228709, 0.5804878554821902, 0.5806007411834725, 0.5807201806339445, 0.5808439658860182, 0.5809719917993322, 0.5811041181867381, 0.5812402048610875, 0.5813945859583085, 0.5815534179974925, 0.5817164906979169, 0.5818835587320718, 0.5820544819128087, 0.5822397392294739, 0.5824288516927213, 0.5826215739750409, 0.5828176607489232, 0.5830169367804325, 0.583219156742059, 0.583424040259506, 0.583631447145625, 0.5838410970261189, 0.5840528146670524, 0.5842663897877027, 0.5844816121073472, 0.5847180727799806, 0.5849560054176726, 0.5851951646929134, 0.5854353403249805, 0.585676322033151, 0.5859178294431283, 0.5861597574145508, 0.5863710895408261, 0.5865866973751288, 0.5868066159642461, 0.587030845308178, 0.5872593503601373, 0.5875063601156908, 0.5877581712810785, 0.5880147137627261, 0.5882759525138465, 0.5885418174408654, 0.5888123085437829, 0.5890872856354504, 0.589366678622294, 0.5896504875043134, 0.589938502000786, 0.5902307221117119, 0.5905269375563684, 0.5908133399006339, 0.5911031768300363, 0.591396308157427, 0.591692663789232, 0.5919920334447284, 0.5922942068431936, 0.5925991839846276, 0.5929066844947336, 0.593212713039781, 0.5935209144856292, 0.5938310084579813, 0.5941429248632633, 0.5944563132336037, 0.5947901689276167, 0.5951252863059656, 0.5954613849943536, 0.5957981846184839, 0.5961354748976336, 0.5964728352703575, 0.5967619712640178, 0.5970507567898068, 0.5973391217541506, 0.5976268558763264, 0.5979136787820373, 0.5981995203777091, 0.5984841703826191, 0.5987617409365329, 0.5990377694318137, 0.5993120455877392, 0.5995844993107349, 0.5998597567766993, 0.6001327011547145, 0.6004031221640578, 0.6006709497111549, 0.6009358333281347, 0.6012244085732011, 0.6015090585781112, 0.6017895730621422, 0.6020658118381458, 0.6023374945318251, 0.6025803687664996, 0.6028191775738694, 0.6030538508603601, 0.6032842484388233, 0.6035101600285365, 0.6037315856294996, 0.6039483149609898, 0.6041603480230072, 0.6043674745348292, 0.6045696944964558, 0.6047668677207385, 0.6049589241141031, 0.6051459337701238, 0.6053276163145037, 0.6055006072556802, 0.6056685514595129, 0.6058313087388533, 0.6059888790937012, 0.6061440662670258, 0.6062937861415612, 0.6064381789044556, 0.6065771043685609, 0.6067107027210256, 0.6068517309923575, 0.6069862405612869, 0.6071142314278138, 0.6072357736855124, 0.6073508673343827, 0.6074661011704015, 0.6075741854618497, 0.6076753304894501, 0.6077695362532026, 0.60785701303383, 0.6079377608313322, 0.6080119198328576, 0.6080795601319806, 0.6081409621029978, 0.6081960556523354, 0.6082451211542897, 0.6082882287024355, 0.6083286026011866, 0.6083622475168124, 0.6083893737300359, 0.6084101214280052, 0.6084247008914431, 0.6084333224010722, 0.6084361261440411, 0.6084334625882206, 0.6084254719207595, 0.6084120139545092, 0.6083930185958953, 0.6083684858449181, 0.6083362428007766, 0.6082975511478068, 0.6082522706988602, 0.6082004715475112, 0.6081420836001854, 0.6080769666697344, 0.6080051207561583, 0.6079265458594569, 0.6078411718860561, 0.6077490689295302, 0.6076501668963049, 0.6075445358799544, 0.6074374328985452, 0.6073241616826046, 0.6072048624192811, 0.6070794650150004, 0.6069481096569109, 0.6068108664385868, 0.6066677353600283, 0.6065187865148094, 0.606356660077637, 0.6061883654059332, 0.6060140426868466, 0.6058338321075252, 0.6056478037615436, 0.6054561679296244, 0.6052681068699903, 0.6050752093537352, 0.604877545474433, 0.6046752554192322, 0.6044686195624297, 0.6042576379040255, 0.6040425908183166, 0.6038236184924513, 0.603600861113578, 0.6033744588688453, 0.6031446921325501, 0.6029116309982664, 0.6026755558402912, 0.602436606845773, 0.6021949242018603, 0.6019507181892755, 0.6016744794132719, 0.601395577081448, 0.6011142214745263, 0.600830763060378, 0.6005402251952334, 0.6002479349907333, 0.5999542429147487, 0.5996594293415767, 0.5993636344583656, 0.5993551531358848, 0.5947886268689838, 0.5947886268689838, 0.5997050602583943, 0.6046212833670822, 0.6095373662886217, 0.6144530987422899, 0.6193686910088099, 0.6242839328074586, 0.6291989643253847, 0.6340154442779566, 0.6388316438562316, 0.6436476331537839, 0.6484632719834652, 0.6533661773130511, 0.6582688022683402, 0.6631711468493324, 0.6680731409624535, 0.6729748547012777, 0.6777886710980292, 0.6826022071204838, 0.6874153225814931, 0.6922281576682054, 0.6971281891612484, 0.7020278000928459, 0.7069270605565724, 0.7118259705524278, 0.716724530080412, 0.7216226690469509, 0.7265204575456188, 0.7314178254828413, 0.7363148429521927, 0.7412114398600989, 0.7464043923998098, 0.7515968542845013, 0.7567888956077474, 0.7619804462759739, 0.7671716464763294, 0.7723623560216654, 0.7786042588995884, 0.7848455309353434, 0.7910862422225047, 0.7973263226674979, 0.8035658423638974, 0.8098047312181289, 0.8160431294173408, 0.8221561302122721, 0.828268710445758, 0.8343808000242243, 0.8404923989476711, 0.848270192223917, 0.8560473546579949, 0.8638238862499048, 0.8715998570932209, 0.8808562743176513, 0.8901122008870622, 0.8993678470821762, 0.908623423183716, 0.91787906937883, 0.9271348557610924, 0.9375017654819007, 0.94786902567058, 0.9582364260464077, 0.9617198664044513, 0.9652032366689206, 0.96868660693339, 0.9721701173850078, 0.9756539783044967, 0.9776051030365027, 0.9795565081428056, 0.9815081936234054, 0.9834601594783019, 0.9854124758010697, 0.9871875955682076, 0.9889631358967909, 0.9907390266932452, 0.9925152679575707, 0.9942919998769156, 0.9960692224512803, 0.9978469356806643, 0.9979785714130507, 0.9981094361161207, 0.9982391092284288, 0.9983671701885299, 0.9984931984349787, 0.9986056986216029, 0.9987158156267035, 0.9988232690759837, 0.9989277085015725, 0.9990287834355986, 0.9991262835973396, 0.99921978842535, 0.9993089474517586, 0.999393550395843, 0.9994733168833061, 0.9995480366334253, 0.9996175694590521, 0.9996817751730382, 0.9997405135882351, 0.9997926632074553, 0.9998392754343121, 0.9998802801752311, 0.9999154671494899, 0.9999452569185336, 0.9999687382658976, 0.9999857710044332, 0.9999962149469921, 1.0]
tipy = [0.0, 0.0007896391603827193, 0.0012921180897286068, 0.0017945663531357726, 0.0019108997821001058, 0.0020266856050158402, 0.0021416741135248146, 0.002255615599268868, 0.0023682559730414505, 0.002479345526484401, 0.002598473936720783, 0.0027151271676174975, 0.002828989798090553, 0.0029397288836624006, 0.00304702024155227, 0.0031505396889793904, 0.003249963043162992, 0.0033449573596255264, 0.0034352072172830006, 0.003520454146080476, 0.0036005623397179, 0.0036754091344403865, 0.0037448762473414384, 0.0038088366338177803, 0.003866063656320551, 0.0039177708098534466, 0.003963844192358357, 0.004004169901777174, 0.0040392035463423315, 0.004068038290437351, 0.004090551470307346, 0.004106620422197429, 0.004116126863201105, 0.004201259889940472, 0.004292710100056474, 0.004390118263981232, 0.00449314267554042, 0.004601428486014545, 0.004746307523080237, 0.004898423721684211, 0.005057058622690706, 0.005221493766963959, 0.005391001933671432, 0.005608927236771818, 0.0058322541259355825, 0.006059571967981536, 0.006289470129728486, 0.006878120346881884, 0.0074686149012069625, 0.00799862308182801, 0.008532433838850526, 0.0090711861928556, 0.009615979736788816, 0.010177394219509103, 0.010745708538441734, 0.01132103659564482, 0.011903492293176467, 0.012493172009701231, 0.013079180575276189, 0.013671532609318113, 0.014269759361049407, 0.014873400841389247, 0.01564878034026645, 0.01643157223461749, 0.017221526816084205, 0.018018438184792315, 0.01882208729832239, 0.019632259495103367, 0.020448744494412596, 0.021271318872982243, 0.022114890657879364, 0.02296429773283035, 0.023819224676751218, 0.02467933416431602, 0.025544297631895606, 0.02656134225129205, 0.027584042545958427, 0.0286118640523913, 0.029644285449632404, 0.030680794178420248, 0.0317208952028869, 0.03331521297617106, 0.03491497176315409, 0.03651840170108694, 0.03812350074225591, 0.03972781999241167, 0.0409023692539303, 0.042074158580964, 0.04324219790177689, 0.04413100194628827, 0.04501647654602418, 0.04589802590560372, 0.04677506299134281, 0.04764699200786057, 0.04836928000511403, 0.04908725724755291, 0.04980059079069968, 0.05050893892838, 0.051211942431025996, 0.05190918949888912, 0.052490133803726635, 0.053066478217755925, 0.0536379774134672, 0.05420439482504749, 0.05477561364646189, 0.055341049748003086, 0.0559004227553742, 0.05645349610276223, 0.05699998941587029, 0.05752177474406558, 0.05803681356574213, 0.05854474665133206, 0.059045206009570715, 0.059463717217848655, 0.05987635808928562, 0.060282927104855714, 0.06068318769874595, 0.06107692082853689, 0.061463916213505866, 0.06179009666114166, 0.06211101132901412, 0.06242653755336837, 0.06273652638535919, 0.06304083763783813, 0.06333934864705032, 0.06363191046415054, 0.06391272284587202, 0.06418756851208796, 0.0644563160373467, 0.06471883399619659, 0.06497959961569096, 0.06523364501375692, 0.06548083876494282, 0.06572103192040342, 0.06595410181638385, 0.06615251043991217, 0.0663452502456254, 0.0665322160931622, 0.06671332036555482, 0.06688848420753221, 0.06705755867024919, 0.0672204123282541, 0.06737687870930814, 0.06751152846538601, 0.06764081606303599, 0.06776463636189677, 0.067882884221607, 0.06799543697841182, 0.06810847162853938, 0.06821485615081277, 0.06831445035808353, 0.0684071315865968, 0.06849275088750731, 0.06857120312045377, 0.06863846666661526, 0.06869912389340646, 0.06875306089876924, 0.06880016378064552, 0.06884031863697718, 0.0688707129630986, 0.06889520190559195, 0.06891369784748942, 0.06892613945691359, 0.06893243035519989, 0.06893250921047088, 0.0689262884057588, 0.06891368908579264, 0.06889464991869496, 0.0688690745258012, 0.06883688405184037, 0.06879801716493501, 0.06875236872472382, 0.06869982482914866, 0.0686415420221842, 0.06857641633003643, 0.06850435137404083, 0.06842523325213927, 0.0683373271483698, 0.0682418859853716, 0.06813879586108659, 0.06802795163515342, 0.0679092306438172, 0.06778686478662149, 0.06765692882340997, 0.06751929132873094, 0.0673738471622231, 0.06724423538179233, 0.06710884088148837, 0.06696759356773699, 0.06682044087035752, 0.06666729517238218, 0.06650808638023675, 0.0663427531620438, 0.06617121666253231, 0.06599341554982487, 0.06580927096865044, 0.06561871282543483, 0.06542167978830059, 0.06522749430261905, 0.06502728953125132, 0.06482100414231995, 0.06460856804225072, 0.06438993742255975, 0.06416505095136957, 0.06393383853510598, 0.06369624760358832, 0.06344043234277327, 0.06317749382247807, 0.06290734442573491, 0.06262992282066636, 0.06234514139030464, 0.06205289499428843, 0.06180156572222351, 0.061544839244943604, 0.06128264546887449, 0.0610149318238355, 0.06073661652569564, 0.06045244841410835, 0.06016235739549942, 0.059866290899688174, 0.059564178833100404, 0.05926151477961564, 0.0589529015340189, 0.058638269002735964, 0.05831756461558616, 0.05798472527839941, 0.05764543733238436, 0.057299613160573235, 0.056947173907695034, 0.056588023195085206, 0.05622208216747276, 0.055849254446193125, 0.05546945241427854, 0.055082597216458, 0.054688583712370176, 0.05432412341151314, 0.05395361753987957, 0.05357699600389524, 0.0531942062333795, 0.052805169373061345, 0.05240982409106333, 0.052008100293811234, 0.05160640278164948, 0.05119841437120141, 0.05078408249228638, 0.05036335457472371, 0.049936178048332745, 0.04950250034293281, 0.04906227765004003, 0.04862444690036752, 0.04818022887374416, 0.0477295622382925, 0.04727234185365121, 0.04679995497188792, 0.04632052368591546, 0.04583392533197894, 0.04534002848462669, 0.044838710480103836, 0.04443952757491724, 0.0440356308768643, 0.04362695029237081, 0.04321342448955932, 0.04279499213655238, 0.04234575365767546, 0.04189084636098345, 0.04143017386781179, 0.040963666084586264, 0.04049124415603587, 0.040012820465192826, 0.039528324918482925, 0.039037669898938386, 0.03854078531298498, 0.03803759230535172, 0.037528016401615995, 0.03701199626990036, 0.036513359344591434, 0.03600873818038343, 0.035498067064550505, 0.034981293426911995, 0.034458355935590455, 0.03392920202040522, 0.03339377034947885, 0.03285200397178229, 0.03236888839231486, 0.03188064722023254, 0.0313871402683869, 0.030888205445387538, 0.03038370256408603, 0.02992009928334227, 0.029451659545977286, 0.02897826068823619, 0.028499793188909262, 0.028016147526786786, 0.02752720979981065, 0.027032866105922745, 0.026533006923913353, 0.02602750959002759, 0.025516260202207344, 0.02499910543075901, 0.024475900707685752, 0.02394649708414236, 0.02341074123043522, 0.02287939689105559, 0.022341674036421882, 0.021797441241082433, 0.02124659336467591, 0.020773943632009295, 0.020296396110844016, 0.019813885088454237, 0.01932635799465929, 0.01883374035503657, 0.01833597959940541, 0.017863562051703405, 0.017386483281315725, 0.016904686337213315, 0.01641810112582196, 0.015926670696112602, 0.0154303337162078, 0.014929028854230109, 0.014422686016605308, 0.013964681460102423, 0.013502523859326963, 0.013036002933556268, 0.012564838308493457, 0.01208875399069003, 0.011651435800279015, 0.011209609716875932, 0.010763061078909734, 0.010311579605657758, 0.00985495939724573, 0.00939298141125421, 0.008925439747808928, 0.008585100398180567, 0.008241501697350946, 0.00789437641356835, 0.00754345731508106, 0.00718848155098575, 0.0068291775086823155, 0.006481929561144833, 0.006130270099279838, 0.005774102744422777, 0.0054136684432350346, 0.005049247570013492, 0.004681129260751811, 0.00430960703229204, 0.0039349612589310605, 0.0036029148553026807, 0.003268875165657401, 0.0029329298069629976, 0.0025944479370514843, 0.0023461195461328918, 0.00209554377999085, 0.0018423482665123113, 0.0015861431101906734, 0.0013266347941838876, 0.0010637444632209554, 0.0007974348800905721, 0.000561576574110672, 0.0003230459506136097, 8.181891493324674e-05, -0.00016213081802074952, -0.00040877915358224074, -0.0006580275226624792, -0.0009097642136275506, -0.0011638797052677353, -0.0013935018735661922, -0.0016248720003717763, -0.0018579090399892953, -0.002092540708420334, -0.002328714435484227, -0.0024949391563243014, -0.0026618932884211093, -0.0028295636892294845, -0.002997941597052649, -0.0031413530499080967, -0.0032852595386314775, -0.00342965011110182, -0.0035745203864707346, -0.0037198637934656386, -0.003865673760813949, -0.004032656368425284, -0.004199019085989605, -0.004364722485871413, -0.004529727140435209, -0.004696974789374067, -0.0048634163622093855, -0.005029014621729863, -0.005193727949875804, -0.005357514728587517, -0.005560882472491952, -0.0057626621588554505, -0.005962750837740876, -0.006160944799698149, -0.006360553775685002, -0.006557700714877354, -0.00675213809934124, -0.006943616220718497, -0.007131880989802577, -0.007313416775761474, -0.007491375599010924, -0.007665558130949236, -0.007836032274726437, -0.008006004811363121, -0.008172551524559772, -0.008335887075887439, -0.008496221746068785, -0.008653763625402275, -0.008847092655223798, -0.009036803104276177, -0.009223234488309548, -0.009406542327441711, -0.009635518320602821, -0.009859890042107312, -0.01007991377158593, -0.010295843598245221, -0.0105294041492452, -0.010758375761557921, -0.0109828307191818, -0.011202841306115251, -0.01142236342845335, -0.011637432418404245, -0.011848124940814738, -0.012054519850955828, -0.012256693813674316, -0.01250359185759397, -0.012744183670257958, -0.012978694865358305, -0.013207366389556394, -0.013434445475365158, -0.013655978407113713, -0.01387221489316022, -0.014083413403559618, -0.014289828027518457, -0.014538436792733932, -0.01478045895239686, -0.015016214308439624, -0.015246022662794604, -0.015470203817394184, -0.015702176310853227, -0.01592855884176817, -0.01614973035352465, -0.016366074170356685, -0.016577971426074093, -0.016785803254486708, -0.017030368496639327, -0.017270230898046583, -0.017505564597431925, -0.017736342214492926, -0.017962533083290863, -0.018197390365413926, -0.018427021295409157, -0.01865139301691365, -0.01887046938792819, -0.019084216456877766, -0.019292600272187366, -0.01950731441341877, -0.019716301690593924, -0.01991988190564522, -0.02011837705092922, -0.020312104737954122, -0.0205013858638644, -0.020686540230592437, -0.020916728623545145, -0.021141402623588466, -0.021360967459198354, -0.021575495414373234, -0.021785039059293767, -0.021989652059352716, -0.02218938588951865, -0.022416312740845903, -0.022636755936557746, -0.022850876472832467, -0.023058893392089507, -0.023261033403232982, -0.023457519929530723, -0.023665685797632983, -0.023867682335991725, -0.024063801966236906, -0.02425433601478638, -0.024439575808058, -0.02461981267246962, -0.024795337934439096, -0.025005942839881813, -0.02521005532801234, -0.025407921821552555, -0.025599789838436415, -0.0257859025157495, -0.025966508466637877, -0.026141853018611317, -0.026331230523186148, -0.026514727834011126, -0.026692651610473465, -0.026865233489931722, -0.02703269196719929, -0.027195246084695607, -0.027353114884840112, -0.027506516862446196, -0.0277044846631054, -0.027895414630828008, -0.028079719112968624, -0.028257715173429378, -0.028429718780900313, -0.02859604480885938, -0.028771385527590478, -0.028940746388270877, -0.02910442364577287, -0.02926262703321307, -0.029415564093283893, -0.029563442916283808, -0.029706471044905237, -0.029871245704928624, -0.03002976944190725, -0.03018241681837837, -0.030329561301667113, -0.03047157690670468, -0.030645497135345715, -0.030812486861835683, -0.030973316841687984, -0.031128738664204327, -0.03127919589028407, -0.009517857494576685, -0.009398223096351398, -0.009208777688626539, -0.008950233159265287, -0.008623566437458343, -0.008230004160754565, -0.007771027055909368, -0.007248363367612128, -0.006663982287213608, -0.006020078619756589, -0.005319081545672658, -0.004563623954843476, -0.0037565512082975653, -0.002900903614816744, -0.001999896717118386, -0.0010569234822796084, -7.553458791952669e-05, 0.000940576910770109, 0.001987590913994273, 0.0030615602773546658, 0.0041584458586368216, 0.0052741208986585, 0.006404384163814851, 0.007544986231168748, 0.008691629488450786, 0.00983999441914962, 0.010985770268450679, 0.012124637519842614, 0.01325231170360119, 0.014364543396789279, 0.015457157650892365, 0.016526032087576595, 0.017567149468869447, 0.018576584554614566, 0.019550547910955646, 0.020485368386942884, 0.021377528161320082, 0.022223671504221422, 0.023020609158019865, 0.02376534900326587, 0.02445507853529383, 0.025087208672705977, 0.02565936061482719, 0.026169378984250185, 0.026615340588532283, 0.02699557632443736, 0.0273086448928455, 0.027553376607236894, 0.02772884272775312, 0.027834390507984252, 0.02786961252903013, 0.027834390507984252, 0.02772884272775312, 0.027553376607236894, 0.0273086448928455, 0.02699557632443736, 0.026615340588532283, 0.026169378984250185, 0.02565936061482719, 0.025087208672705977, 0.02445507853529383, 0.02376534900326587, 0.023020609158019865, 0.022223671504221422, 0.021377528161320082, 0.020485368386942884, 0.019550547910955646, 0.018576584554614566, 0.017567149468869447, 0.016526032087576595, 0.015457157650892365, 0.014364543396789279, 0.01325231170360119, 0.012124637519842614, 0.010985770268450679, 0.00983999441914962, 0.008691629488450786, 0.007544986231168748, 0.006404384163814851, 0.0052741208986585, 0.0041584458586368216, 0.0030615602773546658, 0.001987590913994273, 0.000940576910770109, -7.553458791952669e-05, -0.0010569234822796084, -0.001999896717118386, -0.002900903614816744, -0.0037565512082975653, -0.004563623954843476, -0.005319081545672658, -0.006020078619756589, -0.006663982287213608, -0.007248363367612128, -0.007771027055909368, -0.008230004160754565, -0.008623566437458343, -0.008950233159265287, -0.009208777688626539, -0.009398223096351398, -0.009517857494576685, -0.03137359358995666, -0.03155048020056295, -0.03172054938966721, -0.0318841702437462, -0.03204171157547364, -0.03219353726906883, -0.03233998163802445, -0.03248136886512125, -0.03265451423120352, -0.03282066201339376, -0.03298046851754123, -0.03313443014852899, -0.03328293173650767, -0.03342635578430224, -0.033565084657836114, -0.03373350541583258, -0.033895216356915565, -0.03405034014483996, -0.034198997252936444, -0.03434117193753113, -0.0344645983022907, -0.034582279595092906, -0.03469402353776393, -0.03479965215833798, -0.03489900617190568, -0.03499192749144587, -0.03507825813261352, -0.03514826682789664, -0.03521300265876317, -0.03527235976611886, -0.03532623230798211, -0.035374505834688784, -0.03541699422007675, -0.03545347570936537, -0.03548372827824914, -0.03550536163488227, -0.035521656356617665, -0.03553245274088937, -0.035537591078714174, -0.03553691166251264, -0.03552965569860784, -0.035515490006621124, -0.03549425254777027, -0.0354657886484808, -0.035429943639991204, -0.03538656285353994, -0.009517857494576685, -0.009398223096351398, -0.009208777688626539, -0.008950233159265287, -0.008623566437458343, -0.008230004160754565, -0.007771027055909368, -0.007248363367612128, -0.006663982287213608, -0.006020078619756589, -0.005319081545672658, -0.004563623954843476, -0.0037565512082975653, -0.002900903614816744, -0.001999896717118386, -0.0010569234822796084, -7.553458791952669e-05, 0.000940576910770109, 0.001987590913994273, 0.0030615602773546658, 0.0041584458586368216, 0.0052741208986585, 0.006404384163814851, 0.007544986231168748, 0.008691629488450786, 0.00983999441914962, 0.010985770268450679, 0.012124637519842614, 0.01325231170360119, 0.014364543396789279, 0.015457157650892365, 0.016526032087576595, 0.017567149468869447, 0.018576584554614566, 0.019550547910955646, 0.020485368386942884, 0.021377528161320082, 0.022223671504221422, 0.023020609158019865, 0.02376534900326587, 0.02445507853529383, 0.025087208672705977, 0.02565936061482719, 0.026169378984250185, 0.026615340588532283, 0.02699557632443736, 0.0273086448928455, 0.027553376607236894, 0.02772884272775312, 0.027834390507984252, 0.02786961252903013, 0.027834390507984252, 0.02772884272775312, 0.027553376607236894, 0.0273086448928455, 0.02699557632443736, 0.026615340588532283, 0.026169378984250185, 0.02565936061482719, 0.025087208672705977, 0.02445507853529383, 0.02376534900326587, 0.023020609158019865, 0.022223671504221422, 0.021377528161320082, 0.020485368386942884, 0.019550547910955646, 0.018576584554614566, 0.017567149468869447, 0.016526032087576595, 0.015457157650892365, 0.014364543396789279, 0.01325231170360119, 0.012124637519842614, 0.010985770268450679, 0.00983999441914962, 0.008691629488450786, 0.007544986231168748, 0.006404384163814851, 0.0052741208986585, 0.0041584458586368216, 0.0030615602773546658, 0.001987590913994273, 0.000940576910770109, -7.553458791952669e-05, -0.0010569234822796084, -0.001999896717118386, -0.002900903614816744, -0.0037565512082975653, -0.004563623954843476, -0.005319081545672658, -0.006020078619756589, -0.006663982287213608, -0.007248363367612128, -0.007771027055909368, -0.008230004160754565, -0.008623566437458343, -0.008950233159265287, -0.009208777688626539, -0.009398223096351398, -0.009517857494576685, -0.03536568542427518, -0.035347297223867764, -0.03532755096045983, -0.035306446668276745, -0.03528398431309314, -0.03526016392913438, -0.035234985516400474, -0.03520844907489143, -0.03518055463883261, -0.03515130220822402, -0.035120691748840284, -0.03508872332913216, -0.03505539691487426, -0.03502071254029198, -0.0349846702053853, -0.03494726991015423, -0.034908511723049526, -0.034868395609845816, -0.03482692150209233, -0.034784089605141344, -0.03473989978209134, -0.034694352032942334, -0.03464744649459582, -0.03459918309860105, -0.03454956184495803, -0.0344985828021175, -0.03444624597007947, -0.03439255128039319, -0.03433749886996016, -0.034281088738780385, -0.03422332081840311, -0.03416419524572985, -0.034103711883859085, -0.034041871006593845, -0.0339786723401311, -0.03391411602137237, -0.033848202050317654, -0.03378093056386846, -0.03371230142512328, -0.03364231477098362, -0.03357097046454797, -0.03349826877961935, -0.03342420957929627, -0.033348792726677186, -0.033272018632466656, -0.03319388702286165, -0.03311439789786217, -0.03303355153127123, -0.03295134764928582, -0.03286778679951198, -0.03278286816054064, -0.02054430613074148, -0.02054430613074148, -0.013662054643828966, -0.013527956874648087, -0.013386418234478847, -0.013237294155324417, -0.013080444450036354, -0.01294120575527123, -0.012796239101237762, -0.01264547439436173, -0.012488848112341494, -0.01232630111372381, -0.01215778082832801, -0.0119832456380944, -0.011802658305811675, -0.011615983784692727, -0.011423204551344, -0.011224307463220324, -0.01101928594904912, -0.01081787425395028, -0.010610898881397678, -0.01039837954520906, -0.010180346911323147, -0.009956840407375442, -0.00972790384184983, -0.009493594165775368, -0.009253977091877886, -0.009012158641665036, -0.008765315358350245, -0.008513541430173868, -0.008256935426224656, -0.007995609058136522, -0.007754040316281833, -0.007508765376690227, -0.007259884998874647, -0.007007508704044813, -0.006751750394258831, -0.00649273273327159, -0.006230582765686363, -0.005965429726530621, -0.005697415993376999, -0.005426683943798131, -0.005153380336215044, -0.004877660690745539, -0.004599682717931612, -0.004319608509163649, -0.00404326459279874, -0.003765227478531565, -0.0034856614481767016, -0.0032047351643971185, -0.0029174741738473443, -0.002629157398835872, -0.0023399666445708357, -0.0020500859066845648, -0.0017596991808093887, -0.0014392160265032216, -0.0011185948754728074, -0.0007980876265005019, -0.00047794179752027157, -0.00015840709689027754, 0.0001313422155443295, 0.0004202022157560121, 0.0007079910985366354, 0.000994529249102259, 0.00127964581436572, 0.0015631611795430783, 0.0018449110628197538, 0.0021247333728053614, 0.002402466018109516, 0.0026779469073418324, 0.0029510358533538688, 0.0032215751456036294, 0.0034894289777910614, 0.003754461543616112, 0.004011332588892846, 0.004265246561507147, 0.004516098321097682, 0.004763778346454734, 0.0050125973923928705, 0.005257924902165142, 0.005499664497106993, 0.005737728560250649, 0.005972033855476723, 0.006225890877061969, 0.006474994678145377, 0.00671926640345595, 0.006958622816874299, 0.0071930025865229825, 0.007436087101920193, 0.0076734546101700305, 0.007905048160243443, 0.008130837086201709, 0.008350790722106104, 0.008564895925411466, 0.008773139553572624, 0.00897552160658958, 0.009172050846159114, 0.009362749176523166, 0.009547634121075295, 0.009726745107450996, 0.0099155859580982, 0.010097658397984726, 0.0102730281398364, 0.010441765277227446, 0.01060395304627725, 0.010759683444801976, 0.01090905285146618, 0.011034327591992034, 0.011157302387113772, 0.011277841430531345, 0.01139579577339953, 0.011511012086024721, 0.011630066021838494, 0.011745694134212233, 0.011857716808361994, 0.011965945667807065, 0.012070196716915114, 0.012170272817508645, 0.01226599435480372, 0.01235715980977445, 0.01244358518678851, 0.012525073347668404, 0.0126014402967818, 0.012672493276799595, 0.012735183217243188, 0.012792703756588008, 0.01284488842259528, 0.012891588266419788, 0.012932645577519533, 0.012967915787897686, 0.012997249948709027, 0.013020512253653504, 0.013037396043343903, 0.013048098455957719, 0.013052505589436842, 0.013050503541723164, 0.013041991553303744, 0.013025734224932943, 0.013001941837333423, 0.01297050925014385, 0.012931357608093228, 0.012884412436758948, 0.012829616785111957, 0.01277636319209782, 0.0127172786898782, 0.012652350135907936, 0.012581568768490247, 0.012504934587625133, 0.012422451974160986, 0.012334138451491356, 0.012241952258846037, 0.012144206769595342, 0.01204094579222316, 0.011932204373516601, 0.011815905991339378, 0.011694035170011614, 0.01156665762225914, 0.011433843441656176, 0.011295680245170501, 0.011137268767431834, 0.010972583914800419, 0.01080176149357631, 0.010624941690907946, 0.010442282217337322, 0.010271302085571216, 0.010095752728935602, 0.00991576995373053, 0.009731493947104444, 0.009543069277054174, 0.009350631749879773, 0.009154343456971623, 0.008954348966326556, 0.008750805988486569, 0.008543880995690437, 0.008333722936783377, 0.00812050704570094, 0.007904391032985125, 0.007685545751723093, 0.007468584235268241, 0.007249318392560885, 0.007027905934143022, 0.0068045001897082584, 0.006575149634009907, 0.006344068643197983, 0.006111410546966094, 0.005877346198401404, 0.00564202892719752, 0.005381359686367704, 0.005119577710047136, 0.00485688013641331, 0.004593481627037279, 0.004329566177551369, 0.00404931454442366, 0.003768931485844287, 0.0034886272825359124, 0.003208616596069587, 0.0029291009454711944, 0.0026502730880698425, 0.002372330162043026, 0.0020954430204779078, 0.00181978689731004, 0.0015455282647781963, 0.0012728204525759843, 0.0010018145999728177, 0.0007082780441061012, 0.0004171071463693316, 0.00012845961730450535, -0.0001575134038189643, -0.00044066953942844156, -0.000720883935344846, -0.0009980339278132914, -0.0012663105118702416, -0.0015360086812293543, -0.001806992629590577, -0.00207911778895708, -0.002352237400907838, -0.0026428256458088982, -0.0029341761583296082, -0.003226093990716667, -0.0035183863856409667, -0.003810851824076624, -0.00410328659657356, -0.004395486993681695, -0.0046872361634057854, -0.0049783282058715565, -0.005268544078659569, -0.005557669120198774, -0.00584548428806973, -0.006118796657349595, -0.006390527540361107, -0.006660488560623547, -0.006928491341656197, -0.007194347506978341, -0.007457868680109259, -0.007718875246265011, -0.007977185400237462, -0.008244706287947347, -0.008508869255367223, -0.008769477164319596, -0.009026337257475358, -0.009279263348777985, -0.009528073633019345, -0.00976157723299027, -0.009991024167353174, -0.010216278629808007, -0.01043720262363052, -0.010653671294641634, -0.01086556197908646, -0.011072758584482699, -0.01127515816089321, -0.01147265775838086, -0.011665165379129485, -0.011852597787019694, -0.012034871745932102, -0.012211923733565073, -0.012383685846768577, -0.012550107705786148, -0.012711136740437116, -0.012885045469351129, -0.01305209598011249, -0.013212259797206673, -0.013365515016391733, -0.013514446338217056, -0.01365620621122993, -0.01379080339712713, -0.013918266371423186, -0.014038625800056818, -0.02054430613074148, -0.02054430613074148, -0.03268535485625455, -0.032506807904108904, -0.032322348723259564, -0.032131952945237366, -0.03193559674917919, -0.03173325631422192, -0.03152490809330548, -0.031310540312899815, -0.031094620069346376, -0.030872920117753, -0.03064544073192271, -0.030412183554673653, -0.030168750214223487, -0.02991932880163189, -0.029663920412110963, -0.029402525593266754, -0.02913514598791741, -0.0288667166217729, -0.02859251603548221, -0.028312546419469526, -0.028026828582764705, -0.027730049651484234, -0.02742739162166601, -0.02711889501615762, -0.02680459926259457, -0.026484545431430504, -0.02615877404551302, -0.025827324532477613, -0.025490239057990027, -0.025147555954473662, -0.024799316839988216, -0.024423944941006796, -0.024042423426099607, -0.02365486181647638, -0.02326139372801296, -0.022862149490948922, -0.022457264911584316, -0.021963055928784368, -0.021461111462941912, -0.02095166260380946, -0.02043493934592742, -0.019911174969472496, -0.0193805994689851, -0.018843454886338713, -0.018310968240741708, -0.017772753635876357, -0.017229104588584714, -0.016680314615708826, -0.015974886313479632, -0.015262214278439575, -0.014542905258090499, -0.013817565999934252, -0.012947183422897733, -0.012071197740771953, -0.01119183223411422, -0.010311299231360874, -0.009431592018528816, -0.00855447826794292, -0.007577345367792549, -0.006605427867649033, -0.00563278971794556, -0.0053046576023525645, -0.004975439036359149, -0.0046450201179072045, -0.004315234232047441, -0.003989347301253701, -0.0038097785162213705, -0.0036330441400965877, -0.0034597202544424783, -0.003290387321670557, -0.0031256236137681445, -0.002980288968470018, -0.0028396440213720917, -0.0027041202860406616, -0.0025741558473146063, -0.002450184409184417, -0.0023326396756405835, -0.002221955350673596, -0.0022102694375964967, -0.0021911908428633143, -0.002164850991925711, -0.0021313856910837397, -0.0020909241753648703, -0.00204818461848383, -0.001999874812876442, -0.001946095518055649, -0.0018869431126860047, -0.0018225205467046453, -0.0017529263892003186, -0.0016782635901101612, -0.0015986263376745321, -0.0015141197722547625, -0.0014249235086347923, -0.0013313595391711982, -0.0012337586179173336, -0.0011324536893507463, -0.0010277798883731792, -0.0009222518219597981, -0.0008141215316034753, -0.0007037022479640095, -0.0005913093921253935, -0.0004751665300659728, -0.0003576327486431111, -0.00023904099233435644, -0.00011971982476886819, 0.0]
tips = [4, 0, 0, 0, 0, 0, 0, 0, 0, 0, 0, 0, 0, 0, 0, 0, 0, 0, 0, 0, 0, 0, 0, 0, 0, 0, 0, 0, 0, 0, 0, 0, 0, 0, 0, 0, 0, 0, 0, 0, 0, 0, 0, 0, 0, 0, 0, 0, 0, 0, 0, 0, 0, 0, 0, 0, 0, 0, 0, 0, 0, 0, 0, 0, 0, 0, 0, 0, 0, 0, 0, 0, 0, 0, 0, 0, 0, 0, 0, 0, 0, 0, 0, 0, 0, 0, 0, 0, 0, 0, 0, 0, 0, 0, 0, 0, 0, 0, 0, 0, 0, 0, 0, 0, 0, 0, 0, 0, 0, 0, 0, 0, 0, 0, 0, 0, 0, 0, 0, 0, 0, 0, 0, 0, 0, 0, 0, 0, 0, 0, 0, 0, 0, 0, 0, 0, 0, 0, 0, 0, 0, 0, 0, 0, 0, 0, 0, 0, 0, 0, 0, 0, 0, 0, 0, 0, 0, 0, 0, 0, 0, 0, 0, 0, 0, 0, 0, 0, 0, 0, 0, 0, 0, 0, 0, 0, 0, 0, 0, 0, 0, 0, 0, 0, 0, 0, 0, 0, 0, 0, 0, 0, 0, 0, 0, 0, 0, 0, 0, 0, 0, 0, 0, 0, 0, 0, 0, 0, 0, 0, 0, 0, 0, 0, 0, 0, 0, 0, 0, 0, 0, 0, 0, 0, 0, 0, 0, 0, 0, 0, 0, 0, 0, 0, 0, 0, 0, 0, 0, 0, 0, 0, 0, 0, 0, 0, 0, 0, 0, 0, 0, 0, 0, 0, 0, 0, 0, 0, 0, 0, 0, 0, 0, 0, 0, 0, 0, 0, 0, 0, 0, 0, 0, 0, 0, 0, 0, 0, 0, 0, 0, 0, 0, 0, 0, 0, 0, 0, 0, 0, 0, 0, 0, 0, 0, 0, 0, 0, 0, 0, 0, 0, 0, 0, 0, 0, 0, 0, 0, 0, 0, 0, 0, 0, 0, 0, 0, 0, 0, 0, 0, 0, 0, 0, 0, 0, 0, 0, 0, 0, 0, 0, 0, 0, 0, 0, 0, 0, 0, 0, 0, 0, 0, 0, 0, 0, 0, 0, 0, 0, 0, 0, 0, 0, 0, 0, 0, 0, 0, 0, 0, 0, 0, 0, 0, 0, 0, 0, 0, 0, 0, 0, 0, 0, 0, 0, 0, 0, 4, 0, 0, 0, 0, 0, 0, 0, 0, 0, 0, 0, 0, 0, 0, 0, 0, 0, 0, 0, 0, 0, 0, 0, 0, 0, 0, 0, 0, 0, 0, 0, 0, 0, 0, 0, 0, 0, 0, 0, 0, 0, 0, 0, 0, 0, 0, 0, 0, 0, 0, 0, 0, 0, 0, 0, 0, 0, 0, 0, 0, 0, 0, 0, 0, 0, 0, 0, 0, 0, 0, 0, 0, 0, 0, 0, 0, 0, 0, 0, 0, 0, 0, 0, 0, 0, 0, 0, 0, 0, 0, 0, 0, 0, 0, 0, 0, 0, 0, 0, 0, 0, 0, 0, 0, 0, 0, 0, 0, 0, 0, 0, 0, 0, 0, 0, 0, 0, 0, 0, 0, 0, 0, 0, 0, 0, 0, 0, 0, 0, 0, 0, 0, 0, 0, 0, 0, 0, 0, 0, 0, 4, 4, 0, 0, 0, 0, 0, 0, 0, 0, 0, 0, 0, 0, 0, 0, 0, 0, 0, 0, 0, 0, 0, 0, 0, 0, 0, 0, 0, 0, 0, 0, 0, 0, 0, 0, 0, 0, 0, 0, 0, 0, 0, 0, 0, 0, 0, 0, 0, 0, 0, 0, 0, 0, 0, 0, 0, 0, 0, 0, 0, 0, 0, 0, 0, 0, 0, 0, 0, 0, 0, 0, 0, 0, 0, 0, 0, 0, 0, 0, 0, 0, 0, 0, 0, 0, 0, 0, 0, 0, 0, 0, 0, 0, 0, 0, 0, 0, 0, 0, 0, 4, 4, 0, 0, 0, 0, 0, 0, 0, 0, 0, 0, 0, 0, 0, 0, 0, 0, 0, 0, 0, 0, 0, 0, 0, 0, 0, 0, 0, 0, 0, 0, 0, 0, 0, 0, 0, 0, 0, 0, 0, 0, 0, 0, 0, 0, 4, 4, 0, 0, 0, 0, 0, 0, 0, 0, 0, 0, 0, 0, 0, 0, 0, 0, 0, 0, 0, 0, 0, 0, 0, 0, 0, 0, 0, 0, 0, 0, 0, 0, 0, 0, 0, 0, 0, 0, 0, 0, 0, 0, 0, 0, 0, 0, 0, 0, 0, 0, 0, 0, 0, 0, 0, 0, 0, 0, 0, 0, 0, 0, 0, 0, 0, 0, 0, 0, 0, 0, 0, 0, 0, 0, 0, 0, 0, 0, 0, 0, 0, 0, 0, 0, 0, 0, 0, 0, 0, 0, 0, 0, 0, 0, 0, 0, 0, 0, 0, 4, 4, 0, 0, 0, 0, 0, 0, 0, 0, 0, 0, 0, 0, 0, 0, 0, 0, 0, 0, 0, 0, 0, 0, 0, 0, 0, 0, 0, 0, 0, 0, 0, 0, 0, 0, 0, 0, 0, 0, 0, 0, 0, 0, 0, 0, 0, 0, 0, 0, 0, 4, 4, 4, 4, 0, 0, 0, 0, 0, 0, 0, 0, 0, 0, 0, 0, 0, 0, 0, 0, 0, 0, 0, 0, 0, 0, 0, 0, 0, 0, 0, 0, 0, 0, 0, 0, 0, 0, 0, 0, 0, 0, 0, 0, 0, 0, 0, 0, 0, 0, 0, 0, 0, 0, 0, 0, 0, 0, 0, 0, 0, 0, 0, 0, 0, 0, 0, 0, 0, 0, 0, 0, 0, 0, 0, 0, 0, 0, 0, 0, 0, 0, 0, 0, 0, 0, 0, 0, 0, 0, 0, 0, 0, 0, 0, 0, 0, 0, 0, 0, 0, 0, 0, 0, 0, 0, 0, 0, 0, 0, 0, 0, 0, 0, 0, 0, 0, 0, 0, 0, 0, 0, 0, 0, 0, 0, 0, 0, 0, 0, 0, 0, 0, 0, 0, 0, 0, 0, 0, 0, 0, 0, 0, 0, 0, 0, 0, 0, 0, 0, 0, 0, 0, 0, 0, 0, 0, 0, 0, 0, 0, 0, 0, 0, 0, 0, 0, 0, 0, 0, 0, 0, 0, 0, 0, 0, 0, 0, 0, 0, 0, 0, 0, 0, 0, 0, 0, 0, 0, 0, 0, 0, 0, 0, 0, 0, 0, 0, 0, 0, 0, 0, 0, 0, 0, 0, 0, 0, 0, 0, 0, 0, 0, 0, 0, 0, 0, 0, 0, 0, 0, 0, 0, 0, 0, 0, 0, 0, 0, 0, 0, 0, 0, 0, 0, 0, 0, 0, 0, 0, 0, 0, 0, 0, 0, 0, 0, 0, 0, 0, 0, 0, 0, 0, 0, 0, 0, 0, 0, 0, 0, 0, 0, 0, 0, 0, 0, 4, 4, 4, 4, 0, 0, 0, 0, 0, 0, 0, 0, 0, 0, 0, 0, 0, 0, 0, 0, 0, 0, 0, 0, 0, 0, 0, 0, 0, 0, 0, 0, 0, 0, 0, 0, 0, 0, 0, 0, 0, 0, 0, 0, 0, 0, 0, 0, 0, 0, 0, 0, 0, 0, 0, 0, 0, 0, 0, 0, 0, 0, 0, 0, 0, 0, 0, 0, 0, 0, 0, 0, 0, 0, 0, 0, 0, 0, 0, 0, 0, 0, 0, 0, 0, 0, 0, 0, 0, 0, 0, 0, 0, 0, 0, 0, 0, 0, 0, 0, 0, 0, 0, 0, 0, 0, 0, 0, 4]
nameroot = root_root.dxf
nametip = root_tip.dxf

[Transform]
croot = 561.8
ctip = 435.4
incidenceroot = 0.0
thicknessroot = 100.0
tethicknessroot = 0.0
vinvertroot = 0
incidencetip = 0.0
thicknesstip = 100.0
tethicknesstip = 0.0
vinverttip = 0
covering = 0.0
smooth = 0
nbrpoints = 201
repartition = 1.0
reducepoints = 0

[Bloc]
bloclx = 136.0
blochz = 100.0
fleading = 87.7
ftrailing = -38.7
mleadingroot = 5.0
mtrailingroot = 10.0
mleadingtip = 5.0
mtrailingtip = 10.0
cbcutboth = 0
cbrotdelta = 0
rbleftwing = 0
rbrightwing = 1
rbtabletoblockleft = 1
rbtabletoblockright = 0
bloctotableleft = 72.0
bloctotableright = 647.0
bloctotabletrailingroot = 23.0
hoffset = 50.0
hprofileroot = 3.0
hprofiletip = 26.8
cbalignprofiles = 3
angleinroot = 0.0
angleintip = 0.0
angleoutroot = 0.0
angleouttip = 0.0
gbextracutcmdsactive = 1
extracutcommands = 
	L; TE;=; 90;=; 5;=
	
	X; LE;=; 0;=; 0;=; 8;=; 1;=; 6;=; 2;=; 8;=

[Material]
mspeednorm = 5.0
mspeedhalf = 2.5
mspeedmin = 0.5
mspeedmax = 5.5
mradspnorm = 1.2
mradsphalf = 2.4
mheatspnorm = 80.0
mname = grey 22kg/m3
mhotwire = NiCr, 800 mm x 0.3 mm, 24 V

[Table]
tableyy = 855.0
tableyg = 0.0
tableyd = 0.0
maxdiag = 1000.0
cmaxy = 660.0
cmaxz = 360.0
vmaxy = 60.0
vmaxz = 60.0
theatingmax = 100.0
tsvaluemin = 0.0
tsvaluemax = 1000.0
tname = My CNC
tpreheat = 4.0
tpostheat = 4.0
vcut = 5.0
gcodestart1 = 
gcodestart2 = 
gcodestart3 = 
gcodestart4 = 
gcodeend1 = 
gcodeend2 = 
gcodeend3 = 
gcodeend4 = 
gcodeletters = XYAZ

[Cut]
vcut = 5.0
vheat = 80.0
vusefoamparam = 1
vcleanwire = 1
vfastoutsideblock = 1
vhmargin = 40.0
vcutblock = 0

