  0
SECTION
  2
HEADER
  9
$ACADVER
  1
AC1024
  9
$ACADMAINTVER
 70
     6
  9
$DWGCODEPAGE
  3
ANSI_1251
  9
$INSBASE
 10
0.0
 20
0.0
 30
0.0
  9
$EXTMIN
 10
1.000000000000000E+20
 20
1.000000000000000E+20
 30
1.000000000000000E+20
  9
$EXTMAX
 10
-1.000000000000000E+20
 20
-1.000000000000000E+20
 30
-1.000000000000000E+20
  9
$LIMMIN
 10
0.0
 20
0.0
  9
$LIMMAX
 10
420.0
 20
297.0
  9
$ORTHOMODE
 70
     0
  9
$REGENMODE
 70
     1
  9
$FILLMODE
 70
     1
  9
$QTEXTMODE
 70
     0
  9
$MIRRTEXT
 70
     1
  9
$LTSCALE
 40
1.0
  9
$ATTMODE
 70
     1
  9
$TEXTSIZE
 40
2.5
  9
$TRACEWID
 40
1.0
  9
$TEXTSTYLE
  7
Standard
  9
$CLAYER
  8
0
  9
$CELTYPE
  6
ByLayer
  9
$CECOLOR
 62
   256
  9
$CELTSCALE
 40
1.0
  9
$DISPSILH
 70
     0
  9
$DIMSCALE
 40
1.0
  9
$DIMASZ
 40
2.5
  9
$DIMEXO
 40
0.625
  9
$DIMDLI
 40
3.75
  9
$DIMRND
 40
0.01
  9
$DIMDLE
 40
0.0
  9
$DIMEXE
 40
1.25
  9
$DIMTP
 40
0.0
  9
$DIMTM
 40
0.0
  9
$DIMTXT
 40
2.5
  9
$DIMCEN
 40
2.5
  9
$DIMTSZ
 40
0.0
  9
$DIMTOL
 70
     0
  9
$DIMLIM
 70
     0
  9
$DIMTIH
 70
     0
  9
$DIMTOH
 70
     0
  9
$DIMSE1
 70
     0
  9
$DIMSE2
 70
     0
  9
$DIMTAD
 70
     1
  9
$DIMZIN
 70
     8
  9
$DIMBLK
  1

  9
$DIMASO
 70
     1
  9
$DIMSHO
 70
     1
  9
$DIMPOST
  1

  9
$DIMAPOST
  1

  9
$DIMALT
 70
     0
  9
$DIMALTD
 70
     3
  9
$DIMALTF
 40
0.0393700787401575
  9
$DIMLFAC
 40
1.0
  9
$DIMTOFL
 70
     1
  9
$DIMTVP
 40
0.0
  9
$DIMTIX
 70
     0
  9
$DIMSOXD
 70
     0
  9
$DIMSAH
 70
     0
  9
$DIMBLK1
  1

  9
$DIMBLK2
  1

  9
$DIMSTYLE
  2
ISO-25
  9
$DIMCLRD
 70
     0
  9
$DIMCLRE
 70
     0
  9
$DIMCLRT
 70
     0
  9
$DIMTFAC
 40
1.0
  9
$DIMGAP
 40
0.7
  9
$DIMJUST
 70
     0
  9
$DIMSD1
 70
     0
  9
$DIMSD2
 70
     0
  9
$DIMTOLJ
 70
     0
  9
$DIMTZIN
 70
     8
  9
$DIMALTZ
 70
     0
  9
$DIMALTTZ
 70
     0
  9
$DIMUPT
 70
     0
  9
$DIMDEC
 70
     2
  9
$DIMTDEC
 70
     2
  9
$DIMALTU
 70
     2
  9
$DIMALTTD
 70
     3
  9
$DIMTXSTY
  7
Standard
  9
$DIMAUNIT
 70
     0
  9
$DIMADEC
 70
     2
  9
$DIMALTRND
 40
0.0
  9
$DIMAZIN
 70
     0
  9
$DIMDSEP
 70
    44
  9
$DIMATFIT
 70
     3
  9
$DIMFRAC
 70
     2
  9
$DIMLDRBLK
  1

  9
$DIMLUNIT
 70
     2
  9
$DIMLWD
 70
    15
  9
$DIMLWE
 70
    15
  9
$DIMTMOVE
 70
     0
  9
$DIMFXL
 40
1.0
  9
$DIMFXLON
 70
     0
  9
$DIMJOGANG
 40
0.7853981633974483
  9
$DIMTFILL
 70
     0
  9
$DIMTFILLCLR
 70
     0
  9
$DIMARCSYM
 70
     0
  9
$DIMLTYPE
  6

  9
$DIMLTEX1
  6

  9
$DIMLTEX2
  6

  9
$DIMTXTDIRECTION
 70
     0
  9
$LUNITS
 70
     2
  9
$LUPREC
 70
     4
  9
$SKETCHINC
 40
1.0
  9
$FILLETRAD
 40
0.0
  9
$AUNITS
 70
     0
  9
$AUPREC
 70
     0
  9
$MENU
  1
.
  9
$ELEVATION
 40
0.0
  9
$PELEVATION
 40
0.0
  9
$THICKNESS
 40
0.0
  9
$LIMCHECK
 70
     0
  9
$CHAMFERA
 40
0.0
  9
$CHAMFERB
 40
0.0
  9
$CHAMFERC
 40
0.0
  9
$CHAMFERD
 40
0.0
  9
$SKPOLY
 70
     0
  9
$TDCREATE
 40
2460778.770975058
  9
$TDUCREATE
 40
2460778.687641725
  9
$TDUPDATE
 40
2460778.770975058
  9
$TDUUPDATE
 40
2460778.687641725
  9
$TDINDWG
 40
0.0000000116
  9
$TDUSRTIMER
 40
0.0000000116
  9
$USRTIMER
 70
     1
  9
$ANGBASE
 50
0.0
  9
$ANGDIR
 70
     0
  9
$PDMODE
 70
     0
  9
$PDSIZE
 40
0.0
  9
$PLINEWID
 40
0.0
  9
$SPLFRAME
 70
     0
  9
$SPLINETYPE
 70
     6
  9
$SPLINESEGS
 70
     8
  9
$HANDSEED
  5
CF
  9
$SURFTAB1
 70
     6
  9
$SURFTAB2
 70
     6
  9
$SURFTYPE
 70
     6
  9
$SURFU
 70
     6
  9
$SURFV
 70
     6
  9
$UCSBASE
  2

  9
$UCSNAME
  2

  9
$UCSORG
 10
0.0
 20
0.0
 30
0.0
  9
$UCSXDIR
 10
1.0
 20
0.0
 30
0.0
  9
$UCSYDIR
 10
0.0
 20
1.0
 30
0.0
  9
$UCSORTHOREF
  2

  9
$UCSORTHOVIEW
 70
     0
  9
$UCSORGTOP
 10
0.0
 20
0.0
 30
0.0
  9
$UCSORGBOTTOM
 10
0.0
 20
0.0
 30
0.0
  9
$UCSORGLEFT
 10
0.0
 20
0.0
 30
0.0
  9
$UCSORGRIGHT
 10
0.0
 20
0.0
 30
0.0
  9
$UCSORGFRONT
 10
0.0
 20
0.0
 30
0.0
  9
$UCSORGBACK
 10
0.0
 20
0.0
 30
0.0
  9
$PUCSBASE
  2

  9
$PUCSNAME
  2

  9
$PUCSORG
 10
0.0
 20
0.0
 30
0.0
  9
$PUCSXDIR
 10
1.0
 20
0.0
 30
0.0
  9
$PUCSYDIR
 10
0.0
 20
1.0
 30
0.0
  9
$PUCSORTHOREF
  2

  9
$PUCSORTHOVIEW
 70
     0
  9
$PUCSORGTOP
 10
0.0
 20
0.0
 30
0.0
  9
$PUCSORGBOTTOM
 10
0.0
 20
0.0
 30
0.0
  9
$PUCSORGLEFT
 10
0.0
 20
0.0
 30
0.0
  9
$PUCSORGRIGHT
 10
0.0
 20
0.0
 30
0.0
  9
$PUCSORGFRONT
 10
0.0
 20
0.0
 30
0.0
  9
$PUCSORGBACK
 10
0.0
 20
0.0
 30
0.0
  9
$USERI1
 70
     0
  9
$USERI2
 70
     0
  9
$USERI3
 70
     0
  9
$USERI4
 70
     0
  9
$USERI5
 70
     0
  9
$USERR1
 40
0.0
  9
$USERR2
 40
0.0
  9
$USERR3
 40
0.0
  9
$USERR4
 40
0.0
  9
$USERR5
 40
0.0
  9
$WORLDVIEW
 70
     1
  9
$SHADEDGE
 70
     3
  9
$SHADEDIF
 70
    70
  9
$TILEMODE
 70
     0
  9
$MAXACTVP
 70
    64
  9
$PINSBASE
 10
0.0
 20
0.0
 30
0.0
  9
$PLIMCHECK
 70
     0
  9
$PEXTMIN
 10
0.0
 20
0.0
 30
0.0
  9
$PEXTMAX
 10
0.0
 20
0.0
 30
0.0
  9
$PLIMMIN
 10
-20.0
 20
-7.5
  9
$PLIMMAX
 10
277.0
 20
202.5
  9
$UNITMODE
 70
     0
  9
$VISRETAIN
 70
     1
  9
$PLINEGEN
 70
     0
  9
$PSLTSCALE
 70
     1
  9
$TREEDEPTH
 70
  3020
  9
$CMLSTYLE
  2
Standard
  9
$CMLJUST
 70
     0
  9
$CMLSCALE
 40
20.0
  9
$PROXYGRAPHICS
 70
     1
  9
$MEASUREMENT
 70
     1
  9
$CELWEIGHT
370
    -1
  9
$ENDCAPS
280
     0
  9
$JOINSTYLE
280
     0
  9
$LWDISPLAY
290
     0
  9
$INSUNITS
 70
     4
  9
$HYPERLINKBASE
  1

  9
$STYLESHEET
  1

  9
$XEDIT
290
     1
  9
$CEPSNTYPE
380
     0
  9
$PSTYLEMODE
290
     1
  9
$FINGERPRINTGUID
  2
{6649ae3d-e017-414f-b77d-2f5b0f727769}
  9
$VERSIONGUID
  2
{FAEB1C32-E019-11D5-929B-00C0DF256EC4}
  9
$EXTNAMES
290
     1
  9
$PSVPSCALE
 40
0.0
  9
$OLESTARTUP
290
     0
  9
$SORTENTS
280
   127
  9
$INDEXCTL
280
     0
  9
$HIDETEXT
280
     1
  9
$XCLIPFRAME
280
     2
  9
$HALOGAP
280
     0
  9
$OBSCOLOR
 70
   257
  9
$OBSLTYPE
280
     0
  9
$INTERSECTIONDISPLAY
280
     0
  9
$INTERSECTIONCOLOR
 70
   257
  9
$DIMASSOC
280
     2
  9
$PROJECTNAME
  1

  9
$CAMERADISPLAY
290
     0
  9
$LENSLENGTH
 40
50.0
  9
$CAMERAHEIGHT
 40
0.0
  9
$STEPSPERSEC
 40
2.0
  9
$STEPSIZE
 40
6.0
  9
$3DDWFPREC
 40
2.0
  9
$PSOLWIDTH
 40
5.0
  9
$PSOLHEIGHT
 40
80.0
  9
$LOFTANG1
 40
1.570796326794897
  9
$LOFTANG2
 40
1.570796326794897
  9
$LOFTMAG1
 40
0.0
  9
$LOFTMAG2
 40
0.0
  9
$LOFTPARAM
 70
     7
  9
$LOFTNORMALS
280
     1
  9
$LATITUDE
 40
37.795
  9
$LONGITUDE
 40
-122.394
  9
$NORTHDIRECTION
 40
0.0
  9
$TIMEZONE
 70
 -8000
  9
$LIGHTGLYPHDISPLAY
280
     1
  9
$TILEMODELIGHTSYNCH
280
     1
  9
$CMATERIAL
347
44
  9
$SOLIDHIST
280
     0
  9
$SHOWHIST
280
     1
  9
$DWFFRAME
280
     2
  9
$DGNFRAME
280
     2
  9
$REALWORLDSCALE
290
     1
  9
$INTERFERECOLOR
 62
   256
  9
$CSHADOW
280
     0
  9
$SHADOWPLANELOCATION
 40
0.0
  0
ENDSEC
  0
SECTION
  2
CLASSES
  0
CLASS
  1
ACDBDICTIONARYWDFLT
  2
AcDbDictionaryWithDefault
  3
ObjectDBX Classes
 90
        0
 91
        3
280
     0
281
     0
  0
CLASS
  1
VISUALSTYLE
  2
AcDbVisualStyle
  3
ObjectDBX Classes
 90
     4095
 91
        3
280
     0
281
     0
  0
CLASS
  1
MATERIAL
  2
AcDbMaterial
  3
ObjectDBX Classes
 90
     1153
 91
        3
280
     0
281
     0
  0
CLASS
  1
SCALE
  2
AcDbScale
  3
ObjectDBX Classes
 90
     1153
 91
        3
280
     0
281
     0
  0
CLASS
  1
TABLESTYLE
  2
AcDbTableStyle
  3
ObjectDBX Classes
 90
     4095
 91
        3
280
     0
281
     0
  0
CLASS
  1
MLEADERSTYLE
  2
AcDbMLeaderStyle
  3
ACDB_MLEADERSTYLE_CLASS
 90
     4095
 91
        3
280
     0
281
     0
  0
CLASS
  1
SUN
  2
AcDbSun
  3
SCENEOE
 90
     1153
 91
        3
280
     0
281
     0
  0
CLASS
  1
DICTIONARYVAR
  2
AcDbDictionaryVar
  3
ObjectDBX Classes
 90
        0
 91
        3
280
     0
281
     0
  0
CLASS
  1
CELLSTYLEMAP
  2
AcDbCellStyleMap
  3
ObjectDBX Classes
 90
     1152
 91
        3
280
     0
281
     0
  0
ENDSEC
  0
SECTION
  2
TABLES
  0
TABLE
  2
VPORT
  5
8
330
0
100
AcDbSymbolTable
 70
     1
  0
VPORT
  5
29
330
8
100
AcDbSymbolTableRecord
100
AcDbViewportTableRecord
  2
*Active
 70
     0
 10
0.0
 20
0.0
 11
1.0
 21
1.0
 12
210.0
 22
148.5
 13
0.0
 23
0.0
 14
10.0
 24
10.0
 15
10.0
 25
10.0
 16
0.0
 26
0.0
 36
1.0
 17
0.0
 27
0.0
 37
0.0
 40
297.0
 41
1.414141414141414
 42
50.0
 43
0.0
 44
0.0
 50
0.0
 51
0.0
 71
     0
 72
   100
 73
     1
 74
     3
 75
     0
 76
     0
 77
     0
 78
     0
281
     0
 65
     1
110
0.0
120
0.0
130
0.0
111
1.0
121
0.0
131
0.0
112
0.0
122
1.0
132
0.0
 79
     0
146
0.0
348
2F
 60
     3
 61
     5
292
     1
282
     1
141
0.0
142
0.0
 63
   250
361
5D
  0
ENDTAB
  0
TABLE
  2
LTYPE
  5
5
330
0
100
AcDbSymbolTable
 70
     6
  0
LTYPE
  5
14
330
5
100
AcDbSymbolTableRecord
100
AcDbLinetypeTableRecord
  2
ByBlock
 70
     0
  3

 72
    65
 73
     0
 40
0.0
  0
LTYPE
  5
15
330
5
100
AcDbSymbolTableRecord
100
AcDbLinetypeTableRecord
  2
ByLayer
 70
     0
  3

 72
    65
 73
     0
 40
0.0
  0
LTYPE
  5
16
330
5
100
AcDbSymbolTableRecord
100
AcDbLinetypeTableRecord
  2
Continuous
 70
     0
  3
Solid line
 72
    65
 73
     0
 40
0.0
  0
LTYPE
  5
61
330
5
100
AcDbSymbolTableRecord
100
AcDbLinetypeTableRecord
  2
CenterLine
 70
     0
  3

 72
    65
 73
     4
 40
8.0
 49
5.0
 74
     0
 49
-1.0
 74
     0
 49
1.0
 74
     0
 49
-1.0
 74
     0
  0
LTYPE
  5
62
330
5
100
AcDbSymbolTableRecord
100
AcDbLinetypeTableRecord
  2
DraftedLine
 70
     0
  3

 72
    65
 73
     2
 40
3.0
 49
2.0
 74
     0
 49
-1.0
 74
     0
  0
LTYPE
  5
63
330
5
100
AcDbSymbolTableRecord
100
AcDbLinetypeTableRecord
  2
SectionLineISO
 70
     0
  3

 72
    65
 73
     5
 40
13.75833333333342
 49
4.23333333333336
 74
     0
 49
-2.11666666666668
 74
     0
 49
1.05833333333334
 74
     0
 49
-2.11666666666668
 74
     0
 49
4.23333333333336
 74
     0
  0
LTYPE
  5
64
330
5
100
AcDbSymbolTableRecord
100
AcDbLinetypeTableRecord
  2
SectionLineANSI
 70
     0
  3

 72
    65
 73
     7
 40
11.99444444444452
 49
4.23333333333336
 74
     0
 49
-1.05833333333334
 74
     0
 49
0.17638888888889
 74
     0
 49
-1.05833333333334
 74
     0
 49
0.17638888888889
 74
     0
 49
-1.05833333333334
 74
     0
 49
4.23333333333336
 74
     0
  0
LTYPE
  5
65
330
5
100
AcDbSymbolTableRecord
100
AcDbLinetypeTableRecord
  2
DetailCircleISO
 70
     0
  3

 72
    65
 73
     5
 40
13.75833333333342
 49
4.23333333333336
 74
     0
 49
-2.11666666666668
 74
     0
 49
1.05833333333334
 74
     0
 49
-2.11666666666668
 74
     0
 49
4.23333333333336
 74
     0
  0
ENDTAB
  0
TABLE
  2
LAYER
  5
2
330
0
100
AcDbSymbolTable
 70
     4
  0
LAYER
  5
10
330
2
100
AcDbSymbolTableRecord
100
AcDbLayerTableRecord
  2
0
 70
     0
 62
     7
  6
Continuous
370
    -3
390
F
347
46
  0
LAYER
  5
5E
330
2
100
AcDbSymbolTableRecord
100
AcDbLayerTableRecord
  2
Geometries
 70
     0
 62
     7
  6
Continuous
370
    -3
390
F
347
46
  0
LAYER
  5
5F
330
2
100
AcDbSymbolTableRecord
100
AcDbLayerTableRecord
  2
Annotations
 70
     0
 62
     7
  6
Continuous
370
    -3
390
F
347
46
  0
LAYER
  5
60
330
2
100
AcDbSymbolTableRecord
100
AcDbLayerTableRecord
  2
Border
 70
     0
 62
     7
  6
Continuous
370
    -3
390
F
347
46
  0
ENDTAB
  0
TABLE
  2
STYLE
  5
3
330
0
100
AcDbSymbolTable
 70
    20
  0
STYLE
  5
11
330
3
100
AcDbSymbolTableRecord
100
AcDbTextStyleTableRecord
  2
Standard
 70
     0
 40
0.0
 41
1.0
 50
0.0
 71
     0
 42
2.5
  3
txt
  4

  0
STYLE
  5
66
330
3
100
AcDbSymbolTableRecord
100
AcDbTextStyleTableRecord
  2
Shapr0
 70
     0
 40
3.3495
 41
1.0
 50
0.0
 71
     0
 42
2.5
  3

  4

  0
STYLE
  5
67
330
3
100
AcDbSymbolTableRecord
100
AcDbTextStyleTableRecord
  2
Shapr1
 70
     0
 40
3.3495
 41
1.0
 50
0.0
 71
     0
 42
2.5
  3

  4

  0
STYLE
  5
68
330
3
100
AcDbSymbolTableRecord
100
AcDbTextStyleTableRecord
  2
Shapr2
 70
     0
 40
3.3495
 41
1.0
 50
0.0
 71
     0
 42
2.5
  3

  4

  0
STYLE
  5
69
330
3
100
AcDbSymbolTableRecord
100
AcDbTextStyleTableRecord
  2
Shapr3
 70
     0
 40
3.3495
 41
1.0
 50
0.0
 71
     0
 42
2.5
  3

  4

  0
STYLE
  5
6A
330
3
100
AcDbSymbolTableRecord
100
AcDbTextStyleTableRecord
  2
Shapr4
 70
     0
 40
3.3495
 41
1.0
 50
0.0
 71
     0
 42
2.5
  3

  4

  0
STYLE
  5
6B
330
3
100
AcDbSymbolTableRecord
100
AcDbTextStyleTableRecord
  2
Shapr5
 70
     0
 40
3.3495
 41
1.0
 50
0.0
 71
     0
 42
2.5
  3

  4

  0
STYLE
  5
6C
330
3
100
AcDbSymbolTableRecord
100
AcDbTextStyleTableRecord
  2
Shapr6
 70
     0
 40
3.3495
 41
1.0
 50
0.0
 71
     0
 42
2.5
  3

  4

  0
STYLE
  5
6D
330
3
100
AcDbSymbolTableRecord
100
AcDbTextStyleTableRecord
  2
Shapr7
 70
     0
 40
3.3495
 41
1.0
 50
0.0
 71
     0
 42
2.5
  3

  4

  0
STYLE
  5
6E
330
3
100
AcDbSymbolTableRecord
100
AcDbTextStyleTableRecord
  2
Shapr8
 70
     0
 40
3.3495
 41
1.0
 50
0.0
 71
     0
 42
2.5
  3

  4

  0
STYLE
  5
6F
330
3
100
AcDbSymbolTableRecord
100
AcDbTextStyleTableRecord
  2
Shapr9
 70
     0
 40
3.3495
 41
1.0
 50
0.0
 71
     0
 42
2.5
  3

  4

  0
STYLE
  5
70
330
3
100
AcDbSymbolTableRecord
100
AcDbTextStyleTableRecord
  2
Shapr10
 70
     0
 40
3.3495
 41
1.0
 50
0.0
 71
     0
 42
2.5
  3

  4

  0
STYLE
  5
71
330
3
100
AcDbSymbolTableRecord
100
AcDbTextStyleTableRecord
  2
Shapr11
 70
     0
 40
3.3495
 41
1.0
 50
0.0
 71
     0
 42
2.5
  3

  4

  0
STYLE
  5
72
330
3
100
AcDbSymbolTableRecord
100
AcDbTextStyleTableRecord
  2
Shapr12
 70
     0
 40
3.3495
 41
1.0
 50
0.0
 71
     0
 42
2.5
  3

  4

  0
STYLE
  5
73
330
3
100
AcDbSymbolTableRecord
100
AcDbTextStyleTableRecord
  2
Shapr13
 70
     0
 40
3.3495
 41
1.0
 50
0.0
 71
     0
 42
2.5
  3

  4

  0
STYLE
  5
74
330
3
100
AcDbSymbolTableRecord
100
AcDbTextStyleTableRecord
  2
Shapr14
 70
     0
 40
3.3495
 41
1.0
 50
0.0
 71
     0
 42
2.5
  3

  4

  0
STYLE
  5
75
330
3
100
AcDbSymbolTableRecord
100
AcDbTextStyleTableRecord
  2
Shapr15
 70
     0
 40
6.699
 41
1.0
 50
0.0
 71
     0
 42
2.5
  3

  4

  0
STYLE
  5
76
330
3
100
AcDbSymbolTableRecord
100
AcDbTextStyleTableRecord
  2
Shapr16
 70
     0
 40
3.3495
 41
1.0
 50
0.0
 71
     0
 42
2.5
  3

  4

  0
STYLE
  5
77
330
3
100
AcDbSymbolTableRecord
100
AcDbTextStyleTableRecord
  2
Shapr17
 70
     0
 40
3.3495
 41
1.0
 50
0.0
 71
     0
 42
2.5
  3

  4

  0
STYLE
  5
78
330
3
100
AcDbSymbolTableRecord
100
AcDbTextStyleTableRecord
  2
Shapr18
 70
     0
 40
3.3495
 41
1.0
 50
0.0
 71
     0
 42
2.5
  3

  4

  0
ENDTAB
  0
TABLE
  2
VIEW
  5
6
330
0
100
AcDbSymbolTable
 70
     0
  0
ENDTAB
  0
TABLE
  2
UCS
  5
7
330
0
100
AcDbSymbolTable
 70
     0
  0
ENDTAB
  0
TABLE
  2
APPID
  5
9
330
0
100
AcDbSymbolTable
 70
     1
  0
APPID
  5
12
330
9
100
AcDbSymbolTableRecord
100
AcDbRegAppTableRecord
  2
ACAD
 70
     0
  0
ENDTAB
  0
TABLE
  2
DIMSTYLE
  5
A
330
0
100
AcDbSymbolTable
 70
     1
100
AcDbDimStyleTable
  0
DIMSTYLE
105
27
330
A
100
AcDbSymbolTableRecord
100
AcDbDimStyleTableRecord
  2
ISO-25
 70
     0
 41
2.5
 42
0.625
 43
3.75
 44
1.25
 73
     0
 74
     0
 77
     1
 78
     8
140
2.5
141
2.5
143
0.0393700787401575
147
0.625
171
     3
172
     1
178
     0
271
     2
272
     2
274
     3
278
    44
283
     0
284
     8
340
11
  0
ENDTAB
  0
TABLE
  2
BLOCK_RECORD
  5
1
330
0
100
AcDbSymbolTable
 70
     2
  0
BLOCK_RECORD
  5
1F
330
1
100
AcDbSymbolTableRecord
100
AcDbBlockTableRecord
  2
*Model_Space
340
22
 70
     4
280
     1
281
     0
  0
BLOCK_RECORD
  5
79
330
1
100
AcDbSymbolTableRecord
100
AcDbBlockTableRecord
  2
*Paper_Space
340
7A
 70
     0
280
     1
281
     0
  0
BLOCK_RECORD
  5
23
330
1
100
AcDbSymbolTableRecord
100
AcDbBlockTableRecord
  2
*Paper_Space0
340
26
 70
     0
280
     1
281
     0
  0
BLOCK_RECORD
  5
1B
330
1
100
AcDbSymbolTableRecord
100
AcDbBlockTableRecord
  2
*Paper_Space1
340
1E
 70
     4
280
     1
281
     0
  0
ENDTAB
  0
ENDSEC
  0
SECTION
  2
BLOCKS
  0
BLOCK
  5
20
330
1F
100
AcDbEntity
  8
0
100
AcDbBlockBegin
  2
*Model_Space
 70
     0
 10
0.0
 20
0.0
 30
0.0
  3
*Model_Space
  1

  0
ENDBLK
  5
21
330
1F
100
AcDbEntity
  8
0
100
AcDbBlockEnd
  0
BLOCK
  5
7B
330
79
100
AcDbEntity
 67
     1
  8
0
100
AcDbBlockBegin
  2
*Paper_Space
 70
     0
 10
0.0
 20
0.0
 30
0.0
  3
*Paper_Space
  1

  0
ENDBLK
  5
7C
330
79
100
AcDbEntity
 67
     1
  8
0
100
AcDbBlockEnd
  0
BLOCK
  5
24
330
23
100
AcDbEntity
  8
0
100
AcDbBlockBegin
  2
*Paper_Space0
 70
     0
 10
0.0
 20
0.0
 30
0.0
  3
*Paper_Space0
  1

  0
ENDBLK
  5
25
330
23
100
AcDbEntity
  8
0
100
AcDbBlockEnd
  0
BLOCK
  5
1C
330
1B
100
AcDbEntity
  8
0
100
AcDbBlockBegin
  2
*Paper_Space1
 70
     0
 10
0.0
 20
0.0
 30
0.0
  3
*Paper_Space1
  1

  0
ENDBLK
  5
1D
330
1B
100
AcDbEntity
  8
0
100
AcDbBlockEnd
  0
ENDSEC
  0
SECTION
  2
ENTITIES
  0
LINE
  5
81
330
1F
100
AcDbEntity
  8
Geometries
  6
Continuous
370
    13
100
AcDbLine
 10
231.7917965465782
 20
156.8460765093733
 30
0.0
 11
231.7917965465782
 21
166.8578758402184
 31
0.0
  0
LINE
  5
82
330
1F
100
AcDbEntity
  8
Geometries
  6
Continuous
370
    13
100
AcDbLine
 10
133.0682600790259
 20
156.867934259553
 30
0.0
 11
133.0682600790259
 21
159.6981115200463
 31
0.0
  0
LINE
  5
83
330
1F
100
AcDbEntity
  8
Geometries
  6
Continuous
370
    13
100
AcDbLine
 10
223.5917965465782
 20
166.8578758402184
 30
0.0
 11
223.5917965465782
 21
156.9878255024538
 31
0.0
  0
LINE
  5
84
330
1F
100
AcDbEntity
  8
Geometries
  6
Continuous
370
    13
100
AcDbLine
 10
133.1682600790259
 20
159.6993312136625
 30
0.0
 11
133.1682600790259
 21
156.8634692241022
 31
0.0
  0
LINE
  5
85
330
1F
100
AcDbEntity
  8
Geometries
  6
Continuous
370
    13
100
AcDbLine
 10
231.6917965465782
 20
156.7529073814881
 30
0.0
 11
223.5917965465782
 21
156.7529073814881
 31
0.0
  0
LINE
  5
86
330
1F
100
AcDbEntity
  8
Geometries
  6
Continuous
370
    13
100
AcDbLine
 10
231.6917965465782
 20
156.9878255024538
 30
0.0
 11
223.5917965465782
 21
156.9878255024538
 31
0.0
  0
LINE
  5
87
330
1F
100
AcDbEntity
  8
Geometries
  6
Continuous
370
    13
100
AcDbLine
 10
231.7917965465782
 20
166.8578758402184
 30
0.0
 11
223.5917965465782
 21
166.8578758402184
 31
0.0
  0
LINE
  5
88
330
1F
100
AcDbEntity
  8
Geometries
  6
Continuous
370
    13
100
AcDbLine
 10
231.6917965465782
 20
156.7529073814881
 30
0.0
 11
231.6917965465782
 21
156.9878255024538
 31
0.0
  0
LINE
  5
89
330
1F
100
AcDbEntity
  8
Geometries
  6
Continuous
370
    13
100
AcDbLine
 10
200.0479755560004
 20
159.7481623181272
 30
0.0
 11
200.0479755560004
 21
156.4978741100556
 31
0.0
  0
LINE
  5
8A
330
1F
100
AcDbEntity
  8
Geometries
  6
Continuous
370
    13
100
AcDbLine
 10
199.9479755560004
 20
156.4968509740332
 30
0.0
 11
199.9479755560004
 21
159.7498981322022
 31
0.0
  0
ARC
  5
8B
330
1F
100
AcDbEntity
  8
Geometries
  6
Continuous
370
    13
100
AcDbCircle
 10
200.0682600790259
 20
163.7981115200463
 30
0.0
 40
4.05
100
AcDbArc
 50
269.7130315017408
 51
268.2980718267236
  0
ARC
  5
8C
330
1F
100
AcDbEntity
  8
Geometries
  6
Continuous
370
    13
100
AcDbCircle
 10
133.068260079026
 20
163.7981115200463
 30
0.0
 40
4.1
100
AcDbArc
 50
271.3975966282438
 51
270.0
  0
LWPOLYLINE
  5
8D
330
1F
100
AcDbEntity
  8
Geometries
  6
Continuous
370
    13
100
AcDbPolyline
 90
      756
 70
   128
 43
0.0
 10
323.1990773737435
 20
163.5252965866695
 10
323.1400013741151
 20
163.5235211297966
 10
323.079504712445
 20
163.5217071493479
 10
323.0175954352808
 20
163.5198551030967
 10
322.9542815891697
 20
163.5179654488162
 10
322.8895712206591
 20
163.5160386442795
 10
322.8246648419109
 20
163.5141105288155
 10
322.758426756114
 20
163.5121474532988
 10
322.6908645864023
 20
163.5101498514144
 10
322.6219859559101
 20
163.5081181568472
 10
322.5503525158715
 20
163.5060103057819
 10
322.4773643705659
 20
163.5038678686461
 10
322.4030296194395
 20
163.5016913062222
 10
322.3273563619387
 20
163.4994810792929
 10
322.2503526975098
 20
163.4972376486409
 10
322.1720267255988
 20
163.4949614750488
 10
322.0923865456522
 20
163.4926530192992
 10
322.0114402571163
 20
163.4903127421747
 10
321.9291959594372
 20
163.4879411044581
 10
321.8456617520613
 20
163.4855385669318
 10
321.7608457344349
 20
163.4831055903786
 10
321.6747560060041
 20
163.4806426355811
 10
321.5874006662153
 20
163.4781501633219
 10
321.4987878145146
 20
163.4756286343837
 10
321.399870918075
 20
163.4728219420314
 10
321.299453012915
 20
163.4699812619461
 10
321.1975448793979
 20
163.4671072074295
 10
321.0941572978863
 20
163.4642003917833
 10
320.9893010487436
 20
163.4612614283092
 10
320.8764970134405
 20
163.4581099001597
 10
320.7620658839238
 20
163.4549236309935
 10
320.6460205218139
 20
163.4517033525166
 10
320.5283737887318
 20
163.4484497964345
 10
320.4091385462979
 20
163.4451636944531
 10
320.2883276561329
 20
163.4418457782781
 10
320.1729886365187
 20
163.4386889755262
 10
320.0562711123091
 20
163.4355051543786
 10
319.9381858638669
 20
163.4322949281371
 10
319.8187436715552
 20
163.4290589101032
 10
319.6979553157373
 20
163.4257977135788
 10
319.5758315767755
 20
163.4225119518654
 10
319.4523832350334
 20
163.4192022382648
 10
319.3276210708735
 20
163.4158691860787
 10
319.2015558646592
 20
163.4125134086086
 10
319.0741983967533
 20
163.4091355191564
 10
318.9478677466319
 20
163.4057970193546
 10
318.8203111868312
 20
163.4024383628562
 10
318.6915389304469
 20
163.3990601306909
 10
318.5615611905735
 20
163.3956629038879
 10
318.4198575399486
 20
163.3919736117082
 10
318.2767728720365
 20
163.3882635779843
 10
318.1323200484578
 20
163.3845335344219
 10
317.9865119308335
 20
163.3807842127267
 10
317.839361380784
 20
163.3770163446045
 10
317.69088125993
 20
163.3732306617611
 10
317.5496794949
 20
163.3696456442385
 10
317.4073179826402
 20
163.3660460535656
 10
317.2638075035139
 20
163.3624325030438
 10
317.1191588378837
 20
163.358805605975
 10
316.9733827661129
 20
163.3551659756607
 10
316.8093681897519
 20
163.3510896045207
 10
316.6439777139039
 20
163.3469989892011
 10
316.4772263253839
 20
163.3428949823115
 10
316.3091290110074
 20
163.3387784364611
 10
316.1397007575896
 20
163.3346502042595
 10
315.968956551946
 20
163.3305111383161
 10
315.7969113808916
 20
163.3263620912403
 10
315.6235802312419
 20
163.3222039156415
 10
315.4239320461867
 20
163.3174416309003
 10
315.2226461612246
 20
163.3126698095024
 10
315.0197449473454
 20
163.3078897241476
 10
314.8152507755387
 20
163.3031026475356
 10
314.6091860167941
 20
163.2983098523663
 10
314.4015730421012
 20
163.2935126113394
 10
314.1924342224493
 20
163.2887121971546
 10
313.9994023317529
 20
163.2843101169293
 10
313.805124336649
 20
163.2799074200942
 10
313.6096174684961
 20
163.2755050869523
 10
313.4128989586526
 20
163.2711040978065
 10
313.2149860384765
 20
163.2667054329596
 10
313.0158959393264
 20
163.2623100727145
 10
312.7978626591452
 20
163.2575304995354
 10
312.5784771874568
 20
163.2527572679071
 10
312.357761749142
 20
163.247991642217
 10
312.1357385690813
 20
163.2432348868527
 10
311.912429872155
 20
163.2384882662017
 10
311.6918790465381
 20
163.2338374948933
 10
311.4701306990683
 20
163.2291989170649
 10
311.2472058851419
 20
163.2245737305712
 10
311.0231256601556
 20
163.2199631332671
 10
310.7548861954496
 20
163.2144950101313
 10
310.4850746081311
 20
163.2090512819249
 10
310.213726422503
 20
163.2036339696479
 10
309.9408771628681
 20
163.1982450943005
 10
309.6665623535296
 20
163.1928866768828
 10
309.39081751879
 20
163.1875607383948
 10
309.1136781829528
 20
163.1822692998368
 10
308.8351798703205
 20
163.1770143822088
 10
308.5553581051963
 20
163.1717980065109
 10
308.2742484118831
 20
163.1666221937433
 10
307.9918863146839
 20
163.1614889649061
 10
307.7083073379013
 20
163.1564003409993
 10
307.3725753476587
 20
163.1504630471076
 10
307.0352605746024
 20
163.144593826583
 10
306.6964211745666
 20
163.138795987948
 10
306.3561153033855
 20
163.1330728397247
 10
306.008175458169
 20
163.1273257939329
 10
305.6588370066127
 20
163.121663101473
 10
305.3081613347118
 20
163.1160882546332
 10
304.9562098284617
 20
163.1106047457016
 10
304.6030438738583
 20
163.1052160669666
 10
304.2550617378927
 20
163.1000192989267
 10
303.9060255085159
 20
163.0949206817293
 10
303.5559933415626
 20
163.0899235238967
 10
303.205023392867
 20
163.0850311339511
 10
302.7860599352416
 20
163.0793480500537
 10
302.3659479617828
 20
163.0738237177526
 10
301.9447855920148
 20
163.0684637191297
 10
301.5226709454614
 20
163.0632736362668
 10
301.0997021416466
 20
163.058259051246
 10
300.6759773000946
 20
163.0534255461492
 10
300.0865953046752
 20
163.0470252634293
 10
299.4962076354754
 20
163.0409997565941
 10
298.9050769121141
 20
163.0353639662403
 10
298.3134657542098
 20
163.0301328329643
 10
297.7216367813814
 20
163.0253212973629
 10
297.1298526132477
 20
163.0209443000325
 10
296.5383758694277
 20
163.0170167815699
 10
296.0740308857165
 20
163.0142559300143
 10
295.61016520271
 20
163.0117890334537
 10
295.1469062062366
 20
163.0096233389489
 10
294.6843812821246
 20
163.0077660935602
 10
294.2227178162019
 20
163.0062245443481
 10
293.762043194297
 20
163.0050059383732
 10
293.3024848022381
 20
163.0041175226961
 10
292.8533233100158
 20
163.0035742101835
 10
292.4054760808096
 20
163.0033617933852
 10
291.9590630091415
 20
163.0034870931764
 10
291.5142039895343
 20
163.0039569304327
 10
291.1658402196373
 20
163.0045722351191
 10
290.8185680113735
 20
163.0054077583237
 10
290.4724455205771
 20
163.0064668085686
 10
290.1275309030822
 20
163.0077526943763
 10
289.82063949498
 20
163.0090951844779
 10
289.5147987517279
 20
163.0106234989758
 10
289.2100500675002
 20
163.0123399928108
 10
288.9064348364712
 20
163.0142470209238
 10
288.6039944528148
 20
163.0163469382555
 10
288.3027703107053
 20
163.0186420997468
 10
288.0028038043169
 20
163.0211348603384
 10
287.7041363278234
 20
163.0238275749712
 10
287.4215532412379
 20
163.0265739112925
 10
287.1402161835603
 20
163.0295049689696
 10
286.8601606790936
 20
163.0326227690026
 10
286.5814222521406
 20
163.0359293323918
 10
286.3040364270046
 20
163.0394266801372
 10
286.0280387279884
 20
163.0431168332388
 10
285.7691156538702
 20
163.0467745302288
 10
285.5114879517108
 20
163.0506071178369
 10
285.2551853972975
 20
163.0546162900267
 10
285.0002377664173
 20
163.0588037407616
 10
284.7466748348572
 20
163.0631711640048
 10
284.4945263784049
 20
163.06772025372
 10
284.2438221728473
 20
163.0724527038704
 10
283.9945919939715
 20
163.0773702084194
 10
283.7468656175646
 20
163.0824744613305
 10
283.5006728194139
 20
163.0877671565672
 10
283.2603978764603
 20
163.0931504032419
 10
283.0216591609664
 20
163.0987186610802
 10
282.7844848819026
 20
163.1044735349083
 10
282.5489032482397
 20
163.1104166295524
 10
282.3502857674671
 20
163.1156080540991
 10
282.1528524141294
 20
163.1209371194661
 10
281.9566204195849
 20
163.1264048059564
 10
281.7616070151917
 20
163.1320120938728
 10
281.567829432308
 20
163.1377599635184
 10
281.3753049022925
 20
163.1436493951958
 10
281.1949449500275
 20
163.1493328279604
 10
281.0157286975085
 20
163.1551437996227
 10
280.8376705877284
 20
163.1610831318537
 10
280.6607850636804
 20
163.1671516463245
 10
280.4850865683572
 20
163.173350164706
 10
280.3105895447521
 20
163.1796795086692
 10
280.1373084358575
 20
163.1861404998853
 10
279.9652576846671
 20
163.1927339600253
 10
279.7944517341735
 20
163.19946071076
 10
279.6249050273698
 20
163.2063215737607
 10
279.4596256297996
 20
163.2131912577387
 10
279.2955885192478
 20
163.2201918780461
 10
279.1328073787097
 20
163.2273242131173
 10
278.9712958911816
 20
163.2345890413864
 10
278.8143272991633
 20
163.2418347047532
 10
278.658603018584
 20
163.2492089831913
 10
278.5041359110645
 20
163.2567126084064
 10
278.3509388382255
 20
163.2643463121042
 10
278.1990246616878
 20
163.2721108259906
 10
278.048406243072
 20
163.2800068817713
 10
277.9075929555244
 20
163.2875728734188
 10
277.767953784407
 20
163.2952570668991
 10
277.6294995100819
 20
163.3030600755137
 10
277.4922409129128
 20
163.3109825125642
 10
277.3561887732628
 20
163.3190249913525
 10
277.2213538714943
 20
163.3271881251802
 10
277.0877469879705
 20
163.335472527349
 10
276.9553789030545
 20
163.3438788111605
 10
276.8242603971092
 20
163.3524075899164
 10
276.6944022504978
 20
163.3610594769185
 10
276.4798134613849
 20
163.3759205998141
 10
276.3911719702489
 20
163.3822944742019
 10
276.3018752498171
 20
163.388849433105
 10
276.1947174862987
 20
163.3968881741934
 10
276.0866359903283
 20
163.4051815632666
 10
275.9776334143492
 20
163.4137285182226
 10
275.8412315642459
 20
163.4246743011763
 10
275.7034233459445
 20
163.4360060347123
 10
275.5642138126134
 20
163.4477216573187
 10
275.4236080174209
 20
163.4598191074837
 10
275.2816110135349
 20
163.4722963236953
 10
275.1382278541239
 20
163.4851512444417
 10
274.9934635923559
 20
163.498381808211
 10
274.8326337621457
 20
163.5133668356343
 10
274.6701456381841
 20
163.5288011528137
 10
274.5060059462384
 20
163.5446820158767
 10
274.3402214120755
 20
163.5610066809512
 10
274.172798761462
 20
163.5777724041648
 10
274.0037447201655
 20
163.5949764416452
 10
273.8330660139524
 20
163.6126160495201
 10
273.6607693685897
 20
163.6306884839172
 10
273.4868615098447
 20
163.6491910009642
 10
273.3113491634844
 20
163.6681208567888
 10
273.1374157077961
 20
163.6871259848957
 10
272.9619474155458
 20
163.7065380797095
 10
272.7849506585875
 20
163.7263545417418
 10
272.6064318087747
 20
163.7465727715042
 10
272.4398402753002
 20
163.7656429605556
 10
272.271955167562
 20
163.7850530842992
 10
272.1027815387283
 20
163.8048010812232
 10
271.9323244419673
 20
163.8248848898156
 10
271.7605889304476
 20
163.8453024485646
 10
271.5875800573371
 20
163.8660516959582
 10
271.4133028758038
 20
163.8871305704847
 10
271.220139110846
 20
163.9106955913878
 10
271.0254535327975
 20
163.9346542228199
 10
270.8292528674255
 20
163.9590037209086
 10
270.6315438404966
 20
163.9837413417818
 10
270.4323331777782
 20
164.0088643415671
 10
270.2316276050369
 20
164.0343699763922
 10
270.0294338480398
 20
164.0602555023848
 10
269.8257586325538
 20
164.0865181756725
 10
269.6206086843458
 20
164.1131552523831
 10
269.413990729183
 20
164.1401639886442
 10
269.2096399686814
 20
164.167049534769
 10
269.0038860214897
 20
164.1942883391627
 10
268.7967352594617
 20
164.2218778023367
 10
268.588194054451
 20
164.2498153248028
 10
268.3744391835492
 20
164.2786157245716
 10
268.1592561798824
 20
164.3077715166478
 10
267.9426517692172
 20
164.3372799571594
 10
267.7246326773206
 20
164.367138302234
 10
267.5052056299598
 20
164.3973438079992
 10
267.2883329635927
 20
164.4273451919119
 10
267.0701150364792
 20
164.4576762023806
 10
266.8505582204729
 20
164.4883342399171
 10
266.6296688874278
 20
164.5193167050328
 10
266.4029046358606
 20
164.5512631941172
 10
266.1747663283862
 20
164.5835420192612
 10
265.9452607349873
 20
164.616150418554
 10
265.7143946256469
 20
164.6490856300848
 10
265.4821747703481
 20
164.6823448919427
 10
265.2486079390736
 20
164.7159254422168
 10
265.0137009018065
 20
164.7498245189963
 10
264.7636485097156
 20
164.7860434935855
 10
264.5121107175658
 20
164.8226128452262
 10
264.2590955496009
 20
164.8595293003137
 10
264.0046110300652
 20
164.8967895852438
 10
263.7486651832027
 20
164.9343904264118
 10
263.491266033257
 20
164.9723285502133
 10
263.2472515087397
 20
165.008404763342
 10
263.0019588865971
 20
165.0447751598087
 10
262.7553948925962
 20
165.0814369957409
 10
262.5075662525038
 20
165.1183875272665
 10
262.2584796920868
 20
165.155624010513
 10
262.0081419371127
 20
165.1931437016082
 10
261.7565597133477
 20
165.2309438566798
 10
261.5037397465595
 20
165.2690217318554
 10
261.2496887625146
 20
165.3073745832628
 10
260.9944134869799
 20
165.3459996670296
 10
260.7425115130579
 20
165.3841973460679
 10
260.4894414415024
 20
165.4226523754498
 10
260.2352096441677
 20
165.4613621556872
 10
259.9798224929074
 20
165.5003240872914
 10
259.6882154887693
 20
165.5449017829377
 10
259.3951341285762
 20
165.5897979159735
 10
259.1005877624614
 20
165.6350086718791
 10
258.8045857405577
 20
165.6805302361347
 10
258.5071374129981
 20
165.7263587942205
 10
258.2082521299152
 20
165.7724905316169
 10
257.9079392414425
 20
165.8189216338041
 10
257.6062080977131
 20
165.8656482862621
 10
257.2885978248635
 20
165.9149128572527
 10
256.9694520211353
 20
165.9644932240719
 10
256.6487814370109
 20
166.0143850009077
 10
256.3265968229722
 20
166.0645838019479
 10
256.0029089295016
 20
166.1150852413804
 10
255.677728507081
 20
166.1658849333931
 10
255.3659465821233
 20
166.2146497444644
 10
255.0528238744388
 20
166.263678499786
 10
254.7383697341601
 20
166.312967384838
 10
254.4225935114204
 20
166.3625125851008
 10
254.1055045563526
 20
166.4123102860546
 10
253.7871122190895
 20
166.4623566731796
 10
253.4674258497644
 20
166.5126479319562
 10
253.1464547985101
 20
166.5631802478645
 10
252.8088316977867
 20
166.6163732570843
 10
252.4698196636691
 20
166.6698222556035
 10
252.1294294466399
 20
166.72352285761
 10
251.787671797181
 20
166.7774706772917
 10
251.4445574657745
 20
166.8316613288364
 10
251.1000972029022
 20
166.8860904264321
 10
250.7543017590471
 20
166.9407535842664
 10
250.4071818846914
 20
166.9956464165272
 10
250.0587483303169
 20
167.0507645374025
 10
249.7090118464058
 20
167.10610356108
 10
249.3579831834406
 20
167.1616591017477
 10
249.0056730919028
 20
167.2174267735934
 10
248.6723309806409
 20
167.2701980756451
 10
248.3378682733367
 20
167.3231503829839
 10
248.0022939808372
 20
167.3762800195066
 10
247.66561711399
 20
167.4295833091098
 10
247.3278466836422
 20
167.4830565756901
 10
246.9365423293881
 20
167.5449980726168
 10
246.5438062721212
 20
167.6071555703863
 10
246.1496523777348
 20
167.6695234122101
 10
245.754094512123
 20
167.7320959412997
 10
245.3571465411796
 20
167.7948675008662
 10
244.9659472512148
 20
167.8567063973686
 10
244.573433570632
 20
167.9187264638931
 10
244.179618635695
 20
167.9809223413144
 10
243.7845155826669
 20
168.0432886705068
 10
243.3800350167489
 20
168.1070979252293
 10
242.9742408549578
 20
168.1710733858556
 10
242.5671470543433
 20
168.2352093584086
 10
242.1587675719551
 20
168.2995001489114
 10
241.7491163648429
 20
168.3639400633869
 10
241.3382073900567
 20
168.4285234078582
 10
240.9260546046465
 20
168.4932444883482
 10
240.4436562700752
 20
168.5689189022475
 10
239.9596061314165
 20
168.6447639982123
 10
239.4739263519486
 20
168.7207707344182
 10
238.9866390949495
 20
168.7969300690404
 10
238.4977665236973
 20
168.8732329602545
 10
238.0073308014707
 20
168.9496703662357
 10
237.5435081720592
 20
169.0218550011637
 10
237.0783342128671
 20
169.0941436002935
 10
236.6118275007278
 20
169.166528584942
 10
236.1440066124744
 20
169.2390023764256
 10
235.6748901249404
 20
169.311557396061
 10
235.175947284518
 20
169.3885900024445
 10
234.675590103702
 20
169.4656964142016
 10
234.1738407457707
 20
169.5428675895076
 10
233.6707213740021
 20
169.6200944865381
 10
233.1662541516743
 20
169.6973680634683
 10
232.660461242066
 20
169.7746792784737
 10
232.182376476196
 20
169.8475990593399
 10
231.7031514809235
 20
169.920536683006
 10
231.2228048330813
 20
169.9934845707885
 10
230.7413551095024
 20
170.0664351440041
 10
230.2588208870208
 20
170.1393808239692
 10
229.6417991527042
 20
170.2324046735606
 10
229.0230817916797
 20
170.3253925052464
 10
228.4027073538687
 20
170.418328592038
 10
227.7807143891927
 20
170.5111972069465
 10
227.1571414475725
 20
170.6039826229833
 10
226.5320270789294
 20
170.6966691131596
 10
225.905409833184
 20
170.7892409504868
 10
225.278700186072
 20
170.8814808708458
 10
224.6505708927445
 20
170.9735753554035
 10
224.0210602513462
 20
171.0655087798869
 10
223.3902065600217
 20
171.1572655200233
 10
222.7580481169151
 20
171.2488299515396
 10
222.1359452628467
 20
171.3385569980327
 10
221.5126570646621
 20
171.4280686693865
 10
220.8882198052384
 20
171.517350163485
 10
220.2626697674535
 20
171.6063866782123
 10
219.5165667512914
 20
171.7120425863347
 10
218.7689993054487
 20
171.8173053495393
 10
218.0200286457728
 20
171.9221499939507
 10
217.2697159881109
 20
172.0265515456932
 10
216.5181225483096
 20
172.130485030891
 10
215.7653095422164
 20
172.2339254756686
 10
215.0113381856781
 20
172.3368479061502
 10
214.2562696945417
 20
172.4392273484604
 10
213.5001652846546
 20
172.5410388287234
 10
212.7430861718634
 20
172.6422573730635
 10
211.9850935720152
 20
172.7428580076052
 10
211.2262487009574
 20
172.8428157584727
 10
210.3308849374436
 20
172.9597638030837
 10
209.4345225885514
 20
173.075743289086
 10
208.5372618690175
 20
173.1907133324523
 10
207.6392029935779
 20
173.3046330491552
 10
206.7588086378834
 20
173.4151683400494
 10
205.8778387582353
 20
173.5246181088716
 10
204.9963875535919
 20
173.6329439258167
 10
204.1145492229112
 20
173.7401073610799
 10
203.2324179651515
 20
173.8460699848561
 10
202.3500879792703
 20
173.9507933673404
 10
201.5180794661437
 20
174.0483629845636
 10
200.6860569844785
 20
174.1447645671334
 10
199.8540994900285
 20
174.2399659039269
 10
199.0222859385481
 20
174.3339347838209
 10
198.1906952857913
 20
174.4266389956923
 10
197.3594064875117
 20
174.5180463284181
 10
196.5284984994637
 20
174.6081245708752
 10
195.6980502774011
 20
174.6968415119406
 10
194.8681407770782
 20
174.7841649404912
 10
194.0388489542492
 20
174.8700626454038
 10
193.3877472751552
 20
174.9365325274761
 10
192.7371139586087
 20
175.0020867337138
 10
192.0869873027544
 20
175.0667096398441
 10
191.4374056057366
 20
175.1303856215941
 10
190.7884071656999
 20
175.193099054691
 10
190.1007555339827
 20
175.2585440628003
 10
189.4138487724243
 20
175.3228700979503
 10
188.7277325730124
 20
175.3860585194449
 10
188.0424526277339
 20
175.4480906865878
 10
187.3580546285762
 20
175.5089479586828
 10
186.6745842675274
 20
175.5686116950336
 10
186.0310600494476
 20
175.6237561455621
 10
185.3884394001033
 20
175.6778073717005
 10
184.7467606176393
 20
175.730749749176
 10
184.1060620001998
 20
175.7825676537156
 10
183.4663818459295
 20
175.8332454610465
 10
182.9341206736231
 20
175.8745947874242
 10
182.402615526618
 20
175.9151324876151
 10
181.8718885681925
 20
175.9548495197946
 10
181.3419619616247
 20
175.993736842138
 10
180.8128578701928
 20
176.0317854128209
 10
180.2845984571752
 20
176.0689861900186
 10
179.7873188658952
 20
176.1032765750655
 10
179.2908284560219
 20
176.136797672325
 10
178.7951458043886
 20
176.1695419031139
 10
178.3002894878288
 20
176.2015016887486
 10
177.8062780831749
 20
176.2326694505458
 10
177.3070222600944
 20
176.2634090250502
 10
176.8086707435716
 20
176.2933211852529
 10
176.311242809914
 20
176.3223980671099
 10
175.8147577354285
 20
176.3506318065777
 10
175.3192347964222
 20
176.3780145396125
 10
174.8246932692023
 20
176.4045384021705
 10
174.3311524300761
 20
176.4301955302082
 10
173.8386315553502
 20
176.4549780596817
 10
173.3237722842772
 20
176.4799940795467
 10
172.8100757490505
 20
176.5040325498724
 10
172.2975641129485
 20
176.5270844288341
 10
171.7862595392487
 20
176.5491406746073
 10
171.2761841912296
 20
176.5701922453674
 10
170.7673602321695
 20
176.5902300992898
 10
170.3322382137269
 20
176.6065917129402
 10
169.8980658233657
 20
176.6221962180862
 10
169.4648570181349
 20
176.6370379207508
 10
169.0326257550845
 20
176.651111126957
 10
168.6013859912642
 20
176.6644101427278
 10
168.171151683724
 20
176.6769292740862
 10
167.741936789514
 20
176.6886628270552
 10
167.3283442192156
 20
176.6992449416189
 10
167.0193410553846
 20
176.7066812867614
 10
166.7309000975206
 20
176.7133327216739
 10
166.474274630348
 20
176.7190671576925
 10
166.2185043272475
 20
176.7246085623015
 10
165.8894807580365
 20
176.7314783328301
 10
165.561867144613
 20
176.7380252915625
 10
165.2356544463484
 20
176.7442489147441
 10
164.9108336226129
 20
176.7501486786204
 10
164.5873956327775
 20
176.755724059437
 10
164.2653314362127
 20
176.7609745334394
 10
163.9446319922896
 20
176.7658995768731
 10
163.625288260379
 20
176.7704986659836
 10
163.2921819192111
 20
176.7749665823237
 10
162.9605431628957
 20
176.7790755849268
 10
162.6303615968079
 20
176.7828250715966
 10
162.3016268263227
 20
176.7862144401373
 10
161.9743284568156
 20
176.7892430883526
 10
161.6484560936617
 20
176.7919104140466
 10
161.295343394575
 20
176.7944024508224
 10
160.9438946401501
 20
176.7964648680217
 10
160.5940964234754
 20
176.7980968889364
 10
160.2459353376396
 20
176.7992977368585
 10
159.8993979757314
 20
176.8000666350797
 10
159.5606162989497
 20
176.8004006029595
 10
159.2233752399228
 20
176.8003164251209
 10
158.8876620972176
 20
176.7998133657265
 10
158.553464169401
 20
176.7988906889392
 10
158.2139946083018
 20
176.7975158681298
 10
157.8760760184741
 20
176.7957025799267
 10
157.539694904868
 20
176.7934500425158
 10
157.2048377724335
 20
176.7907574740827
 10
156.8714911261204
 20
176.7876240928132
 10
156.5396414708786
 20
176.784049116893
 10
156.2092753116585
 20
176.7800317645077
 10
155.8803791534095
 20
176.7755712538432
 10
155.5529395010817
 20
176.7706668030852
 10
155.226942859625
 20
176.7653176304193
 10
154.9023757339894
 20
176.7595229540313
 10
154.5792246291248
 20
176.7532819921069
 10
154.2574760499812
 20
176.746593962832
 10
153.9371165015087
 20
176.739458084392
 10
153.6446622812152
 20
176.7325227717133
 10
153.3533534983119
 20
176.7252098821963
 10
153.0631797581738
 20
176.7175188136449
 10
152.7741306661758
 20
176.7094489638631
 10
152.4861958276935
 20
176.7009997306547
 10
152.1993648481021
 20
176.6921705118238
 10
151.887705057145
 20
176.6821045570888
 10
151.5773330839835
 20
176.6715848895819
 10
151.2682354335674
 20
176.6606107274886
 10
150.9603986108466
 20
176.6491812889948
 10
150.653809120771
 20
176.6372957922862
 10
150.3484534682908
 20
176.6249534555484
 10
150.0443181583555
 20
176.6121534969673
 10
149.7111627067242
 20
176.5975440562036
 10
149.3794495786503
 20
176.5823789064194
 10
149.0491608122221
 20
176.5666570070197
 10
148.7202784455282
 20
176.5503773174099
 10
148.392784516657
 20
176.5335387969951
 10
148.0666610636965
 20
176.5161404051806
 10
147.7418901247351
 20
176.4981811013714
 10
147.4184537378615
 20
176.4796598449729
 10
147.0963339411639
 20
176.4605755953902
 10
146.7755127727307
 20
176.4409273120285
 10
146.4616672247806
 20
176.421079868351
 10
146.1490399967282
 20
176.4006863654996
 10
145.837614071826
 20
176.379745817636
 10
145.5273724333272
 20
176.3582572389223
 10
145.20879571557
 20
176.3355320724842
 10
144.8914406497684
 20
176.3122224649121
 10
144.5752885976904
 20
176.2883273364297
 10
144.2603209211043
 20
176.2638456072606
 10
143.9465189817778
 20
176.2387761976286
 10
143.6338641414796
 20
176.2131180277572
 10
143.3223377619775
 20
176.1868700178701
 10
143.0119212050397
 20
176.1600310881911
 10
142.6878929532241
 20
176.1312791394054
 10
142.3650408527594
 20
176.1018762262455
 10
142.0433434740057
 20
176.0718211072189
 10
141.7227793873238
 20
176.0411125408338
 10
141.4033271630738
 20
176.0097492855979
 10
141.0849653716159
 20
175.9777301000191
 10
140.7676725833106
 20
175.9450537426054
 10
140.4514273685183
 20
175.9117189718646
 10
140.136208297599
 20
175.8777245463046
 10
139.8219939409135
 20
175.8430692244333
 10
139.5087628688213
 20
175.8077517647586
 10
139.1964936516836
 20
175.7717709257883
 10
138.8296677557381
 20
175.7285116012858
 10
138.4641130574841
 20
175.6843270657519
 10
138.0997944750632
 20
175.639215286775
 10
137.7366769266166
 20
175.5931742319434
 10
137.3681549660034
 20
175.5453391928502
 10
137.000804710786
 20
175.4965365265664
 10
136.6345891305473
 20
175.4467640877939
 10
136.2694711948695
 20
175.396019731234
 10
135.9054138733352
 20
175.3443013115886
 10
135.5488541194542
 20
175.2925562319901
 10
135.1932466372768
 20
175.23986746489
 10
134.8385563449451
 20
175.1862329778768
 10
134.4847481605997
 20
175.1316507385386
 10
134.1245922869454
 20
175.0749755041275
 10
133.7652810908349
 20
175.0173091632751
 10
133.4067772984084
 20
174.9586495565796
 10
133.0490436358057
 20
174.8989945246391
 10
132.6920428291676
 20
174.838341908052
 10
132.3357376046338
 20
174.7766895474162
 10
131.9800906883449
 20
174.7140352833301
 10
131.5847585903794
 20
174.6430794274677
 10
131.1901452110018
 20
174.5708753645779
 10
130.7961990706822
 20
174.4974201122758
 10
130.4028686898896
 20
174.4227106881767
 10
130.0101025890935
 20
174.3467441098959
 10
129.6178492887637
 20
174.2695173950485
 10
129.226057309369
 20
174.1910275612497
 10
128.8346751713794
 20
174.1112716261148
 10
128.4250392777521
 20
174.0263565671038
 10
128.0157374988043
 20
173.9400452524645
 10
127.6067106450273
 20
173.852334253147
 10
127.1978995269123
 20
173.763220140101
 10
126.7892449549505
 20
173.6726994842765
 10
126.3806877396331
 20
173.5807688566233
 10
125.972168691451
 20
173.4874248280914
 10
125.5636286208957
 20
173.3926639696305
 10
125.155008338458
 20
173.2964828521907
 10
124.7462486546293
 20
173.1988780467217
 10
124.3372903799004
 20
173.0998461241734
 10
123.9280743247629
 20
172.9993836554957
 10
123.5677039571884
 20
172.9097906122513
 10
123.2070477921167
 20
172.8190847618263
 10
122.8460654935548
 20
172.7272637674189
 10
122.6076189287409
 20
172.6660499002146
 10
122.3690011333835
 20
172.6043485865597
 10
122.1588666226937
 20
172.5496476813382
 10
122.0663605488343
 20
172.5254594150586
 10
122.0256485346663
 20
172.5147933561639
 10
122.0203167719207
 20
172.5133955592229
 10
122.0149849097485
 20
172.5119975188375
 10
122.0096529480205
 20
172.5105992350003
 10
122.0043208866083
 20
172.5092007077039
 10
121.998988725383
 20
172.5078019369408
 10
121.9936564642156
 20
172.5064029227034
 10
121.7728986339938
 20
172.4479824780329
 10
121.5537364670894
 20
172.3889948096371
 10
121.3361681145531
 20
172.3294491014634
 10
121.1201917274359
 20
172.2693545374594
 10
120.9058054567888
 20
172.2087203015726
 10
120.6930074536625
 20
172.1475555777505
 10
120.4817958691086
 20
172.0858695499405
 10
120.2895772954498
 20
172.0288739171115
 10
120.098688776271
 20
171.9714550351711
 10
119.9091288874103
 20
171.9136199780974
 10
119.7208962047061
 20
171.8553758198686
 10
119.533989303997
 20
171.7967296344628
 10
119.3484067611215
 20
171.7376884958579
 10
119.1641471519178
 20
171.6782594780321
 10
118.9812090522243
 20
171.6184496549636
 10
118.7995910378798
 20
171.5582661006302
 10
118.6192916847222
 20
171.4977158890103
 10
118.4403095685903
 20
171.4368060940818
 10
118.2626432653224
 20
171.3755437898228
 10
118.0963332198414
 20
171.3174656746673
 10
117.9311904453878
 20
171.2590864038055
 10
117.7672137482569
 20
171.2004119065098
 10
117.6044019347432
 20
171.1414481120524
 10
117.4427538111427
 20
171.0822009497058
 10
117.2725791178752
 20
171.0190600113013
 10
117.1037106752438
 20
170.9556140602763
 10
116.9361470590869
 20
170.891870170609
 10
116.7698868452432
 20
170.8278354162773
 10
116.6049286095508
 20
170.7635168712595
 10
116.4412709278482
 20
170.6989216095335
 10
116.2881550353888
 20
170.6377704114784
 10
116.136192849129
 20
170.5763854358114
 10
115.985383175364
 20
170.514772611805
 10
115.8357248203891
 20
170.4529378687315
 10
115.6872165904991
 20
170.3908871358632
 10
115.5228274517473
 20
170.3213863080917
 10
115.3598677801714
 20
170.2516320685409
 10
115.1983359162882
 20
170.1816326600601
 10
115.0382302006143
 20
170.1113963254988
 10
114.8795489736657
 20
170.0409313077065
 10
114.7222905759596
 20
169.9702458495326
 10
114.5664533480123
 20
169.8993481938265
 10
114.4120356303408
 20
169.8282465834378
 10
114.2666059381358
 20
169.760497016999
 10
114.1224552485777
 20
169.6925777819082
 10
113.9795821375047
 20
169.6244959521435
 10
113.8379851807552
 20
169.556258601683
 10
113.6976629541676
 20
169.4878728045049
 10
113.5586140335803
 20
169.419345634587
 10
113.4286757303812
 20
169.3546111728348
 10
113.2998669104751
 20
169.2897632514966
 10
113.1721863801573
 20
169.2248077998449
 10
113.0456329457228
 20
169.1597507471518
 10
112.9202054134667
 20
169.0945980226898
 10
112.7815473784354
 20
169.0217772274796
 10
112.6442886381539
 20
168.9488528904799
 10
112.5084275331388
 20
168.8758332545402
 10
112.3739624039064
 20
168.80272656251
 10
112.2408915909733
 20
168.7295410572387
 10
112.1092134348564
 20
168.6562849815758
 10
111.9789262760719
 20
168.5829665783707
 10
111.8500284551366
 20
168.5095940904729
 10
111.7225183125671
 20
168.4361757607317
 10
111.5963941888794
 20
168.3627198319968
 10
111.4716544245905
 20
168.2892345471174
 10
111.348297360217
 20
168.2157281489431
 10
111.2263213362753
 20
168.1422088803233
 10
111.105724693282
 20
168.0686849841074
 10
110.9865057717538
 20
167.995164703145
 10
110.868662912207
 20
167.9216562802854
 10
110.746682592052
 20
167.8446691561949
 10
110.6262087784095
 20
167.7677135703767
 10
110.5072395632584
 20
167.6907990001941
 10
110.3897730385783
 20
167.6139349230103
 10
110.2738072963482
 20
167.5371308161886
 10
110.1593404285478
 20
167.460396157092
 10
110.0475408880225
 20
167.3845393685347
 10
109.9372054062715
 20
167.3087690514953
 10
109.8283321343454
 20
167.2330943899214
 10
109.7209192232954
 20
167.1575245677605
 10
109.6149648241724
 20
167.0820687689601
 10
109.5104670880272
 20
167.0067361774676
 10
109.407424165911
 20
166.9315359772308
 10
109.3142445885516
 20
166.8627266061235
 10
109.2222844812988
 20
166.7940432714912
 10
109.1315424199914
 20
166.7254930473121
 10
109.0420169804675
 20
166.6570830075642
 10
108.9537067385657
 20
166.5888202262257
 10
108.8666102701244
 20
166.5207117772746
 10
108.780726150982
 20
166.4527647346889
 10
108.6960529569769
 20
166.3849861724469
 10
108.6125892639473
 20
166.3173831645266
 10
108.5303336477319
 20
166.249962784906
 10
108.4492846841693
 20
166.1827321075633
 10
108.3694409490973
 20
166.1156982064764
 10
108.2768847405879
 20
166.0369562096186
 10
108.1859983216881
 20
165.958508947586
 10
108.0967793609437
 20
165.8803680009889
 10
108.0092255268995
 20
165.802544950437
 10
107.936241491125
 20
165.7367711899841
 10
107.8644531216139
 20
165.6712417024972
 10
107.7938589942043
 20
165.6059635619543
 10
107.7244576847345
 20
165.5409438423335
 10
107.6562477690432
 20
165.476189617613
 10
107.5892278229688
 20
165.4117079617707
 10
107.5117657764196
 20
165.3360712708826
 10
107.4359523244367
 20
165.2608345930925
 10
107.3617851355661
 20
165.1860095090104
 10
107.2892618783524
 20
165.1116075992463
 10
107.2258962345364
 20
165.0455443521792
 10
107.1638376048676
 20
164.9798359319284
 10
107.1030843298627
 20
164.9144905813432
 10
107.0436347500382
 20
164.8495165432732
 10
106.9854872059108
 20
164.7849220605678
 10
106.9286400379963
 20
164.7207153760764
 10
106.8730915868122
 20
164.6569047326486
 10
106.8188401928746
 20
164.5934983731337
 10
106.7684853857201
 20
164.5336252752028
 10
106.7192989968392
 20
164.4741317942062
 10
106.6712796020705
 20
164.4150250041223
 10
106.6244257772521
 20
164.3563119789289
 10
106.5787360982226
 20
164.2979997926042
 10
106.5342091408205
 20
164.2400955191263
 10
106.483221707067
 20
164.1723844978926
 10
106.4338450195884
 20
164.1052614866722
 10
106.38607674693
 20
164.0387380660752
 10
106.3399145576375
 20
163.9728258167117
 10
106.3000535988362
 20
163.914501485763
 10
106.261469481756
 20
163.8566818516205
 10
106.2241605469131
 20
163.7993751571337
 10
106.1881251348245
 20
163.7425896451521
 10
106.1533615860062
 20
163.686333558525
 10
106.1198682409754
 20
163.6306151401019
 10
106.0876434402479
 20
163.5754426327322
 10
106.056685524341
 20
163.5208242792656
 10
106.026992833771
 20
163.4667683225512
 10
105.998563709054
 20
163.4132830054386
 10
105.9713964907071
 20
163.3603765707774
 10
105.9454895192467
 20
163.3080572614168
 10
105.9208411351892
 20
163.2563333202063
 10
105.8974496790514
 20
163.2052129899955
 10
105.8753134913496
 20
163.1547045136337
 10
105.8544309126005
 20
163.1048161339704
 10
105.8338966909624
 20
163.0532261908605
 10
105.8147345829434
 20
163.0023353313298
 10
105.7969426805224
 20
162.9521530327413
 10
105.7805190756792
 20
162.9026887724585
 10
105.7654618603931
 20
162.8539520278445
 10
105.7517691266428
 20
162.8059522762625
  0
LWPOLYLINE
  5
8E
330
1F
100
AcDbEntity
  8
Geometries
  6
Continuous
370
    13
100
AcDbPolyline
 90
       82
 70
   128
 43
0.0
 10
324.3314651582368
 20
161.9353674544321
 10
324.3314620190017
 20
161.9700645360936
 10
324.3314588378745
 20
162.0031410800989
 10
324.3314556158629
 20
162.0346361196123
 10
324.3314523539753
 20
162.0645886877983
 10
324.3314490532194
 20
162.0930378178211
 10
324.3314457745478
 20
162.119553288163
 10
324.331442460311
 20
162.1446931659388
 10
324.3314391114642
 20
162.1684944303685
 10
324.3314357289623
 20
162.1909940606722
 10
324.3314322437286
 20
162.2126494942253
 10
324.331428725461
 20
162.2330274173578
 10
324.3314251751743
 20
162.2521671198428
 10
324.3314215938834
 20
162.2701078914533
 10
324.3314179826025
 20
162.2868890219624
 10
324.3314143423466
 20
162.302549801143
 10
324.3314106741301
 20
162.3171295187683
 10
324.3314059666533
 20
162.334183994115
 10
324.3314012176205
 20
162.3496319714712
 10
324.3313964291237
 20
162.3635544509398
 10
324.3313916032546
 20
162.3760324326241
 10
324.3313867421051
 20
162.3871469166271
 10
324.3313818477669
 20
162.396978903052
 10
324.331376922332
 20
162.4056093920018
 10
324.3313714709335
 20
162.4138118738859
 10
324.3313659872231
 20
162.4207663650872
 10
324.3313604739854
 20
162.4265806767428
 10
324.3313549340043
 20
162.4313626199901
 10
324.3313493700639
 20
162.4352200059662
 10
324.3313423149884
 20
162.4389372631591
 10
324.3313352317597
 20
162.4415694573472
 10
324.3313281259823
 20
162.4433336026955
 10
324.3313221438037
 20
162.4443034207358
 10
324.331316152991
 20
162.4449424938734
 10
324.3313108765715
 20
162.4453334288371
 10
324.3313085542269
 20
162.4454784395973
 10
324.3313075323316
 20
162.4455399444574
 10
324.3313070826917
 20
162.4455668107118
 10
324.3313068848495
 20
162.445578615183
 10
324.3313067977989
 20
162.4455838077305
 10
324.3299383991128
 20
162.4850092471432
 10
324.3271681945214
 20
162.5242253095875
 10
324.3230109091603
 20
162.5632023106155
 10
324.3174813365625
 20
162.6019064861563
 10
324.310594270261
 20
162.6403040721388
 10
324.3023645037886
 20
162.6783613044921
 10
324.292806830678
 20
162.7160444191452
 10
324.2807773141709
 20
162.7570234419012
 10
324.2671786209987
 20
162.7974639877357
 10
324.2520304413536
 20
162.8373211166701
 10
324.2353524654279
 20
162.8765498887261
 10
324.2171643834139
 20
162.9151053639251
 10
324.1974858855037
 20
162.9529426022886
 10
324.1763366618899
 20
162.9900166638383
 10
324.1537364027642
 20
163.0262826085956
 10
324.129704798319
 20
163.0616954965821
 10
324.1042615387469
 20
163.0962103878193
 10
324.0779176069198
 20
163.1291913722557
 10
324.0502496334095
 20
163.1612202203799
 10
324.0212762723005
 20
163.1922543569772
 10
323.9910161776777
 20
163.2222512068328
 10
323.961986520399
 20
163.2489569165916
 10
323.9321187032281
 20
163.2745203100392
 10
323.9014471543107
 20
163.298928212811
 10
323.8700063017927
 20
163.3221674505425
 10
323.8378305738198
 20
163.3442248488692
 10
323.8049543985379
 20
163.3650872334264
 10
323.7714122040926
 20
163.3847414298496
 10
323.7337876280611
 20
163.4049498650162
 10
323.6954446507604
 20
163.4236629164804
 10
323.6564290960525
 20
163.4408630491628
 10
323.6167867877996
 20
163.4565327279843
 10
323.5765635498634
 20
163.4706544178656
 10
323.5358052061061
 20
163.4832105837274
 10
323.4945575803899
 20
163.4941836904906
 10
323.4528664965767
 20
163.5035562030759
 10
323.4107777785285
 20
163.5113105864041
 10
323.3683372501072
 20
163.5174293053959
 10
323.3263564835368
 20
163.5218296822725
 10
323.2841239735607
 20
163.5246187630268
 10
323.2416831327669
 20
163.525779935284
 10
323.1990773737435
 20
163.5252965866695
  0
LWPOLYLINE
  5
8F
330
1F
100
AcDbEntity
  8
Geometries
  6
Continuous
370
    13
100
AcDbPolyline
 90
       44
 70
   128
 43
0.0
 10
323.35676606168
 20
160.8598734985267
 10
323.4094896654607
 20
160.8755006453082
 10
323.4605706185174
 20
160.8914265421999
 10
323.5100237905864
 20
160.9076738242584
 10
323.5578640514041
 20
160.9242651265402
 10
323.6041062707069
 20
160.9412230841021
 10
323.6487653182313
 20
160.9585703320005
 10
323.6918560637134
 20
160.9763295052922
 10
323.7299909037577
 20
160.9929899444194
 10
323.7668318826393
 20
161.0100329697928
 10
323.8023904538417
 20
161.0274760161696
 10
323.8366780708481
 20
161.0453365183069
 10
323.8697061871418
 20
161.0636319109618
 10
323.9014862562062
 20
161.0823796288914
 10
323.9320297315243
 20
161.1015971068529
 10
323.9613480665798
 20
161.1213017796035
 10
323.9894527148555
 20
161.1415110819003
 10
324.0163551298351
 20
161.1622424485004
 10
324.0420667650017
 20
161.1835133141609
 10
324.0665990738386
 20
161.2053411136391
 10
324.0886596604473
 20
161.2264473808492
 10
324.109691632019
 20
161.2480788634785
 10
324.129704588643
 20
161.2702501750048
 10
324.1487081304085
 20
161.2929759289061
 10
324.1667118574051
 20
161.3162707386603
 10
324.1847248785272
 20
161.3416154797842
 10
324.2016354752787
 20
161.3676342166664
 10
324.2174551011432
 20
161.3943443840641
 10
324.2321952096038
 20
161.4217634167346
 10
324.2458672541437
 20
161.4499087494348
 10
324.2584826882462
 20
161.478797816922
 10
324.2694197621308
 20
161.506732945551
 10
324.2794373129023
 20
161.5353593518486
 10
324.28854494065
 20
161.5646916492927
 10
324.2967522454632
 20
161.5947444513613
 10
324.304068827431
 20
161.6255323715324
 10
324.311194626105
 20
161.660779872844
 10
324.317236230679
 20
161.6969815669788
 10
324.3222069871568
 20
161.7341577695326
 10
324.3261202415424
 20
161.772328796101
 10
324.3289893398393
 20
161.8115149622795
 10
324.3308276280515
 20
161.8517365836637
 10
324.3316484521827
 20
161.8930139758494
 10
324.3314651582368
 20
161.9353674544321
  0
LWPOLYLINE
  5
90
330
1F
100
AcDbEntity
  8
Geometries
  6
Continuous
370
    13
100
AcDbPolyline
 90
      267
 70
   128
 43
0.0
 10
231.7917965465782
 20
156.8460765093733
 10
232.3478997174086
 20
156.8524381708699
 10
232.9025056186522
 20
156.8587867824558
 10
233.4555697151527
 20
156.8651215451687
 10
234.0070474717532
 20
156.8714416600464
 10
234.5568943532971
 20
156.8777463281268
 10
235.1050658246276
 20
156.8840347504475
 10
235.62033865929
 20
156.8899482367149
 10
236.134045169108
 20
156.8958459008978
 10
236.6461480255704
 20
156.9017270733213
 10
237.1566099001654
 20
156.9075910843108
 10
237.6653934643821
 20
156.9134372641915
 10
238.088070794568
 20
156.9182949766357
 10
238.5095351067104
 20
156.9231394537702
 10
238.9297647986613
 20
156.9279703080518
 10
239.348738268273
 20
156.9327871519374
 10
239.7664339133978
 20
156.9375895978836
 10
240.1828301318877
 20
156.9423772583472
 10
240.4625171433842
 20
156.9455930746476
 10
240.7406282254697
 20
156.9488361375289
 10
241.0191337717697
 20
156.9522115538592
 10
241.2983238689909
 20
156.9557237221221
 10
241.5781906139255
 20
156.9593718567781
 10
241.8587261033656
 20
156.9631551722879
 10
242.1399224341039
 20
156.9670728831121
 10
242.5586585712565
 20
156.973136340767
 10
242.9788084168218
 20
156.9794918062517
 10
243.4003460976191
 20
156.986136707901
 10
243.8232457404683
 20
156.9930684740501
 10
244.2474814721889
 20
157.0002845330339
 10
244.6730274196007
 20
157.0077823131875
 10
245.0754332600122
 20
157.0151073717849
 10
245.4789591683026
 20
157.022678433075
 10
245.8835834580701
 20
157.0304933415377
 10
246.2892844429123
 20
157.0385499416529
 10
246.6960404364279
 20
157.0468460779004
 10
247.2163585425999
 20
157.0577720881363
 10
247.7383127851543
 20
157.0690798260773
 10
248.2618581613135
 20
157.080764818672
 10
248.7869496683007
 20
157.0928225928692
 10
249.3135423033386
 20
157.1052486756172
 10
249.8415910636501
 20
157.1180385938648
 10
250.3710509464582
 20
157.1311878745605
 10
250.9007173287232
 20
157.1446621979441
 10
251.4316991671055
 20
157.1584854199684
 10
251.9639517527492
 20
157.1726530967962
 10
252.4974303767987
 20
157.1871607845906
 10
253.0320903303983
 20
157.2020040395144
 10
253.558309400583
 20
157.2169045687739
 10
254.0855825040549
 20
157.2321202910814
 10
254.6138672845602
 20
157.2476469964367
 10
255.1431213858448
 20
157.2634804748395
 10
255.7743909129132
 20
157.2827240036724
 10
256.4069027024732
 20
157.3023892319701
 10
257.0405852917812
 20
157.3224690566926
 10
257.6753672180939
 20
157.3429563747999
 10
258.3111770186683
 20
157.3638440832519
 10
258.9479432307608
 20
157.3851250790088
 10
259.7132245289331
 20
157.4111714120792
 10
260.4796566657207
 20
157.4377615764379
 10
261.2471161535032
 20
157.4648832980317
 10
262.0154795046601
 20
157.4925243028076
 10
262.7846232315708
 20
157.5206723167124
 10
263.7928093269296
 20
157.5582790286692
 10
264.8018445798377
 20
157.5967065752525
 10
265.8114516815156
 20
157.6359273933537
 10
266.7929743887277
 20
157.6747801233045
 10
267.7745207327843
 20
157.7143308304095
 10
268.7558361306425
 20
157.7545542103848
 10
269.7366659992588
 20
157.7954249589468
 10
270.7167557555898
 20
157.8369177718116
 10
271.4861412261844
 20
157.8699391810362
 10
272.2547891370425
 20
157.9033167241786
 10
273.0225760005438
 20
157.9370381271858
 10
273.789378329068
 20
157.9710911160047
 10
274.5550726349942
 20
158.0054634165822
 10
275.1922157268951
 20
158.034342063978
 10
275.8284321406235
 20
158.0634268289627
 10
276.4636504134358
 20
158.0927106084961
 10
277.0977990825891
 20
158.1221862995385
 10
277.7308066853396
 20
158.1518467990497
 10
278.3626017589445
 20
158.1816850039897
 10
278.9571194719034
 20
158.2099745504291
 10
279.5504358435803
 20
158.238409805279
 10
280.1424909752789
 20
158.2669848149081
 10
280.733224968303
 20
158.2956936256849
 10
281.3225779239561
 20
158.324530283978
 10
281.8571045142165
 20
158.3508513601228
 10
282.3903952454459
 20
158.377268701964
 10
282.9224051148669
 20
158.4037778364502
 10
283.4530891197025
 20
158.4303742905298
 10
283.9824022571755
 20
158.4570535911516
 10
284.5102995245089
 20
158.4838112652641
 10
285.0367359189253
 20
158.5106428398159
 10
285.5179808419978
 20
158.5352995490048
 10
285.9979257475914
 20
158.5600111510963
 10
286.4765359721081
 20
158.5847742007019
 10
286.9537768519509
 20
158.609585252433
 10
287.4296137235223
 20
158.634440860901
 10
287.9040119232247
 20
158.6593375807173
 10
288.3769367874608
 20
158.6842719664935
 10
288.8483536526332
 20
158.7092405728409
 10
289.3182278551443
 20
158.7342399543709
 10
289.7865247313968
 20
158.7592666656951
 10
290.2532096177933
 20
158.7843172614247
 10
290.7182478507365
 20
158.8093882961714
 10
291.1551731259434
 20
158.833042325246
 10
291.5905746902446
 20
158.856708573451
 10
292.0244234892792
 20
158.8803841529281
 10
292.4566904686869
 20
158.9040661758187
 10
292.8873465741077
 20
158.9277517542647
 10
293.3001262799237
 20
158.9505399265939
 10
293.7113621867752
 20
158.9733261452816
 10
294.1210284214819
 20
158.9961078386628
 10
294.5290991108635
 20
159.0188824350726
 10
294.9355483817394
 20
159.0416473628459
 10
295.3403503609294
 20
159.0644000503178
 10
295.7204887674037
 20
159.0858390625332
 10
296.0991180780561
 20
159.1072627516926
 10
296.4762166064847
 20
159.128668962276
 10
296.8517626662874
 20
159.1500555387631
 10
297.225734571062
 20
159.171420325634
 10
297.5981106344074
 20
159.1927611673684
 10
297.9688691699207
 20
159.2140759084463
 10
298.3379884912005
 20
159.2353623933477
 10
298.7054469118444
 20
159.2566184665522
 10
299.071222745451
 20
159.27784197254
 10
299.4288080984064
 20
159.2986527016384
 10
299.7847289561234
 20
159.3194278949298
 10
300.1389647733492
 20
159.3401655103184
 10
300.491495004831
 20
159.3608635057089
 10
300.7892587368434
 20
159.3783928504204
 10
301.0857672313417
 20
159.3958909540775
 10
301.3810079383248
 20
159.4133565692727
 10
301.6749683077916
 20
159.4307884485984
 10
301.967635789741
 20
159.4481853446473
 10
302.2589978341718
 20
159.4655460100119
 10
302.5325036688916
 20
159.4818803322453
 10
302.8048273204348
 20
159.498180291667
 10
303.0759582696315
 20
159.5144448427241
 10
303.3458859973128
 20
159.5306729398636
 10
303.6145999843088
 20
159.5468635375326
 10
303.8820897114502
 20
159.5630155901781
 10
304.1483446595674
 20
159.5791280522472
 10
304.4133543094912
 20
159.595199878187
 10
304.6771081420519
 20
159.6112300224445
 10
304.9395956380803
 20
159.6272174394669
 10
305.1961530605503
 20
159.6428767656755
 10
305.4514688565018
 20
159.6584928779162
 10
305.7055330602886
 20
159.6740647856537
 10
305.9583357062656
 20
159.6895914983524
 10
306.2299064550713
 20
159.7063067399153
 10
306.4999818515454
 20
159.7229668742094
 10
306.7685493456868
 20
159.7395706538273
 10
307.0355963874942
 20
159.7561168313614
 10
307.3011104269667
 20
159.7726041594042
 10
307.565078914103
 20
159.7890313905484
 10
307.812536612088
 20
159.8044637581556
 10
308.0585986697236
 20
159.8198405463737
 10
308.3032545678404
 20
159.8351607096496
 10
308.5464937872692
 20
159.8504232024305
 10
308.7883058088402
 20
159.8656269791633
 10
309.0286801133842
 20
159.8807709942952
 10
309.2676061817315
 20
159.8958542022732
 10
309.5050734947128
 20
159.9108755575443
 10
309.7410715331586
 20
159.9258340145557
 10
309.9755897778995
 20
159.9407285277544
 10
310.2044696263951
 20
159.9552938146201
 10
310.4319019466031
 20
159.9697954219098
 10
310.6578767728781
 20
159.9842323590881
 10
310.8823841395743
 20
159.9986036356195
 10
311.109455433495
 20
160.0131677219615
 10
311.3349845700633
 20
160.0276616658555
 10
311.5589610301096
 20
160.0420844217486
 10
311.7813742944645
 20
160.0564349440878
 10
312.0022138439585
 20
160.0707121873202
 10
312.2175678392373
 20
160.0846621401675
 10
312.43138370945
 20
160.0985394085713
 10
312.6436514889515
 20
160.1123430019962
 10
312.854361212096
 20
160.1260719299067
 10
313.0677547145776
 20
160.140003045267
 10
313.2795049527645
 20
160.1538543326388
 10
313.4896013383327
 20
160.1676247395954
 10
313.6980332829587
 20
160.1813132137103
 10
313.9047901983186
 20
160.1949187025571
 10
314.1098614960887
 20
160.2084401537092
 10
314.3132365879451
 20
160.22187651474
 10
314.4962435945744
 20
160.2339902547504
 10
314.6778382727624
 20
160.2460323273509
 10
314.8580127193012
 20
160.2580019470024
 10
315.0367590309832
 20
160.2698983281654
 10
315.2140693046005
 20
160.2817206853005
 10
315.3899356369456
 20
160.2934682328682
 10
315.5643501248106
 20
160.3051401853293
 10
315.7229479170793
 20
160.3157723959781
 10
315.8803130283226
 20
160.3263398206019
 10
316.036439371058
 20
160.3368418541355
 10
316.1913208578032
 20
160.3472778915134
 10
316.3449514010761
 20
160.3576473276703
 10
316.4973249133942
 20
160.3679495575409
 10
316.6484353072751
 20
160.3781839760597
 10
316.7982764952367
 20
160.3883499781615
 10
316.9468423897965
 20
160.3984469587808
 10
317.0941269034722
 20
160.4084743128523
 10
317.2401239487814
 20
160.4184314353107
 10
317.384827438242
 20
160.4283177210905
 10
317.520071895881
 20
160.437573652005
 10
317.6541558947113
 20
160.446765565513
 10
317.7870743323227
 20
160.4558929544604
 10
317.9188221063044
 20
160.4649553116931
 10
318.0493941142458
 20
160.4739521300569
 10
318.1865890757262
 20
160.4834220274404
 10
318.3224496082622
 20
160.4928170255637
 10
318.4569696243714
 20
160.5021365193615
 10
318.5901430365717
 20
160.5113799037683
 10
318.7219637573806
 20
160.5205465737189
 10
318.8524256993159
 20
160.5296359241478
 10
318.9741826731787
 20
160.5381345211191
 10
319.094721206295
 20
160.5465633375688
 10
319.214036196254
 20
160.5549218663427
 10
319.3321225406454
 20
160.5632096002865
 10
319.4489751370585
 20
160.5714260322463
 10
319.5645888830828
 20
160.5795706550678
 10
319.6789586763077
 20
160.587642961597
 10
319.7920794143228
 20
160.5956424446796
 10
319.9039459947172
 20
160.6035685971615
 10
320.0145533150808
 20
160.6114209118887
 10
320.1219548371076
 20
160.6190606442675
 10
320.2281319153981
 20
160.6266281827383
 10
320.3330797160335
 20
160.6341230468337
 10
320.4367934050942
 20
160.6415447560861
 10
320.5474012483309
 20
160.64947667553
 10
320.6565581929355
 20
160.657322119208
 10
320.7642581514262
 20
160.6650804820549
 10
320.8704950363204
 20
160.6727511590054
 10
320.975262760136
 20
160.6803335449939
 10
321.0785552353906
 20
160.6878270349553
 10
321.1745886068001
 20
160.6948103603517
 10
321.2692999982877
 20
160.7017136139492
 10
321.3626843074431
 20
160.7085362885937
 10
321.4547364318556
 20
160.715277877131
 10
321.5454512691147
 20
160.721937872407
 10
321.6348237168099
 20
160.7285157672676
 10
321.7228486725305
 20
160.7350110545586
 10
321.8095210338661
 20
160.7414232271259
 10
321.894835698406
 20
160.7477517778152
 10
321.97878756374
 20
160.7539961994726
 10
322.0599088386929
 20
160.7600467338991
 10
322.1397057955459
 20
160.7660151474043
 10
322.2181736003798
 20
160.7719009595208
 10
322.2953074192754
 20
160.7777036897812
 10
322.3724680867227
 20
160.7835260661283
 10
322.4482357049584
 20
160.7892613067439
 10
322.522605171572
 20
160.7949089044738
 10
322.595571384153
 20
160.8004683521639
 10
322.6671292402906
 20
160.80593914266
 10
322.7360334834227
 20
160.8112254531734
 10
322.8035694637348
 20
160.8164252748798
 10
322.8697323473078
 20
160.8215381273116
 10
322.9345173002224
 20
160.8265635300015
 10
322.9991989790745
 20
160.8316008482991
 10
323.0624357421121
 20
160.8365461002886
 10
323.124222453381
 20
160.8413987754818
 10
323.1845539769267
 20
160.8461583633904
 10
323.2434251767947
 20
160.8508243535263
 10
323.3008309170306
 20
160.8553962354011
 10
323.35676606168
 20
160.8598734985267
  0
LWPOLYLINE
  5
91
330
1F
100
AcDbEntity
  8
Geometries
  6
Continuous
370
    13
100
AcDbPolyline
 90
       29
 70
   128
 43
0.0
 10
200.0479755570866
 20
156.4978741100556
 10
200.7279737787534
 20
156.5048489643867
 10
201.4093336106066
 20
156.511867923093
 10
202.0919793174596
 20
156.5189296274826
 10
202.7758351641259
 20
156.5260327188639
 10
203.4608254154192
 20
156.533175838545
 10
204.1468743361533
 20
156.5403576278342
 10
204.956688097296
 20
156.5488696754621
 10
205.7677432002703
 20
156.5574313248188
 10
206.5799156611387
 20
156.5660403516285
 10
207.3930814959635
 20
156.5746945316151
 10
208.3622593557062
 20
156.5850529157586
 10
209.3324601605929
 20
156.595468387421
 10
210.3034747270562
 20
156.6059371938421
 10
211.2750938715279
 20
156.6164555822617
 10
212.2471084104404
 20
156.6270197999195
 10
213.2193091602256
 20
156.6376260940554
 10
214.1914869373156
 20
156.6482707119091
 10
215.1634325581429
 20
156.6589499007205
 10
216.1349368391391
 20
156.6696599077293
 10
217.105790596737
 20
156.6803969801753
 10
218.075784647368
 20
156.6911573652983
 10
219.0447098074648
 20
156.7019373103381
 10
219.8051220214817
 20
156.7104185444077
 10
220.5646437541362
 20
156.7189077166694
 10
221.3231735392009
 20
156.7274030068159
 10
222.080609910448
 20
156.7359025945395
 10
222.8368514016496
 20
156.7444046595327
 10
223.5917965465781
 20
156.7529073814881
  0
LWPOLYLINE
  5
92
330
1F
100
AcDbEntity
  8
Geometries
  6
Continuous
370
    13
100
AcDbPolyline
 90
      222
 70
   128
 43
0.0
 10
133.1682600838919
 20
156.8634692241022
 10
133.4972780749428
 20
156.8488452854212
 10
133.8277028416447
 20
156.8342629270914
 10
134.1594834878331
 20
156.8197269662933
 10
134.4925691173432
 20
156.8052422202073
 10
134.8269088340103
 20
156.790813506014
 10
135.1624517416691
 20
156.7764456408937
 10
135.5593884536523
 20
156.7595967560899
 10
135.9578424177491
 20
156.7428469697927
 10
136.3577303132838
 20
156.7262041680724
 10
136.7589688195803
 20
156.7096762369993
 10
137.1697016311347
 20
156.6929375966504
 10
137.5816654599615
 20
156.6763351534359
 10
137.9947717793036
 20
156.6598772861672
 10
138.4089320624035
 20
156.6435723736558
 10
138.8240577825041
 20
156.6274287947131
 10
139.240060412848
 20
156.6114549281504
 10
139.6568514266777
 20
156.5956591527792
 10
140.2415147753501
 20
156.5738602137181
 10
140.8273069257883
 20
156.5524497473211
 10
141.4139849605708
 20
156.5314507450468
 10
142.0013059622752
 20
156.5108861983536
 10
142.5890270134793
 20
156.4907790987
 10
143.3588614368301
 20
156.4651784735091
 10
144.1284198133769
 20
156.4404533600758
 10
144.8971566379626
 20
156.4166553889463
 10
145.3856754525939
 20
156.4020175760781
 10
145.8735000883703
 20
156.3877894310113
 10
146.3604899680798
 20
156.3739842589879
 10
146.846504514511
 20
156.3606153652502
 10
147.3314031504516
 20
156.3476960550404
 10
147.81504529869
 20
156.3352396336005
 10
148.1940768041598
 20
156.3257858432866
 10
148.572177647737
 20
156.3166324837067
 10
148.9492796412767
 20
156.307786008679
 10
149.3253145966346
 20
156.2992528720218
 10
149.7002143256657
 20
156.2910395275536
 10
150.0739106402256
 20
156.2831524290923
 10
150.4463353521695
 20
156.2755980304565
 10
150.8174202733528
 20
156.2683827854643
 10
151.1870972156308
 20
156.2615131479341
 10
151.5552979908588
 20
156.254995571684
 10
151.9219544108921
 20
156.2488365105325
 10
152.2869982875862
 20
156.2430424182977
 10
152.6068488542028
 20
156.2382506444736
 10
152.9253513940467
 20
156.2337508985119
 10
153.2424594388069
 20
156.2295475785092
 10
153.4509642735395
 20
156.2269379056735
 10
153.6588280651634
 20
156.2244605362314
 10
153.8412073220307
 20
156.2223908965928
 10
153.9212913047268
 20
156.2215132453597
 10
153.9302740548391
 20
156.2214159971247
 10
153.9392555357909
 20
156.2213190043133
 10
153.948235746486
 20
156.2212222670294
 10
153.957214685827
 20
156.2211257853768
 10
153.9661923527176
 20
156.2210295594593
 10
153.9751687460612
 20
156.2209335893806
 10
153.9841438647606
 20
156.2208378752446
 10
154.0815070263614
 20
156.2198207580917
 10
154.1801507957653
 20
156.2188296849864
 10
154.2800705059001
 20
156.2178645722014
 10
154.3812614896948
 20
156.2169253360091
 10
154.4837190800775
 20
156.2160118926821
 10
154.5874386099771
 20
156.2151241584932
 10
154.6924154123216
 20
156.2142620497147
 10
154.8093364744248
 20
156.2133432274789
 10
154.9277669771575
 20
156.2124551992385
 10
155.0477007086476
 20
156.2115978535522
 10
155.1691314570233
 20
156.2107710789789
 10
155.2920530104116
 20
156.2099747640774
 10
155.416459156941
 20
156.2092087974064
 10
155.5423436847387
 20
156.2084730675249
 10
155.6697003819328
 20
156.2077674629915
 10
155.798523036651
 20
156.2070918723651
 10
155.9288054370211
 20
156.2064461842045
 10
156.0581762335354
 20
156.2058410246359
 10
156.1889432304076
 20
156.2052644960493
 10
156.3211005426369
 20
156.2047164928677
 10
156.4546422852231
 20
156.2041969095138
 10
156.5920283927539
 20
156.20369696967
 10
156.7308374184084
 20
156.203226271605
 10
156.871063150314
 20
156.2027847038775
 10
157.0126993765988
 20
156.2023721550462
 10
157.1557398853907
 20
156.2019885136701
 10
157.2975869805943
 20
156.2016397529619
 10
157.4407767761512
 20
156.2013186634438
 10
157.585303387061
 20
156.2010251395387
 10
157.7311609283234
 20
156.2007590756696
 10
157.8813609967346
 20
156.200515778722
 10
158.0329344931436
 20
156.2003008519609
 10
158.1858751648414
 20
156.2001141832123
 10
158.3401767591174
 20
156.1999556603027
 10
158.4958330232623
 20
156.1998251710581
 10
158.652837704566
 20
156.1997226033046
 10
158.811184550319
 20
156.1996478448685
 10
158.9705174594211
 20
156.1996008561873
 10
159.1311742453167
 20
156.19958133248
 10
159.2931486961336
 20
156.1995891623055
 10
159.4564345999991
 20
156.1996242342225
 10
159.6210257450412
 20
156.1996864367898
 10
159.7839422394765
 20
156.1997738290309
 10
159.9481058985433
 20
156.1998871785481
 10
160.1135108372409
 20
156.2000263797643
 10
160.2801511705692
 20
156.2001913271024
 10
160.4801351347084
 20
156.2004211157903
 10
160.6818516720862
 20
156.2006870649909
 10
160.8852908536307
 20
156.2009889965763
 10
161.0904427502705
 20
156.2013267324186
 10
161.2972974329339
 20
156.20170009439
 10
161.5058449725492
 20
156.2021089043625
 10
161.716075440045
 20
156.2025529842084
 10
161.9279789063496
 20
156.2030321557997
 10
162.1415454423912
 20
156.2035462410086
 10
162.3567651190982
 20
156.2040950617071
 10
162.5736280073992
 20
156.2046784397674
 10
162.7921241782222
 20
156.2052961970617
 10
162.999621886035
 20
156.2059099824679
 10
163.2085543995788
 20
156.2065540226561
 10
163.418913396497
 20
156.2072281683229
 10
163.6306905544328
 20
156.2079322701649
 10
163.8438775510292
 20
156.2086661788787
 10
164.0611350118496
 20
156.209439396337
 10
164.2798203169758
 20
156.2102428563081
 10
164.4999248306888
 20
156.2110764038668
 10
164.7214399172703
 20
156.2119398840881
 10
164.9443569410016
 20
156.2128331420469
 10
165.1686672661635
 20
156.2137560228181
 10
165.3943622570379
 20
156.2147083714766
 10
165.6214332779059
 20
156.2156900330974
 10
165.8607836731366
 20
156.2167497116852
 10
166.1016248622639
 20
156.2178412132562
 10
166.3439469162166
 20
156.2189643596825
 10
166.5877399059226
 20
156.2201189728363
 10
166.8329939023108
 20
156.2213048745897
 10
167.0796989763089
 20
156.2225218868147
 10
167.3278451988461
 20
156.2237698313836
 10
167.5774226408501
 20
156.2250485301684
 10
167.8284213732495
 20
156.2263578050413
 10
168.0808314669728
 20
156.2276974778744
 10
168.334642992948
 20
156.2290673705398
 10
168.5898460221038
 20
156.2304673049096
 10
168.8317316033478
 20
156.2318145987357
 10
169.0748370534221
 20
156.2331882913685
 10
169.3191540499703
 20
156.2345882335046
 10
169.5646742706355
 20
156.2360142758408
 10
169.8113893930611
 20
156.2374662690736
 10
170.0743533928946
 20
156.2390344531789
 10
170.3386422292848
 20
156.2406314829872
 10
170.6042459731601
 20
156.2422571803705
 10
170.8711546954487
 20
156.2439113672011
 10
171.1393584670792
 20
156.245593865351
 10
171.4088473589798
 20
156.2473044966923
 10
171.6641050298929
 20
156.2489429853351
 10
171.9204879974002
 20
156.2506061761556
 10
172.1779879391453
 20
156.2522939198504
 10
172.4365965327711
 20
156.2540060671161
 10
172.696305455921
 20
156.2557424686494
 10
172.987448274057
 20
156.2577088741566
 10
173.2799397434688
 20
156.2597050976184
 10
173.5737682944508
 20
156.2617309314738
 10
173.8689223572979
 20
156.2637861681619
 10
174.1653903623045
 20
156.265870600122
 10
174.4631607397652
 20
156.2679840197929
 10
174.7622219199745
 20
156.2701262196139
 10
175.0625623332272
 20
156.2722969920241
 10
175.3752616433778
 20
156.2745773619164
 10
175.6893104649179
 20
156.276887985436
 10
176.0046959072114
 20
156.2792286313244
 10
176.3214050796229
 20
156.2815990683231
 10
176.6394250915172
 20
156.2839990651737
 10
176.9587430522588
 20
156.2864283906179
 10
177.2793460712121
 20
156.2888868133971
 10
177.633478249322
 20
156.2916244098692
 10
177.9891325927633
 20
156.2943966264891
 10
178.3462919441007
 20
156.2972031554519
 10
178.704939145898
 20
156.3000436889523
 10
179.0650570407196
 20
156.3029179191857
 10
179.4266284711295
 20
156.3058255383469
 10
179.7896362796923
 20
156.3087662386309
 10
180.1540633089718
 20
156.3117397122329
 10
180.5198924015325
 20
156.3147456513479
 10
180.8871063999386
 20
156.3177837481708
 10
181.2490944352878
 20
156.3207985969068
 10
181.6123855524302
 20
156.3238438765974
 10
181.9769634967629
 20
156.3269192956344
 10
182.3428120136826
 20
156.3300245624097
 10
182.716600954585
 20
156.3332166538569
 10
183.091673082249
 20
156.3364390781684
 10
183.468011239239
 20
156.339691527539
 10
183.8455982681192
 20
156.3429736941639
 10
184.2244170114539
 20
156.3462852702381
 10
184.5976534516691
 20
156.3495660395846
 10
184.9720452045585
 20
156.3528745889027
 10
185.3475760155188
 20
156.3562106265842
 10
185.7242296299472
 20
156.3595738610212
 10
186.1740682234849
 20
156.3636127678081
 10
186.625447630723
 20
156.3676893134765
 10
187.0783404271742
 20
156.37180300603
 10
187.5327191883519
 20
156.3759533534725
 10
187.9885564897691
 20
156.3801398638078
 10
188.4458249069388
 20
156.3843620450396
 10
188.9462631364993
 20
156.3890081653157
 10
189.4483362702308
 20
156.3936955126456
 10
189.95200870369
 20
156.3984234482845
 10
190.4572448324344
 20
156.4031913334875
 10
190.964009052021
 20
156.4079985295096
 10
191.4722657580072
 20
156.4128443976059
 10
191.9819793459498
 20
156.4177282990317
 10
192.544304497444
 20
156.4231437567533
 10
193.1083020052166
 20
156.4286036117528
 10
193.6739244797539
 20
156.4341070138605
 10
194.2411245315427
 20
156.4396531129071
 10
194.8098547710696
 20
156.445241058723
 10
195.380067808821
 20
156.4508700011388
 10
195.9517162552837
 20
156.4565390899852
 10
196.5247527209441
 20
156.4622474750925
 10
197.0991298162889
 20
156.4679943062914
 10
197.6748001518046
 20
156.4737787334124
 10
198.2414036127649
 20
156.4794956394678
 10
198.8091639311361
 20
156.4852471852118
 10
199.3780362110646
 20
156.4910325652113
 10
199.947975556696
 20
156.4968509740332
  0
LWPOLYLINE
  5
93
330
1F
100
AcDbEntity
  8
Geometries
  6
Continuous
370
    13
100
AcDbPolyline
 90
      260
 70
   128
 43
0.0
 10
105.7517691266428
 20
162.8059522762625
 10
105.7383887631069
 20
162.7549318368385
 10
105.7262060798146
 20
162.7042350186243
 10
105.7152122529317
 20
162.6538608800937
 10
105.7053984586241
 20
162.6038084797203
 10
105.6967558730584
 20
162.5540768759777
 10
105.6893991054284
 20
162.5055446805971
 10
105.6831552200987
 20
162.4573201269363
 10
105.6780158575487
 20
162.4094023230124
 10
105.6739726582593
 20
162.3617903768428
 10
105.6705769719447
 20
162.3055070458113
 10
105.6687088535613
 20
162.2496544175678
 10
105.6683541990711
 20
162.1942309871743
 10
105.6694989044364
 20
162.1392352496928
 10
105.6721288656196
 20
162.0846657001854
 10
105.6762299785831
 20
162.030520833714
 10
105.6817881392889
 20
161.9767991453407
 10
105.6887892436998
 20
161.9234991301275
 10
105.6972191877776
 20
161.8706192831363
 10
105.7070638674851
 20
161.8181580994293
 10
105.7183091787844
 20
161.7661140740684
 10
105.7309410176376
 20
161.7144857021156
 10
105.7441083110943
 20
161.6661868752916
 10
105.7584838393158
 20
161.6182549565955
 10
105.7740557805685
 20
161.5706886846173
 10
105.7908123131201
 20
161.5234867979468
 10
105.8087416152367
 20
161.476648035174
 10
105.8309341970183
 20
161.4229058987089
 10
105.8546626361843
 20
161.3696462360432
 10
105.8799086218581
 20
161.316867093358
 10
105.9066538431631
 20
161.2645665168345
 10
105.9348799892223
 20
161.212742552654
 10
105.9645687491584
 20
161.1613932469974
 10
105.9957018120952
 20
161.1105166460462
 10
106.0254935944122
 20
161.0642933510953
 10
106.0564695021843
 20
161.0184641127152
 10
106.0886154313739
 20
160.9730274259678
 10
106.1219172779428
 20
160.9279817859153
 10
106.1563609378539
 20
160.8833256876195
 10
106.1919323070693
 20
160.8390576261426
 10
106.2360866679242
 20
160.7864460420184
 10
106.281820248586
 20
160.7343884632697
 10
106.3291086772777
 20
160.6828822893638
 10
106.377927582222
 20
160.6319249197677
 10
106.4282525916417
 20
160.5815137539486
 10
106.4791213610617
 20
160.5325319317007
 10
106.5313963273243
 20
160.4840720079468
 10
106.5850544011071
 20
160.4361315189953
 10
106.640072493088
 20
160.3887080011546
 10
106.6985205478818
 20
160.3400874557181
 10
106.7583797213271
 20
160.2920171243842
 10
106.8196242879599
 20
160.2444942621781
 10
106.8822285223177
 20
160.1975161241251
 10
106.9461666989359
 20
160.1510799652505
 10
107.0114130923511
 20
160.1051830405794
 10
107.0779419770998
 20
160.0598226051372
 10
107.1525743244727
 20
160.0105424950826
 10
107.2286931179562
 20
159.9619045620141
 10
107.306264116958
 20
159.9139051523701
 10
107.3852530808861
 20
159.8665406125893
 10
107.4656257691486
 20
159.8198072891103
 10
107.5473479411532
 20
159.7737015283717
 10
107.6303853563079
 20
159.728219676812
 10
107.7147037740208
 20
159.6833580808699
 10
107.8002689536996
 20
159.6391130869839
 10
107.8870466547525
 20
159.5954810415927
 10
107.9734218599399
 20
159.5532212327161
 10
108.0609012013453
 20
159.5115456912208
 10
108.149452240132
 20
159.4704509557975
 10
108.2390425374659
 20
159.429933565137
 10
108.3420700247583
 20
159.3845874891723
 10
108.4463500396834
 20
159.3399774025512
 10
108.5518349811138
 20
159.296098226108
 10
108.6584772479217
 20
159.252944880677
 10
108.7662292389808
 20
159.2105122870925
 10
108.8750433531636
 20
159.1687953661887
 10
108.9848719893428
 20
159.1277890388
 10
109.0956675463915
 20
159.0874882257607
 10
109.2127242996983
 20
159.0460195003268
 10
109.3307352813885
 20
159.0053136666162
 10
109.4496457612167
 20
158.9653648847676
 10
109.5694010089376
 20
158.9261673149196
 10
109.6899462943057
 20
158.8877151172107
 10
109.8112268870759
 20
158.8500024517796
 10
109.9600016496724
 20
158.8050168851447
 10
110.1096888014489
 20
158.761111247228
 10
110.2601891675935
 20
158.718274955816
 10
110.4114035732947
 20
158.6764974286947
 10
110.5632328437404
 20
158.6357680836504
 10
110.7128534108523
 20
158.5967760820946
 10
110.8628774586566
 20
158.5587749287589
 10
111.0132110309689
 20
158.5217545982707
 10
111.1637601716042
 20
158.4857050652576
 10
111.3431361254972
 20
158.4440408319729
 10
111.5225259109346
 20
158.4037213225193
 10
111.7017710066569
 20
158.3647296222608
 10
111.8807128914049
 20
158.3270488165612
 10
112.0591930439185
 20
158.2906619907843
 10
112.2370529429382
 20
158.2555522302941
 10
112.3888904519195
 20
158.2264617680017
 10
112.5400559730584
 20
158.1982864788946
 10
112.6904496795561
 20
158.1710157111901
 10
112.8399717446135
 20
158.1446388131056
 10
112.9885223414313
 20
158.1191451328588
 10
113.1360016432109
 20
158.0945240186671
 10
113.2823098231532
 20
158.0707648187479
 10
113.4153115976681
 20
158.0497336225314
 10
113.5471685302329
 20
158.0294095186836
 10
113.6778037287937
 20
158.0097843026196
 10
113.807140301296
 20
157.9908497697545
 10
113.9351013556864
 20
157.9725977155037
 10
114.0616099999102
 20
157.9550199352822
 10
114.1685990151166
 20
157.9405149008438
 10
114.2744212532762
 20
157.9264919575104
 10
114.3790286088221
 20
157.9129459722915
 10
114.482372976188
 20
157.8998718121962
 10
114.5844062498075
 20
157.8872643442339
 10
114.6832947705043
 20
157.8753313089094
 10
114.7808266270744
 20
157.8638386327627
 10
114.8769562452898
 20
157.8527814529035
 10
114.9716380509225
 20
157.8421549064416
 10
115.054914802835
 20
157.8330268522287
 10
115.1369685970899
 20
157.824234758348
 10
115.2177669948518
 20
157.8157751634905
 10
115.2972775572853
 20
157.8076446063467
 10
115.375467845555
 20
157.7998396256076
 10
115.4523054208257
 20
157.7923567599639
 10
115.5277578442619
 20
157.7851925481064
 10
115.6017926770287
 20
157.7783435287258
 10
115.6668971757245
 20
157.7724716962308
 10
115.7308142335284
 20
157.7668476367052
 10
115.7935205164357
 20
157.7614688603491
 10
115.8549926904417
 20
157.7563328773629
 10
115.9152074215414
 20
157.7514371979466
 10
115.9731003501885
 20
157.7468604374779
 10
116.0297357293883
 20
157.7425107144786
 10
116.0850914529828
 20
157.7383856701634
 10
116.139145414814
 20
157.734482945747
 10
116.1918755087238
 20
157.7308001824441
 10
116.2432596285545
 20
157.7273350214693
 10
116.2932756681478
 20
157.7240851040374
 10
116.3419015213459
 20
157.721048071363
 10
116.3835247552084
 20
157.7185497077412
 10
116.4240392449904
 20
157.7162127679862
 10
116.4587628798135
 20
157.7142885143321
 10
116.4737629299831
 20
157.7134807682212
 10
116.4754359293822
 20
157.7133915811492
 10
116.477106768748
 20
157.7133026919715
 10
116.4787754468442
 20
157.713214100556
 10
116.4804419624336
 20
157.7131258067708
 10
116.4821063142796
 20
157.7130378104839
 10
116.4837685011458
 20
157.7129501115633
 10
116.4854285217949
 20
157.7128627098772
 10
116.538046845174
 20
157.7100888590699
 10
116.5922789998397
 20
157.7072176856345
 10
116.6481158936606
 20
157.7042500501161
 10
116.7055484345057
 20
157.7011868130596
 10
116.7645675302442
 20
157.6980288350098
 10
116.8251640887447
 20
157.6947769765118
 10
116.8873290178762
 20
157.6914320981105
 10
116.9456835409617
 20
157.6882849791405
 10
117.0053412878644
 20
157.6850610835483
 10
117.0662952553274
 20
157.6817610741726
 10
117.1285384400954
 20
157.6783856138522
 10
117.1920638389121
 20
157.6749353654257
 10
117.256864448521
 20
157.6714109917318
 10
117.3229332656668
 20
157.6678131556094
 10
117.3902632870929
 20
157.664142519897
 10
117.4588475095437
 20
157.6603997474334
 10
117.5286789297625
 20
157.6565855010572
 10
117.5997505444938
 20
157.6527004436073
 10
117.6720553504815
 20
157.6487452379224
 10
117.7588453752067
 20
157.6439945907371
 10
117.8473271477676
 20
157.6391485113238
 10
117.9374892033311
 20
157.6342080847969
 10
118.0293200770647
 20
157.629174396271
 10
118.1245233594825
 20
157.6239544868572
 10
118.2214327088903
 20
157.6186401635858
 10
118.3200360236614
 20
157.6132325718422
 10
118.4203212021693
 20
157.6077328570116
 10
118.5222761427879
 20
157.6021421644794
 10
118.6240240527414
 20
157.5965638586898
 10
118.7273594847767
 20
157.5908999853498
 10
118.8322709740606
 20
157.5851516295742
 10
118.93874705576
 20
157.5793198764773
 10
119.0489970340613
 20
157.5732842665111
 10
119.1608519985905
 20
157.567164103289
 10
119.2742997681642
 20
157.5609605397264
 10
119.389328161598
 20
157.5546747287383
 10
119.5059249977081
 20
157.54830782324
 10
119.6240780953103
 20
157.5418609761466
 10
119.7437752732207
 20
157.5353353403735
 10
119.8647381917643
 20
157.5287465596466
 10
119.9872142304474
 20
157.522081626945
 10
120.1111912876431
 20
157.5153416876541
 10
120.2366572617254
 20
157.508527887159
 10
120.3636000510675
 20
157.5016413708452
 10
120.4897017887658
 20
157.4948081566213
 10
120.6172049311279
 20
157.4879069903432
 10
120.7460980133205
 20
157.4809389571254
 10
120.8763695705108
 20
157.4739051420824
 10
121.010708792603
 20
157.466661096708
 10
121.1464592093598
 20
157.4593508399103
 10
121.2836086395969
 20
157.4519755246047
 10
121.4221449021301
 20
157.4445363037063
 10
121.5620558157757
 20
157.4370343301304
 10
121.7033291993494
 20
157.429470756792
 10
121.8459528716675
 20
157.4218467366064
 10
121.9899146515457
 20
157.4141634224888
 10
122.1352023578003
 20
157.4064219673544
 10
122.2818038092468
 20
157.3986235241184
 10
122.4297068247016
 20
157.390769245696
 10
122.5788992229805
 20
157.3828602850023
 10
122.7293688228998
 20
157.3748977949526
 10
122.8811034432749
 20
157.366882928462
 10
123.0494580860713
 20
157.3580074565375
 10
123.2193124512309
 20
157.3490715386772
 10
123.3906503255978
 20
157.340076709411
 10
123.5634554960165
 20
157.3310245032691
 10
123.7377117493305
 20
157.3219164547817
 10
123.91558979734
 20
157.3126401812173
 10
124.0949216872496
 20
157.3033098373267
 10
124.2756905954291
 20
157.2939270154196
 10
124.4578796982481
 20
157.2844933078058
 10
124.6414721720765
 20
157.2750103067953
 10
124.8264511932841
 20
157.2654796046977
 10
125.0127999382405
 20
157.2559027938229
 10
125.2005015833157
 20
157.2462814664809
 10
125.398574140896
 20
157.236155968967
 10
125.5980937067273
 20
157.2259851927336
 10
125.7990409375408
 20
157.2157709685672
 10
126.0013964900672
 20
157.2055151272544
 10
126.2051410210373
 20
157.195219499582
 10
126.4102551871824
 20
157.1848859163364
 10
126.6167196452331
 20
157.1745162083043
 10
126.8245150519205
 20
157.1641122062725
 10
127.0336220639755
 20
157.1536757410274
 10
127.2440213381291
 20
157.1432086433558
 10
127.4556935311121
 20
157.1327127440442
 10
127.6686192996556
 20
157.1221898738793
 10
127.9211505573931
 20
157.1097557848158
 10
128.1753645352458
 20
157.0972897725592
 10
128.4312295668936
 20
157.0847948342387
 10
128.6887139860159
 20
157.0722739669834
 10
128.9525110279223
 20
157.0595019052501
 10
129.2179206259957
 20
157.0467092338459
 10
129.484909355067
 20
157.03389911637
 10
129.7534437899672
 20
157.0210747164217
 10
130.0234905055273
 20
157.0082391976003
 10
130.2901546310488
 20
156.9956251226882
 10
130.5582136010474
 20
156.9830063712116
 10
130.827635749203
 20
156.9703859402997
 10
131.0983894091954
 20
156.9577668270816
 10
131.3760083394234
 20
156.9448946497656
 10
131.6549470665539
 20
156.9320301495822
 10
131.9351719456769
 20
156.9191765109283
 10
132.2166493318819
 20
156.9063369182013
 10
132.4993455802594
 20
156.8935145557983
 10
132.7832270458988
 20
156.8807126081165
 10
133.0682600838904
 20
156.867934259553
  0
VIEWPORT
  5
7D
330
79
100
AcDbEntity
 67
     1
  8
0
100
AcDbViewport
 10
210.0
 20
148.5
 30
0.0
 40
420.0
 41
297.0
 68
     1
 69
     1
 12
210.0
 22
148.5
 13
0.0
 23
0.0
 14
10.0
 24
10.0
 15
10.0
 25
10.0
 16
0.0
 26
0.0
 36
1.0
 17
0.0
 27
0.0
 37
0.0
 42
50.0
 43
0.0
 44
0.0
 45
297.0
 50
0.0
 51
0.0
 72
   100
 90
   557152
  1

281
     0
 71
     1
 74
     0
110
0.0
120
0.0
130
0.0
111
1.0
121
0.0
131
0.0
112
0.0
122
1.0
132
0.0
 79
     0
146
0.0
170
     0
 61
     5
348
2F
292
     1
282
     1
141
0.0
142
0.0
 63
   256
361
7E
  0
VIEWPORT
  5
7F
330
79
100
AcDbEntity
 67
     1
  8
0
100
AcDbViewport
 10
210.0
 20
148.5
 30
0.0
 40
420.0
 41
297.0
 68
     2
 69
     2
 12
210.0
 22
148.5
 13
0.0
 23
0.0
 14
10.0
 24
10.0
 15
10.0
 25
10.0
 16
0.0
 26
0.0
 36
1.0
 17
0.0
 27
0.0
 37
0.0
 42
50.0
 43
0.0
 44
0.0
 45
297.0
 50
0.0
 51
0.0
 72
   100
 90
   557152
  1

281
     0
 71
     1
 74
     0
110
0.0
120
0.0
130
0.0
111
1.0
121
0.0
131
0.0
112
0.0
122
1.0
132
0.0
 79
     0
146
0.0
170
     0
 61
     5
348
2F
292
     1
282
     1
141
0.0
142
0.0
 63
   256
361
80
  0
ENDSEC
  0
SECTION
  2
OBJECTS
  0
DICTIONARY
  5
C
330
0
100
AcDbDictionary
281
     1
  3
ACAD_DETAILVIEWSTYLE
350
CB
  3
ACAD_GROUP
350
D
  3
ACAD_LAYOUT
350
1A
  3
ACAD_MATERIAL
350
43
  3
ACAD_MLEADERSTYLE
350
5B
  3
ACAD_MLINESTYLE
350
17
  3
ACAD_PLOTSETTINGS
350
19
  3
ACAD_PLOTSTYLENAME
350
E
  3
ACAD_SCALELIST
350
47
  3
ACAD_SECTIONVIEWSTYLE
350
CC
  3
ACAD_TABLESTYLE
350
59
  3
ACAD_VISUALSTYLE
350
2A
  3
ACDB_RECOMPOSE_DATA
350
C8
  3
AcDbVariableDictionary
350
94
  0
SUN
  5
5D
330
29
100
AcDbSun
 90
        1
290
     0
 63
     7
421
 16777215
 40
1.0
291
     1
 91
  2455826
 92
 54000000
292
     0
 70
     2
 71
   256
280
     1
  0
SUN
  5
7E
330
7D
100
AcDbSun
 90
        1
290
     0
 63
     7
421
 16777215
 40
1.0
291
     1
 91
  2455826
 92
 54000000
292
     0
 70
     2
 71
   256
280
     1
  0
SUN
  5
80
330
7F
100
AcDbSun
 90
        1
290
     0
 63
     7
421
 16777215
 40
1.0
291
     1
 91
  2455826
 92
 54000000
292
     0
 70
     2
 71
   256
280
     1
  0
DICTIONARY
  5
CB
102
{ACAD_REACTORS
330
C
102
}
330
C
100
AcDbDictionary
281
     1
  0
DICTIONARY
  5
D
102
{ACAD_REACTORS
330
C
102
}
330
C
100
AcDbDictionary
281
     1
  0
DICTIONARY
  5
1A
102
{ACAD_REACTORS
330
C
102
}
330
C
100
AcDbDictionary
281
     1
  3
Layout1
350
1E
  3
Layout2
350
26
  3
Model
350
22
  3
Sheet
350
7A
  0
DICTIONARY
  5
43
102
{ACAD_REACTORS
330
C
102
}
330
C
100
AcDbDictionary
281
     1
  3
ByBlock
350
45
  3
ByLayer
350
44
  3
Global
350
46
  0
DICTIONARY
  5
5B
102
{ACAD_REACTORS
330
C
102
}
330
C
100
AcDbDictionary
281
     1
  3
Standard
350
5C
  0
DICTIONARY
  5
17
102
{ACAD_REACTORS
330
C
102
}
330
C
100
AcDbDictionary
281
     1
  3
Standard
350
18
  0
DICTIONARY
  5
19
102
{ACAD_REACTORS
330
C
102
}
330
C
100
AcDbDictionary
281
     1
  0
ACDBDICTIONARYWDFLT
  5
E
102
{ACAD_REACTORS
330
C
102
}
330
C
100
AcDbDictionary
281
     1
  3
Normal
350
F
100
AcDbDictionaryWithDefault
340
F
  0
DICTIONARY
  5
47
102
{ACAD_REACTORS
330
C
102
}
330
C
100
AcDbDictionary
281
     1
  3
A0
350
48
  3
A1
350
49
  3
A2
350
4A
  3
A3
350
4B
  3
A4
350
4C
  3
A5
350
4D
  3
A6
350
4E
  3
A7
350
4F
  3
A8
350
50
  3
A9
350
51
  3
B0
350
52
  3
B1
350
53
  3
B2
350
54
  3
B3
350
55
  3
B4
350
56
  3
B5
350
57
  3
B6
350
58
  0
DICTIONARY
  5
CC
102
{ACAD_REACTORS
330
C
102
}
330
C
100
AcDbDictionary
281
     1
  0
DICTIONARY
  5
59
102
{ACAD_REACTORS
330
C
102
}
330
C
100
AcDbDictionary
281
     1
  3
Standard
350
5A
  0
DICTIONARY
  5
2A
102
{ACAD_REACTORS
330
C
102
}
330
C
100
AcDbDictionary
281
     1
  3
2dWireframe
350
2F
  3
Basic
350
32
  3
Brighten
350
36
  3
ColorChange
350
3A
  3
Conceptual
350
34
  3
Dim
350
35
  3
EdgeColorOff
350
3D
  3
Facepattern
350
39
  3
Flat
350
2B
  3
FlatWithEdges
350
2C
  3
Gouraud
350
2D
  3
GouraudWithEdges
350
2E
  3
Hidden
350
31
  3
JitterOff
350
3B
  3
Linepattern
350
38
  3
OverhangOff
350
3C
  3
Realistic
350
33
  3
Shaded
350
42
  3
Shaded with edges
350
41
  3
Shades of Gray
350
3E
  3
Sketchy
350
3F
  3
Thicken
350
37
  3
Wireframe
350
30
  3
X-Ray
350
40
  0
XRECORD
  5
C8
102
{ACAD_REACTORS
330
C
102
}
330
C
100
AcDbXrecord
280
     1
 90
        1
330
5A
  0
DICTIONARY
  5
94
102
{ACAD_REACTORS
330
C
102
}
330
C
100
AcDbDictionary
281
     1
  3
CANNOSCALE
350
95
  3
CENTEREXE
350
CD
  3
CENTERLTYPEFILE
350
CE
  3
CMLEADERSTYLE
350
CA
  3
CTABLESTYLE
350
C9
  0
LAYOUT
  5
1E
102
{ACAD_REACTORS
330
1A
102
}
330
1A
100
AcDbPlotSettings
  1

  2
none_device
  4

  6

 40
0.0
 41
0.0
 42
0.0
 43
0.0
 44
0.0
 45
0.0
 46
0.0
 47
0.0
 48
0.0
 49
0.0
140
0.0
141
0.0
142
1.0
143
1.0
 70
   688
 72
     1
 73
     0
 74
     5
  7

 75
    16
 76
     0
 77
     2
 78
   300
147
1.0
148
0.0
149
0.0
100
AcDbLayout
  1
Layout1
 70
     1
 71
     1
 10
0.0
 20
0.0
 11
420.0
 21
297.0
 12
0.0
 22
0.0
 32
0.0
 14
1.000000000000000E+20
 24
1.000000000000000E+20
 34
1.000000000000000E+20
 15
-1.000000000000000E+20
 25
-1.000000000000000E+20
 35
-1.000000000000000E+20
146
0.0
 13
0.0
 23
0.0
 33
0.0
 16
1.0
 26
0.0
 36
0.0
 17
0.0
 27
1.0
 37
0.0
 76
     0
330
1B
  0
LAYOUT
  5
26
102
{ACAD_REACTORS
330
1A
102
}
330
1A
100
AcDbPlotSettings
  1

  2
none_device
  4

  6

 40
0.0
 41
0.0
 42
0.0
 43
0.0
 44
0.0
 45
0.0
 46
0.0
 47
0.0
 48
0.0
 49
0.0
140
0.0
141
0.0
142
1.0
143
1.0
 70
   688
 72
     1
 73
     0
 74
     5
  7

 75
    16
 76
     0
 77
     2
 78
   300
147
1.0
148
0.0
149
0.0
100
AcDbLayout
  1
Layout2
 70
     1
 71
     2
 10
0.0
 20
0.0
 11
0.0
 21
0.0
 12
0.0
 22
0.0
 32
0.0
 14
0.0
 24
0.0
 34
0.0
 15
0.0
 25
0.0
 35
0.0
146
0.0
 13
0.0
 23
0.0
 33
0.0
 16
1.0
 26
0.0
 36
0.0
 17
0.0
 27
1.0
 37
0.0
 76
     0
330
23
  0
LAYOUT
  5
22
102
{ACAD_REACTORS
330
1A
102
}
330
1A
100
AcDbPlotSettings
  1

  2
none_device
  4
Letter_(8.50_x_11.00_Inches)
  6

 40
6.35
 41
6.35
 42
6.35000508
 43
6.35000508
 44
215.9
 45
279.4
 46
0.0
 47
0.0
 48
0.0
 49
0.0
140
0.0
141
0.0
142
1.0
143
1.0
 70
  1712
 72
     1
 73
     0
 74
     0
  7

 75
     0
 76
     0
 77
     2
 78
   300
147
1.0
148
0.0
149
0.0
100
AcDbLayout
  1
Model
 70
     1
 71
     0
 10
0.0
 20
0.0
 11
420.0
 21
297.0
 12
0.0
 22
0.0
 32
0.0
 14
1.000000000000000E+20
 24
1.000000000000000E+20
 34
1.000000000000000E+20
 15
-1.000000000000000E+20
 25
-1.000000000000000E+20
 35
-1.000000000000000E+20
146
0.0
 13
0.0
 23
0.0
 33
0.0
 16
1.0
 26
0.0
 36
0.0
 17
0.0
 27
1.0
 37
0.0
 76
     0
330
1F
331
29
  0
LAYOUT
  5
7A
102
{ACAD_REACTORS
330
1A
102
}
330
1A
100
AcDbPlotSettings
  1

  2
Custom Device
  4
CustomPaper_420.000000x297.000000mm
  6

 40
0.0
 41
0.0
 42
0.0
 43
0.0
 44
297.0
 45
420.0
 46
0.0
 47
0.0
 48
0.0
 49
0.0
140
0.0
141
0.0
142
1.0
143
1.0
 70
   672
 72
     1
 73
     1
 74
     5
  7

 75
    16
 76
     0
 77
     2
 78
   300
147
1.0
148
0.0
149
0.0
100
AcDbLayout
  1
Sheet
 70
     1
 71
     3
 10
-20.0
 20
-7.5
 11
277.0
 21
202.5
 12
0.0
 22
0.0
 32
0.0
 14
0.0
 24
0.0
 34
0.0
 15
0.0
 25
0.0
 35
0.0
146
0.0
 13
0.0
 23
0.0
 33
0.0
 16
1.0
 26
0.0
 36
0.0
 17
0.0
 27
1.0
 37
0.0
 76
     0
330
79
331
7D
  0
MATERIAL
  5
45
102
{ACAD_REACTORS
330
43
102
}
330
43
100
AcDbMaterial
  1
ByBlock
 72
     1
 94
      127
  0
MATERIAL
  5
44
102
{ACAD_REACTORS
330
43
102
}
330
43
100
AcDbMaterial
  1
ByLayer
 72
     1
 94
      127
  0
MATERIAL
  5
46
102
{ACAD_REACTORS
330
43
102
}
330
43
100
AcDbMaterial
  1
Global
 72
     1
 94
      127
  0
MLEADERSTYLE
  5
5C
102
{ACAD_REACTORS
330
5B
102
}
330
5B
100
AcDbMLeaderStyle
179
     2
170
     2
171
     1
172
     0
 90
        2
 40
0.0
 41
0.0
173
     1
 91
-1056964608
340
14
 92
       -2
290
     1
 42
2.0
291
     1
 43
8.0
  3
Standard
341
0
 44
4.0
300

342
11
174
     1
178
     6
175
     1
176
     0
 93
-1056964608
 45
4.0
292
     0
297
     0
 46
4.0
343
0
 94
-1056964608
 47
1.0
 49
1.0
140
1.0
293
     1
141
0.0
294
     1
177
     0
142
1.0
295
     0
296
     0
143
3.75
271
     0
272
     9
273
     9
  0
MLINESTYLE
  5
18
102
{ACAD_REACTORS
330
17
102
}
330
17
100
AcDbMlineStyle
  2
Standard
 70
     0
  3

 62
   256
 51
90.0
 52
90.0
 71
     2
 49
0.5
 62
   256
  6
BYLAYER
 49
-0.5
 62
   256
  6
BYLAYER
  0
ACDBPLACEHOLDER
  5
F
102
{ACAD_REACTORS
330
E
102
}
330
E
  0
SCALE
  5
48
102
{ACAD_REACTORS
330
47
102
}
330
47
100
AcDbScale
 70
     0
300
1:1
140
1.0
141
1.0
290
     1
  0
SCALE
  5
49
102
{ACAD_REACTORS
330
47
102
}
330
47
100
AcDbScale
 70
     0
300
1:2
140
1.0
141
2.0
290
     0
  0
SCALE
  5
4A
102
{ACAD_REACTORS
330
47
102
}
330
47
100
AcDbScale
 70
     0
300
1:4
140
1.0
141
4.0
290
     0
  0
SCALE
  5
4B
102
{ACAD_REACTORS
330
47
102
}
330
47
100
AcDbScale
 70
     0
300
1:5
140
1.0
141
5.0
290
     0
  0
SCALE
  5
4C
102
{ACAD_REACTORS
330
47
102
}
330
47
100
AcDbScale
 70
     0
300
1:8
140
1.0
141
8.0
290
     0
  0
SCALE
  5
4D
102
{ACAD_REACTORS
330
47
102
}
330
47
100
AcDbScale
 70
     0
300
1:10
140
1.0
141
10.0
290
     0
  0
SCALE
  5
4E
102
{ACAD_REACTORS
330
47
102
}
330
47
100
AcDbScale
 70
     0
300
1:16
140
1.0
141
16.0
290
     0
  0
SCALE
  5
4F
102
{ACAD_REACTORS
330
47
102
}
330
47
100
AcDbScale
 70
     0
300
1:20
140
1.0
141
20.0
290
     0
  0
SCALE
  5
50
102
{ACAD_REACTORS
330
47
102
}
330
47
100
AcDbScale
 70
     0
300
1:30
140
1.0
141
30.0
290
     0
  0
SCALE
  5
51
102
{ACAD_REACTORS
330
47
102
}
330
47
100
AcDbScale
 70
     0
300
1:40
140
1.0
141
40.0
290
     0
  0
SCALE
  5
52
102
{ACAD_REACTORS
330
47
102
}
330
47
100
AcDbScale
 70
     0
300
1:50
140
1.0
141
50.0
290
     0
  0
SCALE
  5
53
102
{ACAD_REACTORS
330
47
102
}
330
47
100
AcDbScale
 70
     0
300
1:100
140
1.0
141
100.0
290
     0
  0
SCALE
  5
54
102
{ACAD_REACTORS
330
47
102
}
330
47
100
AcDbScale
 70
     0
300
2:1
140
2.0
141
1.0
290
     0
  0
SCALE
  5
55
102
{ACAD_REACTORS
330
47
102
}
330
47
100
AcDbScale
 70
     0
300
4:1
140
4.0
141
1.0
290
     0
  0
SCALE
  5
56
102
{ACAD_REACTORS
330
47
102
}
330
47
100
AcDbScale
 70
     0
300
8:1
140
8.0
141
1.0
290
     0
  0
SCALE
  5
57
102
{ACAD_REACTORS
330
47
102
}
330
47
100
AcDbScale
 70
     0
300
10:1
140
10.0
141
1.0
290
     0
  0
SCALE
  5
58
102
{ACAD_REACTORS
330
47
102
}
330
47
100
AcDbScale
 70
     0
300
100:1
140
100.0
141
1.0
290
     0
  0
TABLESTYLE
  5
5A
102
{ACAD_REACTORS
330
59
102
}
102
{ACAD_XDICTIONARY
360
C6
102
}
330
59
100
AcDbTableStyle
  3
Standard
 70
     0
 71
     0
 40
0.06
 41
0.06
280
     0
281
     0
  7
Standard
140
4.5
170
     2
 62
     0
 63
   257
283
     0
 90
        4
 91
        0
  1

274
    -2
284
     1
 64
     0
275
    -2
285
     1
 65
     0
276
    -2
286
     1
 66
     0
277
    -2
287
     1
 67
     0
278
    -2
288
     1
 68
     0
279
    -2
289
     1
 69
     0
  7
Standard
140
6.0
170
     5
 62
     0
 63
   257
283
     0
 90
        4
 91
        0
  1

274
    -2
284
     1
 64
     0
275
    -2
285
     1
 65
     0
276
    -2
286
     1
 66
     0
277
    -2
287
     1
 67
     0
278
    -2
288
     1
 68
     0
279
    -2
289
     1
 69
     0
  7
Standard
140
4.5
170
     5
 62
     0
 63
   257
283
     0
 90
        4
 91
        0
  1

274
    -2
284
     1
 64
     0
275
    -2
285
     1
 65
     0
276
    -2
286
     1
 66
     0
277
    -2
287
     1
 67
     0
278
    -2
288
     1
 68
     0
279
    -2
289
     1
 69
     0
  0
VISUALSTYLE
  5
2F
102
{ACAD_REACTORS
330
2A
102
}
102
{ACAD_XDICTIONARY
360
9E
102
}
330
2A
100
AcDbVisualStyle
  2
2dWireframe
 70
     4
177
     2
291
     0
 71
     0
176
     1
 72
     2
176
     1
 73
     0
176
     1
 90
        0
176
     1
 40
0.6
176
     1
 41
30.0
176
     1
 62
     5
 63
     7
421
 16777215
176
     1
 74
     1
176
     1
 91
        4
176
     1
 64
     7
176
     1
 65
   257
176
     1
 75
     1
176
     1
175
     1
176
     1
 42
1.0
176
     1
 92
        0
176
     1
 66
   257
176
     1
 43
1.0
176
     1
 76
     1
176
     1
 77
     6
176
     1
 78
     2
176
     1
 67
     7
176
     1
 79
     5
176
     1
170
     0
176
     1
171
     0
176
     1
290
     0
176
     1
 93
        1
176
     1
 44
0.0
176
     1
173
     0
176
     1
  0
VISUALSTYLE
  5
32
102
{ACAD_REACTORS
330
2A
102
}
102
{ACAD_XDICTIONARY
360
A4
102
}
330
2A
100
AcDbVisualStyle
  2
Basic
 70
     7
177
     2
291
     1
 71
     1
176
     1
 72
     0
176
     1
 73
     1
176
     1
 90
        0
176
     1
 40
0.6
176
     1
 41
30.0
176
     1
 62
     5
 63
     7
421
 16777215
176
     1
 74
     0
176
     1
 91
        4
176
     1
 64
     7
176
     1
 65
   257
176
     1
 75
     1
176
     1
175
     1
176
     1
 42
1.0
176
     1
 92
        8
176
     1
 66
     7
176
     1
 43
1.0
176
     1
 76
     1
176
     1
 77
     6
176
     1
 78
     2
176
     1
 67
     7
176
     1
 79
     5
176
     1
170
     0
176
     1
171
     0
176
     1
290
     0
176
     1
 93
        1
176
     1
 44
0.0
176
     1
173
     0
176
     1
  0
VISUALSTYLE
  5
36
102
{ACAD_REACTORS
330
2A
102
}
102
{ACAD_XDICTIONARY
360
AC
102
}
330
2A
100
AcDbVisualStyle
  2
Brighten
 70
    12
177
     2
291
     1
 71
     2
176
     1
 72
     2
176
     1
 73
     0
176
     1
 90
        0
176
     1
 40
0.6
176
     1
 41
30.0
176
     1
 62
     5
 63
     7
421
 16777215
176
     1
 74
     1
176
     1
 91
        4
176
     1
 64
     7
176
     1
 65
   257
176
     1
 75
     1
176
     1
175
     1
176
     1
 42
1.0
176
     1
 92
        8
176
     1
 66
     7
176
     1
 43
1.0
176
     1
 76
     1
176
     1
 77
     6
176
     1
 78
     2
176
     1
 67
     7
176
     1
 79
     5
176
     1
170
     0
176
     1
171
     0
176
     1
290
     0
176
     1
 93
        1
176
     1
 44
50.0
176
     1
173
     0
176
     1
  0
VISUALSTYLE
  5
3A
102
{ACAD_REACTORS
330
2A
102
}
102
{ACAD_XDICTIONARY
360
B4
102
}
330
2A
100
AcDbVisualStyle
  2
ColorChange
 70
    16
177
     2
291
     1
 71
     2
176
     1
 72
     2
176
     1
 73
     3
176
     1
 90
        0
176
     1
 40
0.6
176
     1
 41
30.0
176
     1
 62
     5
 63
     8
421
  8421504
176
     1
 74
     1
176
     1
 91
        4
176
     1
 64
     7
176
     1
 65
   257
176
     1
 75
     1
176
     1
175
     1
176
     1
 42
1.0
176
     1
 92
        8
176
     1
 66
     8
424
  8421504
176
     1
 43
1.0
176
     1
 76
     1
176
     1
 77
     6
176
     1
 78
     2
176
     1
 67
     7
176
     1
 79
     5
176
     1
170
     0
176
     1
171
     0
176
     1
290
     0
176
     1
 93
        1
176
     1
 44
0.0
176
     1
173
     0
176
     1
  0
VISUALSTYLE
  5
34
102
{ACAD_REACTORS
330
2A
102
}
102
{ACAD_XDICTIONARY
360
A8
102
}
330
2A
100
AcDbVisualStyle
  2
Conceptual
 70
     9
177
     2
291
     0
 71
     3
176
     1
 72
     2
176
     1
 73
     0
176
     1
 90
        0
176
     1
 40
0.6
176
     1
 41
30.0
176
     1
 62
     5
 63
     7
421
 16777215
176
     1
 74
     2
176
     1
 91
        2
176
     1
 64
     7
176
     1
 65
   257
176
     1
 75
     1
176
     1
175
     1
176
     1
 42
179.0
176
     1
 92
        8
176
     1
 66
     7
176
     1
 43
1.0
176
     1
 76
     1
176
     1
 77
     6
176
     1
 78
     2
176
     1
 67
     7
176
     1
 79
     3
176
     1
170
     0
176
     1
171
     0
176
     1
290
     0
176
     1
 93
        1
176
     1
 44
0.0
176
     1
173
     0
176
     1
  0
VISUALSTYLE
  5
35
102
{ACAD_REACTORS
330
2A
102
}
102
{ACAD_XDICTIONARY
360
AA
102
}
330
2A
100
AcDbVisualStyle
  2
Dim
 70
    11
177
     2
291
     1
 71
     2
176
     1
 72
     2
176
     1
 73
     0
176
     1
 90
        0
176
     1
 40
0.6
176
     1
 41
30.0
176
     1
 62
     5
 63
     7
421
 16777215
176
     1
 74
     1
176
     1
 91
        4
176
     1
 64
     7
176
     1
 65
   257
176
     1
 75
     1
176
     1
175
     1
176
     1
 42
1.0
176
     1
 92
        8
176
     1
 66
     7
176
     1
 43
1.0
176
     1
 76
     1
176
     1
 77
     6
176
     1
 78
     2
176
     1
 67
     7
176
     1
 79
     5
176
     1
170
     0
176
     1
171
     0
176
     1
290
     0
176
     1
 93
        1
176
     1
 44
-50.0
176
     1
173
     0
176
     1
  0
VISUALSTYLE
  5
3D
102
{ACAD_REACTORS
330
2A
102
}
102
{ACAD_XDICTIONARY
360
BA
102
}
330
2A
100
AcDbVisualStyle
  2
EdgeColorOff
 70
    22
177
     2
291
     1
 71
     2
176
     0
 72
     2
176
     0
 73
     0
176
     0
 90
        0
176
     0
 40
0.6
176
     0
 41
30.0
176
     0
 62
     5
 63
     7
421
 16777215
176
     0
 74
     1
176
     0
 91
        4
176
     0
 64
     7
176
     0
 65
   257
176
     0
 75
     1
176
     0
175
     1
176
     0
 42
1.0
176
     0
 92
        8
176
     2
 66
     7
176
     0
 43
1.0
176
     0
 76
     1
176
     0
 77
     6
176
     0
 78
     2
176
     0
 67
     7
176
     0
 79
     5
176
     0
170
     0
176
     0
171
     0
176
     0
290
     0
176
     0
 93
        1
176
     0
 44
0.0
176
     0
173
     0
176
     0
  0
VISUALSTYLE
  5
39
102
{ACAD_REACTORS
330
2A
102
}
102
{ACAD_XDICTIONARY
360
B2
102
}
330
2A
100
AcDbVisualStyle
  2
Facepattern
 70
    15
177
     2
291
     1
 71
     2
176
     1
 72
     2
176
     1
 73
     0
176
     1
 90
        0
176
     1
 40
0.6
176
     1
 41
30.0
176
     1
 62
     5
 63
     7
421
 16777215
176
     1
 74
     1
176
     1
 91
        4
176
     1
 64
     7
176
     1
 65
   257
176
     1
 75
     1
176
     1
175
     1
176
     1
 42
1.0
176
     1
 92
        8
176
     1
 66
     7
176
     1
 43
1.0
176
     1
 76
     1
176
     1
 77
     6
176
     1
 78
     2
176
     1
 67
     7
176
     1
 79
     5
176
     1
170
     0
176
     1
171
     0
176
     1
290
     0
176
     1
 93
        1
176
     1
 44
0.0
176
     1
173
     0
176
     1
  0
VISUALSTYLE
  5
2B
102
{ACAD_REACTORS
330
2A
102
}
102
{ACAD_XDICTIONARY
360
96
102
}
330
2A
100
AcDbVisualStyle
  2
Flat
 70
     0
177
     2
291
     1
 71
     2
176
     1
 72
     1
176
     1
 73
     1
176
     1
 90
        2
176
     1
 40
0.6
176
     1
 41
30.0
176
     1
 62
     5
 63
     7
421
 16777215
176
     1
 74
     0
176
     1
 91
        0
176
     1
 64
     7
176
     1
 65
   257
176
     1
 75
     1
176
     1
175
     1
176
     1
 42
1.0
176
     1
 92
        8
176
     1
 66
     7
176
     1
 43
1.0
176
     1
 76
     1
176
     1
 77
     6
176
     1
 78
     2
176
     1
 67
     7
176
     1
 79
     5
176
     1
170
     0
176
     1
171
     0
176
     1
290
     0
176
     1
 93
       13
176
     1
 44
0.0
176
     1
173
     0
176
     1
  0
VISUALSTYLE
  5
2C
102
{ACAD_REACTORS
330
2A
102
}
102
{ACAD_XDICTIONARY
360
98
102
}
330
2A
100
AcDbVisualStyle
  2
FlatWithEdges
 70
     1
177
     2
291
     1
 71
     2
176
     1
 72
     1
176
     1
 73
     1
176
     1
 90
        2
176
     1
 40
0.6
176
     1
 41
30.0
176
     1
 62
     5
 63
     7
421
 16777215
176
     1
 74
     1
176
     1
 91
        0
176
     1
 64
     7
176
     1
 65
   257
176
     1
 75
     1
176
     1
175
     1
176
     1
 42
1.0
176
     1
 92
        0
176
     1
 66
   257
176
     1
 43
1.0
176
     1
 76
     1
176
     1
 77
     6
176
     1
 78
     2
176
     1
 67
     7
176
     1
 79
     5
176
     1
170
     0
176
     1
171
     0
176
     1
290
     0
176
     1
 93
       13
176
     1
 44
0.0
176
     1
173
     0
176
     1
  0
VISUALSTYLE
  5
2D
102
{ACAD_REACTORS
330
2A
102
}
102
{ACAD_XDICTIONARY
360
9A
102
}
330
2A
100
AcDbVisualStyle
  2
Gouraud
 70
     2
177
     2
291
     1
 71
     2
176
     1
 72
     2
176
     1
 73
     1
176
     1
 90
        2
176
     1
 40
0.6
176
     1
 41
30.0
176
     1
 62
     5
 63
     7
421
 16777215
176
     1
 74
     0
176
     1
 91
        0
176
     1
 64
     7
176
     1
 65
   257
176
     1
 75
     1
176
     1
175
     1
176
     1
 42
1.0
176
     1
 92
        0
176
     1
 66
     7
176
     1
 43
1.0
176
     1
 76
     1
176
     1
 77
     6
176
     1
 78
     2
176
     1
 67
     7
176
     1
 79
     5
176
     1
170
     0
176
     1
171
     0
176
     1
290
     0
176
     1
 93
       13
176
     1
 44
0.0
176
     1
173
     0
176
     1
  0
VISUALSTYLE
  5
2E
102
{ACAD_REACTORS
330
2A
102
}
102
{ACAD_XDICTIONARY
360
9C
102
}
330
2A
100
AcDbVisualStyle
  2
GouraudWithEdges
 70
     3
177
     2
291
     1
 71
     2
176
     1
 72
     2
176
     1
 73
     1
176
     1
 90
        2
176
     1
 40
0.6
176
     1
 41
30.0
176
     1
 62
     5
 63
     7
421
 16777215
176
     1
 74
     1
176
     1
 91
        0
176
     1
 64
     7
176
     1
 65
   257
176
     1
 75
     1
176
     1
175
     1
176
     1
 42
1.0
176
     1
 92
        0
176
     1
 66
   257
176
     1
 43
1.0
176
     1
 76
     1
176
     1
 77
     6
176
     1
 78
     2
176
     1
 67
     7
176
     1
 79
     5
176
     1
170
     0
176
     1
171
     0
176
     1
290
     0
176
     1
 93
       13
176
     1
 44
0.0
176
     1
173
     0
176
     1
  0
VISUALSTYLE
  5
31
102
{ACAD_REACTORS
330
2A
102
}
102
{ACAD_XDICTIONARY
360
A2
102
}
330
2A
100
AcDbVisualStyle
  2
Hidden
 70
     6
177
     2
291
     0
 71
     1
176
     1
 72
     2
176
     1
 73
     2
176
     1
 90
        0
176
     1
 40
0.6
176
     1
 41
30.0
176
     1
 62
     5
 63
     7
421
 16777215
176
     1
 74
     2
176
     1
 91
        2
176
     1
 64
     7
176
     1
 65
   257
176
     1
 75
     2
176
     1
175
     1
176
     1
 42
40.0
176
     1
 92
        0
176
     1
 66
   257
176
     1
 43
1.0
176
     1
 76
     1
176
     1
 77
     6
176
     1
 78
     2
176
     1
 67
     7
176
     1
 79
     3
176
     1
170
     0
176
     1
171
     0
176
     1
290
     0
176
     1
 93
        1
176
     1
 44
0.0
176
     1
173
     0
176
     1
  0
VISUALSTYLE
  5
3B
102
{ACAD_REACTORS
330
2A
102
}
102
{ACAD_XDICTIONARY
360
B6
102
}
330
2A
100
AcDbVisualStyle
  2
JitterOff
 70
    20
177
     2
291
     1
 71
     2
176
     0
 72
     2
176
     0
 73
     0
176
     0
 90
        0
176
     0
 40
0.6
176
     0
 41
30.0
176
     0
 62
     5
 63
     7
421
 16777215
176
     0
 74
     1
176
     0
 91
        4
176
     0
 64
     7
176
     0
 65
   257
176
     0
 75
     1
176
     0
175
     1
176
     0
 42
1.0
176
     0
 92
       10
176
     2
 66
     7
176
     0
 43
1.0
176
     0
 76
     1
176
     0
 77
     6
176
     0
 78
     2
176
     0
 67
     7
176
     0
 79
     5
176
     0
170
     0
176
     0
171
     0
176
     0
290
     0
176
     0
 93
        1
176
     0
 44
0.0
176
     0
173
     0
176
     0
  0
VISUALSTYLE
  5
38
102
{ACAD_REACTORS
330
2A
102
}
102
{ACAD_XDICTIONARY
360
B0
102
}
330
2A
100
AcDbVisualStyle
  2
Linepattern
 70
    14
177
     2
291
     1
 71
     2
176
     1
 72
     2
176
     1
 73
     0
176
     1
 90
        0
176
     1
 40
0.6
176
     1
 41
30.0
176
     1
 62
     5
 63
     7
421
 16777215
176
     1
 74
     1
176
     1
 91
        4
176
     1
 64
     7
176
     1
 65
   257
176
     1
 75
     7
176
     1
175
     7
176
     1
 42
1.0
176
     1
 92
        8
176
     1
 66
     7
176
     1
 43
1.0
176
     1
 76
     1
176
     1
 77
     6
176
     1
 78
     2
176
     1
 67
     7
176
     1
 79
     5
176
     1
170
     0
176
     1
171
     0
176
     1
290
     0
176
     1
 93
        1
176
     1
 44
0.0
176
     1
173
     0
176
     1
  0
VISUALSTYLE
  5
3C
102
{ACAD_REACTORS
330
2A
102
}
102
{ACAD_XDICTIONARY
360
B8
102
}
330
2A
100
AcDbVisualStyle
  2
OverhangOff
 70
    21
177
     2
291
     1
 71
     2
176
     0
 72
     2
176
     0
 73
     0
176
     0
 90
        0
176
     0
 40
0.6
176
     0
 41
30.0
176
     0
 62
     5
 63
     7
421
 16777215
176
     0
 74
     1
176
     0
 91
        4
176
     0
 64
     7
176
     0
 65
   257
176
     0
 75
     1
176
     0
175
     1
176
     0
 42
1.0
176
     0
 92
        9
176
     2
 66
     7
176
     0
 43
1.0
176
     0
 76
     1
176
     0
 77
     6
176
     0
 78
     2
176
     0
 67
     7
176
     0
 79
     5
176
     0
170
     0
176
     0
171
     0
176
     0
290
     0
176
     0
 93
        1
176
     0
 44
0.0
176
     0
173
     0
176
     0
  0
VISUALSTYLE
  5
33
102
{ACAD_REACTORS
330
2A
102
}
102
{ACAD_XDICTIONARY
360
A6
102
}
330
2A
100
AcDbVisualStyle
  2
Realistic
 70
     8
177
     2
291
     0
 71
     2
176
     1
 72
     3
176
     1
 73
     0
176
     1
 90
        2
176
     1
 40
0.6
176
     1
 41
30.0
176
     1
 62
     5
 63
     7
421
 16777215
176
     1
 74
     0
176
     1
 91
        0
176
     1
 64
     7
176
     1
 65
   257
176
     1
 75
     1
176
     1
175
     1
176
     1
 42
1.0
176
     1
 92
        8
176
     1
 66
   257
176
     1
 43
1.0
176
     1
 76
     1
176
     1
 77
     6
176
     1
 78
     2
176
     1
 67
     7
176
     1
 79
     3
176
     1
170
     0
176
     1
171
     0
176
     1
290
     0
176
     1
 93
       13
176
     1
 44
0.0
176
     1
173
     0
176
     1
  0
VISUALSTYLE
  5
42
102
{ACAD_REACTORS
330
2A
102
}
102
{ACAD_XDICTIONARY
360
C4
102
}
330
2A
100
AcDbVisualStyle
  2
Shaded
 70
    27
177
     2
291
     0
 71
     2
176
     1
 72
     2
176
     1
 73
     1
176
     1
 90
        2
176
     1
 40
0.6
176
     1
 41
30.0
176
     1
 62
     5
 63
     7
421
 16777215
176
     1
 74
     0
176
     1
 91
        4
176
     1
 64
     7
176
     1
 65
   257
176
     1
 75
     1
176
     1
175
     1
176
     1
 42
1.0
176
     1
 92
        8
176
     1
 66
   257
176
     1
 43
1.0
176
     1
 76
     1
176
     1
 77
     6
176
     1
 78
     2
176
     1
 67
     8
425
  7895160
176
     1
 79
     3
176
     1
170
     0
176
     1
171
     0
176
     1
290
     0
176
     1
 93
        5
176
     1
 44
0.0
176
     1
173
     0
176
     1
  0
VISUALSTYLE
  5
41
102
{ACAD_REACTORS
330
2A
102
}
102
{ACAD_XDICTIONARY
360
C2
102
}
330
2A
100
AcDbVisualStyle
  2
Shaded with edges
 70
    26
177
     2
291
     0
 71
     2
176
     1
 72
     2
176
     1
 73
     1
176
     1
 90
        2
176
     1
 40
0.6
176
     1
 41
30.0
176
     1
 62
     5
 63
     7
421
 16777215
176
     1
 74
     1
176
     1
 91
       10
176
     1
 64
     7
176
     1
 65
   257
176
     1
 75
     2
176
     1
175
     1
176
     1
 42
1.0
176
     1
 92
        8
176
     1
 66
   257
176
     1
 43
1.0
176
     1
 76
     1
176
     1
 77
     6
176
     1
 78
     2
176
     1
 67
     7
176
     1
 79
     3
176
     1
170
     0
176
     1
171
     0
176
     1
290
     0
176
     1
 93
        5
176
     1
 44
0.0
176
     1
173
     0
176
     1
  0
VISUALSTYLE
  5
3E
102
{ACAD_REACTORS
330
2A
102
}
102
{ACAD_XDICTIONARY
360
BC
102
}
330
2A
100
AcDbVisualStyle
  2
Shades of Gray
 70
    23
177
     2
291
     0
 71
     2
176
     1
 72
     2
176
     1
 73
     3
176
     1
 90
        0
176
     1
 40
0.6
176
     1
 41
30.0
176
     1
 62
     5
 63
     7
421
 16777215
176
     1
 74
     2
176
     1
 91
        2
176
     1
 64
     7
176
     1
 65
     7
176
     1
 75
     1
176
     1
175
     1
176
     1
 42
40.0
176
     1
 92
        8
176
     1
 66
     7
176
     1
 43
1.0
176
     1
 76
     1
176
     1
 77
     6
176
     1
 78
     2
176
     1
 67
     7
176
     1
 79
     3
176
     1
170
     0
176
     1
171
     0
176
     1
290
     0
176
     1
 93
        1
176
     1
 44
0.0
176
     1
173
     0
176
     1
  0
VISUALSTYLE
  5
3F
102
{ACAD_REACTORS
330
2A
102
}
102
{ACAD_XDICTIONARY
360
BE
102
}
330
2A
100
AcDbVisualStyle
  2
Sketchy
 70
    24
177
     2
291
     0
 71
     1
176
     1
 72
     2
176
     1
 73
     2
176
     1
 90
        0
176
     1
 40
0.6
176
     1
 41
30.0
176
     1
 62
     5
 63
     7
421
 16777215
176
     1
 74
     2
176
     1
 91
        2
176
     1
 64
     7
176
     1
 65
     7
176
     1
 75
     1
176
     1
175
     1
176
     1
 42
40.0
176
     1
 92
       11
176
     1
 66
     7
176
     1
 43
1.0
176
     1
 76
     1
176
     1
 77
     6
176
     1
 78
     2
176
     1
 67
     7
176
     1
 79
     6
176
     1
170
     0
176
     1
171
     0
176
     1
290
     0
176
     1
 93
        1
176
     1
 44
0.0
176
     1
173
     0
176
     1
  0
VISUALSTYLE
  5
37
102
{ACAD_REACTORS
330
2A
102
}
102
{ACAD_XDICTIONARY
360
AE
102
}
330
2A
100
AcDbVisualStyle
  2
Thicken
 70
    13
177
     2
291
     1
 71
     2
176
     1
 72
     2
176
     1
 73
     0
176
     1
 90
        0
176
     1
 40
0.6
176
     1
 41
30.0
176
     1
 62
     5
 63
     7
421
 16777215
176
     1
 74
     1
176
     1
 91
        4
176
     1
 64
     7
176
     1
 65
   257
176
     1
 75
     1
176
     1
175
     1
176
     1
 42
1.0
176
     1
 92
       12
176
     1
 66
     7
176
     1
 43
1.0
176
     1
 76
     1
176
     1
 77
     6
176
     1
 78
     2
176
     1
 67
     7
176
     1
 79
     5
176
     1
170
     0
176
     1
171
     0
176
     1
290
     0
176
     1
 93
        1
176
     1
 44
0.0
176
     1
173
     0
176
     1
  0
VISUALSTYLE
  5
30
102
{ACAD_REACTORS
330
2A
102
}
102
{ACAD_XDICTIONARY
360
A0
102
}
330
2A
100
AcDbVisualStyle
  2
Wireframe
 70
     5
177
     2
291
     0
 71
     0
176
     1
 72
     2
176
     1
 73
     0
176
     1
 90
        0
176
     1
 40
0.6
176
     1
 41
30.0
176
     1
 62
     5
 63
     7
421
 16777215
176
     1
 74
     1
176
     1
 91
        4
176
     1
 64
     7
176
     1
 65
   257
176
     1
 75
     1
176
     1
175
     1
176
     1
 42
1.0
176
     1
 92
        0
176
     1
 66
   257
176
     1
 43
1.0
176
     1
 76
     1
176
     1
 77
     6
176
     1
 78
     2
176
     1
 67
     7
176
     1
 79
     3
176
     1
170
     0
176
     1
171
     0
176
     1
290
     0
176
     1
 93
        1
176
     1
 44
0.0
176
     1
173
     0
176
     1
  0
VISUALSTYLE
  5
40
102
{ACAD_REACTORS
330
2A
102
}
102
{ACAD_XDICTIONARY
360
C0
102
}
330
2A
100
AcDbVisualStyle
  2
X-Ray
 70
    25
177
     2
291
     0
 71
     2
176
     1
 72
     2
176
     1
 73
     1
176
     1
 90
        1
176
     1
 40
0.5
176
     1
 41
30.0
176
     1
 62
     5
 63
     7
421
 16777215
176
     1
 74
     1
176
     1
 91
        0
176
     1
 64
     7
176
     1
 65
   257
176
     1
 75
     1
176
     1
175
     1
176
     1
 42
1.0
176
     1
 92
        8
176
     1
 66
     7
176
     1
 43
1.0
176
     1
 76
     1
176
     1
 77
     6
176
     1
 78
     2
176
     1
 67
     7
176
     1
 79
     3
176
     1
170
     0
176
     1
171
     0
176
     1
290
     0
176
     1
 93
       13
176
     1
 44
0.0
176
     1
173
     0
176
     1
  0
DICTIONARYVAR
  5
95
102
{ACAD_REACTORS
330
94
102
}
330
94
100
DictionaryVariables
280
     0
  1
1:1
  0
DICTIONARYVAR
  5
CD
102
{ACAD_REACTORS
330
94
102
}
330
94
100
DictionaryVariables
280
     0
  1
3.500000
  0
DICTIONARYVAR
  5
CE
102
{ACAD_REACTORS
330
94
102
}
330
94
100
DictionaryVariables
280
     0
  1
acadiso.lin
  0
DICTIONARYVAR
  5
CA
102
{ACAD_REACTORS
330
94
102
}
330
94
100
DictionaryVariables
280
     0
  1
Standard
  0
DICTIONARYVAR
  5
C9
102
{ACAD_REACTORS
330
94
102
}
330
94
100
DictionaryVariables
280
     0
  1
Standard
  0
DICTIONARY
  5
C6
330
5A
100
AcDbDictionary
280
     1
281
     1
  3
ACAD_ROUNDTRIP_2008_TABLESTYLE_CELLSTYLEMAP
360
C7
  0
DICTIONARY
  5
9E
330
2F
100
AcDbDictionary
280
     1
281
     1
  3
ACAD_XREC_ROUNDTRIP
360
9F
  0
DICTIONARY
  5
A4
330
32
100
AcDbDictionary
280
     1
281
     1
  3
ACAD_XREC_ROUNDTRIP
360
A5
  0
DICTIONARY
  5
AC
330
36
100
AcDbDictionary
280
     1
281
     1
  3
ACAD_XREC_ROUNDTRIP
360
AD
  0
DICTIONARY
  5
B4
330
3A
100
AcDbDictionary
280
     1
281
     1
  3
ACAD_XREC_ROUNDTRIP
360
B5
  0
DICTIONARY
  5
A8
330
34
100
AcDbDictionary
280
     1
281
     1
  3
ACAD_XREC_ROUNDTRIP
360
A9
  0
DICTIONARY
  5
AA
330
35
100
AcDbDictionary
280
     1
281
     1
  3
ACAD_XREC_ROUNDTRIP
360
AB
  0
DICTIONARY
  5
BA
330
3D
100
AcDbDictionary
280
     1
281
     1
  3
ACAD_XREC_ROUNDTRIP
360
BB
  0
DICTIONARY
  5
B2
330
39
100
AcDbDictionary
280
     1
281
     1
  3
ACAD_XREC_ROUNDTRIP
360
B3
  0
DICTIONARY
  5
96
330
2B
100
AcDbDictionary
280
     1
281
     1
  3
ACAD_XREC_ROUNDTRIP
360
97
  0
DICTIONARY
  5
98
330
2C
100
AcDbDictionary
280
     1
281
     1
  3
ACAD_XREC_ROUNDTRIP
360
99
  0
DICTIONARY
  5
9A
330
2D
100
AcDbDictionary
280
     1
281
     1
  3
ACAD_XREC_ROUNDTRIP
360
9B
  0
DICTIONARY
  5
9C
330
2E
100
AcDbDictionary
280
     1
281
     1
  3
ACAD_XREC_ROUNDTRIP
360
9D
  0
DICTIONARY
  5
A2
330
31
100
AcDbDictionary
280
     1
281
     1
  3
ACAD_XREC_ROUNDTRIP
360
A3
  0
DICTIONARY
  5
B6
330
3B
100
AcDbDictionary
280
     1
281
     1
  3
ACAD_XREC_ROUNDTRIP
360
B7
  0
DICTIONARY
  5
B0
330
38
100
AcDbDictionary
280
     1
281
     1
  3
ACAD_XREC_ROUNDTRIP
360
B1
  0
DICTIONARY
  5
B8
330
3C
100
AcDbDictionary
280
     1
281
     1
  3
ACAD_XREC_ROUNDTRIP
360
B9
  0
DICTIONARY
  5
A6
330
33
100
AcDbDictionary
280
     1
281
     1
  3
ACAD_XREC_ROUNDTRIP
360
A7
  0
DICTIONARY
  5
C4
330
42
100
AcDbDictionary
280
     1
281
     1
  3
ACAD_XREC_ROUNDTRIP
360
C5
  0
DICTIONARY
  5
C2
330
41
100
AcDbDictionary
280
     1
281
     1
  3
ACAD_XREC_ROUNDTRIP
360
C3
  0
DICTIONARY
  5
BC
330
3E
100
AcDbDictionary
280
     1
281
     1
  3
ACAD_XREC_ROUNDTRIP
360
BD
  0
DICTIONARY
  5
BE
330
3F
100
AcDbDictionary
280
     1
281
     1
  3
ACAD_XREC_ROUNDTRIP
360
BF
  0
DICTIONARY
  5
AE
330
37
100
AcDbDictionary
280
     1
281
     1
  3
ACAD_XREC_ROUNDTRIP
360
AF
  0
DICTIONARY
  5
A0
330
30
100
AcDbDictionary
280
     1
281
     1
  3
ACAD_XREC_ROUNDTRIP
360
A1
  0
DICTIONARY
  5
C0
330
40
100
AcDbDictionary
280
     1
281
     1
  3
ACAD_XREC_ROUNDTRIP
360
C1
  0
CELLSTYLEMAP
  5
C7
102
{ACAD_REACTORS
330
C6
102
}
330
C6
100
AcDbCellStyleMap
 90
        3
300
CELLSTYLE
  1
TABLEFORMAT_BEGIN
 90
        5
170
     1
 91
        0
 92
    32768
 62
   257
 93
        1
300
CONTENTFORMAT
  1
CONTENTFORMAT_BEGIN
 90
        0
 91
        0
 92
        4
 93
        0
300

 40
0.0
140
1.0
 94
        5
 62
     0
340
11
144
6.0
309
CONTENTFORMAT_END
171
     1
301
MARGIN
  1
CELLMARGIN_BEGIN
 40
1.5
 40
1.5
 40
1.5
 40
1.5
 40
1.5
 40
1.5
309
CELLMARGIN_END
 94
        6
 95
        1
302
GRIDFORMAT
  1
GRIDFORMAT_BEGIN
 90
        0
 91
        1
 62
     0
 92
       -2
340
14
 93
        0
 40
0.045
309
GRIDFORMAT_END
 95
        2
302
GRIDFORMAT
  1
GRIDFORMAT_BEGIN
 90
        0
 91
        1
 62
     0
 92
       -2
340
14
 93
        0
 40
0.045
309
GRIDFORMAT_END
 95
        4
302
GRIDFORMAT
  1
GRIDFORMAT_BEGIN
 90
        0
 91
        1
 62
     0
 92
       -2
340
14
 93
        0
 40
0.045
309
GRIDFORMAT_END
 95
        8
302
GRIDFORMAT
  1
GRIDFORMAT_BEGIN
 90
        0
 91
        1
 62
     0
 92
       -2
340
14
 93
        0
 40
0.045
309
GRIDFORMAT_END
 95
       16
302
GRIDFORMAT
  1
GRIDFORMAT_BEGIN
 90
        0
 91
        1
 62
     0
 92
       -2
340
14
 93
        0
 40
0.045
309
GRIDFORMAT_END
 95
       32
302
GRIDFORMAT
  1
GRIDFORMAT_BEGIN
 90
        0
 91
        1
 62
     0
 92
       -2
340
14
 93
        0
 40
0.045
309
GRIDFORMAT_END
309
TABLEFORMAT_END
  1
CELLSTYLE_BEGIN
 90
        1
 91
        1
300
_TITLE
309
CELLSTYLE_END
300
CELLSTYLE
  1
TABLEFORMAT_BEGIN
 90
        5
170
     1
 91
        0
 92
        0
 62
   257
 93
        1
300
CONTENTFORMAT
  1
CONTENTFORMAT_BEGIN
 90
        0
 91
        0
 92
        4
 93
        0
300

 40
0.0
140
1.0
 94
        5
 62
     0
340
11
144
4.5
309
CONTENTFORMAT_END
171
     1
301
MARGIN
  1
CELLMARGIN_BEGIN
 40
1.5
 40
1.5
 40
1.5
 40
1.5
 40
1.5
 40
1.5
309
CELLMARGIN_END
 94
        6
 95
        1
302
GRIDFORMAT
  1
GRIDFORMAT_BEGIN
 90
        0
 91
        1
 62
     0
 92
       -2
340
14
 93
        0
 40
0.045
309
GRIDFORMAT_END
 95
        2
302
GRIDFORMAT
  1
GRIDFORMAT_BEGIN
 90
        0
 91
        1
 62
     0
 92
       -2
340
14
 93
        0
 40
0.045
309
GRIDFORMAT_END
 95
        4
302
GRIDFORMAT
  1
GRIDFORMAT_BEGIN
 90
        0
 91
        1
 62
     0
 92
       -2
340
14
 93
        0
 40
0.045
309
GRIDFORMAT_END
 95
        8
302
GRIDFORMAT
  1
GRIDFORMAT_BEGIN
 90
        0
 91
        1
 62
     0
 92
       -2
340
14
 93
        0
 40
0.045
309
GRIDFORMAT_END
 95
       16
302
GRIDFORMAT
  1
GRIDFORMAT_BEGIN
 90
        0
 91
        1
 62
     0
 92
       -2
340
14
 93
        0
 40
0.045
309
GRIDFORMAT_END
 95
       32
302
GRIDFORMAT
  1
GRIDFORMAT_BEGIN
 90
        0
 91
        1
 62
     0
 92
       -2
340
14
 93
        0
 40
0.045
309
GRIDFORMAT_END
309
TABLEFORMAT_END
  1
CELLSTYLE_BEGIN
 90
        2
 91
        1
300
_HEADER
309
CELLSTYLE_END
300
CELLSTYLE
  1
TABLEFORMAT_BEGIN
 90
        5
170
     1
 91
        0
 92
        0
 62
   257
 93
        1
300
CONTENTFORMAT
  1
CONTENTFORMAT_BEGIN
 90
        0
 91
        0
 92
        4
 93
        0
300

 40
0.0
140
1.0
 94
        2
 62
     0
340
11
144
4.5
309
CONTENTFORMAT_END
171
     1
301
MARGIN
  1
CELLMARGIN_BEGIN
 40
1.5
 40
1.5
 40
1.5
 40
1.5
 40
1.5
 40
1.5
309
CELLMARGIN_END
 94
        6
 95
        1
302
GRIDFORMAT
  1
GRIDFORMAT_BEGIN
 90
        0
 91
        1
 62
     0
 92
       -2
340
14
 93
        0
 40
0.045
309
GRIDFORMAT_END
 95
        2
302
GRIDFORMAT
  1
GRIDFORMAT_BEGIN
 90
        0
 91
        1
 62
     0
 92
       -2
340
14
 93
        0
 40
0.045
309
GRIDFORMAT_END
 95
        4
302
GRIDFORMAT
  1
GRIDFORMAT_BEGIN
 90
        0
 91
        1
 62
     0
 92
       -2
340
14
 93
        0
 40
0.045
309
GRIDFORMAT_END
 95
        8
302
GRIDFORMAT
  1
GRIDFORMAT_BEGIN
 90
        0
 91
        1
 62
     0
 92
       -2
340
14
 93
        0
 40
0.045
309
GRIDFORMAT_END
 95
       16
302
GRIDFORMAT
  1
GRIDFORMAT_BEGIN
 90
        0
 91
        1
 62
     0
 92
       -2
340
14
 93
        0
 40
0.045
309
GRIDFORMAT_END
 95
       32
302
GRIDFORMAT
  1
GRIDFORMAT_BEGIN
 90
        0
 91
        1
 62
     0
 92
       -2
340
14
 93
        0
 40
0.045
309
GRIDFORMAT_END
309
TABLEFORMAT_END
  1
CELLSTYLE_BEGIN
 90
        3
 91
        2
300
_DATA
309
CELLSTYLE_END
  0
XRECORD
  5
9F
102
{ACAD_REACTORS
330
9E
102
}
330
9E
100
AcDbXrecord
280
     1
102
RTVSPost2010Prop28
280
     1
102
RTVSPost2010PropOp28
 70
     1
102
RTVSPost2010Prop29
280
     1
102
RTVSPost2010PropOp29
 70
     1
102
RTVSPost2010Prop30
280
     0
102
RTVSPost2010PropOp30
 70
     1
102
RTVSPost2010Prop31
280
     0
102
RTVSPost2010PropOp31
 70
     1
102
RTVSPost2010Prop32
280
     0
102
RTVSPost2010PropOp32
 70
     1
102
RTVSPost2010Prop33
280
     0
102
RTVSPost2010PropOp33
 70
     1
102
RTVSPost2010Prop34
280
     0
102
RTVSPost2010PropOp34
 70
     1
102
RTVSPost2010Prop35
280
     0
102
RTVSPost2010PropOp35
 70
     1
102
RTVSPost2010Prop36
280
     0
102
RTVSPost2010PropOp36
 70
     1
102
RTVSPost2010Prop37
 90
       50
102
RTVSPost2010PropOp37
 70
     1
102
RTVSPost2010Prop38
140
0.0
102
RTVSPost2010PropOp38
 70
     1
102
RTVSPost2010Prop39
140
1.0
102
RTVSPost2010PropOp39
 70
     1
102
RTVSPost2010Prop40
 90
        0
102
RTVSPost2010PropOp40
 70
     1
102
RTVSPost2010Prop41ColorIndex
 90
       18
102
RTVSPost2010Prop41ColorRGB
 90
        0
102
RTVSPost2010PropOp41
 70
     1
102
RTVSPost2010Prop42
 90
       50
102
RTVSPost2010PropOp42
 70
     1
102
RTVSPost2010Prop43
 90
        3
102
RTVSPost2010PropOp43
 70
     1
102
RTVSPost2010Prop44ColorIndex
 90
        5
102
RTVSPost2010Prop44ColorRGB
 90
      255
102
RTVSPost2010PropOp44
 70
     1
102
RTVSPost2010Prop45
280
     0
102
RTVSPost2010PropOp45
 70
     1
102
RTVSPost2010Prop46
 90
       50
102
RTVSPost2010PropOp46
 70
     1
102
RTVSPost2010Prop47
 90
       50
102
RTVSPost2010PropOp47
 70
     1
102
RTVSPost2010Prop48
 90
       50
102
RTVSPost2010PropOp48
 70
     1
102
RTVSPost2010Prop49
280
     0
102
RTVSPost2010PropOp49
 70
     1
102
RTVSPost2010Prop50
 90
       50
102
RTVSPost2010PropOp50
 70
     1
102
RTVSPost2010Prop51ColorIndex
 90
      256
102
RTVSPost2010Prop51ColorRGB
 90
-16777216
102
RTVSPost2010PropOp51
 70
     0
102
RTVSPost2010Prop52
140
1.0
102
RTVSPost2010PropOp52
 70
     0
102
RTVSPost2010Prop53
 90
        2
102
RTVSPost2010PropOp53
 70
     1
102
RTVSPost2010Prop54
  1
strokes_ogs.tif
102
RTVSPost2010PropOp54
 70
     1
102
RTVSPost2010Prop55
280
     0
102
RTVSPost2010PropOp55
 70
     1
102
RTVSPost2010Prop56
140
1.0
102
RTVSPost2010PropOp56
 70
     1
102
RTVSPost2010Prop57
140
1.0
102
RTVSPost2010PropOp57
 70
     1
  0
XRECORD
  5
A5
102
{ACAD_REACTORS
330
A4
102
}
330
A4
100
AcDbXrecord
280
     1
102
RTVSPost2010Prop28
280
     0
102
RTVSPost2010PropOp28
 70
     1
102
RTVSPost2010Prop29
280
     1
102
RTVSPost2010PropOp29
 70
     1
102
RTVSPost2010Prop30
280
     1
102
RTVSPost2010PropOp30
 70
     1
102
RTVSPost2010Prop31
280
     0
102
RTVSPost2010PropOp31
 70
     1
102
RTVSPost2010Prop32
280
     0
102
RTVSPost2010PropOp32
 70
     1
102
RTVSPost2010Prop33
280
     0
102
RTVSPost2010PropOp33
 70
     1
102
RTVSPost2010Prop34
280
     0
102
RTVSPost2010PropOp34
 70
     1
102
RTVSPost2010Prop35
280
     0
102
RTVSPost2010PropOp35
 70
     1
102
RTVSPost2010Prop36
280
     0
102
RTVSPost2010PropOp36
 70
     1
102
RTVSPost2010Prop37
 90
       50
102
RTVSPost2010PropOp37
 70
     1
102
RTVSPost2010Prop38
140
0.0
102
RTVSPost2010PropOp38
 70
     1
102
RTVSPost2010Prop39
140
1.0
102
RTVSPost2010PropOp39
 70
     1
102
RTVSPost2010Prop40
 90
        0
102
RTVSPost2010PropOp40
 70
     1
102
RTVSPost2010Prop41ColorIndex
 90
       18
102
RTVSPost2010Prop41ColorRGB
 90
        0
102
RTVSPost2010PropOp41
 70
     1
102
RTVSPost2010Prop42
 90
       50
102
RTVSPost2010PropOp42
 70
     1
102
RTVSPost2010Prop43
 90
        3
102
RTVSPost2010PropOp43
 70
     1
102
RTVSPost2010Prop44ColorIndex
 90
        5
102
RTVSPost2010Prop44ColorRGB
 90
      255
102
RTVSPost2010PropOp44
 70
     1
102
RTVSPost2010Prop45
280
     0
102
RTVSPost2010PropOp45
 70
     1
102
RTVSPost2010Prop46
 90
       50
102
RTVSPost2010PropOp46
 70
     1
102
RTVSPost2010Prop47
 90
       50
102
RTVSPost2010PropOp47
 70
     1
102
RTVSPost2010Prop48
 90
       50
102
RTVSPost2010PropOp48
 70
     1
102
RTVSPost2010Prop49
280
     0
102
RTVSPost2010PropOp49
 70
     1
102
RTVSPost2010Prop50
 90
       50
102
RTVSPost2010PropOp50
 70
     1
102
RTVSPost2010Prop51ColorIndex
 90
      256
102
RTVSPost2010Prop51ColorRGB
 90
-16777216
102
RTVSPost2010PropOp51
 70
     0
102
RTVSPost2010Prop52
140
1.0
102
RTVSPost2010PropOp52
 70
     0
102
RTVSPost2010Prop53
 90
        2
102
RTVSPost2010PropOp53
 70
     1
102
RTVSPost2010Prop54
  1
strokes_ogs.tif
102
RTVSPost2010PropOp54
 70
     1
102
RTVSPost2010Prop55
280
     0
102
RTVSPost2010PropOp55
 70
     1
102
RTVSPost2010Prop56
140
1.0
102
RTVSPost2010PropOp56
 70
     1
102
RTVSPost2010Prop57
140
1.0
102
RTVSPost2010PropOp57
 70
     1
  0
XRECORD
  5
AD
102
{ACAD_REACTORS
330
AC
102
}
330
AC
100
AcDbXrecord
280
     1
102
RTVSPost2010Prop28
280
     0
102
RTVSPost2010PropOp28
 70
     1
102
RTVSPost2010Prop29
280
     1
102
RTVSPost2010PropOp29
 70
     1
102
RTVSPost2010Prop30
280
     1
102
RTVSPost2010PropOp30
 70
     1
102
RTVSPost2010Prop31
280
     0
102
RTVSPost2010PropOp31
 70
     1
102
RTVSPost2010Prop32
280
     0
102
RTVSPost2010PropOp32
 70
     1
102
RTVSPost2010Prop33
280
     0
102
RTVSPost2010PropOp33
 70
     1
102
RTVSPost2010Prop34
280
     0
102
RTVSPost2010PropOp34
 70
     1
102
RTVSPost2010Prop35
280
     0
102
RTVSPost2010PropOp35
 70
     1
102
RTVSPost2010Prop36
280
     0
102
RTVSPost2010PropOp36
 70
     1
102
RTVSPost2010Prop37
 90
       50
102
RTVSPost2010PropOp37
 70
     1
102
RTVSPost2010Prop38
140
0.0
102
RTVSPost2010PropOp38
 70
     1
102
RTVSPost2010Prop39
140
1.0
102
RTVSPost2010PropOp39
 70
     1
102
RTVSPost2010Prop40
 90
        0
102
RTVSPost2010PropOp40
 70
     1
102
RTVSPost2010Prop41ColorIndex
 90
       18
102
RTVSPost2010Prop41ColorRGB
 90
        0
102
RTVSPost2010PropOp41
 70
     1
102
RTVSPost2010Prop42
 90
       50
102
RTVSPost2010PropOp42
 70
     1
102
RTVSPost2010Prop43
 90
        3
102
RTVSPost2010PropOp43
 70
     1
102
RTVSPost2010Prop44ColorIndex
 90
        5
102
RTVSPost2010Prop44ColorRGB
 90
      255
102
RTVSPost2010PropOp44
 70
     1
102
RTVSPost2010Prop45
280
     0
102
RTVSPost2010PropOp45
 70
     1
102
RTVSPost2010Prop46
 90
       50
102
RTVSPost2010PropOp46
 70
     1
102
RTVSPost2010Prop47
 90
       50
102
RTVSPost2010PropOp47
 70
     1
102
RTVSPost2010Prop48
 90
       50
102
RTVSPost2010PropOp48
 70
     1
102
RTVSPost2010Prop49
280
     0
102
RTVSPost2010PropOp49
 70
     1
102
RTVSPost2010Prop50
 90
       50
102
RTVSPost2010PropOp50
 70
     1
102
RTVSPost2010Prop51ColorIndex
 90
      256
102
RTVSPost2010Prop51ColorRGB
 90
-16777216
102
RTVSPost2010PropOp51
 70
     0
102
RTVSPost2010Prop52
140
1.0
102
RTVSPost2010PropOp52
 70
     0
102
RTVSPost2010Prop53
 90
        2
102
RTVSPost2010PropOp53
 70
     1
102
RTVSPost2010Prop54
  1
strokes_ogs.tif
102
RTVSPost2010PropOp54
 70
     1
102
RTVSPost2010Prop55
280
     0
102
RTVSPost2010PropOp55
 70
     1
102
RTVSPost2010Prop56
140
1.0
102
RTVSPost2010PropOp56
 70
     1
102
RTVSPost2010Prop57
140
1.0
102
RTVSPost2010PropOp57
 70
     1
  0
XRECORD
  5
B5
102
{ACAD_REACTORS
330
B4
102
}
330
B4
100
AcDbXrecord
280
     1
102
RTVSPost2010Prop28
280
     0
102
RTVSPost2010PropOp28
 70
     1
102
RTVSPost2010Prop29
280
     1
102
RTVSPost2010PropOp29
 70
     1
102
RTVSPost2010Prop30
280
     1
102
RTVSPost2010PropOp30
 70
     1
102
RTVSPost2010Prop31
280
     0
102
RTVSPost2010PropOp31
 70
     1
102
RTVSPost2010Prop32
280
     0
102
RTVSPost2010PropOp32
 70
     1
102
RTVSPost2010Prop33
280
     0
102
RTVSPost2010PropOp33
 70
     1
102
RTVSPost2010Prop34
280
     0
102
RTVSPost2010PropOp34
 70
     1
102
RTVSPost2010Prop35
280
     0
102
RTVSPost2010PropOp35
 70
     1
102
RTVSPost2010Prop36
280
     0
102
RTVSPost2010PropOp36
 70
     1
102
RTVSPost2010Prop37
 90
       50
102
RTVSPost2010PropOp37
 70
     1
102
RTVSPost2010Prop38
140
0.0
102
RTVSPost2010PropOp38
 70
     1
102
RTVSPost2010Prop39
140
1.0
102
RTVSPost2010PropOp39
 70
     1
102
RTVSPost2010Prop40
 90
        0
102
RTVSPost2010PropOp40
 70
     1
102
RTVSPost2010Prop41ColorIndex
 90
       18
102
RTVSPost2010Prop41ColorRGB
 90
        0
102
RTVSPost2010PropOp41
 70
     1
102
RTVSPost2010Prop42
 90
       50
102
RTVSPost2010PropOp42
 70
     1
102
RTVSPost2010Prop43
 90
        3
102
RTVSPost2010PropOp43
 70
     1
102
RTVSPost2010Prop44ColorIndex
 90
        5
102
RTVSPost2010Prop44ColorRGB
 90
      255
102
RTVSPost2010PropOp44
 70
     1
102
RTVSPost2010Prop45
280
     0
102
RTVSPost2010PropOp45
 70
     1
102
RTVSPost2010Prop46
 90
       50
102
RTVSPost2010PropOp46
 70
     1
102
RTVSPost2010Prop47
 90
       50
102
RTVSPost2010PropOp47
 70
     1
102
RTVSPost2010Prop48
 90
       50
102
RTVSPost2010PropOp48
 70
     1
102
RTVSPost2010Prop49
280
     0
102
RTVSPost2010PropOp49
 70
     1
102
RTVSPost2010Prop50
 90
       50
102
RTVSPost2010PropOp50
 70
     1
102
RTVSPost2010Prop51ColorIndex
 90
      256
102
RTVSPost2010Prop51ColorRGB
 90
-16777216
102
RTVSPost2010PropOp51
 70
     0
102
RTVSPost2010Prop52
140
1.0
102
RTVSPost2010PropOp52
 70
     0
102
RTVSPost2010Prop53
 90
        2
102
RTVSPost2010PropOp53
 70
     1
102
RTVSPost2010Prop54
  1
strokes_ogs.tif
102
RTVSPost2010PropOp54
 70
     1
102
RTVSPost2010Prop55
280
     0
102
RTVSPost2010PropOp55
 70
     1
102
RTVSPost2010Prop56
140
1.0
102
RTVSPost2010PropOp56
 70
     1
102
RTVSPost2010Prop57
140
1.0
102
RTVSPost2010PropOp57
 70
     1
  0
XRECORD
  5
A9
102
{ACAD_REACTORS
330
A8
102
}
330
A8
100
AcDbXrecord
280
     1
102
RTVSPost2010Prop28
280
     0
102
RTVSPost2010PropOp28
 70
     1
102
RTVSPost2010Prop29
280
     1
102
RTVSPost2010PropOp29
 70
     1
102
RTVSPost2010Prop30
280
     1
102
RTVSPost2010PropOp30
 70
     1
102
RTVSPost2010Prop31
280
     0
102
RTVSPost2010PropOp31
 70
     1
102
RTVSPost2010Prop32
280
     0
102
RTVSPost2010PropOp32
 70
     1
102
RTVSPost2010Prop33
280
     0
102
RTVSPost2010PropOp33
 70
     1
102
RTVSPost2010Prop34
280
     0
102
RTVSPost2010PropOp34
 70
     1
102
RTVSPost2010Prop35
280
     0
102
RTVSPost2010PropOp35
 70
     1
102
RTVSPost2010Prop36
280
     0
102
RTVSPost2010PropOp36
 70
     1
102
RTVSPost2010Prop37
 90
       50
102
RTVSPost2010PropOp37
 70
     1
102
RTVSPost2010Prop38
140
0.0
102
RTVSPost2010PropOp38
 70
     1
102
RTVSPost2010Prop39
140
1.0
102
RTVSPost2010PropOp39
 70
     1
102
RTVSPost2010Prop40
 90
        0
102
RTVSPost2010PropOp40
 70
     1
102
RTVSPost2010Prop41ColorIndex
 90
       18
102
RTVSPost2010Prop41ColorRGB
 90
        0
102
RTVSPost2010PropOp41
 70
     1
102
RTVSPost2010Prop42
 90
       50
102
RTVSPost2010PropOp42
 70
     1
102
RTVSPost2010Prop43
 90
        3
102
RTVSPost2010PropOp43
 70
     1
102
RTVSPost2010Prop44ColorIndex
 90
        5
102
RTVSPost2010Prop44ColorRGB
 90
      255
102
RTVSPost2010PropOp44
 70
     1
102
RTVSPost2010Prop45
280
     0
102
RTVSPost2010PropOp45
 70
     1
102
RTVSPost2010Prop46
 90
       50
102
RTVSPost2010PropOp46
 70
     1
102
RTVSPost2010Prop47
 90
       50
102
RTVSPost2010PropOp47
 70
     1
102
RTVSPost2010Prop48
 90
       50
102
RTVSPost2010PropOp48
 70
     1
102
RTVSPost2010Prop49
280
     0
102
RTVSPost2010PropOp49
 70
     1
102
RTVSPost2010Prop50
 90
       50
102
RTVSPost2010PropOp50
 70
     1
102
RTVSPost2010Prop51ColorIndex
 90
      256
102
RTVSPost2010Prop51ColorRGB
 90
-16777216
102
RTVSPost2010PropOp51
 70
     0
102
RTVSPost2010Prop52
140
1.0
102
RTVSPost2010PropOp52
 70
     0
102
RTVSPost2010Prop53
 90
        2
102
RTVSPost2010PropOp53
 70
     1
102
RTVSPost2010Prop54
  1
strokes_ogs.tif
102
RTVSPost2010PropOp54
 70
     1
102
RTVSPost2010Prop55
280
     0
102
RTVSPost2010PropOp55
 70
     1
102
RTVSPost2010Prop56
140
1.0
102
RTVSPost2010PropOp56
 70
     1
102
RTVSPost2010Prop57
140
1.0
102
RTVSPost2010PropOp57
 70
     1
  0
XRECORD
  5
AB
102
{ACAD_REACTORS
330
AA
102
}
330
AA
100
AcDbXrecord
280
     1
102
RTVSPost2010Prop28
280
     0
102
RTVSPost2010PropOp28
 70
     1
102
RTVSPost2010Prop29
280
     1
102
RTVSPost2010PropOp29
 70
     1
102
RTVSPost2010Prop30
280
     1
102
RTVSPost2010PropOp30
 70
     1
102
RTVSPost2010Prop31
280
     0
102
RTVSPost2010PropOp31
 70
     1
102
RTVSPost2010Prop32
280
     0
102
RTVSPost2010PropOp32
 70
     1
102
RTVSPost2010Prop33
280
     0
102
RTVSPost2010PropOp33
 70
     1
102
RTVSPost2010Prop34
280
     0
102
RTVSPost2010PropOp34
 70
     1
102
RTVSPost2010Prop35
280
     0
102
RTVSPost2010PropOp35
 70
     1
102
RTVSPost2010Prop36
280
     0
102
RTVSPost2010PropOp36
 70
     1
102
RTVSPost2010Prop37
 90
       50
102
RTVSPost2010PropOp37
 70
     1
102
RTVSPost2010Prop38
140
0.0
102
RTVSPost2010PropOp38
 70
     1
102
RTVSPost2010Prop39
140
1.0
102
RTVSPost2010PropOp39
 70
     1
102
RTVSPost2010Prop40
 90
        0
102
RTVSPost2010PropOp40
 70
     1
102
RTVSPost2010Prop41ColorIndex
 90
       18
102
RTVSPost2010Prop41ColorRGB
 90
        0
102
RTVSPost2010PropOp41
 70
     1
102
RTVSPost2010Prop42
 90
       50
102
RTVSPost2010PropOp42
 70
     1
102
RTVSPost2010Prop43
 90
        3
102
RTVSPost2010PropOp43
 70
     1
102
RTVSPost2010Prop44ColorIndex
 90
        5
102
RTVSPost2010Prop44ColorRGB
 90
      255
102
RTVSPost2010PropOp44
 70
     1
102
RTVSPost2010Prop45
280
     0
102
RTVSPost2010PropOp45
 70
     1
102
RTVSPost2010Prop46
 90
       50
102
RTVSPost2010PropOp46
 70
     1
102
RTVSPost2010Prop47
 90
       50
102
RTVSPost2010PropOp47
 70
     1
102
RTVSPost2010Prop48
 90
       50
102
RTVSPost2010PropOp48
 70
     1
102
RTVSPost2010Prop49
280
     0
102
RTVSPost2010PropOp49
 70
     1
102
RTVSPost2010Prop50
 90
       50
102
RTVSPost2010PropOp50
 70
     1
102
RTVSPost2010Prop51ColorIndex
 90
      256
102
RTVSPost2010Prop51ColorRGB
 90
-16777216
102
RTVSPost2010PropOp51
 70
     0
102
RTVSPost2010Prop52
140
1.0
102
RTVSPost2010PropOp52
 70
     0
102
RTVSPost2010Prop53
 90
        2
102
RTVSPost2010PropOp53
 70
     1
102
RTVSPost2010Prop54
  1
strokes_ogs.tif
102
RTVSPost2010PropOp54
 70
     1
102
RTVSPost2010Prop55
280
     0
102
RTVSPost2010PropOp55
 70
     1
102
RTVSPost2010Prop56
140
1.0
102
RTVSPost2010PropOp56
 70
     1
102
RTVSPost2010Prop57
140
1.0
102
RTVSPost2010PropOp57
 70
     1
  0
XRECORD
  5
BB
102
{ACAD_REACTORS
330
BA
102
}
330
BA
100
AcDbXrecord
280
     1
102
RTVSPost2010Prop28
280
     0
102
RTVSPost2010PropOp28
 70
     0
102
RTVSPost2010Prop29
280
     1
102
RTVSPost2010PropOp29
 70
     0
102
RTVSPost2010Prop30
280
     1
102
RTVSPost2010PropOp30
 70
     0
102
RTVSPost2010Prop31
280
     0
102
RTVSPost2010PropOp31
 70
     0
102
RTVSPost2010Prop32
280
     0
102
RTVSPost2010PropOp32
 70
     0
102
RTVSPost2010Prop33
280
     0
102
RTVSPost2010PropOp33
 70
     0
102
RTVSPost2010Prop34
280
     0
102
RTVSPost2010PropOp34
 70
     0
102
RTVSPost2010Prop35
280
     0
102
RTVSPost2010PropOp35
 70
     0
102
RTVSPost2010Prop36
280
     0
102
RTVSPost2010PropOp36
 70
     0
102
RTVSPost2010Prop37
 90
       50
102
RTVSPost2010PropOp37
 70
     0
102
RTVSPost2010Prop38
140
0.0
102
RTVSPost2010PropOp38
 70
     0
102
RTVSPost2010Prop39
140
1.0
102
RTVSPost2010PropOp39
 70
     0
102
RTVSPost2010Prop40
 90
        0
102
RTVSPost2010PropOp40
 70
     0
102
RTVSPost2010Prop41ColorIndex
 90
       18
102
RTVSPost2010Prop41ColorRGB
 90
        0
102
RTVSPost2010PropOp41
 70
     0
102
RTVSPost2010Prop42
 90
       50
102
RTVSPost2010PropOp42
 70
     0
102
RTVSPost2010Prop43
 90
        3
102
RTVSPost2010PropOp43
 70
     0
102
RTVSPost2010Prop44ColorIndex
 90
        5
102
RTVSPost2010Prop44ColorRGB
 90
      255
102
RTVSPost2010PropOp44
 70
     0
102
RTVSPost2010Prop45
280
     0
102
RTVSPost2010PropOp45
 70
     0
102
RTVSPost2010Prop46
 90
       50
102
RTVSPost2010PropOp46
 70
     0
102
RTVSPost2010Prop47
 90
       50
102
RTVSPost2010PropOp47
 70
     0
102
RTVSPost2010Prop48
 90
       50
102
RTVSPost2010PropOp48
 70
     0
102
RTVSPost2010Prop49
280
     0
102
RTVSPost2010PropOp49
 70
     0
102
RTVSPost2010Prop50
 90
       50
102
RTVSPost2010PropOp50
 70
     0
102
RTVSPost2010Prop51ColorIndex
 90
      256
102
RTVSPost2010Prop51ColorRGB
 90
-16777216
102
RTVSPost2010PropOp51
 70
     0
102
RTVSPost2010Prop52
140
1.0
102
RTVSPost2010PropOp52
 70
     0
102
RTVSPost2010Prop53
 90
        2
102
RTVSPost2010PropOp53
 70
     0
102
RTVSPost2010Prop54
  1
strokes_ogs.tif
102
RTVSPost2010PropOp54
 70
     0
102
RTVSPost2010Prop55
280
     0
102
RTVSPost2010PropOp55
 70
     0
102
RTVSPost2010Prop56
140
1.0
102
RTVSPost2010PropOp56
 70
     0
102
RTVSPost2010Prop57
140
1.0
102
RTVSPost2010PropOp57
 70
     0
  0
XRECORD
  5
B3
102
{ACAD_REACTORS
330
B2
102
}
330
B2
100
AcDbXrecord
280
     1
102
RTVSPost2010Prop28
280
     0
102
RTVSPost2010PropOp28
 70
     1
102
RTVSPost2010Prop29
280
     1
102
RTVSPost2010PropOp29
 70
     1
102
RTVSPost2010Prop30
280
     1
102
RTVSPost2010PropOp30
 70
     1
102
RTVSPost2010Prop31
280
     0
102
RTVSPost2010PropOp31
 70
     1
102
RTVSPost2010Prop32
280
     0
102
RTVSPost2010PropOp32
 70
     1
102
RTVSPost2010Prop33
280
     0
102
RTVSPost2010PropOp33
 70
     1
102
RTVSPost2010Prop34
280
     0
102
RTVSPost2010PropOp34
 70
     1
102
RTVSPost2010Prop35
280
     0
102
RTVSPost2010PropOp35
 70
     1
102
RTVSPost2010Prop36
280
     0
102
RTVSPost2010PropOp36
 70
     1
102
RTVSPost2010Prop37
 90
       50
102
RTVSPost2010PropOp37
 70
     1
102
RTVSPost2010Prop38
140
0.0
102
RTVSPost2010PropOp38
 70
     1
102
RTVSPost2010Prop39
140
1.0
102
RTVSPost2010PropOp39
 70
     1
102
RTVSPost2010Prop40
 90
        0
102
RTVSPost2010PropOp40
 70
     1
102
RTVSPost2010Prop41ColorIndex
 90
       18
102
RTVSPost2010Prop41ColorRGB
 90
        0
102
RTVSPost2010PropOp41
 70
     1
102
RTVSPost2010Prop42
 90
       50
102
RTVSPost2010PropOp42
 70
     1
102
RTVSPost2010Prop43
 90
        3
102
RTVSPost2010PropOp43
 70
     1
102
RTVSPost2010Prop44ColorIndex
 90
        5
102
RTVSPost2010Prop44ColorRGB
 90
      255
102
RTVSPost2010PropOp44
 70
     1
102
RTVSPost2010Prop45
280
     0
102
RTVSPost2010PropOp45
 70
     1
102
RTVSPost2010Prop46
 90
       50
102
RTVSPost2010PropOp46
 70
     1
102
RTVSPost2010Prop47
 90
       50
102
RTVSPost2010PropOp47
 70
     1
102
RTVSPost2010Prop48
 90
       50
102
RTVSPost2010PropOp48
 70
     1
102
RTVSPost2010Prop49
280
     0
102
RTVSPost2010PropOp49
 70
     1
102
RTVSPost2010Prop50
 90
       50
102
RTVSPost2010PropOp50
 70
     1
102
RTVSPost2010Prop51ColorIndex
 90
      256
102
RTVSPost2010Prop51ColorRGB
 90
-16777216
102
RTVSPost2010PropOp51
 70
     0
102
RTVSPost2010Prop52
140
1.0
102
RTVSPost2010PropOp52
 70
     0
102
RTVSPost2010Prop53
 90
        2
102
RTVSPost2010PropOp53
 70
     1
102
RTVSPost2010Prop54
  1
strokes_ogs.tif
102
RTVSPost2010PropOp54
 70
     1
102
RTVSPost2010Prop55
280
     0
102
RTVSPost2010PropOp55
 70
     1
102
RTVSPost2010Prop56
140
1.0
102
RTVSPost2010PropOp56
 70
     1
102
RTVSPost2010Prop57
140
1.0
102
RTVSPost2010PropOp57
 70
     1
  0
XRECORD
  5
97
102
{ACAD_REACTORS
330
96
102
}
330
96
100
AcDbXrecord
280
     1
102
RTVSPost2010Prop28
280
     0
102
RTVSPost2010PropOp28
 70
     1
102
RTVSPost2010Prop29
280
     1
102
RTVSPost2010PropOp29
 70
     1
102
RTVSPost2010Prop30
280
     1
102
RTVSPost2010PropOp30
 70
     1
102
RTVSPost2010Prop31
280
     0
102
RTVSPost2010PropOp31
 70
     1
102
RTVSPost2010Prop32
280
     0
102
RTVSPost2010PropOp32
 70
     1
102
RTVSPost2010Prop33
280
     0
102
RTVSPost2010PropOp33
 70
     1
102
RTVSPost2010Prop34
280
     0
102
RTVSPost2010PropOp34
 70
     1
102
RTVSPost2010Prop35
280
     0
102
RTVSPost2010PropOp35
 70
     1
102
RTVSPost2010Prop36
280
     0
102
RTVSPost2010PropOp36
 70
     1
102
RTVSPost2010Prop37
 90
       50
102
RTVSPost2010PropOp37
 70
     1
102
RTVSPost2010Prop38
140
0.0
102
RTVSPost2010PropOp38
 70
     1
102
RTVSPost2010Prop39
140
1.0
102
RTVSPost2010PropOp39
 70
     1
102
RTVSPost2010Prop40
 90
        0
102
RTVSPost2010PropOp40
 70
     1
102
RTVSPost2010Prop41ColorIndex
 90
       18
102
RTVSPost2010Prop41ColorRGB
 90
        0
102
RTVSPost2010PropOp41
 70
     1
102
RTVSPost2010Prop42
 90
       50
102
RTVSPost2010PropOp42
 70
     1
102
RTVSPost2010Prop43
 90
        3
102
RTVSPost2010PropOp43
 70
     1
102
RTVSPost2010Prop44ColorIndex
 90
        5
102
RTVSPost2010Prop44ColorRGB
 90
      255
102
RTVSPost2010PropOp44
 70
     1
102
RTVSPost2010Prop45
280
     0
102
RTVSPost2010PropOp45
 70
     1
102
RTVSPost2010Prop46
 90
       50
102
RTVSPost2010PropOp46
 70
     1
102
RTVSPost2010Prop47
 90
       50
102
RTVSPost2010PropOp47
 70
     1
102
RTVSPost2010Prop48
 90
       50
102
RTVSPost2010PropOp48
 70
     1
102
RTVSPost2010Prop49
280
     0
102
RTVSPost2010PropOp49
 70
     1
102
RTVSPost2010Prop50
 90
       50
102
RTVSPost2010PropOp50
 70
     1
102
RTVSPost2010Prop51ColorIndex
 90
      256
102
RTVSPost2010Prop51ColorRGB
 90
-16777216
102
RTVSPost2010PropOp51
 70
     0
102
RTVSPost2010Prop52
140
1.0
102
RTVSPost2010PropOp52
 70
     0
102
RTVSPost2010Prop53
 90
        2
102
RTVSPost2010PropOp53
 70
     1
102
RTVSPost2010Prop54
  1
strokes_ogs.tif
102
RTVSPost2010PropOp54
 70
     1
102
RTVSPost2010Prop55
280
     0
102
RTVSPost2010PropOp55
 70
     1
102
RTVSPost2010Prop56
140
1.0
102
RTVSPost2010PropOp56
 70
     1
102
RTVSPost2010Prop57
140
1.0
102
RTVSPost2010PropOp57
 70
     1
  0
XRECORD
  5
99
102
{ACAD_REACTORS
330
98
102
}
330
98
100
AcDbXrecord
280
     1
102
RTVSPost2010Prop28
280
     0
102
RTVSPost2010PropOp28
 70
     1
102
RTVSPost2010Prop29
280
     1
102
RTVSPost2010PropOp29
 70
     1
102
RTVSPost2010Prop30
280
     1
102
RTVSPost2010PropOp30
 70
     1
102
RTVSPost2010Prop31
280
     0
102
RTVSPost2010PropOp31
 70
     1
102
RTVSPost2010Prop32
280
     0
102
RTVSPost2010PropOp32
 70
     1
102
RTVSPost2010Prop33
280
     0
102
RTVSPost2010PropOp33
 70
     1
102
RTVSPost2010Prop34
280
     0
102
RTVSPost2010PropOp34
 70
     1
102
RTVSPost2010Prop35
280
     0
102
RTVSPost2010PropOp35
 70
     1
102
RTVSPost2010Prop36
280
     0
102
RTVSPost2010PropOp36
 70
     1
102
RTVSPost2010Prop37
 90
       50
102
RTVSPost2010PropOp37
 70
     1
102
RTVSPost2010Prop38
140
0.0
102
RTVSPost2010PropOp38
 70
     1
102
RTVSPost2010Prop39
140
1.0
102
RTVSPost2010PropOp39
 70
     1
102
RTVSPost2010Prop40
 90
        0
102
RTVSPost2010PropOp40
 70
     1
102
RTVSPost2010Prop41ColorIndex
 90
       18
102
RTVSPost2010Prop41ColorRGB
 90
        0
102
RTVSPost2010PropOp41
 70
     1
102
RTVSPost2010Prop42
 90
       50
102
RTVSPost2010PropOp42
 70
     1
102
RTVSPost2010Prop43
 90
        3
102
RTVSPost2010PropOp43
 70
     1
102
RTVSPost2010Prop44ColorIndex
 90
        5
102
RTVSPost2010Prop44ColorRGB
 90
      255
102
RTVSPost2010PropOp44
 70
     1
102
RTVSPost2010Prop45
280
     0
102
RTVSPost2010PropOp45
 70
     1
102
RTVSPost2010Prop46
 90
       50
102
RTVSPost2010PropOp46
 70
     1
102
RTVSPost2010Prop47
 90
       50
102
RTVSPost2010PropOp47
 70
     1
102
RTVSPost2010Prop48
 90
       50
102
RTVSPost2010PropOp48
 70
     1
102
RTVSPost2010Prop49
280
     0
102
RTVSPost2010PropOp49
 70
     1
102
RTVSPost2010Prop50
 90
       50
102
RTVSPost2010PropOp50
 70
     1
102
RTVSPost2010Prop51ColorIndex
 90
      256
102
RTVSPost2010Prop51ColorRGB
 90
-16777216
102
RTVSPost2010PropOp51
 70
     0
102
RTVSPost2010Prop52
140
1.0
102
RTVSPost2010PropOp52
 70
     0
102
RTVSPost2010Prop53
 90
        2
102
RTVSPost2010PropOp53
 70
     1
102
RTVSPost2010Prop54
  1
strokes_ogs.tif
102
RTVSPost2010PropOp54
 70
     1
102
RTVSPost2010Prop55
280
     0
102
RTVSPost2010PropOp55
 70
     1
102
RTVSPost2010Prop56
140
1.0
102
RTVSPost2010PropOp56
 70
     1
102
RTVSPost2010Prop57
140
1.0
102
RTVSPost2010PropOp57
 70
     1
  0
XRECORD
  5
9B
102
{ACAD_REACTORS
330
9A
102
}
330
9A
100
AcDbXrecord
280
     1
102
RTVSPost2010Prop28
280
     0
102
RTVSPost2010PropOp28
 70
     1
102
RTVSPost2010Prop29
280
     1
102
RTVSPost2010PropOp29
 70
     1
102
RTVSPost2010Prop30
280
     1
102
RTVSPost2010PropOp30
 70
     1
102
RTVSPost2010Prop31
280
     0
102
RTVSPost2010PropOp31
 70
     1
102
RTVSPost2010Prop32
280
     0
102
RTVSPost2010PropOp32
 70
     1
102
RTVSPost2010Prop33
280
     0
102
RTVSPost2010PropOp33
 70
     1
102
RTVSPost2010Prop34
280
     0
102
RTVSPost2010PropOp34
 70
     1
102
RTVSPost2010Prop35
280
     0
102
RTVSPost2010PropOp35
 70
     1
102
RTVSPost2010Prop36
280
     0
102
RTVSPost2010PropOp36
 70
     1
102
RTVSPost2010Prop37
 90
       50
102
RTVSPost2010PropOp37
 70
     1
102
RTVSPost2010Prop38
140
0.0
102
RTVSPost2010PropOp38
 70
     1
102
RTVSPost2010Prop39
140
1.0
102
RTVSPost2010PropOp39
 70
     1
102
RTVSPost2010Prop40
 90
        0
102
RTVSPost2010PropOp40
 70
     1
102
RTVSPost2010Prop41ColorIndex
 90
       18
102
RTVSPost2010Prop41ColorRGB
 90
        0
102
RTVSPost2010PropOp41
 70
     1
102
RTVSPost2010Prop42
 90
       50
102
RTVSPost2010PropOp42
 70
     1
102
RTVSPost2010Prop43
 90
        3
102
RTVSPost2010PropOp43
 70
     1
102
RTVSPost2010Prop44ColorIndex
 90
        5
102
RTVSPost2010Prop44ColorRGB
 90
      255
102
RTVSPost2010PropOp44
 70
     1
102
RTVSPost2010Prop45
280
     0
102
RTVSPost2010PropOp45
 70
     1
102
RTVSPost2010Prop46
 90
       50
102
RTVSPost2010PropOp46
 70
     1
102
RTVSPost2010Prop47
 90
       50
102
RTVSPost2010PropOp47
 70
     1
102
RTVSPost2010Prop48
 90
       50
102
RTVSPost2010PropOp48
 70
     1
102
RTVSPost2010Prop49
280
     0
102
RTVSPost2010PropOp49
 70
     1
102
RTVSPost2010Prop50
 90
       50
102
RTVSPost2010PropOp50
 70
     1
102
RTVSPost2010Prop51ColorIndex
 90
      256
102
RTVSPost2010Prop51ColorRGB
 90
-16777216
102
RTVSPost2010PropOp51
 70
     0
102
RTVSPost2010Prop52
140
1.0
102
RTVSPost2010PropOp52
 70
     0
102
RTVSPost2010Prop53
 90
        2
102
RTVSPost2010PropOp53
 70
     1
102
RTVSPost2010Prop54
  1
strokes_ogs.tif
102
RTVSPost2010PropOp54
 70
     1
102
RTVSPost2010Prop55
280
     0
102
RTVSPost2010PropOp55
 70
     1
102
RTVSPost2010Prop56
140
1.0
102
RTVSPost2010PropOp56
 70
     1
102
RTVSPost2010Prop57
140
1.0
102
RTVSPost2010PropOp57
 70
     1
  0
XRECORD
  5
9D
102
{ACAD_REACTORS
330
9C
102
}
330
9C
100
AcDbXrecord
280
     1
102
RTVSPost2010Prop28
280
     0
102
RTVSPost2010PropOp28
 70
     1
102
RTVSPost2010Prop29
280
     1
102
RTVSPost2010PropOp29
 70
     1
102
RTVSPost2010Prop30
280
     1
102
RTVSPost2010PropOp30
 70
     1
102
RTVSPost2010Prop31
280
     0
102
RTVSPost2010PropOp31
 70
     1
102
RTVSPost2010Prop32
280
     0
102
RTVSPost2010PropOp32
 70
     1
102
RTVSPost2010Prop33
280
     0
102
RTVSPost2010PropOp33
 70
     1
102
RTVSPost2010Prop34
280
     0
102
RTVSPost2010PropOp34
 70
     1
102
RTVSPost2010Prop35
280
     0
102
RTVSPost2010PropOp35
 70
     1
102
RTVSPost2010Prop36
280
     0
102
RTVSPost2010PropOp36
 70
     1
102
RTVSPost2010Prop37
 90
       50
102
RTVSPost2010PropOp37
 70
     1
102
RTVSPost2010Prop38
140
0.0
102
RTVSPost2010PropOp38
 70
     1
102
RTVSPost2010Prop39
140
1.0
102
RTVSPost2010PropOp39
 70
     1
102
RTVSPost2010Prop40
 90
        0
102
RTVSPost2010PropOp40
 70
     1
102
RTVSPost2010Prop41ColorIndex
 90
       18
102
RTVSPost2010Prop41ColorRGB
 90
        0
102
RTVSPost2010PropOp41
 70
     1
102
RTVSPost2010Prop42
 90
       50
102
RTVSPost2010PropOp42
 70
     1
102
RTVSPost2010Prop43
 90
        3
102
RTVSPost2010PropOp43
 70
     1
102
RTVSPost2010Prop44ColorIndex
 90
        5
102
RTVSPost2010Prop44ColorRGB
 90
      255
102
RTVSPost2010PropOp44
 70
     1
102
RTVSPost2010Prop45
280
     0
102
RTVSPost2010PropOp45
 70
     1
102
RTVSPost2010Prop46
 90
       50
102
RTVSPost2010PropOp46
 70
     1
102
RTVSPost2010Prop47
 90
       50
102
RTVSPost2010PropOp47
 70
     1
102
RTVSPost2010Prop48
 90
       50
102
RTVSPost2010PropOp48
 70
     1
102
RTVSPost2010Prop49
280
     0
102
RTVSPost2010PropOp49
 70
     1
102
RTVSPost2010Prop50
 90
       50
102
RTVSPost2010PropOp50
 70
     1
102
RTVSPost2010Prop51ColorIndex
 90
      256
102
RTVSPost2010Prop51ColorRGB
 90
-16777216
102
RTVSPost2010PropOp51
 70
     0
102
RTVSPost2010Prop52
140
1.0
102
RTVSPost2010PropOp52
 70
     0
102
RTVSPost2010Prop53
 90
        2
102
RTVSPost2010PropOp53
 70
     1
102
RTVSPost2010Prop54
  1
strokes_ogs.tif
102
RTVSPost2010PropOp54
 70
     1
102
RTVSPost2010Prop55
280
     0
102
RTVSPost2010PropOp55
 70
     1
102
RTVSPost2010Prop56
140
1.0
102
RTVSPost2010PropOp56
 70
     1
102
RTVSPost2010Prop57
140
1.0
102
RTVSPost2010PropOp57
 70
     1
  0
XRECORD
  5
A3
102
{ACAD_REACTORS
330
A2
102
}
330
A2
100
AcDbXrecord
280
     1
102
RTVSPost2010Prop28
280
     0
102
RTVSPost2010PropOp28
 70
     1
102
RTVSPost2010Prop29
280
     1
102
RTVSPost2010PropOp29
 70
     1
102
RTVSPost2010Prop30
280
     1
102
RTVSPost2010PropOp30
 70
     1
102
RTVSPost2010Prop31
280
     0
102
RTVSPost2010PropOp31
 70
     1
102
RTVSPost2010Prop32
280
     0
102
RTVSPost2010PropOp32
 70
     1
102
RTVSPost2010Prop33
280
     0
102
RTVSPost2010PropOp33
 70
     1
102
RTVSPost2010Prop34
280
     0
102
RTVSPost2010PropOp34
 70
     1
102
RTVSPost2010Prop35
280
     0
102
RTVSPost2010PropOp35
 70
     1
102
RTVSPost2010Prop36
280
     0
102
RTVSPost2010PropOp36
 70
     1
102
RTVSPost2010Prop37
 90
       50
102
RTVSPost2010PropOp37
 70
     1
102
RTVSPost2010Prop38
140
0.0
102
RTVSPost2010PropOp38
 70
     1
102
RTVSPost2010Prop39
140
1.0
102
RTVSPost2010PropOp39
 70
     1
102
RTVSPost2010Prop40
 90
        0
102
RTVSPost2010PropOp40
 70
     1
102
RTVSPost2010Prop41ColorIndex
 90
       18
102
RTVSPost2010Prop41ColorRGB
 90
        0
102
RTVSPost2010PropOp41
 70
     1
102
RTVSPost2010Prop42
 90
       50
102
RTVSPost2010PropOp42
 70
     1
102
RTVSPost2010Prop43
 90
        3
102
RTVSPost2010PropOp43
 70
     1
102
RTVSPost2010Prop44ColorIndex
 90
        5
102
RTVSPost2010Prop44ColorRGB
 90
      255
102
RTVSPost2010PropOp44
 70
     1
102
RTVSPost2010Prop45
280
     0
102
RTVSPost2010PropOp45
 70
     1
102
RTVSPost2010Prop46
 90
       50
102
RTVSPost2010PropOp46
 70
     1
102
RTVSPost2010Prop47
 90
       50
102
RTVSPost2010PropOp47
 70
     1
102
RTVSPost2010Prop48
 90
       50
102
RTVSPost2010PropOp48
 70
     1
102
RTVSPost2010Prop49
280
     0
102
RTVSPost2010PropOp49
 70
     1
102
RTVSPost2010Prop50
 90
       50
102
RTVSPost2010PropOp50
 70
     1
102
RTVSPost2010Prop51ColorIndex
 90
      256
102
RTVSPost2010Prop51ColorRGB
 90
-16777216
102
RTVSPost2010PropOp51
 70
     0
102
RTVSPost2010Prop52
140
1.0
102
RTVSPost2010PropOp52
 70
     0
102
RTVSPost2010Prop53
 90
        2
102
RTVSPost2010PropOp53
 70
     1
102
RTVSPost2010Prop54
  1
strokes_ogs.tif
102
RTVSPost2010PropOp54
 70
     1
102
RTVSPost2010Prop55
280
     0
102
RTVSPost2010PropOp55
 70
     1
102
RTVSPost2010Prop56
140
1.0
102
RTVSPost2010PropOp56
 70
     1
102
RTVSPost2010Prop57
140
1.0
102
RTVSPost2010PropOp57
 70
     1
  0
XRECORD
  5
B7
102
{ACAD_REACTORS
330
B6
102
}
330
B6
100
AcDbXrecord
280
     1
102
RTVSPost2010Prop28
280
     0
102
RTVSPost2010PropOp28
 70
     0
102
RTVSPost2010Prop29
280
     1
102
RTVSPost2010PropOp29
 70
     0
102
RTVSPost2010Prop30
280
     1
102
RTVSPost2010PropOp30
 70
     0
102
RTVSPost2010Prop31
280
     0
102
RTVSPost2010PropOp31
 70
     0
102
RTVSPost2010Prop32
280
     0
102
RTVSPost2010PropOp32
 70
     0
102
RTVSPost2010Prop33
280
     0
102
RTVSPost2010PropOp33
 70
     0
102
RTVSPost2010Prop34
280
     0
102
RTVSPost2010PropOp34
 70
     0
102
RTVSPost2010Prop35
280
     0
102
RTVSPost2010PropOp35
 70
     0
102
RTVSPost2010Prop36
280
     0
102
RTVSPost2010PropOp36
 70
     0
102
RTVSPost2010Prop37
 90
       50
102
RTVSPost2010PropOp37
 70
     0
102
RTVSPost2010Prop38
140
0.0
102
RTVSPost2010PropOp38
 70
     0
102
RTVSPost2010Prop39
140
1.0
102
RTVSPost2010PropOp39
 70
     0
102
RTVSPost2010Prop40
 90
        0
102
RTVSPost2010PropOp40
 70
     0
102
RTVSPost2010Prop41ColorIndex
 90
       18
102
RTVSPost2010Prop41ColorRGB
 90
        0
102
RTVSPost2010PropOp41
 70
     0
102
RTVSPost2010Prop42
 90
       50
102
RTVSPost2010PropOp42
 70
     0
102
RTVSPost2010Prop43
 90
        3
102
RTVSPost2010PropOp43
 70
     0
102
RTVSPost2010Prop44ColorIndex
 90
        5
102
RTVSPost2010Prop44ColorRGB
 90
      255
102
RTVSPost2010PropOp44
 70
     0
102
RTVSPost2010Prop45
280
     0
102
RTVSPost2010PropOp45
 70
     0
102
RTVSPost2010Prop46
 90
       50
102
RTVSPost2010PropOp46
 70
     0
102
RTVSPost2010Prop47
 90
       50
102
RTVSPost2010PropOp47
 70
     0
102
RTVSPost2010Prop48
 90
       50
102
RTVSPost2010PropOp48
 70
     0
102
RTVSPost2010Prop49
280
     0
102
RTVSPost2010PropOp49
 70
     0
102
RTVSPost2010Prop50
 90
       50
102
RTVSPost2010PropOp50
 70
     0
102
RTVSPost2010Prop51ColorIndex
 90
      256
102
RTVSPost2010Prop51ColorRGB
 90
-16777216
102
RTVSPost2010PropOp51
 70
     0
102
RTVSPost2010Prop52
140
1.0
102
RTVSPost2010PropOp52
 70
     0
102
RTVSPost2010Prop53
 90
        2
102
RTVSPost2010PropOp53
 70
     0
102
RTVSPost2010Prop54
  1
strokes_ogs.tif
102
RTVSPost2010PropOp54
 70
     0
102
RTVSPost2010Prop55
280
     0
102
RTVSPost2010PropOp55
 70
     0
102
RTVSPost2010Prop56
140
1.0
102
RTVSPost2010PropOp56
 70
     0
102
RTVSPost2010Prop57
140
1.0
102
RTVSPost2010PropOp57
 70
     0
  0
XRECORD
  5
B1
102
{ACAD_REACTORS
330
B0
102
}
330
B0
100
AcDbXrecord
280
     1
102
RTVSPost2010Prop28
280
     0
102
RTVSPost2010PropOp28
 70
     1
102
RTVSPost2010Prop29
280
     1
102
RTVSPost2010PropOp29
 70
     1
102
RTVSPost2010Prop30
280
     1
102
RTVSPost2010PropOp30
 70
     1
102
RTVSPost2010Prop31
280
     0
102
RTVSPost2010PropOp31
 70
     1
102
RTVSPost2010Prop32
280
     0
102
RTVSPost2010PropOp32
 70
     1
102
RTVSPost2010Prop33
280
     0
102
RTVSPost2010PropOp33
 70
     1
102
RTVSPost2010Prop34
280
     0
102
RTVSPost2010PropOp34
 70
     1
102
RTVSPost2010Prop35
280
     0
102
RTVSPost2010PropOp35
 70
     1
102
RTVSPost2010Prop36
280
     0
102
RTVSPost2010PropOp36
 70
     1
102
RTVSPost2010Prop37
 90
       50
102
RTVSPost2010PropOp37
 70
     1
102
RTVSPost2010Prop38
140
0.0
102
RTVSPost2010PropOp38
 70
     1
102
RTVSPost2010Prop39
140
1.0
102
RTVSPost2010PropOp39
 70
     1
102
RTVSPost2010Prop40
 90
        0
102
RTVSPost2010PropOp40
 70
     1
102
RTVSPost2010Prop41ColorIndex
 90
       18
102
RTVSPost2010Prop41ColorRGB
 90
        0
102
RTVSPost2010PropOp41
 70
     1
102
RTVSPost2010Prop42
 90
       50
102
RTVSPost2010PropOp42
 70
     1
102
RTVSPost2010Prop43
 90
        3
102
RTVSPost2010PropOp43
 70
     1
102
RTVSPost2010Prop44ColorIndex
 90
        5
102
RTVSPost2010Prop44ColorRGB
 90
      255
102
RTVSPost2010PropOp44
 70
     1
102
RTVSPost2010Prop45
280
     0
102
RTVSPost2010PropOp45
 70
     1
102
RTVSPost2010Prop46
 90
       50
102
RTVSPost2010PropOp46
 70
     1
102
RTVSPost2010Prop47
 90
       50
102
RTVSPost2010PropOp47
 70
     1
102
RTVSPost2010Prop48
 90
       50
102
RTVSPost2010PropOp48
 70
     1
102
RTVSPost2010Prop49
280
     0
102
RTVSPost2010PropOp49
 70
     1
102
RTVSPost2010Prop50
 90
       50
102
RTVSPost2010PropOp50
 70
     1
102
RTVSPost2010Prop51ColorIndex
 90
      256
102
RTVSPost2010Prop51ColorRGB
 90
-16777216
102
RTVSPost2010PropOp51
 70
     0
102
RTVSPost2010Prop52
140
1.0
102
RTVSPost2010PropOp52
 70
     0
102
RTVSPost2010Prop53
 90
        2
102
RTVSPost2010PropOp53
 70
     1
102
RTVSPost2010Prop54
  1
strokes_ogs.tif
102
RTVSPost2010PropOp54
 70
     1
102
RTVSPost2010Prop55
280
     0
102
RTVSPost2010PropOp55
 70
     1
102
RTVSPost2010Prop56
140
1.0
102
RTVSPost2010PropOp56
 70
     1
102
RTVSPost2010Prop57
140
1.0
102
RTVSPost2010PropOp57
 70
     1
  0
XRECORD
  5
B9
102
{ACAD_REACTORS
330
B8
102
}
330
B8
100
AcDbXrecord
280
     1
102
RTVSPost2010Prop28
280
     0
102
RTVSPost2010PropOp28
 70
     0
102
RTVSPost2010Prop29
280
     1
102
RTVSPost2010PropOp29
 70
     0
102
RTVSPost2010Prop30
280
     1
102
RTVSPost2010PropOp30
 70
     0
102
RTVSPost2010Prop31
280
     0
102
RTVSPost2010PropOp31
 70
     0
102
RTVSPost2010Prop32
280
     0
102
RTVSPost2010PropOp32
 70
     0
102
RTVSPost2010Prop33
280
     0
102
RTVSPost2010PropOp33
 70
     0
102
RTVSPost2010Prop34
280
     0
102
RTVSPost2010PropOp34
 70
     0
102
RTVSPost2010Prop35
280
     0
102
RTVSPost2010PropOp35
 70
     0
102
RTVSPost2010Prop36
280
     0
102
RTVSPost2010PropOp36
 70
     0
102
RTVSPost2010Prop37
 90
       50
102
RTVSPost2010PropOp37
 70
     0
102
RTVSPost2010Prop38
140
0.0
102
RTVSPost2010PropOp38
 70
     0
102
RTVSPost2010Prop39
140
1.0
102
RTVSPost2010PropOp39
 70
     0
102
RTVSPost2010Prop40
 90
        0
102
RTVSPost2010PropOp40
 70
     0
102
RTVSPost2010Prop41ColorIndex
 90
       18
102
RTVSPost2010Prop41ColorRGB
 90
        0
102
RTVSPost2010PropOp41
 70
     0
102
RTVSPost2010Prop42
 90
       50
102
RTVSPost2010PropOp42
 70
     0
102
RTVSPost2010Prop43
 90
        3
102
RTVSPost2010PropOp43
 70
     0
102
RTVSPost2010Prop44ColorIndex
 90
        5
102
RTVSPost2010Prop44ColorRGB
 90
      255
102
RTVSPost2010PropOp44
 70
     0
102
RTVSPost2010Prop45
280
     0
102
RTVSPost2010PropOp45
 70
     0
102
RTVSPost2010Prop46
 90
       50
102
RTVSPost2010PropOp46
 70
     0
102
RTVSPost2010Prop47
 90
       50
102
RTVSPost2010PropOp47
 70
     0
102
RTVSPost2010Prop48
 90
       50
102
RTVSPost2010PropOp48
 70
     0
102
RTVSPost2010Prop49
280
     0
102
RTVSPost2010PropOp49
 70
     0
102
RTVSPost2010Prop50
 90
       50
102
RTVSPost2010PropOp50
 70
     0
102
RTVSPost2010Prop51ColorIndex
 90
      256
102
RTVSPost2010Prop51ColorRGB
 90
-16777216
102
RTVSPost2010PropOp51
 70
     0
102
RTVSPost2010Prop52
140
1.0
102
RTVSPost2010PropOp52
 70
     0
102
RTVSPost2010Prop53
 90
        2
102
RTVSPost2010PropOp53
 70
     0
102
RTVSPost2010Prop54
  1
strokes_ogs.tif
102
RTVSPost2010PropOp54
 70
     0
102
RTVSPost2010Prop55
280
     0
102
RTVSPost2010PropOp55
 70
     0
102
RTVSPost2010Prop56
140
1.0
102
RTVSPost2010PropOp56
 70
     0
102
RTVSPost2010Prop57
140
1.0
102
RTVSPost2010PropOp57
 70
     0
  0
XRECORD
  5
A7
102
{ACAD_REACTORS
330
A6
102
}
330
A6
100
AcDbXrecord
280
     1
102
RTVSPost2010Prop28
280
     0
102
RTVSPost2010PropOp28
 70
     1
102
RTVSPost2010Prop29
280
     1
102
RTVSPost2010PropOp29
 70
     1
102
RTVSPost2010Prop30
280
     1
102
RTVSPost2010PropOp30
 70
     1
102
RTVSPost2010Prop31
280
     0
102
RTVSPost2010PropOp31
 70
     1
102
RTVSPost2010Prop32
280
     0
102
RTVSPost2010PropOp32
 70
     1
102
RTVSPost2010Prop33
280
     0
102
RTVSPost2010PropOp33
 70
     1
102
RTVSPost2010Prop34
280
     0
102
RTVSPost2010PropOp34
 70
     1
102
RTVSPost2010Prop35
280
     0
102
RTVSPost2010PropOp35
 70
     1
102
RTVSPost2010Prop36
280
     0
102
RTVSPost2010PropOp36
 70
     1
102
RTVSPost2010Prop37
 90
       50
102
RTVSPost2010PropOp37
 70
     1
102
RTVSPost2010Prop38
140
0.0
102
RTVSPost2010PropOp38
 70
     1
102
RTVSPost2010Prop39
140
1.0
102
RTVSPost2010PropOp39
 70
     1
102
RTVSPost2010Prop40
 90
        0
102
RTVSPost2010PropOp40
 70
     1
102
RTVSPost2010Prop41ColorIndex
 90
       18
102
RTVSPost2010Prop41ColorRGB
 90
        0
102
RTVSPost2010PropOp41
 70
     1
102
RTVSPost2010Prop42
 90
       50
102
RTVSPost2010PropOp42
 70
     1
102
RTVSPost2010Prop43
 90
        3
102
RTVSPost2010PropOp43
 70
     1
102
RTVSPost2010Prop44ColorIndex
 90
        5
102
RTVSPost2010Prop44ColorRGB
 90
      255
102
RTVSPost2010PropOp44
 70
     1
102
RTVSPost2010Prop45
280
     0
102
RTVSPost2010PropOp45
 70
     1
102
RTVSPost2010Prop46
 90
       50
102
RTVSPost2010PropOp46
 70
     1
102
RTVSPost2010Prop47
 90
       50
102
RTVSPost2010PropOp47
 70
     1
102
RTVSPost2010Prop48
 90
       50
102
RTVSPost2010PropOp48
 70
     1
102
RTVSPost2010Prop49
280
     0
102
RTVSPost2010PropOp49
 70
     1
102
RTVSPost2010Prop50
 90
       50
102
RTVSPost2010PropOp50
 70
     1
102
RTVSPost2010Prop51ColorIndex
 90
      256
102
RTVSPost2010Prop51ColorRGB
 90
-16777216
102
RTVSPost2010PropOp51
 70
     0
102
RTVSPost2010Prop52
140
1.0
102
RTVSPost2010PropOp52
 70
     0
102
RTVSPost2010Prop53
 90
        2
102
RTVSPost2010PropOp53
 70
     1
102
RTVSPost2010Prop54
  1
strokes_ogs.tif
102
RTVSPost2010PropOp54
 70
     1
102
RTVSPost2010Prop55
280
     0
102
RTVSPost2010PropOp55
 70
     1
102
RTVSPost2010Prop56
140
1.0
102
RTVSPost2010PropOp56
 70
     1
102
RTVSPost2010Prop57
140
1.0
102
RTVSPost2010PropOp57
 70
     1
  0
XRECORD
  5
C5
102
{ACAD_REACTORS
330
C4
102
}
330
C4
100
AcDbXrecord
280
     1
102
RTVSPost2010Prop28
280
     0
102
RTVSPost2010PropOp28
 70
     1
102
RTVSPost2010Prop29
280
     1
102
RTVSPost2010PropOp29
 70
     1
102
RTVSPost2010Prop30
280
     1
102
RTVSPost2010PropOp30
 70
     1
102
RTVSPost2010Prop31
280
     0
102
RTVSPost2010PropOp31
 70
     1
102
RTVSPost2010Prop32
280
     0
102
RTVSPost2010PropOp32
 70
     1
102
RTVSPost2010Prop33
280
     0
102
RTVSPost2010PropOp33
 70
     1
102
RTVSPost2010Prop34
280
     0
102
RTVSPost2010PropOp34
 70
     1
102
RTVSPost2010Prop35
280
     0
102
RTVSPost2010PropOp35
 70
     1
102
RTVSPost2010Prop36
280
     0
102
RTVSPost2010PropOp36
 70
     1
102
RTVSPost2010Prop37
 90
       50
102
RTVSPost2010PropOp37
 70
     1
102
RTVSPost2010Prop38
140
0.0
102
RTVSPost2010PropOp38
 70
     1
102
RTVSPost2010Prop39
140
1.0
102
RTVSPost2010PropOp39
 70
     1
102
RTVSPost2010Prop40
 90
        0
102
RTVSPost2010PropOp40
 70
     1
102
RTVSPost2010Prop41ColorIndex
 90
       18
102
RTVSPost2010Prop41ColorRGB
 90
        0
102
RTVSPost2010PropOp41
 70
     1
102
RTVSPost2010Prop42
 90
       50
102
RTVSPost2010PropOp42
 70
     1
102
RTVSPost2010Prop43
 90
        3
102
RTVSPost2010PropOp43
 70
     1
102
RTVSPost2010Prop44ColorIndex
 90
        5
102
RTVSPost2010Prop44ColorRGB
 90
      255
102
RTVSPost2010PropOp44
 70
     1
102
RTVSPost2010Prop45
280
     0
102
RTVSPost2010PropOp45
 70
     1
102
RTVSPost2010Prop46
 90
       50
102
RTVSPost2010PropOp46
 70
     1
102
RTVSPost2010Prop47
 90
       50
102
RTVSPost2010PropOp47
 70
     1
102
RTVSPost2010Prop48
 90
       50
102
RTVSPost2010PropOp48
 70
     1
102
RTVSPost2010Prop49
280
     0
102
RTVSPost2010PropOp49
 70
     1
102
RTVSPost2010Prop50
 90
       50
102
RTVSPost2010PropOp50
 70
     1
102
RTVSPost2010Prop51ColorIndex
 90
      256
102
RTVSPost2010Prop51ColorRGB
 90
-16777216
102
RTVSPost2010PropOp51
 70
     0
102
RTVSPost2010Prop52
140
1.0
102
RTVSPost2010PropOp52
 70
     0
102
RTVSPost2010Prop53
 90
        2
102
RTVSPost2010PropOp53
 70
     1
102
RTVSPost2010Prop54
  1
strokes_ogs.tif
102
RTVSPost2010PropOp54
 70
     1
102
RTVSPost2010Prop55
280
     0
102
RTVSPost2010PropOp55
 70
     1
102
RTVSPost2010Prop56
140
1.0
102
RTVSPost2010PropOp56
 70
     1
102
RTVSPost2010Prop57
140
1.0
102
RTVSPost2010PropOp57
 70
     1
  0
XRECORD
  5
C3
102
{ACAD_REACTORS
330
C2
102
}
330
C2
100
AcDbXrecord
280
     1
102
RTVSPost2010Prop28
280
     0
102
RTVSPost2010PropOp28
 70
     1
102
RTVSPost2010Prop29
280
     1
102
RTVSPost2010PropOp29
 70
     1
102
RTVSPost2010Prop30
280
     1
102
RTVSPost2010PropOp30
 70
     1
102
RTVSPost2010Prop31
280
     0
102
RTVSPost2010PropOp31
 70
     1
102
RTVSPost2010Prop32
280
     0
102
RTVSPost2010PropOp32
 70
     1
102
RTVSPost2010Prop33
280
     0
102
RTVSPost2010PropOp33
 70
     1
102
RTVSPost2010Prop34
280
     0
102
RTVSPost2010PropOp34
 70
     1
102
RTVSPost2010Prop35
280
     0
102
RTVSPost2010PropOp35
 70
     1
102
RTVSPost2010Prop36
280
     0
102
RTVSPost2010PropOp36
 70
     1
102
RTVSPost2010Prop37
 90
       50
102
RTVSPost2010PropOp37
 70
     1
102
RTVSPost2010Prop38
140
0.0
102
RTVSPost2010PropOp38
 70
     1
102
RTVSPost2010Prop39
140
1.0
102
RTVSPost2010PropOp39
 70
     1
102
RTVSPost2010Prop40
 90
        0
102
RTVSPost2010PropOp40
 70
     1
102
RTVSPost2010Prop41ColorIndex
 90
       18
102
RTVSPost2010Prop41ColorRGB
 90
        0
102
RTVSPost2010PropOp41
 70
     1
102
RTVSPost2010Prop42
 90
       50
102
RTVSPost2010PropOp42
 70
     1
102
RTVSPost2010Prop43
 90
        3
102
RTVSPost2010PropOp43
 70
     1
102
RTVSPost2010Prop44ColorIndex
 90
        5
102
RTVSPost2010Prop44ColorRGB
 90
      255
102
RTVSPost2010PropOp44
 70
     1
102
RTVSPost2010Prop45
280
     0
102
RTVSPost2010PropOp45
 70
     1
102
RTVSPost2010Prop46
 90
       50
102
RTVSPost2010PropOp46
 70
     1
102
RTVSPost2010Prop47
 90
       50
102
RTVSPost2010PropOp47
 70
     1
102
RTVSPost2010Prop48
 90
       50
102
RTVSPost2010PropOp48
 70
     1
102
RTVSPost2010Prop49
280
     0
102
RTVSPost2010PropOp49
 70
     1
102
RTVSPost2010Prop50
 90
       50
102
RTVSPost2010PropOp50
 70
     1
102
RTVSPost2010Prop51ColorIndex
 90
      256
102
RTVSPost2010Prop51ColorRGB
 90
-16777216
102
RTVSPost2010PropOp51
 70
     0
102
RTVSPost2010Prop52
140
1.0
102
RTVSPost2010PropOp52
 70
     0
102
RTVSPost2010Prop53
 90
        2
102
RTVSPost2010PropOp53
 70
     1
102
RTVSPost2010Prop54
  1
strokes_ogs.tif
102
RTVSPost2010PropOp54
 70
     1
102
RTVSPost2010Prop55
280
     0
102
RTVSPost2010PropOp55
 70
     1
102
RTVSPost2010Prop56
140
1.0
102
RTVSPost2010PropOp56
 70
     1
102
RTVSPost2010Prop57
140
1.0
102
RTVSPost2010PropOp57
 70
     1
  0
XRECORD
  5
BD
102
{ACAD_REACTORS
330
BC
102
}
330
BC
100
AcDbXrecord
280
     1
102
RTVSPost2010Prop28
280
     0
102
RTVSPost2010PropOp28
 70
     1
102
RTVSPost2010Prop29
280
     1
102
RTVSPost2010PropOp29
 70
     1
102
RTVSPost2010Prop30
280
     1
102
RTVSPost2010PropOp30
 70
     1
102
RTVSPost2010Prop31
280
     0
102
RTVSPost2010PropOp31
 70
     1
102
RTVSPost2010Prop32
280
     0
102
RTVSPost2010PropOp32
 70
     1
102
RTVSPost2010Prop33
280
     0
102
RTVSPost2010PropOp33
 70
     1
102
RTVSPost2010Prop34
280
     0
102
RTVSPost2010PropOp34
 70
     1
102
RTVSPost2010Prop35
280
     0
102
RTVSPost2010PropOp35
 70
     1
102
RTVSPost2010Prop36
280
     0
102
RTVSPost2010PropOp36
 70
     1
102
RTVSPost2010Prop37
 90
       50
102
RTVSPost2010PropOp37
 70
     1
102
RTVSPost2010Prop38
140
0.0
102
RTVSPost2010PropOp38
 70
     1
102
RTVSPost2010Prop39
140
1.0
102
RTVSPost2010PropOp39
 70
     1
102
RTVSPost2010Prop40
 90
        0
102
RTVSPost2010PropOp40
 70
     1
102
RTVSPost2010Prop41ColorIndex
 90
       18
102
RTVSPost2010Prop41ColorRGB
 90
        0
102
RTVSPost2010PropOp41
 70
     1
102
RTVSPost2010Prop42
 90
       50
102
RTVSPost2010PropOp42
 70
     1
102
RTVSPost2010Prop43
 90
        3
102
RTVSPost2010PropOp43
 70
     1
102
RTVSPost2010Prop44ColorIndex
 90
        5
102
RTVSPost2010Prop44ColorRGB
 90
      255
102
RTVSPost2010PropOp44
 70
     1
102
RTVSPost2010Prop45
280
     0
102
RTVSPost2010PropOp45
 70
     1
102
RTVSPost2010Prop46
 90
       50
102
RTVSPost2010PropOp46
 70
     1
102
RTVSPost2010Prop47
 90
       50
102
RTVSPost2010PropOp47
 70
     1
102
RTVSPost2010Prop48
 90
       50
102
RTVSPost2010PropOp48
 70
     1
102
RTVSPost2010Prop49
280
     0
102
RTVSPost2010PropOp49
 70
     1
102
RTVSPost2010Prop50
 90
       50
102
RTVSPost2010PropOp50
 70
     1
102
RTVSPost2010Prop51ColorIndex
 90
      256
102
RTVSPost2010Prop51ColorRGB
 90
-16777216
102
RTVSPost2010PropOp51
 70
     0
102
RTVSPost2010Prop52
140
1.0
102
RTVSPost2010PropOp52
 70
     0
102
RTVSPost2010Prop53
 90
        2
102
RTVSPost2010PropOp53
 70
     1
102
RTVSPost2010Prop54
  1
strokes_ogs.tif
102
RTVSPost2010PropOp54
 70
     1
102
RTVSPost2010Prop55
280
     0
102
RTVSPost2010PropOp55
 70
     1
102
RTVSPost2010Prop56
140
1.0
102
RTVSPost2010PropOp56
 70
     1
102
RTVSPost2010Prop57
140
1.0
102
RTVSPost2010PropOp57
 70
     1
  0
XRECORD
  5
BF
102
{ACAD_REACTORS
330
BE
102
}
330
BE
100
AcDbXrecord
280
     1
102
RTVSPost2010Prop28
280
     0
102
RTVSPost2010PropOp28
 70
     1
102
RTVSPost2010Prop29
280
     1
102
RTVSPost2010PropOp29
 70
     1
102
RTVSPost2010Prop30
280
     1
102
RTVSPost2010PropOp30
 70
     1
102
RTVSPost2010Prop31
280
     0
102
RTVSPost2010PropOp31
 70
     1
102
RTVSPost2010Prop32
280
     0
102
RTVSPost2010PropOp32
 70
     1
102
RTVSPost2010Prop33
280
     0
102
RTVSPost2010PropOp33
 70
     1
102
RTVSPost2010Prop34
280
     0
102
RTVSPost2010PropOp34
 70
     1
102
RTVSPost2010Prop35
280
     0
102
RTVSPost2010PropOp35
 70
     1
102
RTVSPost2010Prop36
280
     0
102
RTVSPost2010PropOp36
 70
     1
102
RTVSPost2010Prop37
 90
       50
102
RTVSPost2010PropOp37
 70
     1
102
RTVSPost2010Prop38
140
0.0
102
RTVSPost2010PropOp38
 70
     1
102
RTVSPost2010Prop39
140
1.0
102
RTVSPost2010PropOp39
 70
     1
102
RTVSPost2010Prop40
 90
        0
102
RTVSPost2010PropOp40
 70
     1
102
RTVSPost2010Prop41ColorIndex
 90
       18
102
RTVSPost2010Prop41ColorRGB
 90
        0
102
RTVSPost2010PropOp41
 70
     1
102
RTVSPost2010Prop42
 90
       50
102
RTVSPost2010PropOp42
 70
     1
102
RTVSPost2010Prop43
 90
        3
102
RTVSPost2010PropOp43
 70
     1
102
RTVSPost2010Prop44ColorIndex
 90
        5
102
RTVSPost2010Prop44ColorRGB
 90
      255
102
RTVSPost2010PropOp44
 70
     1
102
RTVSPost2010Prop45
280
     0
102
RTVSPost2010PropOp45
 70
     1
102
RTVSPost2010Prop46
 90
       50
102
RTVSPost2010PropOp46
 70
     1
102
RTVSPost2010Prop47
 90
       50
102
RTVSPost2010PropOp47
 70
     1
102
RTVSPost2010Prop48
 90
       50
102
RTVSPost2010PropOp48
 70
     1
102
RTVSPost2010Prop49
280
     0
102
RTVSPost2010PropOp49
 70
     1
102
RTVSPost2010Prop50
 90
       50
102
RTVSPost2010PropOp50
 70
     1
102
RTVSPost2010Prop51ColorIndex
 90
      256
102
RTVSPost2010Prop51ColorRGB
 90
-16777216
102
RTVSPost2010PropOp51
 70
     0
102
RTVSPost2010Prop52
140
1.0
102
RTVSPost2010PropOp52
 70
     0
102
RTVSPost2010Prop53
 90
        2
102
RTVSPost2010PropOp53
 70
     1
102
RTVSPost2010Prop54
  1
strokes_ogs.tif
102
RTVSPost2010PropOp54
 70
     1
102
RTVSPost2010Prop55
280
     0
102
RTVSPost2010PropOp55
 70
     1
102
RTVSPost2010Prop56
140
1.0
102
RTVSPost2010PropOp56
 70
     1
102
RTVSPost2010Prop57
140
1.0
102
RTVSPost2010PropOp57
 70
     1
  0
XRECORD
  5
AF
102
{ACAD_REACTORS
330
AE
102
}
330
AE
100
AcDbXrecord
280
     1
102
RTVSPost2010Prop28
280
     0
102
RTVSPost2010PropOp28
 70
     1
102
RTVSPost2010Prop29
280
     1
102
RTVSPost2010PropOp29
 70
     1
102
RTVSPost2010Prop30
280
     1
102
RTVSPost2010PropOp30
 70
     1
102
RTVSPost2010Prop31
280
     0
102
RTVSPost2010PropOp31
 70
     1
102
RTVSPost2010Prop32
280
     0
102
RTVSPost2010PropOp32
 70
     1
102
RTVSPost2010Prop33
280
     0
102
RTVSPost2010PropOp33
 70
     1
102
RTVSPost2010Prop34
280
     0
102
RTVSPost2010PropOp34
 70
     1
102
RTVSPost2010Prop35
280
     0
102
RTVSPost2010PropOp35
 70
     1
102
RTVSPost2010Prop36
280
     0
102
RTVSPost2010PropOp36
 70
     1
102
RTVSPost2010Prop37
 90
       50
102
RTVSPost2010PropOp37
 70
     1
102
RTVSPost2010Prop38
140
0.0
102
RTVSPost2010PropOp38
 70
     1
102
RTVSPost2010Prop39
140
1.0
102
RTVSPost2010PropOp39
 70
     1
102
RTVSPost2010Prop40
 90
        0
102
RTVSPost2010PropOp40
 70
     1
102
RTVSPost2010Prop41ColorIndex
 90
       18
102
RTVSPost2010Prop41ColorRGB
 90
        0
102
RTVSPost2010PropOp41
 70
     1
102
RTVSPost2010Prop42
 90
       50
102
RTVSPost2010PropOp42
 70
     1
102
RTVSPost2010Prop43
 90
        3
102
RTVSPost2010PropOp43
 70
     1
102
RTVSPost2010Prop44ColorIndex
 90
        5
102
RTVSPost2010Prop44ColorRGB
 90
      255
102
RTVSPost2010PropOp44
 70
     1
102
RTVSPost2010Prop45
280
     0
102
RTVSPost2010PropOp45
 70
     1
102
RTVSPost2010Prop46
 90
       50
102
RTVSPost2010PropOp46
 70
     1
102
RTVSPost2010Prop47
 90
       50
102
RTVSPost2010PropOp47
 70
     1
102
RTVSPost2010Prop48
 90
       50
102
RTVSPost2010PropOp48
 70
     1
102
RTVSPost2010Prop49
280
     0
102
RTVSPost2010PropOp49
 70
     1
102
RTVSPost2010Prop50
 90
       50
102
RTVSPost2010PropOp50
 70
     1
102
RTVSPost2010Prop51ColorIndex
 90
      256
102
RTVSPost2010Prop51ColorRGB
 90
-16777216
102
RTVSPost2010PropOp51
 70
     0
102
RTVSPost2010Prop52
140
1.0
102
RTVSPost2010PropOp52
 70
     0
102
RTVSPost2010Prop53
 90
        2
102
RTVSPost2010PropOp53
 70
     1
102
RTVSPost2010Prop54
  1
strokes_ogs.tif
102
RTVSPost2010PropOp54
 70
     1
102
RTVSPost2010Prop55
280
     0
102
RTVSPost2010PropOp55
 70
     1
102
RTVSPost2010Prop56
140
1.0
102
RTVSPost2010PropOp56
 70
     1
102
RTVSPost2010Prop57
140
1.0
102
RTVSPost2010PropOp57
 70
     1
  0
XRECORD
  5
A1
102
{ACAD_REACTORS
330
A0
102
}
330
A0
100
AcDbXrecord
280
     1
102
RTVSPost2010Prop28
280
     0
102
RTVSPost2010PropOp28
 70
     1
102
RTVSPost2010Prop29
280
     1
102
RTVSPost2010PropOp29
 70
     1
102
RTVSPost2010Prop30
280
     1
102
RTVSPost2010PropOp30
 70
     1
102
RTVSPost2010Prop31
280
     0
102
RTVSPost2010PropOp31
 70
     1
102
RTVSPost2010Prop32
280
     0
102
RTVSPost2010PropOp32
 70
     1
102
RTVSPost2010Prop33
280
     0
102
RTVSPost2010PropOp33
 70
     1
102
RTVSPost2010Prop34
280
     0
102
RTVSPost2010PropOp34
 70
     1
102
RTVSPost2010Prop35
280
     0
102
RTVSPost2010PropOp35
 70
     1
102
RTVSPost2010Prop36
280
     0
102
RTVSPost2010PropOp36
 70
     1
102
RTVSPost2010Prop37
 90
       50
102
RTVSPost2010PropOp37
 70
     1
102
RTVSPost2010Prop38
140
0.0
102
RTVSPost2010PropOp38
 70
     1
102
RTVSPost2010Prop39
140
1.0
102
RTVSPost2010PropOp39
 70
     1
102
RTVSPost2010Prop40
 90
        0
102
RTVSPost2010PropOp40
 70
     1
102
RTVSPost2010Prop41ColorIndex
 90
       18
102
RTVSPost2010Prop41ColorRGB
 90
        0
102
RTVSPost2010PropOp41
 70
     1
102
RTVSPost2010Prop42
 90
       50
102
RTVSPost2010PropOp42
 70
     1
102
RTVSPost2010Prop43
 90
        3
102
RTVSPost2010PropOp43
 70
     1
102
RTVSPost2010Prop44ColorIndex
 90
        5
102
RTVSPost2010Prop44ColorRGB
 90
      255
102
RTVSPost2010PropOp44
 70
     1
102
RTVSPost2010Prop45
280
     0
102
RTVSPost2010PropOp45
 70
     1
102
RTVSPost2010Prop46
 90
       50
102
RTVSPost2010PropOp46
 70
     1
102
RTVSPost2010Prop47
 90
       50
102
RTVSPost2010PropOp47
 70
     1
102
RTVSPost2010Prop48
 90
       50
102
RTVSPost2010PropOp48
 70
     1
102
RTVSPost2010Prop49
280
     0
102
RTVSPost2010PropOp49
 70
     1
102
RTVSPost2010Prop50
 90
       50
102
RTVSPost2010PropOp50
 70
     1
102
RTVSPost2010Prop51ColorIndex
 90
      256
102
RTVSPost2010Prop51ColorRGB
 90
-16777216
102
RTVSPost2010PropOp51
 70
     0
102
RTVSPost2010Prop52
140
1.0
102
RTVSPost2010PropOp52
 70
     0
102
RTVSPost2010Prop53
 90
        2
102
RTVSPost2010PropOp53
 70
     1
102
RTVSPost2010Prop54
  1
strokes_ogs.tif
102
RTVSPost2010PropOp54
 70
     1
102
RTVSPost2010Prop55
280
     0
102
RTVSPost2010PropOp55
 70
     1
102
RTVSPost2010Prop56
140
1.0
102
RTVSPost2010PropOp56
 70
     1
102
RTVSPost2010Prop57
140
1.0
102
RTVSPost2010PropOp57
 70
     1
  0
XRECORD
  5
C1
102
{ACAD_REACTORS
330
C0
102
}
330
C0
100
AcDbXrecord
280
     1
102
RTVSPost2010Prop28
280
     0
102
RTVSPost2010PropOp28
 70
     1
102
RTVSPost2010Prop29
280
     1
102
RTVSPost2010PropOp29
 70
     1
102
RTVSPost2010Prop30
280
     1
102
RTVSPost2010PropOp30
 70
     1
102
RTVSPost2010Prop31
280
     0
102
RTVSPost2010PropOp31
 70
     1
102
RTVSPost2010Prop32
280
     0
102
RTVSPost2010PropOp32
 70
     1
102
RTVSPost2010Prop33
280
     0
102
RTVSPost2010PropOp33
 70
     1
102
RTVSPost2010Prop34
280
     0
102
RTVSPost2010PropOp34
 70
     1
102
RTVSPost2010Prop35
280
     0
102
RTVSPost2010PropOp35
 70
     1
102
RTVSPost2010Prop36
280
     0
102
RTVSPost2010PropOp36
 70
     1
102
RTVSPost2010Prop37
 90
       50
102
RTVSPost2010PropOp37
 70
     1
102
RTVSPost2010Prop38
140
0.0
102
RTVSPost2010PropOp38
 70
     1
102
RTVSPost2010Prop39
140
1.0
102
RTVSPost2010PropOp39
 70
     1
102
RTVSPost2010Prop40
 90
        0
102
RTVSPost2010PropOp40
 70
     1
102
RTVSPost2010Prop41ColorIndex
 90
       18
102
RTVSPost2010Prop41ColorRGB
 90
        0
102
RTVSPost2010PropOp41
 70
     1
102
RTVSPost2010Prop42
 90
       50
102
RTVSPost2010PropOp42
 70
     1
102
RTVSPost2010Prop43
 90
        3
102
RTVSPost2010PropOp43
 70
     1
102
RTVSPost2010Prop44ColorIndex
 90
        5
102
RTVSPost2010Prop44ColorRGB
 90
      255
102
RTVSPost2010PropOp44
 70
     1
102
RTVSPost2010Prop45
280
     0
102
RTVSPost2010PropOp45
 70
     1
102
RTVSPost2010Prop46
 90
       50
102
RTVSPost2010PropOp46
 70
     1
102
RTVSPost2010Prop47
 90
       50
102
RTVSPost2010PropOp47
 70
     1
102
RTVSPost2010Prop48
 90
       50
102
RTVSPost2010PropOp48
 70
     1
102
RTVSPost2010Prop49
280
     0
102
RTVSPost2010PropOp49
 70
     1
102
RTVSPost2010Prop50
 90
       50
102
RTVSPost2010PropOp50
 70
     1
102
RTVSPost2010Prop51ColorIndex
 90
      256
102
RTVSPost2010Prop51ColorRGB
 90
-16777216
102
RTVSPost2010PropOp51
 70
     0
102
RTVSPost2010Prop52
140
1.0
102
RTVSPost2010PropOp52
 70
     0
102
RTVSPost2010Prop53
 90
        2
102
RTVSPost2010PropOp53
 70
     1
102
RTVSPost2010Prop54
  1
strokes_ogs.tif
102
RTVSPost2010PropOp54
 70
     1
102
RTVSPost2010Prop55
280
     0
102
RTVSPost2010PropOp55
 70
     1
102
RTVSPost2010Prop56
140
1.0
102
RTVSPost2010PropOp56
 70
     1
102
RTVSPost2010Prop57
140
1.0
102
RTVSPost2010PropOp57
 70
     1
  0
ENDSEC
  0
EOF
