  0
SECTION
  2
HEADER
  9
$ACADVER
  1
AC1024
  9
$ACADMAINTVER
 70
     6
  9
$DWGCODEPAGE
  3
ANSI_1251
  9
$INSBASE
 10
0.0
 20
0.0
 30
0.0
  9
$EXTMIN
 10
1.000000000000000E+20
 20
1.000000000000000E+20
 30
1.000000000000000E+20
  9
$EXTMAX
 10
-1.000000000000000E+20
 20
-1.000000000000000E+20
 30
-1.000000000000000E+20
  9
$LIMMIN
 10
0.0
 20
0.0
  9
$LIMMAX
 10
420.0
 20
297.0
  9
$ORTHOMODE
 70
     0
  9
$REGENMODE
 70
     1
  9
$FILLMODE
 70
     1
  9
$QTEXTMODE
 70
     0
  9
$MIRRTEXT
 70
     1
  9
$LTSCALE
 40
1.0
  9
$ATTMODE
 70
     1
  9
$TEXTSIZE
 40
2.5
  9
$TRACEWID
 40
1.0
  9
$TEXTSTYLE
  7
Standard
  9
$CLAYER
  8
0
  9
$CELTYPE
  6
ByLayer
  9
$CECOLOR
 62
   256
  9
$CELTSCALE
 40
1.0
  9
$DISPSILH
 70
     0
  9
$DIMSCALE
 40
1.0
  9
$DIMASZ
 40
2.5
  9
$DIMEXO
 40
0.625
  9
$DIMDLI
 40
3.75
  9
$DIMRND
 40
0.01
  9
$DIMDLE
 40
0.0
  9
$DIMEXE
 40
1.25
  9
$DIMTP
 40
0.0
  9
$DIMTM
 40
0.0
  9
$DIMTXT
 40
2.5
  9
$DIMCEN
 40
2.5
  9
$DIMTSZ
 40
0.0
  9
$DIMTOL
 70
     0
  9
$DIMLIM
 70
     0
  9
$DIMTIH
 70
     0
  9
$DIMTOH
 70
     0
  9
$DIMSE1
 70
     0
  9
$DIMSE2
 70
     0
  9
$DIMTAD
 70
     1
  9
$DIMZIN
 70
     8
  9
$DIMBLK
  1

  9
$DIMASO
 70
     1
  9
$DIMSHO
 70
     1
  9
$DIMPOST
  1

  9
$DIMAPOST
  1

  9
$DIMALT
 70
     0
  9
$DIMALTD
 70
     3
  9
$DIMALTF
 40
0.0393700787401575
  9
$DIMLFAC
 40
1.0
  9
$DIMTOFL
 70
     1
  9
$DIMTVP
 40
0.0
  9
$DIMTIX
 70
     0
  9
$DIMSOXD
 70
     0
  9
$DIMSAH
 70
     0
  9
$DIMBLK1
  1

  9
$DIMBLK2
  1

  9
$DIMSTYLE
  2
ISO-25
  9
$DIMCLRD
 70
     0
  9
$DIMCLRE
 70
     0
  9
$DIMCLRT
 70
     0
  9
$DIMTFAC
 40
1.0
  9
$DIMGAP
 40
0.7
  9
$DIMJUST
 70
     0
  9
$DIMSD1
 70
     0
  9
$DIMSD2
 70
     0
  9
$DIMTOLJ
 70
     0
  9
$DIMTZIN
 70
     8
  9
$DIMALTZ
 70
     0
  9
$DIMALTTZ
 70
     0
  9
$DIMUPT
 70
     0
  9
$DIMDEC
 70
     2
  9
$DIMTDEC
 70
     2
  9
$DIMALTU
 70
     2
  9
$DIMALTTD
 70
     3
  9
$DIMTXSTY
  7
Standard
  9
$DIMAUNIT
 70
     0
  9
$DIMADEC
 70
     2
  9
$DIMALTRND
 40
0.0
  9
$DIMAZIN
 70
     0
  9
$DIMDSEP
 70
    44
  9
$DIMATFIT
 70
     3
  9
$DIMFRAC
 70
     2
  9
$DIMLDRBLK
  1

  9
$DIMLUNIT
 70
     2
  9
$DIMLWD
 70
    15
  9
$DIMLWE
 70
    15
  9
$DIMTMOVE
 70
     0
  9
$DIMFXL
 40
1.0
  9
$DIMFXLON
 70
     0
  9
$DIMJOGANG
 40
0.7853981633974483
  9
$DIMTFILL
 70
     0
  9
$DIMTFILLCLR
 70
     0
  9
$DIMARCSYM
 70
     0
  9
$DIMLTYPE
  6

  9
$DIMLTEX1
  6

  9
$DIMLTEX2
  6

  9
$DIMTXTDIRECTION
 70
     0
  9
$LUNITS
 70
     2
  9
$LUPREC
 70
     4
  9
$SKETCHINC
 40
1.0
  9
$FILLETRAD
 40
0.0
  9
$AUNITS
 70
     0
  9
$AUPREC
 70
     0
  9
$MENU
  1
.
  9
$ELEVATION
 40
0.0
  9
$PELEVATION
 40
0.0
  9
$THICKNESS
 40
0.0
  9
$LIMCHECK
 70
     0
  9
$CHAMFERA
 40
0.0
  9
$CHAMFERB
 40
0.0
  9
$CHAMFERC
 40
0.0
  9
$CHAMFERD
 40
0.0
  9
$SKPOLY
 70
     0
  9
$TDCREATE
 40
2460775.037027014
  9
$TDUCREATE
 40
2460774.953693681
  9
$TDUPDATE
 40
2460775.037027014
  9
$TDUUPDATE
 40
2460774.953693681
  9
$TDINDWG
 40
0.0000000116
  9
$TDUSRTIMER
 40
0.0000000116
  9
$USRTIMER
 70
     1
  9
$ANGBASE
 50
0.0
  9
$ANGDIR
 70
     0
  9
$PDMODE
 70
     0
  9
$PDSIZE
 40
0.0
  9
$PLINEWID
 40
0.0
  9
$SPLFRAME
 70
     0
  9
$SPLINETYPE
 70
     6
  9
$SPLINESEGS
 70
     8
  9
$HANDSEED
  5
BF
  9
$SURFTAB1
 70
     6
  9
$SURFTAB2
 70
     6
  9
$SURFTYPE
 70
     6
  9
$SURFU
 70
     6
  9
$SURFV
 70
     6
  9
$UCSBASE
  2

  9
$UCSNAME
  2

  9
$UCSORG
 10
0.0
 20
0.0
 30
0.0
  9
$UCSXDIR
 10
1.0
 20
0.0
 30
0.0
  9
$UCSYDIR
 10
0.0
 20
1.0
 30
0.0
  9
$UCSORTHOREF
  2

  9
$UCSORTHOVIEW
 70
     0
  9
$UCSORGTOP
 10
0.0
 20
0.0
 30
0.0
  9
$UCSORGBOTTOM
 10
0.0
 20
0.0
 30
0.0
  9
$UCSORGLEFT
 10
0.0
 20
0.0
 30
0.0
  9
$UCSORGRIGHT
 10
0.0
 20
0.0
 30
0.0
  9
$UCSORGFRONT
 10
0.0
 20
0.0
 30
0.0
  9
$UCSORGBACK
 10
0.0
 20
0.0
 30
0.0
  9
$PUCSBASE
  2

  9
$PUCSNAME
  2

  9
$PUCSORG
 10
0.0
 20
0.0
 30
0.0
  9
$PUCSXDIR
 10
1.0
 20
0.0
 30
0.0
  9
$PUCSYDIR
 10
0.0
 20
1.0
 30
0.0
  9
$PUCSORTHOREF
  2

  9
$PUCSORTHOVIEW
 70
     0
  9
$PUCSORGTOP
 10
0.0
 20
0.0
 30
0.0
  9
$PUCSORGBOTTOM
 10
0.0
 20
0.0
 30
0.0
  9
$PUCSORGLEFT
 10
0.0
 20
0.0
 30
0.0
  9
$PUCSORGRIGHT
 10
0.0
 20
0.0
 30
0.0
  9
$PUCSORGFRONT
 10
0.0
 20
0.0
 30
0.0
  9
$PUCSORGBACK
 10
0.0
 20
0.0
 30
0.0
  9
$USERI1
 70
     0
  9
$USERI2
 70
     0
  9
$USERI3
 70
     0
  9
$USERI4
 70
     0
  9
$USERI5
 70
     0
  9
$USERR1
 40
0.0
  9
$USERR2
 40
0.0
  9
$USERR3
 40
0.0
  9
$USERR4
 40
0.0
  9
$USERR5
 40
0.0
  9
$WORLDVIEW
 70
     1
  9
$SHADEDGE
 70
     3
  9
$SHADEDIF
 70
    70
  9
$TILEMODE
 70
     0
  9
$MAXACTVP
 70
    64
  9
$PINSBASE
 10
0.0
 20
0.0
 30
0.0
  9
$PLIMCHECK
 70
     0
  9
$PEXTMIN
 10
0.0
 20
0.0
 30
0.0
  9
$PEXTMAX
 10
0.0
 20
0.0
 30
0.0
  9
$PLIMMIN
 10
-20.0
 20
-7.5
  9
$PLIMMAX
 10
277.0
 20
202.5
  9
$UNITMODE
 70
     0
  9
$VISRETAIN
 70
     1
  9
$PLINEGEN
 70
     0
  9
$PSLTSCALE
 70
     1
  9
$TREEDEPTH
 70
  3020
  9
$CMLSTYLE
  2
Standard
  9
$CMLJUST
 70
     0
  9
$CMLSCALE
 40
20.0
  9
$PROXYGRAPHICS
 70
     1
  9
$MEASUREMENT
 70
     1
  9
$CELWEIGHT
370
    -1
  9
$ENDCAPS
280
     0
  9
$JOINSTYLE
280
     0
  9
$LWDISPLAY
290
     0
  9
$INSUNITS
 70
     4
  9
$HYPERLINKBASE
  1

  9
$STYLESHEET
  1

  9
$XEDIT
290
     1
  9
$CEPSNTYPE
380
     0
  9
$PSTYLEMODE
290
     1
  9
$FINGERPRINTGUID
  2
{1b4bf5d9-c307-2255-c197-d7456137c37a}
  9
$VERSIONGUID
  2
{FAEB1C32-E019-11D5-929B-00C0DF256EC4}
  9
$EXTNAMES
290
     1
  9
$PSVPSCALE
 40
0.0
  9
$OLESTARTUP
290
     0
  9
$SORTENTS
280
   127
  9
$INDEXCTL
280
     0
  9
$HIDETEXT
280
     1
  9
$XCLIPFRAME
280
     2
  9
$HALOGAP
280
     0
  9
$OBSCOLOR
 70
   257
  9
$OBSLTYPE
280
     0
  9
$INTERSECTIONDISPLAY
280
     0
  9
$INTERSECTIONCOLOR
 70
   257
  9
$DIMASSOC
280
     2
  9
$PROJECTNAME
  1

  9
$CAMERADISPLAY
290
     0
  9
$LENSLENGTH
 40
50.0
  9
$CAMERAHEIGHT
 40
0.0
  9
$STEPSPERSEC
 40
2.0
  9
$STEPSIZE
 40
6.0
  9
$3DDWFPREC
 40
2.0
  9
$PSOLWIDTH
 40
5.0
  9
$PSOLHEIGHT
 40
80.0
  9
$LOFTANG1
 40
1.570796326794897
  9
$LOFTANG2
 40
1.570796326794897
  9
$LOFTMAG1
 40
0.0
  9
$LOFTMAG2
 40
0.0
  9
$LOFTPARAM
 70
     7
  9
$LOFTNORMALS
280
     1
  9
$LATITUDE
 40
37.795
  9
$LONGITUDE
 40
-122.394
  9
$NORTHDIRECTION
 40
0.0
  9
$TIMEZONE
 70
 -8000
  9
$LIGHTGLYPHDISPLAY
280
     1
  9
$TILEMODELIGHTSYNCH
280
     1
  9
$CMATERIAL
347
44
  9
$SOLIDHIST
280
     0
  9
$SHOWHIST
280
     1
  9
$DWFFRAME
280
     2
  9
$DGNFRAME
280
     2
  9
$REALWORLDSCALE
290
     1
  9
$INTERFERECOLOR
 62
   256
  9
$CSHADOW
280
     0
  9
$SHADOWPLANELOCATION
 40
0.0
  0
ENDSEC
  0
SECTION
  2
CLASSES
  0
CLASS
  1
ACDBDICTIONARYWDFLT
  2
AcDbDictionaryWithDefault
  3
ObjectDBX Classes
 90
        0
 91
        3
280
     0
281
     0
  0
CLASS
  1
VISUALSTYLE
  2
AcDbVisualStyle
  3
ObjectDBX Classes
 90
     4095
 91
        3
280
     0
281
     0
  0
CLASS
  1
MATERIAL
  2
AcDbMaterial
  3
ObjectDBX Classes
 90
     1153
 91
        3
280
     0
281
     0
  0
CLASS
  1
SCALE
  2
AcDbScale
  3
ObjectDBX Classes
 90
     1153
 91
        3
280
     0
281
     0
  0
CLASS
  1
TABLESTYLE
  2
AcDbTableStyle
  3
ObjectDBX Classes
 90
     4095
 91
        3
280
     0
281
     0
  0
CLASS
  1
MLEADERSTYLE
  2
AcDbMLeaderStyle
  3
ACDB_MLEADERSTYLE_CLASS
 90
     4095
 91
        3
280
     0
281
     0
  0
CLASS
  1
SUN
  2
AcDbSun
  3
SCENEOE
 90
     1153
 91
        3
280
     0
281
     0
  0
CLASS
  1
DICTIONARYVAR
  2
AcDbDictionaryVar
  3
ObjectDBX Classes
 90
        0
 91
        3
280
     0
281
     0
  0
CLASS
  1
CELLSTYLEMAP
  2
AcDbCellStyleMap
  3
ObjectDBX Classes
 90
     1152
 91
        3
280
     0
281
     0
  0
ENDSEC
  0
SECTION
  2
TABLES
  0
TABLE
  2
VPORT
  5
8
330
0
100
AcDbSymbolTable
 70
     1
  0
VPORT
  5
29
330
8
100
AcDbSymbolTableRecord
100
AcDbViewportTableRecord
  2
*Active
 70
     0
 10
0.0
 20
0.0
 11
1.0
 21
1.0
 12
210.0
 22
148.5
 13
0.0
 23
0.0
 14
10.0
 24
10.0
 15
10.0
 25
10.0
 16
0.0
 26
0.0
 36
1.0
 17
0.0
 27
0.0
 37
0.0
 40
297.0
 41
1.414141414141414
 42
50.0
 43
0.0
 44
0.0
 50
0.0
 51
0.0
 71
     0
 72
   100
 73
     1
 74
     3
 75
     0
 76
     0
 77
     0
 78
     0
281
     0
 65
     1
110
0.0
120
0.0
130
0.0
111
1.0
121
0.0
131
0.0
112
0.0
122
1.0
132
0.0
 79
     0
146
0.0
348
2F
 60
     3
 61
     5
292
     1
282
     1
141
0.0
142
0.0
 63
   250
361
5D
  0
ENDTAB
  0
TABLE
  2
LTYPE
  5
5
330
0
100
AcDbSymbolTable
 70
     6
  0
LTYPE
  5
14
330
5
100
AcDbSymbolTableRecord
100
AcDbLinetypeTableRecord
  2
ByBlock
 70
     0
  3

 72
    65
 73
     0
 40
0.0
  0
LTYPE
  5
15
330
5
100
AcDbSymbolTableRecord
100
AcDbLinetypeTableRecord
  2
ByLayer
 70
     0
  3

 72
    65
 73
     0
 40
0.0
  0
LTYPE
  5
16
330
5
100
AcDbSymbolTableRecord
100
AcDbLinetypeTableRecord
  2
Continuous
 70
     0
  3
Solid line
 72
    65
 73
     0
 40
0.0
  0
LTYPE
  5
61
330
5
100
AcDbSymbolTableRecord
100
AcDbLinetypeTableRecord
  2
CenterLine
 70
     0
  3

 72
    65
 73
     4
 40
8.0
 49
5.0
 74
     0
 49
-1.0
 74
     0
 49
1.0
 74
     0
 49
-1.0
 74
     0
  0
LTYPE
  5
62
330
5
100
AcDbSymbolTableRecord
100
AcDbLinetypeTableRecord
  2
DraftedLine
 70
     0
  3

 72
    65
 73
     2
 40
3.0
 49
2.0
 74
     0
 49
-1.0
 74
     0
  0
LTYPE
  5
63
330
5
100
AcDbSymbolTableRecord
100
AcDbLinetypeTableRecord
  2
SectionLineISO
 70
     0
  3

 72
    65
 73
     5
 40
13.75833333333342
 49
4.23333333333336
 74
     0
 49
-2.11666666666668
 74
     0
 49
1.05833333333334
 74
     0
 49
-2.11666666666668
 74
     0
 49
4.23333333333336
 74
     0
  0
LTYPE
  5
64
330
5
100
AcDbSymbolTableRecord
100
AcDbLinetypeTableRecord
  2
SectionLineANSI
 70
     0
  3

 72
    65
 73
     7
 40
11.99444444444452
 49
4.23333333333336
 74
     0
 49
-1.05833333333334
 74
     0
 49
0.17638888888889
 74
     0
 49
-1.05833333333334
 74
     0
 49
0.17638888888889
 74
     0
 49
-1.05833333333334
 74
     0
 49
4.23333333333336
 74
     0
  0
LTYPE
  5
65
330
5
100
AcDbSymbolTableRecord
100
AcDbLinetypeTableRecord
  2
DetailCircleISO
 70
     0
  3

 72
    65
 73
     5
 40
13.75833333333342
 49
4.23333333333336
 74
     0
 49
-2.11666666666668
 74
     0
 49
1.05833333333334
 74
     0
 49
-2.11666666666668
 74
     0
 49
4.23333333333336
 74
     0
  0
ENDTAB
  0
TABLE
  2
LAYER
  5
2
330
0
100
AcDbSymbolTable
 70
     4
  0
LAYER
  5
10
330
2
100
AcDbSymbolTableRecord
100
AcDbLayerTableRecord
  2
0
 70
     0
 62
     7
  6
Continuous
370
    -3
390
F
347
46
  0
LAYER
  5
5E
330
2
100
AcDbSymbolTableRecord
100
AcDbLayerTableRecord
  2
Geometries
 70
     0
 62
     7
  6
Continuous
370
    -3
390
F
347
46
  0
LAYER
  5
5F
330
2
100
AcDbSymbolTableRecord
100
AcDbLayerTableRecord
  2
Annotations
 70
     0
 62
     7
  6
Continuous
370
    -3
390
F
347
46
  0
LAYER
  5
60
330
2
100
AcDbSymbolTableRecord
100
AcDbLayerTableRecord
  2
Border
 70
     0
 62
     7
  6
Continuous
370
    -3
390
F
347
46
  0
ENDTAB
  0
TABLE
  2
STYLE
  5
3
330
0
100
AcDbSymbolTable
 70
    16
  0
STYLE
  5
11
330
3
100
AcDbSymbolTableRecord
100
AcDbTextStyleTableRecord
  2
Standard
 70
     0
 40
0.0
 41
1.0
 50
0.0
 71
     0
 42
2.5
  3
txt
  4

  0
STYLE
  5
66
330
3
100
AcDbSymbolTableRecord
100
AcDbTextStyleTableRecord
  2
Shapr0
 70
     0
 40
3.3495
 41
1.0
 50
0.0
 71
     0
 42
2.5
  3

  4

  0
STYLE
  5
67
330
3
100
AcDbSymbolTableRecord
100
AcDbTextStyleTableRecord
  2
Shapr1
 70
     0
 40
3.3495
 41
1.0
 50
0.0
 71
     0
 42
2.5
  3

  4

  0
STYLE
  5
68
330
3
100
AcDbSymbolTableRecord
100
AcDbTextStyleTableRecord
  2
Shapr2
 70
     0
 40
3.3495
 41
1.0
 50
0.0
 71
     0
 42
2.5
  3

  4

  0
STYLE
  5
69
330
3
100
AcDbSymbolTableRecord
100
AcDbTextStyleTableRecord
  2
Shapr3
 70
     0
 40
3.3495
 41
1.0
 50
0.0
 71
     0
 42
2.5
  3

  4

  0
STYLE
  5
6A
330
3
100
AcDbSymbolTableRecord
100
AcDbTextStyleTableRecord
  2
Shapr4
 70
     0
 40
3.3495
 41
1.0
 50
0.0
 71
     0
 42
2.5
  3

  4

  0
STYLE
  5
6B
330
3
100
AcDbSymbolTableRecord
100
AcDbTextStyleTableRecord
  2
Shapr5
 70
     0
 40
3.3495
 41
1.0
 50
0.0
 71
     0
 42
2.5
  3

  4

  0
STYLE
  5
6C
330
3
100
AcDbSymbolTableRecord
100
AcDbTextStyleTableRecord
  2
Shapr6
 70
     0
 40
3.3495
 41
1.0
 50
0.0
 71
     0
 42
2.5
  3

  4

  0
STYLE
  5
6D
330
3
100
AcDbSymbolTableRecord
100
AcDbTextStyleTableRecord
  2
Shapr7
 70
     0
 40
3.3495
 41
1.0
 50
0.0
 71
     0
 42
2.5
  3

  4

  0
STYLE
  5
6E
330
3
100
AcDbSymbolTableRecord
100
AcDbTextStyleTableRecord
  2
Shapr8
 70
     0
 40
3.3495
 41
1.0
 50
0.0
 71
     0
 42
2.5
  3

  4

  0
STYLE
  5
6F
330
3
100
AcDbSymbolTableRecord
100
AcDbTextStyleTableRecord
  2
Shapr9
 70
     0
 40
3.3495
 41
1.0
 50
0.0
 71
     0
 42
2.5
  3

  4

  0
STYLE
  5
70
330
3
100
AcDbSymbolTableRecord
100
AcDbTextStyleTableRecord
  2
Shapr10
 70
     0
 40
3.3495
 41
1.0
 50
0.0
 71
     0
 42
2.5
  3

  4

  0
STYLE
  5
71
330
3
100
AcDbSymbolTableRecord
100
AcDbTextStyleTableRecord
  2
Shapr11
 70
     0
 40
3.3495
 41
1.0
 50
0.0
 71
     0
 42
2.5
  3

  4

  0
STYLE
  5
72
330
3
100
AcDbSymbolTableRecord
100
AcDbTextStyleTableRecord
  2
Shapr12
 70
     0
 40
3.3495
 41
1.0
 50
0.0
 71
     0
 42
2.5
  3

  4

  0
STYLE
  5
73
330
3
100
AcDbSymbolTableRecord
100
AcDbTextStyleTableRecord
  2
Shapr13
 70
     0
 40
3.3495
 41
1.0
 50
0.0
 71
     0
 42
2.5
  3

  4

  0
STYLE
  5
74
330
3
100
AcDbSymbolTableRecord
100
AcDbTextStyleTableRecord
  2
Shapr14
 70
     0
 40
3.3495
 41
1.0
 50
0.0
 71
     0
 42
2.5
  3

  4

  0
ENDTAB
  0
TABLE
  2
VIEW
  5
6
330
0
100
AcDbSymbolTable
 70
     0
  0
ENDTAB
  0
TABLE
  2
UCS
  5
7
330
0
100
AcDbSymbolTable
 70
     0
  0
ENDTAB
  0
TABLE
  2
APPID
  5
9
330
0
100
AcDbSymbolTable
 70
     1
  0
APPID
  5
12
330
9
100
AcDbSymbolTableRecord
100
AcDbRegAppTableRecord
  2
ACAD
 70
     0
  0
ENDTAB
  0
TABLE
  2
DIMSTYLE
  5
A
330
0
100
AcDbSymbolTable
 70
     1
100
AcDbDimStyleTable
  0
DIMSTYLE
105
27
330
A
100
AcDbSymbolTableRecord
100
AcDbDimStyleTableRecord
  2
ISO-25
 70
     0
 41
2.5
 42
0.625
 43
3.75
 44
1.25
 73
     0
 74
     0
 77
     1
 78
     8
140
2.5
141
2.5
143
0.0393700787401575
147
0.625
171
     3
172
     1
178
     0
271
     2
272
     2
274
     3
278
    44
283
     0
284
     8
340
11
  0
ENDTAB
  0
TABLE
  2
BLOCK_RECORD
  5
1
330
0
100
AcDbSymbolTable
 70
     2
  0
BLOCK_RECORD
  5
1F
330
1
100
AcDbSymbolTableRecord
100
AcDbBlockTableRecord
  2
*Model_Space
340
22
 70
     4
280
     1
281
     0
  0
BLOCK_RECORD
  5
75
330
1
100
AcDbSymbolTableRecord
100
AcDbBlockTableRecord
  2
*Paper_Space
340
76
 70
     0
280
     1
281
     0
  0
BLOCK_RECORD
  5
23
330
1
100
AcDbSymbolTableRecord
100
AcDbBlockTableRecord
  2
*Paper_Space0
340
26
 70
     0
280
     1
281
     0
  0
BLOCK_RECORD
  5
1B
330
1
100
AcDbSymbolTableRecord
100
AcDbBlockTableRecord
  2
*Paper_Space1
340
1E
 70
     4
280
     1
281
     0
  0
ENDTAB
  0
ENDSEC
  0
SECTION
  2
BLOCKS
  0
BLOCK
  5
20
330
1F
100
AcDbEntity
  8
0
100
AcDbBlockBegin
  2
*Model_Space
 70
     0
 10
0.0
 20
0.0
 30
0.0
  3
*Model_Space
  1

  0
ENDBLK
  5
21
330
1F
100
AcDbEntity
  8
0
100
AcDbBlockEnd
  0
BLOCK
  5
77
330
75
100
AcDbEntity
 67
     1
  8
0
100
AcDbBlockBegin
  2
*Paper_Space
 70
     0
 10
0.0
 20
0.0
 30
0.0
  3
*Paper_Space
  1

  0
ENDBLK
  5
78
330
75
100
AcDbEntity
 67
     1
  8
0
100
AcDbBlockEnd
  0
BLOCK
  5
24
330
23
100
AcDbEntity
  8
0
100
AcDbBlockBegin
  2
*Paper_Space0
 70
     0
 10
0.0
 20
0.0
 30
0.0
  3
*Paper_Space0
  1

  0
ENDBLK
  5
25
330
23
100
AcDbEntity
  8
0
100
AcDbBlockEnd
  0
BLOCK
  5
1C
330
1B
100
AcDbEntity
  8
0
100
AcDbBlockBegin
  2
*Paper_Space1
 70
     0
 10
0.0
 20
0.0
 30
0.0
  3
*Paper_Space1
  1

  0
ENDBLK
  5
1D
330
1B
100
AcDbEntity
  8
0
100
AcDbBlockEnd
  0
ENDSEC
  0
SECTION
  2
ENTITIES
  0
LWPOLYLINE
  5
7D
330
1F
100
AcDbEntity
  8
Geometries
  6
Continuous
370
    13
100
AcDbPolyline
 90
      424
 70
   128
 43
0.0
 10
135.0834675410554
 20
159.111904552525
 10
135.0641075397007
 20
159.0389520829966
 10
135.0459722335897
 20
158.96633011369
 10
135.0290551913569
 20
158.8940379583615
 10
135.013349981636
 20
158.8220749307675
 10
134.9988501730612
 20
158.7504403446643
 10
134.9855493342668
 20
158.6791335138082
 10
134.9734410338866
 20
158.6081537519554
 10
134.963383877571
 20
158.5433757051909
 10
134.9543184268609
 20
158.4788713820241
 10
134.9462397279669
 20
158.4146402538726
 10
134.9391428270997
 20
158.3506817921539
 10
134.9330227704699
 20
158.2869954682857
 10
134.9278746042882
 20
158.2235807536857
 10
134.9236933747652
 20
158.1604371197714
 10
134.9204741281116
 20
158.0975640379604
 10
134.9182119105378
 20
158.0349609796705
 10
134.9169017682547
 20
157.9726274163191
 10
134.9165387474728
 20
157.910562819324
 10
134.9171178944028
 20
157.8487666601028
 10
134.9185224450925
 20
157.7907471021508
 10
134.9207560076616
 20
157.7329652669549
 10
134.9238144299391
 20
157.6754207114675
 10
134.9276935597541
 20
157.6181129926411
 10
134.9323892449358
 20
157.561041667428
 10
134.9382571754849
 20
157.5007692981912
 10
134.9450340125886
 20
157.4407618176752
 10
134.9527148024578
 20
157.3810186972975
 10
134.961294591303
 20
157.3215394084758
 10
134.9707684253348
 20
157.2623234226276
 10
134.981131350764
 20
157.2033702111707
 10
134.994479476802
 20
157.1342262715694
 10
135.0090475873342
 20
157.0654457340973
 10
135.0248275726515
 20
156.9970277334269
 10
135.0418113230452
 20
156.9289714042311
 10
135.0579859899306
 20
156.8685117411056
 10
135.075108053624
 20
156.8083390945089
 10
135.0931717417949
 20
156.7484528485178
 10
135.112171282113
 20
156.6888523872096
 10
135.1321009022473
 20
156.6295370946615
 10
135.1529548298676
 20
156.5705063549504
 10
135.1747272926431
 20
156.5117595521535
 10
135.1974125182434
 20
156.453296070348
 10
135.2218876089149
 20
156.3929857648809
 10
135.2473310425542
 20
156.3329786061722
 10
135.2737363877953
 20
156.2732739079783
 10
135.3010972132724
 20
156.2138709840554
 10
135.3294070876195
 20
156.1547691481599
 10
135.3586595794709
 20
156.095967714048
 10
135.3888482574604
 20
156.037465995476
 10
135.4231294224033
 20
155.9734594574637
 10
135.4585270304728
 20
155.9098138315096
 10
135.4950325215208
 20
155.8465282042232
 10
135.5326373353993
 20
155.7836016622142
 10
135.5713329119602
 20
155.7210332920924
 10
135.6111106910555
 20
155.6588221804673
 10
135.6519621125374
 20
155.5969674139485
 10
135.6938786162576
 20
155.5354680791458
 10
135.7368516420682
 20
155.4743232626688
 10
135.7808726298212
 20
155.4135320511271
 10
135.8251193044996
 20
155.3541697029092
 10
135.8703604812128
 20
155.2951466972478
 10
135.916588050252
 20
155.2364621688155
 10
135.9637939019081
 20
155.1781152522852
 10
136.0128547838066
 20
155.1190534635713
 10
136.0629128781985
 20
155.0603398646928
 10
136.1139596249357
 20
155.0019735422594
 10
136.1659864638703
 20
154.9439535828807
 10
136.2189848348544
 20
154.8862790731662
 10
136.2719741874995
 20
154.8299698332593
 10
136.3258843175534
 20
154.773992069297
 10
136.3807071153076
 20
154.7183449159521
 10
136.4364344710532
 20
154.6630275078971
 10
136.494223140164
 20
154.606920183284
 10
136.5529366042242
 20
154.5511543798867
 10
136.6125662468103
 20
154.4957291783101
 10
136.6731034514991
 20
154.4406436591592
 10
136.7345396018669
 20
154.3858969030388
 10
136.7968660814901
 20
154.3314879905538
 10
136.8600742739457
 20
154.2774160023093
 10
136.9251853530769
 20
154.2228250940118
 10
136.9911885852311
 20
154.1685800375247
 10
137.0580749348022
 20
154.114679868725
 10
137.1258353661843
 20
154.0611236234896
 10
137.1944608437713
 20
154.0079103376958
 10
137.263942331957
 20
153.9550390472203
 10
137.3342707951356
 20
153.9025087879404
 10
137.412599576753
 20
153.8451182430824
 10
137.4919302386366
 20
153.7881378961345
 10
137.572250754395
 20
153.731566463849
 10
137.6535490976364
 20
153.6754026629782
 10
137.7358132419694
 20
153.6196452102744
 10
137.8190311610022
 20
153.5642928224899
 10
137.9031908283432
 20
153.5093442163771
 10
137.9882802176007
 20
153.4547981086883
 10
138.0742873023832
 20
153.4006532161757
 10
138.161200056299
 20
153.3469082555918
 10
138.2474307147954
 20
153.2945110680332
 10
138.3345119916269
 20
153.2424972031001
 10
138.4224324932364
 20
153.1908654450701
 10
138.5111808260669
 20
153.1396145782206
 10
138.6023815330966
 20
153.0878219628576
 10
138.6944166099378
 20
153.0364216715978
 10
138.7872740301988
 20
152.9854124211932
 10
138.880941767488
 20
152.9347929283965
 10
138.9754077954138
 20
152.8845619099597
 10
139.0689523286199
 20
152.8356047630852
 10
139.1632439023701
 20
152.787019886813
 10
139.2582711231074
 20
152.7388060654206
 10
139.3540225972746
 20
152.6909620831854
 10
139.4689409700854
 20
152.6344854922964
 10
139.5848504088185
 20
152.5785292757639
 10
139.7017316904601
 20
152.5230913824416
 10
139.8195655919968
 20
152.4681697611833
 10
139.9383328904152
 20
152.4137623608429
 10
140.0580143627016
 20
152.3598671302741
 10
140.1895959922272
 20
152.3016540505858
 10
140.3222177305327
 20
152.2440453912747
 10
140.4558546209185
 20
152.1870384893951
 10
140.5904817066848
 20
152.1306306820015
 10
140.726074031132
 20
152.0748193061482
 10
140.8626066375601
 20
152.0196016988896
 10
141.0000545692694
 20
151.9649751972801
 10
141.1268312797296
 20
151.9154178996885
 10
141.2543369241093
 20
151.866353006278
 10
141.382552279395
 20
151.8177784659021
 10
141.5114581225732
 20
151.7696922274149
 10
141.6410352306303
 20
151.7220922396701
 10
141.7712643805529
 20
151.6749764515214
 10
141.9283729897193
 20
151.6190737611961
 10
142.086359640665
 20
151.563861820258
 10
142.2451911160227
 20
151.5093370843267
 10
142.404834198425
 20
151.4554960090215
 10
142.5652556705045
 20
151.4023350499616
 10
142.7235379970442
 20
151.3507819715537
 10
142.8825076507625
 20
151.2998781595998
 10
143.042133162206
 20
151.2496202562261
 10
143.2023830619218
 20
151.2000049035591
 10
143.3687742537325
 20
151.1493537229123
 10
143.5357650651113
 20
151.0993827939099
 10
143.7033206626909
 20
151.0500883997398
 10
143.8714062131037
 20
151.0014668235901
 10
144.0399868829821
 20
150.9535143486486
 10
144.20600541597
 20
150.907065857125
 10
144.3724349426232
 20
150.8612556772137
 10
144.5392424625229
 20
150.8160802876828
 10
144.7063949752505
 20
150.7715361673008
 10
144.9057901227338
 20
150.7193256532395
 10
145.1055717585911
 20
150.6679988636324
 10
145.3056842050831
 20
150.6175498575178
 10
145.5060717844711
 20
150.5679726939345
 10
145.7066788190158
 20
150.5192614319208
 10
145.9074496309782
 20
150.4714101305153
 10
146.1485123972681
 20
150.4151153519577
 10
146.3896346159622
 20
150.36004009571
 10
146.6307200759275
 20
150.3061740957907
 10
146.8716725660309
 20
150.2535070862183
 10
147.1123958751395
 20
150.2020288010114
 10
147.3013121665471
 20
150.1624088159734
 10
147.4899809101112
 20
150.1235113690117
 10
147.6783554378221
 20
150.0853314805266
 10
147.8663890816703
 20
150.0478641709186
 10
148.0540351736465
 20
150.0111044605882
 10
148.2525782339362
 20
149.9728845636859
 10
148.4505771689616
 20
149.9354490923101
 10
148.6479763009835
 20
149.8987921054993
 10
148.8447199522631
 20
149.8629076622921
 10
149.0407524450613
 20
149.8277898217269
 10
149.2360181016391
 20
149.7934326428423
 10
149.4193733364125
 20
149.7617300975378
 10
149.6019507050525
 20
149.7306935039504
 10
149.7837035395494
 20
149.7003178824807
 10
149.9645851718938
 20
149.6705982535291
 10
150.1445489340761
 20
149.6415296374958
 10
150.2937839164122
 20
149.6177994998011
 10
150.4423220736236
 20
149.5945151146428
 10
150.5901363987605
 20
149.5716736003083
 10
150.7371998848728
 20
149.5492720750848
 10
150.8834855250107
 20
149.5273076572595
 10
151.028966312224
 20
149.5057774651197
 10
151.1653724670236
 20
149.4858726958155
 10
151.3010164786658
 20
149.4663489671041
 10
151.4358757104448
 20
149.4472038635892
 10
151.5699275256549
 20
149.4284349698747
 10
151.7031492875902
 20
149.4100398705644
 10
151.8371538523786
 20
149.3917950360181
 10
151.9702609660267
 20
149.3739283389536
 10
152.1024471394883
 20
149.3564372730276
 10
152.2336888837174
 20
149.3393193318971
 10
152.3639627096678
 20
149.3225720092191
 10
152.4932451282932
 20
149.3061927986502
 10
152.6215126505476
 20
149.2901791938475
 10
152.7487417873848
 20
149.2745286884678
 10
152.8620841691069
 20
149.2607825236464
 10
152.9745533215622
 20
149.247325301371
 10
153.0861322374587
 20
149.2341552069187
 10
153.1968039095043
 20
149.2212704255667
 10
153.306551330407
 20
149.208669142592
 10
153.4153574928745
 20
149.1963495432718
 10
153.5232053896147
 20
149.1843098128832
 10
153.6300780133357
 20
149.1725481367033
 10
153.7359583567453
 20
149.1610627000092
 10
153.8408294125514
 20
149.1498516880781
 10
153.9446741734619
 20
149.1389132861869
 10
154.0474756321847
 20
149.128245679613
 10
154.1492167814278
 20
149.1178470536333
 10
154.2498806138988
 20
149.107715593525
 10
154.3411948753838
 20
149.0986615696551
 10
154.4315765007306
 20
149.0898291166598
 10
154.5210123899939
 20
149.0812168367406
 10
154.609489443228
 20
149.0728233320986
 10
154.6969945604876
 20
149.0646472049352
 10
154.7835146418272
 20
149.0566870574516
 10
154.8651710650734
 20
149.0492889275842
 10
154.945906636257
 20
149.0420850997827
 10
155.0257099618211
 20
149.0350743583244
 10
155.1045696482085
 20
149.0282554874869
 10
155.1824743018625
 20
149.0216272715476
 10
155.2594125292257
 20
149.015188494784
 10
155.3353729367415
 20
149.0089379414733
 10
155.4103441308526
 20
149.0028743958933
 10
155.4878119744906
 20
148.9967213628642
 10
155.5641685463705
 20
148.9907708398185
 10
155.6394007465465
 20
148.9850214289573
 10
155.7134954750734
 20
148.979471732482
 10
155.7864396320057
 20
148.9741203525938
 10
155.8582201173979
 20
148.9689658914941
 10
155.9288238313044
 20
148.9640069513841
 10
155.9982376737798
 20
148.9592421344652
 10
156.0664485448788
 20
148.9546700429387
 10
156.1334433446557
 20
148.9502892790057
 10
156.199208973165
 20
148.9460984448677
 10
156.2637323304614
 20
148.942096142726
 10
156.3194748753109
 20
148.9387289604998
 10
156.3742363334894
 20
148.9355057424355
 10
156.4280077777506
 20
148.9324255359724
 10
156.4629502652329
 20
148.9304704787879
 10
156.497455047397
 20
148.9285770286641
 10
156.527455147736
 20
148.9269615364423
 10
156.5405467293614
 20
148.9262657186478
 10
156.5418289260366
 20
148.9261978727565
 10
156.5431104811582
 20
148.9261301150466
 10
156.5443913945852
 20
148.9260624455032
 10
156.5456716661764
 20
148.925994864111
 10
156.5469512957906
 20
148.9259273708551
 10
156.5482302832866
 20
148.9258599657205
 10
156.5495086285234
 20
148.9257926486919
 10
156.5507863313597
 20
148.9257254197545
 10
156.609194302722
 20
148.9226494238994
 10
156.6686126645112
 20
148.9195124100821
 10
156.729038243654
 20
148.9163146786251
 10
156.7904678670774
 20
148.913056529851
 10
156.8528983617078
 20
148.9097382640822
 10
156.9163265544723
 20
148.9063601816414
 10
156.9807492722974
 20
148.9029225828511
 10
157.0527591512875
 20
148.899072841233
 10
157.125964342822
 20
148.8951518479518
 10
157.2003606235406
 20
148.8911600027365
 10
157.2759437700827
 20
148.8870977053167
 10
157.3527095590878
 20
148.8829653554215
 10
157.4306537671957
 20
148.8787633527804
 10
157.5097721710457
 20
148.8744920971227
 10
157.5900605472773
 20
148.8701519881776
 10
157.6715146725303
 20
148.8657434256745
 10
157.7541303234441
 20
148.8612668093428
 10
157.8363972069974
 20
148.8568042775497
 10
157.9197764285386
 20
148.8522768649972
 10
158.0042639869426
 20
148.8476849503804
 10
158.0898558810841
 20
148.8430289123949
 10
158.1781344921799
 20
148.8382227278306
 10
158.2675495904423
 20
148.8333508592614
 10
158.3580969525109
 20
148.8284137064167
 10
158.4497723550252
 20
148.8234116690259
 10
158.5425715746249
 20
148.8183451468181
 10
158.6348034728866
 20
148.8133067171649
 10
158.7281113352711
 20
148.8082068494374
 10
158.8224911606533
 20
148.8030459223309
 10
158.9179389479081
 20
148.7978243145407
 10
159.0164313736713
 20
148.7924339854567
 10
159.1160273791582
 20
148.7869812703207
 10
159.2167227132433
 20
148.7814665714898
 10
159.3185131248014
 20
148.7758902913213
 10
159.421394362707
 20
148.7702528321723
 10
159.5253621758349
 20
148.7645545964
 10
159.6304123130597
 20
148.7587959863617
 10
159.7363078003654
 20
148.7529901644918
 10
159.8432724380958
 20
148.7471250318524
 10
159.9513020028903
 20
148.741200988173
 10
160.0603922713887
 20
148.7352184331827
 10
160.1705390202303
 20
148.729177766611
 10
160.2797431266107
 20
148.7231887915687
 10
160.3899582437835
 20
148.7171445261042
 10
160.5011803706234
 20
148.7110453489128
 10
160.6134055060051
 20
148.70489163869
 10
160.7289507195312
 20
148.6985565218004
 10
160.8455318812414
 20
148.6921654199959
 10
160.9631447400103
 20
148.6857187356337
 10
161.0817850447126
 20
148.679216871071
 10
161.2014485442231
 20
148.6726602286651
 10
161.3221309874161
 20
148.6660492107729
 10
161.4438281231668
 20
148.6593842197518
 10
161.5665357003494
 20
148.652665657959
 10
161.6902494678387
 20
148.6458939277516
 10
161.8149651745094
 20
148.6390694314869
 10
161.9406785692362
 20
148.632192571522
 10
162.0673854008936
 20
148.6252637502141
 10
162.1950814183565
 20
148.6182833699204
 10
162.3237623704994
 20
148.6112518329982
 10
162.4664439436939
 20
148.603458536691
 10
162.6103064857417
 20
148.5956043632528
 10
162.755344338395
 20
148.5876898482211
 10
162.901551843406
 20
148.5797155271332
 10
163.0489233425268
 20
148.5716819355267
 10
163.183607209417
 20
148.5643437861531
 10
163.3192399825496
 20
148.5569577067875
 10
163.4558174385644
 20
148.5495240971593
 10
163.5933353541007
 20
148.5420433569977
 10
163.7317895057981
 20
148.5345158860321
 10
163.8686784831703
 20
148.5270777344242
 10
164.0064624832446
 20
148.5195952703443
 10
164.1451375048956
 20
148.5120688724877
 10
164.2846995469985
 20
148.5044989195498
 10
164.4519958330391
 20
148.4954308064231
 10
164.620536813074
 20
148.4863021412016
 10
164.7903157364734
 20
148.4771135628136
 10
164.961325852608
 20
148.4678657101874
 10
165.1335604108478
 20
148.4585592222514
 10
165.3070126605636
 20
148.4491947379339
 10
165.4816758511257
 20
148.4397728961632
 10
165.6575432319043
 20
148.4302943358675
 10
165.8346080522701
 20
148.4207596959754
 10
166.0128635615933
 20
148.411169615415
 10
166.1923030092445
 20
148.4015247331146
 10
166.3729196445939
 20
148.3918256880027
 10
166.5442874719329
 20
148.3826318393854
 10
166.7166901356917
 20
148.3733909446656
 10
166.8901219776225
 20
148.3641035393807
 10
167.0645773394774
 20
148.3547701590682
 10
167.2400505630085
 20
148.3453913392655
 10
167.4272644833316
 20
148.3353950493652
 10
167.6156102656972
 20
148.3253488866005
 10
167.8050811594757
 20
148.3152534898998
 10
167.9956704140374
 20
148.3051094981915
 10
168.1873712787529
 20
148.2949175504038
 10
168.3801770029926
 20
148.284678285465
 10
168.5629711531534
 20
148.2749813567916
 10
168.7467358414632
 20
148.2652434676681
 10
168.9314654096743
 20
148.2554651536321
 10
169.1171541995387
 20
148.245646950221
 10
169.3037965528086
 20
148.2357893929722
 10
169.4913868112363
 20
148.2258930174231
 10
169.6799193165738
 20
148.2159583591112
 10
169.8693884105734
 20
148.2059859535738
 10
170.0597884349873
 20
148.1959763363485
 10
170.2511137315675
 20
148.1859300429725
 10
170.4399176658028
 20
148.1760279662664
 10
170.6296033033387
 20
148.1660915355162
 10
170.820165283667
 20
148.1561212580788
 10
171.0115982462798
 20
148.1461176413116
 10
171.2382282072717
 20
148.1342906814654
 10
171.4660507392462
 20
148.122418985953
 10
171.6950570780499
 20
148.1105033842773
 10
171.9252384595297
 20
148.098544705941
 10
172.1565861195322
 20
148.0865437804468
 10
172.3890912939044
 20
148.0745014372975
 10
172.6227452184928
 20
148.0624185059957
 10
172.8379296426521
 20
148.0513075385249
 10
173.0540652211376
 20
148.0401638016726
 10
173.2711452033198
 20
148.0289879343671
 10
173.4891628385691
 20
148.0177805755367
 10
173.7081113762558
 20
148.0065423641099
 10
173.9279840657505
 20
147.9952739390147
 10
174.1487741564234
 20
147.9839759391798
 10
174.370474897645
 20
147.9726490035332
 10
174.5930795387858
 20
147.9612937710034
 10
174.8165813292161
 20
147.9499108805186
 10
175.0409735183064
 20
147.9385009710072
 10
175.266249355427
 20
147.9270646813975
 10
175.5328782665218
 20
147.9135531994992
 10
175.8007141636847
 20
147.9000070082993
 10
176.0697459956504
 20
147.8864271537693
 10
176.3399627111539
 20
147.8728146818808
 10
176.6162984289348
 20
147.8589222793734
 10
176.8938393867535
 20
147.8449982510599
 10
177.1725739195226
 20
147.8310437010084
 10
177.4524903621536
 20
147.817059733287
 10
177.7335770495589
 20
147.8030474519639
 10
178.0107721304425
 20
147.7892588985084
 10
178.2890737313463
 20
147.7754451445832
 10
178.5684708010049
 20
147.7616072361602
 10
178.8489522881529
 20
147.7477462192107
 10
179.1362642576867
 20
147.7335795891653
 10
179.4246821095851
 20
147.71939109819
 10
179.7141941020723
 20
147.7051818576113
 10
180.0047884933729
 20
147.6909529787556
 10
180.2964535417112
 20
147.6767055729493
 10
180.5891775053114
 20
147.6624407515188
 10
180.8829486423982
 20
147.6481596257905
 10
181.177110878278
 20
147.6338945147913
 10
181.4722923674621
 20
147.6196153811131
 10
181.7684814448628
 20
147.6053233288241
 10
182.0656664453919
 20
147.5910194619925
 10
182.3638357039617
 20
147.5767048846862
 10
182.6576272754965
 20
147.5626365678114
 10
182.9523459633943
 20
147.5485600305244
 10
183.2479807163895
 20
147.5344763187967
 10
183.544520483217
 20
147.5203864785998
 10
183.898708697733
 20
147.5036063190687
 10
184.2541452204956
 20
147.4868207211965
 10
184.610811406
 20
147.4700314497285
 10
184.9686886087412
 20
147.4532402694098
 10
185.3277581832146
 20
147.4364489449856
 10
185.6880014839153
 20
147.4196592412011
 10
186.0493998653384
 20
147.4028729228015
 10
186.4119346819793
 20
147.386091754532
 10
186.775587288333
 20
147.3693175011377
 10
187.1403390388946
 20
147.3525519273638
 10
187.5061712881595
 20
147.3357967979555
 10
187.8730653906229
 20
147.3190538776581
 10
188.2199499341807
 20
147.3032804637868
 10
188.5677462397848
 20
147.2875209515637
 10
188.9164386791318
 20
147.2717768201644
 10
189.2660116239184
 20
147.2560495487642
 10
189.6164494458218
 20
147.2403406161048
  0
ARC
  5
7E
330
1F
100
AcDbEntity
  8
Geometries
  6
Continuous
370
    13
100
AcDbCircle
 10
189.7164494458218
 20
161.0962230400926
 30
0.0
 40
8.2
100
AcDbArc
 50
270.0
 51
269.301253661109
  0
LINE
  5
7F
330
1F
100
AcDbEntity
  8
Geometries
  6
Continuous
370
    13
100
AcDbLine
 10
295.0834675410554
 20
184.7947463511539
 30
0.0
 11
295.0834675410554
 21
146.2196408732514
 31
0.0
  0
LWPOLYLINE
  5
80
330
1F
100
AcDbEntity
  8
Geometries
  6
Continuous
370
    13
100
AcDbPolyline
 90
      312
 70
   128
 43
0.0
 10
189.7164494555511
 20
147.235868519106
 10
190.0859406487485
 20
147.2193853885775
 10
190.4563469338072
 20
147.2029263341623
 10
190.82765016509
 20
147.1864930732945
 10
191.1998321969602
 20
147.1700873234081
 10
191.5728748837805
 20
147.1537108019372
 10
191.9467600799139
 20
147.1373652263159
 10
192.388467421941
 20
147.1181428623028
 10
192.8312901246394
 20
147.0989686801535
 10
193.2751984822985
 20
147.0798454914309
 10
193.7201627892078
 20
147.060776107698
 10
194.1752656649016
 20
147.0413759340868
 10
194.6314055372534
 20
147.0220376987245
 10
195.0885508444659
 20
147.0027643888475
 10
195.546670024743
 20
146.983558991692
 10
196.0057315162878
 20
146.9644244944942
 10
196.4657037573035
 20
146.9453638844906
 10
196.9265551859936
 20
146.9263801489174
 10
197.465284274916
 20
146.9043336034403
 10
198.0051169578744
 20
146.8824005021857
 10
198.5460031159046
 20
146.8605855887742
 10
199.0878926300423
 20
146.8388936068263
 10
199.6307353813236
 20
146.8173292999626
 10
200.1744812507841
 20
146.7958974118037
 10
200.8164158482695
 20
146.7708148523846
 10
201.4594532394343
 20
146.7459305812818
 10
202.103511375936
 20
146.7212523641427
 10
202.748508209432
 20
146.6967879666148
 10
203.4061119005677
 20
146.6721064753337
 10
204.0645170688348
 20
146.6476628971848
 10
204.7236371086631
 20
146.6234654291445
 10
205.3833854144827
 20
146.599522268189
 10
206.0436753807234
 20
146.5758416112948
 10
206.9090154291347
 20
146.5452418570715
 10
207.7749413445839
 20
146.5151247226892
 10
208.6412586421108
 20
146.4855086156085
 10
209.5696691035878
 20
146.4543539722321
 10
210.4980663869235
 20
146.423818259133
 10
211.4262112841221
 20
146.3939241166829
 10
212.353864587188
 20
146.3646941852535
 10
213.2807870881252
 20
146.3361511052161
 10
213.9408519657098
 20
146.3162393913236
 10
214.6003374918209
 20
146.2966962821509
 10
215.2591570608885
 20
146.2775299746744
 10
215.9172240673427
 20
146.2587486658704
 10
216.5744519056132
 20
146.2403605527155
 10
217.0902000882302
 20
146.2261939279915
 10
217.6053347385029
 20
146.2122790777876
 10
218.1198138476801
 20
146.1986199781152
 10
218.6335954070102
 20
146.1852206049858
 10
219.1466374077419
 20
146.1720849344109
 10
219.6588978411239
 20
146.159216942402
 10
220.1703346984047
 20
146.1466206049706
 10
220.6809059708329
 20
146.1342998981283
 10
221.1905696496572
 20
146.1222587978865
 10
221.6992837261263
 20
146.1105012802567
 10
222.1979486578563
 20
146.0992335972707
 10
222.6956172787293
 20
146.0882470614451
 10
223.1922497905148
 20
146.0775454395719
 10
223.6878063949826
 20
146.0671324984429
 10
224.1074052990599
 20
146.0585264655006
 10
224.5261766664845
 20
146.050133274233
 10
224.9440961866363
 20
146.0419552255727
 10
225.3611395488954
 20
146.0339946204524
 10
225.7772824426418
 20
146.0262537598045
 10
226.1925005572552
 20
146.0187349445617
 10
226.5831230578501
 20
146.0118512186933
 10
226.9728814603299
 20
146.005168860738
 10
227.3617553880009
 20
145.9986897992932
 10
227.7497244641691
 20
145.9924159629563
 10
228.1367683121406
 20
145.9863492803248
 10
228.5228665552215
 20
145.980491679996
 10
228.9079988167179
 20
145.9748450905674
 10
229.2921447199358
 20
145.9694114406363
 10
229.6752838881815
 20
145.9641926588003
 10
230.0573959447607
 20
145.9591906736567
 10
230.3369468670297
 20
145.9556614543372
 10
230.6159264373717
 20
145.9522506211998
 10
230.8943266198226
 20
145.9489589348261
 10
231.260914084752
 20
145.9447976351642
 10
231.4218835535994
 20
145.9430333019818
 10
231.492645805179
 20
145.9422699550507
 10
231.5237686919641
 20
145.9419365963696
 10
231.5278437412908
 20
145.9418930561122
 10
231.5319186592762
 20
145.9418495422292
 10
231.5359934458945
 20
145.9418060547229
 10
231.5400681011203
 20
145.9417625935959
 10
231.5441426249275
 20
145.9417191588506
 10
231.548217017291
 20
145.9416757504893
 10
231.6638091772921
 20
145.9404586885122
 10
231.78031002184
 20
145.9392601034757
 10
231.8977175827558
 20
145.9380799600707
 10
232.0160298918605
 20
145.9369182229879
 10
232.1352449809745
 20
145.9357748569182
 10
232.2532080671814
 20
145.9346697557966
 10
232.3720382160037
 20
145.9335823079278
 10
232.491733562829
 20
145.9325124798608
 10
232.6122922430445
 20
145.9314602381443
 10
232.7569375573012
 20
145.9302304530981
 10
232.9028006280782
 20
145.9290254881716
 10
233.0498783094334
 20
145.9278452869264
 10
233.1981674554245
 20
145.9266897929241
 10
233.3476649201091
 20
145.9255589497265
 10
233.4983675575449
 20
145.9244527008953
 10
233.6502722217898
 20
145.9233709899921
 10
233.8033757669012
 20
145.9223137605787
 10
233.957675046937
 20
145.9212809562167
 10
234.113166915955
 20
145.9202725204678
 10
234.2698482280127
 20
145.9192883968937
 10
234.4277158371679
 20
145.9183285290561
 10
234.5776461648444
 20
145.9174456763756
 10
234.7286256528834
 20
145.9165842890717
 10
234.8806516644171
 20
145.9157443198391
 10
235.0337215625769
 20
145.9149257213722
 10
235.1878327104945
 20
145.9141284463655
 10
235.3524188094771
 20
145.9133061000424
 10
235.5181700828016
 20
145.9125076305128
 10
235.6850833845262
 20
145.9117329813385
 10
235.8531555687082
 20
145.9109820960812
 10
236.0223834894053
 20
145.9102549183024
 10
236.1927640006754
 20
145.909551391564
 10
236.3544613350637
 20
145.9089096780675
 10
236.5171778654023
 20
145.9082888923851
 10
236.6809109548229
 20
145.9076889872114
 10
236.8456579664572
 20
145.9071099152408
 10
237.011416263437
 20
145.9065516291679
 10
237.1781832088937
 20
145.9060140816871
 10
237.3459561659593
 20
145.905497225493
 10
237.5147324977652
 20
145.9050010132799
 10
237.6845095674435
 20
145.9045253977425
 10
237.8552847381256
 20
145.9040703315752
 10
238.0239793260995
 20
145.9036433480346
 10
238.1936316452343
 20
145.9032360960633
 10
238.3642391974157
 20
145.9028485308451
 10
238.5357994845281
 20
145.9024806075639
 10
238.7221327557429
 20
145.9021052976964
 10
238.9095710110773
 20
145.9017527848078
 10
239.0981111045891
 20
145.9014230124599
 10
239.2877498903359
 20
145.9011159242143
 10
239.4784842223755
 20
145.9008314636328
 10
239.6703109547654
 20
145.9005695742769
 10
239.8521738825937
 20
145.9003432727191
 10
240.0350024984929
 20
145.9001369390422
 10
240.2187941655946
 20
145.8999505259409
 10
240.4035462470307
 20
145.8997839861096
 10
240.5892561059328
 20
145.8996372722428
 10
240.7759211054324
 20
145.8995103370349
 10
240.9635386086615
 20
145.8994031331806
 10
241.1521059787517
 20
145.8993156133742
 10
241.3416205788347
 20
145.8992477303103
 10
241.5320797720422
 20
145.8991994366833
 10
241.7200547989753
 20
145.8991710275139
 10
241.9089359431234
 20
145.899161423958
 10
242.0987207063715
 20
145.8991705811994
 10
242.2894065906048
 20
145.8991984544216
 10
242.4844827546587
 20
145.8992460176151
 10
242.6804878789751
 20
145.8993128897914
 10
242.8774193266856
 20
145.8993990236452
 10
243.075274460922
 20
145.8995043718708
 10
243.274050644816
 20
145.8996288871628
 10
243.4701712281526
 20
145.8997697899144
 10
243.6671752185679
 20
145.8999290908589
 10
243.8650601179471
 20
145.9001067451799
 10
244.0638234281749
 20
145.9003027080614
 10
244.3015882728245
 20
145.9005598067675
 10
244.5405902756195
 20
145.9008427138515
 10
244.7808252217831
 20
145.9011513537001
 10
245.0222888965386
 20
145.9014856507
 10
245.2649770851095
 20
145.9018455292379
 10
245.508885572719
 20
145.9022309137007
 10
245.7311887722109
 20
145.9026024974395
 10
245.9544894732824
 20
145.9029949499168
 10
246.1787845299911
 20
145.9034082146944
 10
246.4040707963947
 20
145.903842235334
 10
246.630345126551
 20
145.9042969553972
 10
246.8576043745175
 20
145.9047723184458
 10
247.0727766575139
 20
145.9052393744728
 10
247.2888190787966
 20
145.9057246842145
 10
247.5057290014972
 20
145.9062282003653
 10
247.7235037887474
 20
145.9067498756198
 10
247.9421408036791
 20
145.9072896626725
 10
248.1871702509658
 20
145.9079134327557
 10
248.4332667520727
 20
145.9085596384859
 10
248.6804266412364
 20
145.909228214099
 10
248.928646252694
 20
145.9099190938313
 10
249.177921920682
 20
145.9106322119188
 10
249.4282499794372
 20
145.9113675025975
 10
249.6796267631965
 20
145.9121249001036
 10
249.9320486061968
 20
145.9129043386732
 10
250.1855118426745
 20
145.9137057525423
 10
250.4400128068667
 20
145.914529075947
 10
250.6955478330099
 20
145.9153742431234
 10
250.9521132553412
 20
145.9162411883076
 10
251.2097054080972
 20
145.9171298457357
 10
251.4683206255146
 20
145.9180401496437
 10
251.7279552418303
 20
145.9189720342678
 10
251.9886055912812
 20
145.919925433844
 10
252.2627533050926
 20
145.9209472378723
 10
252.5380075538052
 20
145.921992506893
 10
252.8143641226423
 20
145.923061165293
 10
253.0918187968275
 20
145.9241531374588
 10
253.3703673615838
 20
145.9252683477774
 10
253.6500056021348
 20
145.9264067206355
 10
253.9179456467979
 20
145.9275148870093
 10
254.1868710511294
 20
145.9286440234341
 10
254.4567781493662
 20
145.9297940641462
 10
254.7276632757447
 20
145.9309649433816
 10
254.9995227645019
 20
145.9321565953763
 10
255.2723529498746
 20
145.9333689543665
 10
255.5461501660996
 20
145.9346019545883
 10
255.8209107474137
 20
145.9358555302776
 10
256.1097844408964
 20
145.937190796864
 10
256.3997071950529
 20
145.9385484973533
 10
256.6906747951067
 20
145.9399285561322
 10
256.9826830262808
 20
145.9413308975874
 10
257.2757276737989
 20
145.9427554461058
 10
257.5698045228843
 20
145.9442021260742
 10
257.86490935876
 20
145.9456708618793
 10
258.1610379666495
 20
145.9471615779077
 10
258.4581861317762
 20
145.9486741985464
 10
258.7563496393633
 20
145.9502086481821
 10
259.0555242746343
 20
145.9517648512015
 10
259.3557058228124
 20
145.9533427319915
 10
259.6396526028317
 20
145.9548502352967
 10
259.9244872282812
 20
145.9563768791012
 10
260.210206166416
 20
145.9579226000276
 10
260.4968058844913
 20
145.9594873346983
 10
260.7842828497626
 20
145.9610710197358
 10
261.1172615140985
 20
145.9629228701263
 10
261.4513992910028
 20
145.9647997969138
 10
261.7866907442875
 20
145.9667017025728
 10
262.1231304377642
 20
145.968628489578
 10
262.4607129352444
 20
145.970580060404
 10
262.7933742892845
 20
145.9725208113072
 10
263.1271276034086
 20
145.9744852823308
 10
263.4619677274832
 20
145.976473381081
 10
263.797889511375
 20
145.9784850151644
 10
264.1417764940035
 20
145.9805618678193
 10
264.4867789019189
 20
145.9826630318657
 10
264.8328912631949
 20
145.9847884091371
 10
265.180108105905
 20
145.9869379014669
 10
265.5284239581229
 20
145.9891114106888
 10
265.877833347922
 20
145.9913088386359
 10
266.2283308033758
 20
145.9935300871419
 10
266.579910852558
 20
145.9957750580403
 10
266.932568023542
 20
145.9980436531643
 10
267.2862968444016
 20
146.0003357743476
 10
267.6410918432103
 20
146.0026513234235
 10
267.9969475480415
 20
146.0049902022256
 10
268.3538584869689
 20
146.0073523125872
 10
268.7118191880659
 20
146.0097375563419
 10
269.1067819038344
 20
146.0123879263792
 10
269.5030009276632
 20
146.0150660383809
 10
269.9004689764181
 20
146.0177717616873
 10
270.2991787669651
 20
146.0205049656387
 10
270.6991230161702
 20
146.0232655195755
 10
271.0637737931633
 20
146.0257987375754
 10
271.4294332928778
 20
146.0283543527192
 10
271.7960960433871
 20
146.0309322668405
 10
272.163756572765
 20
146.0335323817726
 10
272.532409409085
 20
146.036154599349
 10
272.9020490804206
 20
146.0387988214032
 10
273.2726701148454
 20
146.0414649497687
 10
273.6814801963363
 20
146.0444228755984
 10
274.0914638230001
 20
146.0474070586235
 10
274.5026137117027
 20
146.0504173681843
 10
274.9149225793099
 20
146.0534536736212
 10
275.3283831426877
 20
146.0565158442746
 10
275.7429881187018
 20
146.0596037494847
 10
276.1587302242183
 20
146.0627172585918
 10
276.575602176103
 20
146.0658562409363
 10
276.9935966912219
 20
146.0690205658586
 10
277.4127064864408
 20
146.0722101026988
 10
277.8254107155049
 20
146.0753670977191
 10
278.239176823638
 20
146.078548162452
 10
278.6539979109482
 20
146.0817531731133
 10
279.0698670775436
 20
146.0849820059188
 10
279.5201290167406
 20
146.0884953997245
 10
279.97159645056
 20
146.0920362737719
 10
280.424260689785
 20
146.0956044721763
 10
280.8781130451993
 20
146.0991998390527
 10
281.3331448275864
 20
146.1028222185164
 10
281.7893473477294
 20
146.1064714546825
 10
282.2205456456297
 20
146.1099366215566
 10
282.6527696978323
 20
146.1134253942528
 10
283.0860122212033
 20
146.1169376421117
 10
283.5202659326085
 20
146.1204732344734
 10
283.9555235489138
 20
146.1240320406784
 10
284.3917777869851
 20
146.127613930067
 10
284.8290213636883
 20
146.1312187719795
 10
285.2672469958894
 20
146.1348464357562
 10
285.7064474004542
 20
146.1384967907374
 10
286.1466152942486
 20
146.1421697062636
 10
286.5798577286635
 20
146.1457988674304
 10
287.0140194823953
 20
146.1494495407833
 10
287.4490936555519
 20
146.1531216025378
 10
287.8850733482415
 20
146.1568149289097
 10
288.3299031774509
 20
146.1605971267951
 10
288.7756573173093
 20
146.1644011106001
 10
289.2223284846825
 20
146.1682267496652
 10
289.6699093964365
 20
146.1720739133307
 10
290.1183927694372
 20
146.1759424709369
 10
290.5597388958282
 20
146.1797626450333
 10
291.0019416152451
 20
146.1836032060039
 10
291.4449940277959
 20
146.1874640300645
 10
291.8888892335887
 20
146.1913449934307
 10
292.418425219567
 20
146.195991275002
 10
292.9491342202743
 20
146.2006657143951
 10
293.4810045943312
 20
146.2053681027633
 10
294.0140247003587
 20
146.21009823126
 10
294.5481828969775
 20
146.2148558910382
 10
295.0834675428086
 20
146.2196408732514
  0
LINE
  5
81
330
1F
100
AcDbEntity
  8
Geometries
  6
Continuous
370
    13
100
AcDbLine
 10
189.6164494458218
 20
152.8968328188627
 30
0.0
 11
189.6164494458218
 21
147.2403406161048
 31
0.0
  0
LINE
  5
82
330
1F
100
AcDbEntity
  8
Geometries
  6
Continuous
370
    13
100
AcDbLine
 10
189.7164494555511
 20
147.235868519106
 30
0.0
 11
189.7164494458218
 21
152.8962230400926
 31
0.0
  0
LWPOLYLINE
  5
83
330
1F
100
AcDbEntity
  8
Geometries
  6
Continuous
370
    13
100
AcDbPolyline
 90
      525
 70
   128
 43
0.0
 10
295.0834675435248
 20
184.7947463511531
 10
294.3575670797816
 20
184.8555515098013
 10
293.6322678786805
 20
184.9156487979847
 10
292.9075837532985
 20
184.9750325804619
 10
292.1835285167126
 20
185.0336972219918
 10
291.4601159819996
 20
185.091637087333
 10
290.7373599622368
 20
185.1488465412443
 10
290.0152742705015
 20
185.2053199484844
 10
289.3539630482995
 20
185.2564358290079
 10
288.6932373342508
 20
185.3069241501314
 10
288.0331077679417
 20
185.3567805712844
 10
287.3735849889589
 20
185.4060007518962
 10
286.7146796368888
 20
185.4545803513959
 10
286.0564023513194
 20
185.502515029213
 10
285.398763771835
 20
185.5498004447768
 10
284.7417745380224
 20
185.5964322575167
 10
284.0854452894687
 20
185.642406126862
 10
283.4297866657602
 20
185.6877177122419
 10
282.7748093064838
 20
185.7323626730858
 10
282.1205238512266
 20
185.7763366688229
 10
281.5042694232422
 20
185.817179415656
 10
280.8886484600818
 20
185.8574181913409
 10
280.2736698796417
 20
185.8970493576947
 10
279.659342599819
 20
185.9360692765347
 10
279.0456755385095
 20
185.9744743096779
 10
278.3955479268533
 20
186.0145309510006
 10
277.7461836564395
 20
186.0538874833848
 10
277.0975933668544
 20
186.09253956626
 10
276.4497876976846
 20
186.1304828590554
 10
275.8027772885167
 20
186.1677130212004
 10
275.1565727789379
 20
186.2042257121242
 10
274.5480419389436
 20
186.2379909186148
 10
273.9402459035084
 20
186.2711108109704
 10
273.3331935905289
 20
186.3035817510084
 10
272.7268939179021
 20
186.3354001005458
 10
272.1213558035234
 20
186.3665622213999
 10
271.5165881652916
 20
186.3970644753879
 10
270.9125999211024
 20
186.4269032243268
 10
270.3093999888523
 20
186.456074830034
 10
269.7069972864384
 20
186.4845756543266
 10
269.105400731756
 20
186.5124020590217
 10
268.515340284492
 20
186.5390715810852
 10
267.9260745019092
 20
186.5650835987605
 10
267.3376118326403
 20
186.5904346653076
 10
266.7499607253181
 20
186.6151213339869
 10
266.206749807924
 20
186.6373766999136
 10
265.6642481528462
 20
186.659057141807
 10
265.122462460232
 20
186.6801599262465
 10
264.5813994302294
 20
186.7006823198115
 10
264.0410657629861
 20
186.7206215890814
 10
263.5014681586499
 20
186.7399750006357
 10
262.9626133173687
 20
186.7587398210536
 10
262.3707388799143
 20
186.7786980384134
 10
261.7797802108319
 20
186.7979371148765
 10
261.1897462280183
 20
186.8164534122601
 10
260.6006458493699
 20
186.8342432923814
 10
260.0124879927827
 20
186.8513031170576
 10
259.4643988914439
 20
186.8665637383365
 10
258.9171458506053
 20
186.8811822729666
 10
258.3707361208472
 20
186.8951557629705
 10
258.010571186739
 20
186.9040234741898
 10
257.650778841803
 20
186.9126080650684
 10
257.491949100376
 20
186.9163204924261
 10
257.3679249405433
 20
186.9191966315324
 10
256.9872279263141
 20
186.927899775932
 10
256.6074712053694
 20
186.9363918387123
 10
256.2286513771716
 20
186.9446726228684
 10
255.7993072250115
 20
186.9538258957878
 10
255.3711635221823
 20
186.9627057964215
 10
254.9442152786955
 20
186.9713120356827
 10
254.5184575045622
 20
186.9796443244842
 10
254.0938852097935
 20
186.9877023737389
 10
253.6704934044005
 20
186.9954858943598
 10
253.2723721649938
 20
187.002572936819
 10
252.8752917380398
 20
187.0094154296256
 10
252.4792479410257
 20
187.0160131304723
 10
252.0842365914393
 20
187.0223657970521
 10
251.6902535067674
 20
187.0284731870576
 10
251.2924295206096
 20
187.0344061843089
 10
250.895650824709
 20
187.0400872862721
 10
250.4999130790686
 20
187.0455162415163
 10
250.1052119436918
 20
187.0506927986108
 10
249.7115430785814
 20
187.0556167061246
 10
249.3189021437409
 20
187.0602877126271
 10
248.9272847991733
 20
187.0647055666873
 10
248.5366867048823
 20
187.0688700168745
 10
248.1285771820138
 20
187.0729607088019
 10
247.7215765389415
 20
187.0767727235084
 10
247.3156797856764
 20
187.0803057719068
 10
246.9108819322298
 20
187.08355956491
 10
246.507177988613
 20
187.086533813431
 10
246.1045629648366
 20
187.0892282283827
 10
245.7030318709126
 20
187.091642520678
 10
245.3025797168517
 20
187.0937764012299
 10
244.9032015126652
 20
187.0956295809512
 10
244.5048922683643
 20
187.097201770755
 10
244.1076469939601
 20
187.0984926815541
 10
243.7114606994637
 20
187.0995020242615
 10
243.3388790775775
 20
187.1001955371191
 10
242.9672302487066
 20
187.1006382423898
 10
242.5965100303388
 20
187.1008298977663
 10
242.2267142399612
 20
187.1007702609413
 10
241.857838695061
 20
187.1004590896077
 10
241.4676079880085
 20
187.0998539260389
 10
241.0784027566533
 20
187.0989652533653
 10
240.6902180110065
 20
187.0977927824996
 10
240.3030487610794
 20
187.0963362243549
 10
239.9168900168832
 20
187.0945952898441
 10
239.5317367884287
 20
187.09256968988
 10
239.1695088028563
 20
187.0903988484314
 10
238.8081660817471
 20
187.0879744459048
 10
238.4477044425884
 20
187.0852962399928
 10
238.0881197028676
 20
187.0823639883882
 10
237.7294076800719
 20
187.0791774487838
 10
237.3715641916892
 20
187.0757363788725
 10
237.0145850552065
 20
187.0720405363469
 10
236.6584660881113
 20
187.0680896788998
 10
236.3032031078911
 20
187.0638835642241
 10
235.9487919320329
 20
187.0594219500126
 10
235.6015346042421
 20
187.0547910764969
 10
235.2550909339529
 20
187.0499132836681
 10
234.9094569587386
 20
187.0447883419694
 10
234.5646287161724
 20
187.0394160218438
 10
234.1594281279864
 20
187.0327694127599
 10
233.7553337815241
 20
187.0257787907843
 10
233.3523391984227
 20
187.0184437806033
 10
232.9504379003197
 20
187.0107640069033
 10
232.5496234088525
 20
187.0027390943706
 10
232.1498892456581
 20
186.9943686676916
 10
231.7512289323737
 20
186.9856523515526
 10
231.386728126204
 20
186.9773582202652
 10
231.0231192186378
 20
186.9687728412962
 10
230.660397219686
 20
186.9598959255586
 10
230.2985571393601
 20
186.9507271839653
 10
229.9375939876712
 20
186.9412663274293
 10
229.5775027746302
 20
186.9315130668634
 10
229.2182785102488
 20
186.9214671131806
 10
228.8599162045379
 20
186.9111281772939
 10
228.5024108675086
 20
186.9004959701161
 10
228.1457575091722
 20
186.8895702025602
 10
227.78995113954
 20
186.878350585539
 10
227.4349867686228
 20
186.8668368299657
 10
227.0177100742375
 20
186.8528890380165
 10
226.6015878416261
 20
186.8385318038068
 10
226.1866119018185
 20
186.8237646540805
 10
225.7727740858452
 20
186.8085871155812
 10
225.3525728536616
 20
186.7927114836211
 10
224.9335344164479
 20
186.7764094138296
 10
224.5156501515036
 20
186.7596804066644
 10
224.0989114361277
 20
186.742523962583
 10
223.6833096476199
 20
186.7249395820428
 10
223.2762276312096
 20
186.7072521828462
 10
222.8702258132099
 20
186.6891510390592
 10
222.4652960246513
 20
186.6706356774256
 10
222.0614300965637
 20
186.6517056246892
 10
221.6504101778261
 20
186.6319612810984
 10
221.2404808003394
 20
186.6117841519248
 10
220.8316332847162
 20
186.5911737343419
 10
220.4238589515691
 20
186.5701295255231
 10
220.0171491215108
 20
186.5486510226418
 10
219.611495115154
 20
186.5267377228718
 10
219.206888253111
 20
186.5043891233863
 10
218.804199244754
 20
186.4816549075296
 10
218.4025355520832
 20
186.4584862891979
 10
218.0018885523978
 20
186.4348827688486
 10
217.6022496229974
 20
186.4108438469392
 10
217.2036101411814
 20
186.3863690239274
 10
216.8130537144066
 20
186.3619064732996
 10
216.4234448728943
 20
186.3370224953495
 10
216.0347754476744
 20
186.3117166168209
 10
215.6470372697774
 20
186.2859883644574
 10
215.2523375386386
 20
186.2592991629541
 10
214.8585902675883
 20
186.2321691763554
 10
214.4657867772392
 20
186.2045979018346
 10
214.073918388204
 20
186.1765848365652
 10
213.6829764210952
 20
186.1481294777208
 10
213.2929521965254
 20
186.1192313224749
 10
212.9038370351069
 20
186.0898898680008
 10
212.5156222574534
 20
186.0601046114722
 10
212.1282991841769
 20
186.0298750500625
 10
211.7418591358902
 20
185.9992006809451
 10
211.3562934332059
 20
185.9680810012937
 10
210.9715933967365
 20
185.9365155082816
 10
210.5877503470948
 20
185.9045036990823
 10
210.204755604893
 20
185.8720450708694
 10
209.7844308247161
 20
185.835823903751
 10
209.3651104422189
 20
185.7990608079439
 10
208.9467829051367
 20
185.7617551141861
 10
208.5294366612048
 20
185.7239061532153
 10
208.113060158159
 20
185.6855132557697
 10
207.7133756525118
 20
185.648062061966
 10
207.3145677635884
 20
185.6101061824162
 10
206.9166262039891
 20
185.5716450211361
 10
206.519540686314
 20
185.5326779821415
 10
206.1233009231628
 20
185.4932044694482
 10
205.7278966271364
 20
185.4532238870722
 10
205.3558428390514
 20
185.4150629394921
 10
204.9845139962003
 20
185.3764501879521
 10
204.6139014758824
 20
185.3373851329098
 10
204.2439966553969
 20
185.2978672748227
 10
203.8747909120434
 20
185.2578961141484
 10
203.4635458552526
 20
185.2127495516662
 10
203.0531488519152
 20
185.1670370317856
 10
202.6435879147889
 20
185.1207578600448
 10
202.2348510566317
 20
185.0739113419819
 10
201.8269262902011
 20
185.0264967831351
 10
201.4198016282549
 20
184.9785134890425
 10
201.0134650835512
 20
184.9299607652424
 10
200.6079046688473
 20
184.880837917273
 10
200.1453420380879
 20
184.823998517511
 10
199.6837595778459
 20
184.7664125220894
 10
199.2231393946285
 20
184.7080788943771
 10
198.7634635949429
 20
184.6489965977432
 10
198.3047142852965
 20
184.5891645955564
 10
197.8468735721964
 20
184.5285818511859
 10
197.38992356215
 20
184.4672473280005
 10
196.9718198951989
 20
184.4103627129186
 10
196.5544358481802
 20
184.3528447252769
 10
196.1377576385483
 20
184.2946925666054
 10
195.7217714837577
 20
184.2359054384343
 10
195.3064636012627
 20
184.1764825422936
 10
194.8918202085177
 20
184.1164230797136
 10
194.4402236144327
 20
184.0501767263492
 10
193.9893835222054
 20
183.9831708194368
 10
193.5392820383431
 20
183.9154043223455
 10
193.0899012693528
 20
183.8468761984442
 10
192.6412233217421
 20
183.7775854111019
 10
192.1932303020179
 20
183.7075309236873
 10
191.745904316688
 20
183.6367116995697
 10
191.254594801666
 20
183.5579260449288
 10
190.7640469308954
 20
183.4782124247976
 10
190.2742368881374
 20
183.39756945942
 10
189.7851408571531
 20
183.3159957690401
 10
189.2967350217033
 20
183.233489973902
 10
188.8089955655496
 20
183.1500506942496
 10
188.321898672453
 20
183.0656765503272
 10
187.8354205261743
 20
182.9803661623786
 10
187.349537310475
 20
182.8941181506481
 10
186.8642252091159
 20
182.8069311353795
 10
186.3881122588614
 20
182.7203856947028
 10
185.9125046718518
 20
182.6329318488301
 10
185.4373798850706
 20
182.5445682906091
 10
184.9627153355011
 20
182.4552937128871
 10
184.4506207712847
 20
182.3578624008121
 10
183.9390081918772
 20
182.2593655219347
 10
183.4278491830747
 20
182.1598014301228
 10
182.9171153306733
 20
182.059168479245
 10
182.4067782204692
 20
181.9574650231693
 10
181.8968094382584
 20
181.8546894157641
 10
181.4162935583163
 20
181.7568032181115
 10
180.9360560385575
 20
181.6579610566743
 10
180.456073062743
 20
181.5581615516962
 10
179.9763208146339
 20
181.4574033234215
 10
179.4967754779911
 20
181.3556849920942
 10
179.0174132365762
 20
181.2530051779584
 10
178.5382102741499
 20
181.1493625012581
 10
178.0591427744737
 20
181.0447555822373
 10
177.5801869213084
 20
180.93918304114
 10
177.1013188984151
 20
180.8326434982105
 10
176.631064537783
 20
180.7270638579198
 10
176.1608493623646
 20
180.6205488051499
 10
175.6906508091432
 20
180.5130970327482
 10
175.2204463151021
 20
180.4047072335623
 10
174.7416632220192
 20
180.2933815952185
 10
174.262826762935
 20
180.1810807750607
 10
173.7839131216107
 20
180.0678033933329
 10
173.3048984818074
 20
179.9535480702791
 10
172.8257590272859
 20
179.8383134261435
 10
172.3550310989733
 20
179.7241819630773
 10
171.8841372375404
 20
179.6091032043273
 10
171.4130548799708
 20
179.4930758427409
 10
170.9417614632477
 20
179.3760985711656
 10
170.4702344243543
 20
179.2581700824489
 10
169.9984512002737
 20
179.1392890694382
 10
169.5263892279894
 20
179.0194542249811
 10
169.0540259444847
 20
178.898664241925
 10
168.6380790927969
 20
178.7915779281612
 10
168.2218660568354
 20
178.6837500520195
 10
167.8553661872413
 20
178.5882473932306
 10
167.6940344695495
 20
178.5460439209736
 10
167.6230342681596
 20
178.5274390791639
 10
167.5917913917886
 20
178.5192461102471
 10
167.5876999360411
 20
178.5181729119649
 10
167.5836084509064
 20
178.5170996420073
 10
167.5795169363693
 20
178.5160263003736
 10
167.5754253924158
 20
178.5149528870628
 10
167.5713338190311
 20
178.5138794020742
 10
167.567242216201
 20
178.5128058454069
 10
167.3196000562324
 20
178.4475157975057
 10
167.0729592065471
 20
178.3818674524084
 10
166.8273190177351
 20
178.3158640358111
 10
166.5826788403864
 20
178.2495087734102
 10
166.3390380250908
 20
178.1828048909019
 10
166.0963959224381
 20
178.1157556139824
 10
165.8547518830187
 20
178.048364168348
 10
165.5900954276203
 20
177.973842223153
 10
165.3266449785827
 20
177.898914450307
 10
165.0643996715412
 20
177.8235851432119
 10
164.8033586421309
 20
177.7478585952693
 10
164.5435210259871
 20
177.6717390998811
 10
164.2848859587448
 20
177.5952309504488
 10
164.0274525760393
 20
177.5183384403741
 10
163.7712200135058
 20
177.4410658630589
 10
163.5161874067795
 20
177.3634175119047
 10
163.2623538914955
 20
177.2853976803135
 10
163.0142194453171
 20
177.2084136249127
 10
162.7672399955981
 20
177.1310794466924
 10
162.5214147234571
 20
177.0533992131331
 10
162.2767428100128
 20
176.9753769917158
 10
162.0288064744462
 20
176.8955890175402
 10
161.7820641058734
 20
176.8154550166661
 10
161.5365148399295
 20
176.7349792824952
 10
161.2921578122497
 20
176.6541661084293
 10
161.0489921584693
 20
176.5730197878701
 10
160.811327564214
 20
176.4930023869153
 10
160.5748105220408
 20
176.4126718402391
 10
160.3394402130681
 20
176.3320322153222
 10
160.1052158184145
 20
176.2510875796456
 10
159.8673917161734
 20
176.1681808226526
 10
159.6307590548362
 20
176.0849650352677
 10
159.3953169643557
 20
176.0014445391179
 10
159.1610645746846
 20
175.9176236558304
 10
158.9280010157757
 20
175.8335067070321
 10
158.6961254175816
 20
175.7490980143501
 10
158.4654369100553
 20
175.6644018994116
 10
158.2364340648068
 20
175.5796083980715
 10
158.0086114052252
 20
175.494537323504
 10
157.7819680669458
 20
175.409192969111
 10
157.5565031856036
 20
175.323579628294
 10
157.332215896834
 20
175.2377015944549
 10
157.1130791395472
 20
175.1531036059104
 10
156.8950766408112
 20
175.068258502177
 10
156.6782075817447
 20
174.9831703507356
 10
156.4624711434662
 20
174.8978432190671
 10
156.243498599588
 20
174.8105325930145
 10
156.0257036549528
 20
174.7229816897276
 10
155.8090854395134
 20
174.6351948308336
 10
155.5936430832225
 20
174.5471763379594
 10
155.3793757160328
 20
174.458930532732
 10
155.166282467897
 20
174.3704617367787
 10
154.9543624687681
 20
174.2817742717263
 10
154.7436148485986
 20
174.192872459202
 10
154.5340387373412
 20
174.1037606208328
 10
154.3256332649489
 20
174.0144430782457
 10
154.1183975613742
 20
173.9249241530678
 10
153.91233075657
 20
173.8352081669263
 10
153.707431980489
 20
173.745299441448
 10
153.5037003630839
 20
173.65520229826
 10
153.3179709538568
 20
173.5724514215866
 10
153.1332208808889
 20
173.4895491818193
 10
152.9494494740223
 20
173.4064989077113
 10
152.7666560630991
 20
173.3233039280158
 10
152.5848399779613
 20
173.2399675714861
 10
152.4040005484511
 20
173.1564931668755
 10
152.2082609905239
 20
173.0654758374811
 10
152.0136770087515
 20
172.9743031732008
 10
151.8202477387689
 20
172.8829794674361
 10
151.6279723162114
 20
172.7915090135889
 10
151.4368498767142
 20
172.6998961050608
 10
151.2502617849961
 20
172.6097846338936
 10
151.0647842133804
 20
172.5195439592028
 10
150.8804163429857
 20
172.4291781484693
 10
150.6971573549304
 20
172.3386912691741
 10
150.511300596303
 20
172.2462371402836
 10
150.326596719667
 20
172.1536655076547
 10
150.143044854975
 20
172.0609806929143
 10
149.96064413218
 20
171.9681870176896
 10
149.7793936812345
 20
171.8752888036075
 10
149.5992926320915
 20
171.7822903722952
 10
149.4203401147035
 20
171.6891960453797
 10
149.2425352590234
 20
171.596010144488
 10
149.0658771950038
 20
171.5027369912471
 10
148.8903650525976
 20
171.4093809072842
 10
148.7159979617574
 20
171.3159462142263
 10
148.5427750524361
 20
171.2224372337005
 10
148.3706954545863
 20
171.1288582873337
 10
148.1997582981608
 20
171.0352136967531
 10
148.0440687647461
 20
170.9493188464087
 10
147.8893377982333
 20
170.8633757968105
 10
147.7355647284646
 20
170.777387876712
 10
147.5827488852819
 20
170.6913584148661
 10
147.4308895985274
 20
170.6052907400263
 10
147.2799861980432
 20
170.5191881809457
 10
147.1164537034738
 20
170.4252222426344
 10
146.9540571249742
 20
170.3312230723121
 10
146.7927955924972
 20
170.2371949916059
 10
146.6326682359956
 20
170.1431423221428
 10
146.4736741854221
 20
170.0490693855499
 10
146.3158125707294
 20
169.9549805034542
 10
146.1590825218703
 20
169.8608799974829
 10
146.0164066164871
 20
169.7746146800635
 10
145.8746801394887
 20
169.68834655548
 10
145.733902420717
 20
169.6020789524858
 10
145.5940727900143
 20
169.515815199834
 10
145.4551905772225
 20
169.4295586262779
 10
145.3172551121839
 20
169.3433125605708
 10
145.1802657247403
 20
169.2570803314658
 10
145.0442217447338
 20
169.1708652677162
 10
144.9091225020066
 20
169.0846706980754
 10
144.7749673264007
 20
168.9984999512964
 10
144.6417555477582
 20
168.9123563561326
 10
144.5094864959212
 20
168.8262432413372
 10
144.385638534296
 20
168.7450817842806
 10
144.2626274800913
 20
168.6639531729401
 10
144.1404527715936
 20
168.5828601974125
 10
144.0191138470896
 20
168.5018056477949
 10
143.8986101448655
 20
168.420792314184
 10
143.7521936308879
 20
168.3216541260145
 10
143.6070275148065
 20
168.2225870396713
 10
143.4631107653824
 20
168.1235961774406
 10
143.3204423513762
 20
168.0246866616086
 10
143.1790212415489
 20
167.9258636144615
 10
143.0388464046613
 20
167.8271321582853
 10
142.9078221161893
 20
167.7341309916899
 10
142.7779039578112
 20
167.6412200946081
 10
142.6490910651621
 20
167.5484037604416
 10
142.5213825738773
 20
167.4556862825922
 10
142.3947776195919
 20
167.3630719544616
 10
142.2692753379411
 20
167.2705650694515
 10
142.1448748645601
 20
167.1781699209635
 10
142.0215753350839
 20
167.0858908023995
 10
141.8993758851479
 20
166.993732007161
 10
141.7782756503873
 20
166.9016978286499
 10
141.6604070306461
 20
166.8114325704691
 10
141.5435970662585
 20
166.7212957270715
 10
141.4278449383432
 20
166.6312913659379
 10
141.3131498280187
 20
166.5414235545491
 10
141.1974545256595
 20
166.4500662837645
 10
141.0828533140271
 20
166.3588590834458
 10
140.9693453287566
 20
166.2678062469949
 10
140.8569297054833
 20
166.1769120678134
 10
140.7456055798423
 20
166.0861808393032
 10
140.6373309837899
 20
165.9972325774126
 10
140.5301075987138
 20
165.9084497074035
 10
140.4239346057324
 20
165.8198362967566
 10
140.3188111859643
 20
165.7313964129528
 10
140.212623461996
 20
165.6413347299522
 10
140.1075268654104
 20
165.5514622856172
 10
140.0035205261602
 20
165.4617834015749
 10
139.9006035741982
 20
165.3723023994524
 10
139.7987751394772
 20
165.2830236008767
 10
139.6980343519498
 20
165.1939513274749
 10
139.5983803415689
 20
165.105089900874
 10
139.5000261145564
 20
165.0166368153691
 10
139.4027521969439
 20
164.9284022538014
 10
139.3065577243664
 20
164.8403905095725
 10
139.2114418324592
 20
164.7526058760843
 10
139.1174036568574
 20
164.6650526467383
 10
139.0260929187837
 20
164.5792922648372
 10
138.9358200981552
 20
164.4937633053501
 10
138.8465843760902
 20
164.4084698357579
 10
138.7583849337074
 20
164.3234159235414
 10
138.6694528711736
 20
164.236877379215
 10
138.5815980943616
 20
164.1505968267119
 10
138.4948197332241
 20
164.0645785876591
 10
138.4091169177139
 20
163.9788269836838
 10
138.3244887777837
 20
163.8933463364129
 10
138.2409344433863
 20
163.8081409674735
 10
138.1584530444745
 20
163.7232151984927
 10
138.0770437110008
 20
163.6385733510974
 10
137.9967055729182
 20
163.5542197469149
 10
137.9174377601793
 20
163.470158707572
 10
137.8392394027369
 20
163.3863945546959
 10
137.7621096305438
 20
163.3029316099137
 10
137.6860475735526
 20
163.2197741948522
 10
137.6110523617161
 20
163.1369266311387
 10
137.5432432016183
 20
163.0612589178431
 10
137.4763290865571
 20
162.98585852587
 10
137.4103093463745
 20
162.9107287839726
 10
137.3451833109126
 20
162.8358730209042
 10
137.2809503100134
 20
162.761294565418
 10
137.2176096735191
 20
162.6869967462673
 10
137.1496751356646
 20
162.6064443192158
 10
137.0827962976979
 20
162.5262326544427
 10
137.0169722952539
 20
162.4463660453498
 10
136.9522022639682
 20
162.3668487853389
 10
136.8884853394758
 20
162.2876851678116
 10
136.826930447346
 20
162.2102835668219
 10
136.766389734213
 20
162.1332312999117
 10
136.7068623811952
 20
162.0565324345616
 10
136.648347569411
 20
161.9801910382526
 10
136.5896814761844
 20
161.9026643620416
 10
136.5320679514281
 20
161.8255184511497
 10
136.4755061250946
 20
161.748757627204
 10
136.4199951271368
 20
161.6723862118314
 10
136.3655340875073
 20
161.5964085266591
 10
136.3121221361591
 20
161.520828893314
 10
136.2597584030447
 20
161.4456516334233
 10
136.2084420181169
 20
161.370881068614
 10
136.1581721113285
 20
161.2965215205131
 10
136.1089478126323
 20
161.2225773107477
 10
136.0607682519808
 20
161.1490527609449
 10
136.013632559327
 20
161.0759521927316
 10
135.9675398646236
 20
161.003279927735
 10
135.9224892978232
 20
160.9310402875821
 10
135.8821076822563
 20
160.8652043573227
 10
135.8426003423686
 20
160.799738912226
 10
135.8039666080023
 20
160.7346472810453
 10
135.7662058089994
 20
160.6699327925337
 10
135.7293172752019
 20
160.6055987754445
 10
135.693300336452
 20
160.5416485585311
 10
135.6550023936198
 20
160.4723263195216
 10
135.6177400533363
 20
160.4034691175587
 10
135.581512445554
 20
160.3350812742694
 10
135.5463187002261
 20
160.2671671112809
 10
135.512157947305
 20
160.19973095022
 10
135.4790293167434
 20
160.1327771127139
 10
135.4469319384943
 20
160.0663099203897
 10
135.418414525195
 20
160.0058128560065
 10
135.3907622490577
 20
159.9457316688756
 10
135.3639744399247
 20
159.8860696877503
 10
135.3380504276378
 20
159.826830241384
 10
135.3129895420391
 20
159.7680166585297
 10
135.2887911129709
 20
159.7096322679409
 10
135.2654544702751
 20
159.6516803983706
 10
135.2429789437937
 20
159.5941643785721
 10
135.2213638633689
 20
159.5370875372988
 10
135.2006085588428
 20
159.4804532033038
 10
135.1807123600574
 20
159.4242647053403
 10
135.1616745968548
 20
159.3685253721617
 10
135.1445103606342
 20
159.3163855328052
 10
135.1281080986575
 20
159.2646507410663
 10
135.1124672492111
 20
159.213323787042
 10
135.0975872505816
 20
159.1624074608293
 10
135.0834675410554
 20
159.111904552525
  0
VIEWPORT
  5
79
330
75
100
AcDbEntity
 67
     1
  8
0
100
AcDbViewport
 10
210.0
 20
148.5
 30
0.0
 40
420.0
 41
297.0
 68
     1
 69
     1
 12
210.0
 22
148.5
 13
0.0
 23
0.0
 14
10.0
 24
10.0
 15
10.0
 25
10.0
 16
0.0
 26
0.0
 36
1.0
 17
0.0
 27
0.0
 37
0.0
 42
50.0
 43
0.0
 44
0.0
 45
297.0
 50
0.0
 51
0.0
 72
   100
 90
   557152
  1

281
     0
 71
     1
 74
     0
110
0.0
120
0.0
130
0.0
111
1.0
121
0.0
131
0.0
112
0.0
122
1.0
132
0.0
 79
     0
146
0.0
170
     0
 61
     5
348
2F
292
     1
282
     1
141
0.0
142
0.0
 63
   256
361
7A
  0
VIEWPORT
  5
7B
330
75
100
AcDbEntity
 67
     1
  8
0
100
AcDbViewport
 10
210.0
 20
148.5
 30
0.0
 40
420.0
 41
297.0
 68
     2
 69
     2
 12
210.0
 22
148.5
 13
0.0
 23
0.0
 14
10.0
 24
10.0
 15
10.0
 25
10.0
 16
0.0
 26
0.0
 36
1.0
 17
0.0
 27
0.0
 37
0.0
 42
50.0
 43
0.0
 44
0.0
 45
297.0
 50
0.0
 51
0.0
 72
   100
 90
   557152
  1

281
     0
 71
     1
 74
     0
110
0.0
120
0.0
130
0.0
111
1.0
121
0.0
131
0.0
112
0.0
122
1.0
132
0.0
 79
     0
146
0.0
170
     0
 61
     5
348
2F
292
     1
282
     1
141
0.0
142
0.0
 63
   256
361
7C
  0
ENDSEC
  0
SECTION
  2
OBJECTS
  0
DICTIONARY
  5
C
330
0
100
AcDbDictionary
281
     1
  3
ACAD_DETAILVIEWSTYLE
350
BB
  3
ACAD_GROUP
350
D
  3
ACAD_LAYOUT
350
1A
  3
ACAD_MATERIAL
350
43
  3
ACAD_MLEADERSTYLE
350
5B
  3
ACAD_MLINESTYLE
350
17
  3
ACAD_PLOTSETTINGS
350
19
  3
ACAD_PLOTSTYLENAME
350
E
  3
ACAD_SCALELIST
350
47
  3
ACAD_SECTIONVIEWSTYLE
350
BC
  3
ACAD_TABLESTYLE
350
59
  3
ACAD_VISUALSTYLE
350
2A
  3
ACDB_RECOMPOSE_DATA
350
B8
  3
AcDbVariableDictionary
350
84
  0
SUN
  5
5D
330
29
100
AcDbSun
 90
        1
290
     0
 63
     7
421
 16777215
 40
1.0
291
     1
 91
  2455826
 92
 54000000
292
     0
 70
     2
 71
   256
280
     1
  0
SUN
  5
7A
330
79
100
AcDbSun
 90
        1
290
     0
 63
     7
421
 16777215
 40
1.0
291
     1
 91
  2455826
 92
 54000000
292
     0
 70
     2
 71
   256
280
     1
  0
SUN
  5
7C
330
7B
100
AcDbSun
 90
        1
290
     0
 63
     7
421
 16777215
 40
1.0
291
     1
 91
  2455826
 92
 54000000
292
     0
 70
     2
 71
   256
280
     1
  0
DICTIONARY
  5
BB
102
{ACAD_REACTORS
330
C
102
}
330
C
100
AcDbDictionary
281
     1
  0
DICTIONARY
  5
D
102
{ACAD_REACTORS
330
C
102
}
330
C
100
AcDbDictionary
281
     1
  0
DICTIONARY
  5
1A
102
{ACAD_REACTORS
330
C
102
}
330
C
100
AcDbDictionary
281
     1
  3
Layout1
350
1E
  3
Layout2
350
26
  3
Model
350
22
  3
Sheet
350
76
  0
DICTIONARY
  5
43
102
{ACAD_REACTORS
330
C
102
}
330
C
100
AcDbDictionary
281
     1
  3
ByBlock
350
45
  3
ByLayer
350
44
  3
Global
350
46
  0
DICTIONARY
  5
5B
102
{ACAD_REACTORS
330
C
102
}
330
C
100
AcDbDictionary
281
     1
  3
Standard
350
5C
  0
DICTIONARY
  5
17
102
{ACAD_REACTORS
330
C
102
}
330
C
100
AcDbDictionary
281
     1
  3
Standard
350
18
  0
DICTIONARY
  5
19
102
{ACAD_REACTORS
330
C
102
}
330
C
100
AcDbDictionary
281
     1
  0
ACDBDICTIONARYWDFLT
  5
E
102
{ACAD_REACTORS
330
C
102
}
330
C
100
AcDbDictionary
281
     1
  3
Normal
350
F
100
AcDbDictionaryWithDefault
340
F
  0
DICTIONARY
  5
47
102
{ACAD_REACTORS
330
C
102
}
330
C
100
AcDbDictionary
281
     1
  3
A0
350
48
  3
A1
350
49
  3
A2
350
4A
  3
A3
350
4B
  3
A4
350
4C
  3
A5
350
4D
  3
A6
350
4E
  3
A7
350
4F
  3
A8
350
50
  3
A9
350
51
  3
B0
350
52
  3
B1
350
53
  3
B2
350
54
  3
B3
350
55
  3
B4
350
56
  3
B5
350
57
  3
B6
350
58
  0
DICTIONARY
  5
BC
102
{ACAD_REACTORS
330
C
102
}
330
C
100
AcDbDictionary
281
     1
  0
DICTIONARY
  5
59
102
{ACAD_REACTORS
330
C
102
}
330
C
100
AcDbDictionary
281
     1
  3
Standard
350
5A
  0
DICTIONARY
  5
2A
102
{ACAD_REACTORS
330
C
102
}
330
C
100
AcDbDictionary
281
     1
  3
2dWireframe
350
2F
  3
Basic
350
32
  3
Brighten
350
36
  3
ColorChange
350
3A
  3
Conceptual
350
34
  3
Dim
350
35
  3
EdgeColorOff
350
3D
  3
Facepattern
350
39
  3
Flat
350
2B
  3
FlatWithEdges
350
2C
  3
Gouraud
350
2D
  3
GouraudWithEdges
350
2E
  3
Hidden
350
31
  3
JitterOff
350
3B
  3
Linepattern
350
38
  3
OverhangOff
350
3C
  3
Realistic
350
33
  3
Shaded
350
42
  3
Shaded with edges
350
41
  3
Shades of Gray
350
3E
  3
Sketchy
350
3F
  3
Thicken
350
37
  3
Wireframe
350
30
  3
X-Ray
350
40
  0
XRECORD
  5
B8
102
{ACAD_REACTORS
330
C
102
}
330
C
100
AcDbXrecord
280
     1
 90
        1
330
5A
  0
DICTIONARY
  5
84
102
{ACAD_REACTORS
330
C
102
}
330
C
100
AcDbDictionary
281
     1
  3
CANNOSCALE
350
85
  3
CENTEREXE
350
BD
  3
CENTERLTYPEFILE
350
BE
  3
CMLEADERSTYLE
350
BA
  3
CTABLESTYLE
350
B9
  0
LAYOUT
  5
1E
102
{ACAD_REACTORS
330
1A
102
}
330
1A
100
AcDbPlotSettings
  1

  2
none_device
  4

  6

 40
0.0
 41
0.0
 42
0.0
 43
0.0
 44
0.0
 45
0.0
 46
0.0
 47
0.0
 48
0.0
 49
0.0
140
0.0
141
0.0
142
1.0
143
1.0
 70
   688
 72
     1
 73
     0
 74
     5
  7

 75
    16
 76
     0
 77
     2
 78
   300
147
1.0
148
0.0
149
0.0
100
AcDbLayout
  1
Layout1
 70
     1
 71
     1
 10
0.0
 20
0.0
 11
420.0
 21
297.0
 12
0.0
 22
0.0
 32
0.0
 14
1.000000000000000E+20
 24
1.000000000000000E+20
 34
1.000000000000000E+20
 15
-1.000000000000000E+20
 25
-1.000000000000000E+20
 35
-1.000000000000000E+20
146
0.0
 13
0.0
 23
0.0
 33
0.0
 16
1.0
 26
0.0
 36
0.0
 17
0.0
 27
1.0
 37
0.0
 76
     0
330
1B
  0
LAYOUT
  5
26
102
{ACAD_REACTORS
330
1A
102
}
330
1A
100
AcDbPlotSettings
  1

  2
none_device
  4

  6

 40
0.0
 41
0.0
 42
0.0
 43
0.0
 44
0.0
 45
0.0
 46
0.0
 47
0.0
 48
0.0
 49
0.0
140
0.0
141
0.0
142
1.0
143
1.0
 70
   688
 72
     1
 73
     0
 74
     5
  7

 75
    16
 76
     0
 77
     2
 78
   300
147
1.0
148
0.0
149
0.0
100
AcDbLayout
  1
Layout2
 70
     1
 71
     2
 10
0.0
 20
0.0
 11
0.0
 21
0.0
 12
0.0
 22
0.0
 32
0.0
 14
0.0
 24
0.0
 34
0.0
 15
0.0
 25
0.0
 35
0.0
146
0.0
 13
0.0
 23
0.0
 33
0.0
 16
1.0
 26
0.0
 36
0.0
 17
0.0
 27
1.0
 37
0.0
 76
     0
330
23
  0
LAYOUT
  5
22
102
{ACAD_REACTORS
330
1A
102
}
330
1A
100
AcDbPlotSettings
  1

  2
none_device
  4
Letter_(8.50_x_11.00_Inches)
  6

 40
6.35
 41
6.35
 42
6.35000508
 43
6.35000508
 44
215.9
 45
279.4
 46
0.0
 47
0.0
 48
0.0
 49
0.0
140
0.0
141
0.0
142
1.0
143
1.0
 70
  1712
 72
     1
 73
     0
 74
     0
  7

 75
     0
 76
     0
 77
     2
 78
   300
147
1.0
148
0.0
149
0.0
100
AcDbLayout
  1
Model
 70
     1
 71
     0
 10
0.0
 20
0.0
 11
420.0
 21
297.0
 12
0.0
 22
0.0
 32
0.0
 14
1.000000000000000E+20
 24
1.000000000000000E+20
 34
1.000000000000000E+20
 15
-1.000000000000000E+20
 25
-1.000000000000000E+20
 35
-1.000000000000000E+20
146
0.0
 13
0.0
 23
0.0
 33
0.0
 16
1.0
 26
0.0
 36
0.0
 17
0.0
 27
1.0
 37
0.0
 76
     0
330
1F
331
29
  0
LAYOUT
  5
76
102
{ACAD_REACTORS
330
1A
102
}
330
1A
100
AcDbPlotSettings
  1

  2
Custom Device
  4
CustomPaper_420.000000x297.000000mm
  6

 40
0.0
 41
0.0
 42
0.0
 43
0.0
 44
297.0
 45
420.0
 46
0.0
 47
0.0
 48
0.0
 49
0.0
140
0.0
141
0.0
142
1.0
143
1.0
 70
   672
 72
     1
 73
     1
 74
     5
  7

 75
    16
 76
     0
 77
     2
 78
   300
147
1.0
148
0.0
149
0.0
100
AcDbLayout
  1
Sheet
 70
     1
 71
     3
 10
-20.0
 20
-7.5
 11
277.0
 21
202.5
 12
0.0
 22
0.0
 32
0.0
 14
0.0
 24
0.0
 34
0.0
 15
0.0
 25
0.0
 35
0.0
146
0.0
 13
0.0
 23
0.0
 33
0.0
 16
1.0
 26
0.0
 36
0.0
 17
0.0
 27
1.0
 37
0.0
 76
     0
330
75
331
79
  0
MATERIAL
  5
45
102
{ACAD_REACTORS
330
43
102
}
330
43
100
AcDbMaterial
  1
ByBlock
 72
     1
 94
      127
  0
MATERIAL
  5
44
102
{ACAD_REACTORS
330
43
102
}
330
43
100
AcDbMaterial
  1
ByLayer
 72
     1
 94
      127
  0
MATERIAL
  5
46
102
{ACAD_REACTORS
330
43
102
}
330
43
100
AcDbMaterial
  1
Global
 72
     1
 94
      127
  0
MLEADERSTYLE
  5
5C
102
{ACAD_REACTORS
330
5B
102
}
330
5B
100
AcDbMLeaderStyle
179
     2
170
     2
171
     1
172
     0
 90
        2
 40
0.0
 41
0.0
173
     1
 91
-1056964608
340
14
 92
       -2
290
     1
 42
2.0
291
     1
 43
8.0
  3
Standard
341
0
 44
4.0
300

342
11
174
     1
178
     6
175
     1
176
     0
 93
-1056964608
 45
4.0
292
     0
297
     0
 46
4.0
343
0
 94
-1056964608
 47
1.0
 49
1.0
140
1.0
293
     1
141
0.0
294
     1
177
     0
142
1.0
295
     0
296
     0
143
3.75
271
     0
272
     9
273
     9
  0
MLINESTYLE
  5
18
102
{ACAD_REACTORS
330
17
102
}
330
17
100
AcDbMlineStyle
  2
Standard
 70
     0
  3

 62
   256
 51
90.0
 52
90.0
 71
     2
 49
0.5
 62
   256
  6
BYLAYER
 49
-0.5
 62
   256
  6
BYLAYER
  0
ACDBPLACEHOLDER
  5
F
102
{ACAD_REACTORS
330
E
102
}
330
E
  0
SCALE
  5
48
102
{ACAD_REACTORS
330
47
102
}
330
47
100
AcDbScale
 70
     0
300
1:1
140
1.0
141
1.0
290
     1
  0
SCALE
  5
49
102
{ACAD_REACTORS
330
47
102
}
330
47
100
AcDbScale
 70
     0
300
1:2
140
1.0
141
2.0
290
     0
  0
SCALE
  5
4A
102
{ACAD_REACTORS
330
47
102
}
330
47
100
AcDbScale
 70
     0
300
1:4
140
1.0
141
4.0
290
     0
  0
SCALE
  5
4B
102
{ACAD_REACTORS
330
47
102
}
330
47
100
AcDbScale
 70
     0
300
1:5
140
1.0
141
5.0
290
     0
  0
SCALE
  5
4C
102
{ACAD_REACTORS
330
47
102
}
330
47
100
AcDbScale
 70
     0
300
1:8
140
1.0
141
8.0
290
     0
  0
SCALE
  5
4D
102
{ACAD_REACTORS
330
47
102
}
330
47
100
AcDbScale
 70
     0
300
1:10
140
1.0
141
10.0
290
     0
  0
SCALE
  5
4E
102
{ACAD_REACTORS
330
47
102
}
330
47
100
AcDbScale
 70
     0
300
1:16
140
1.0
141
16.0
290
     0
  0
SCALE
  5
4F
102
{ACAD_REACTORS
330
47
102
}
330
47
100
AcDbScale
 70
     0
300
1:20
140
1.0
141
20.0
290
     0
  0
SCALE
  5
50
102
{ACAD_REACTORS
330
47
102
}
330
47
100
AcDbScale
 70
     0
300
1:30
140
1.0
141
30.0
290
     0
  0
SCALE
  5
51
102
{ACAD_REACTORS
330
47
102
}
330
47
100
AcDbScale
 70
     0
300
1:40
140
1.0
141
40.0
290
     0
  0
SCALE
  5
52
102
{ACAD_REACTORS
330
47
102
}
330
47
100
AcDbScale
 70
     0
300
1:50
140
1.0
141
50.0
290
     0
  0
SCALE
  5
53
102
{ACAD_REACTORS
330
47
102
}
330
47
100
AcDbScale
 70
     0
300
1:100
140
1.0
141
100.0
290
     0
  0
SCALE
  5
54
102
{ACAD_REACTORS
330
47
102
}
330
47
100
AcDbScale
 70
     0
300
2:1
140
2.0
141
1.0
290
     0
  0
SCALE
  5
55
102
{ACAD_REACTORS
330
47
102
}
330
47
100
AcDbScale
 70
     0
300
4:1
140
4.0
141
1.0
290
     0
  0
SCALE
  5
56
102
{ACAD_REACTORS
330
47
102
}
330
47
100
AcDbScale
 70
     0
300
8:1
140
8.0
141
1.0
290
     0
  0
SCALE
  5
57
102
{ACAD_REACTORS
330
47
102
}
330
47
100
AcDbScale
 70
     0
300
10:1
140
10.0
141
1.0
290
     0
  0
SCALE
  5
58
102
{ACAD_REACTORS
330
47
102
}
330
47
100
AcDbScale
 70
     0
300
100:1
140
100.0
141
1.0
290
     0
  0
TABLESTYLE
  5
5A
102
{ACAD_REACTORS
330
59
102
}
102
{ACAD_XDICTIONARY
360
B6
102
}
330
59
100
AcDbTableStyle
  3
Standard
 70
     0
 71
     0
 40
0.06
 41
0.06
280
     0
281
     0
  7
Standard
140
4.5
170
     2
 62
     0
 63
   257
283
     0
 90
        4
 91
        0
  1

274
    -2
284
     1
 64
     0
275
    -2
285
     1
 65
     0
276
    -2
286
     1
 66
     0
277
    -2
287
     1
 67
     0
278
    -2
288
     1
 68
     0
279
    -2
289
     1
 69
     0
  7
Standard
140
6.0
170
     5
 62
     0
 63
   257
283
     0
 90
        4
 91
        0
  1

274
    -2
284
     1
 64
     0
275
    -2
285
     1
 65
     0
276
    -2
286
     1
 66
     0
277
    -2
287
     1
 67
     0
278
    -2
288
     1
 68
     0
279
    -2
289
     1
 69
     0
  7
Standard
140
4.5
170
     5
 62
     0
 63
   257
283
     0
 90
        4
 91
        0
  1

274
    -2
284
     1
 64
     0
275
    -2
285
     1
 65
     0
276
    -2
286
     1
 66
     0
277
    -2
287
     1
 67
     0
278
    -2
288
     1
 68
     0
279
    -2
289
     1
 69
     0
  0
VISUALSTYLE
  5
2F
102
{ACAD_REACTORS
330
2A
102
}
102
{ACAD_XDICTIONARY
360
8E
102
}
330
2A
100
AcDbVisualStyle
  2
2dWireframe
 70
     4
177
     2
291
     0
 71
     0
176
     1
 72
     2
176
     1
 73
     0
176
     1
 90
        0
176
     1
 40
0.6
176
     1
 41
30.0
176
     1
 62
     5
 63
     7
421
 16777215
176
     1
 74
     1
176
     1
 91
        4
176
     1
 64
     7
176
     1
 65
   257
176
     1
 75
     1
176
     1
175
     1
176
     1
 42
1.0
176
     1
 92
        0
176
     1
 66
   257
176
     1
 43
1.0
176
     1
 76
     1
176
     1
 77
     6
176
     1
 78
     2
176
     1
 67
     7
176
     1
 79
     5
176
     1
170
     0
176
     1
171
     0
176
     1
290
     0
176
     1
 93
        1
176
     1
 44
0.0
176
     1
173
     0
176
     1
  0
VISUALSTYLE
  5
32
102
{ACAD_REACTORS
330
2A
102
}
102
{ACAD_XDICTIONARY
360
94
102
}
330
2A
100
AcDbVisualStyle
  2
Basic
 70
     7
177
     2
291
     1
 71
     1
176
     1
 72
     0
176
     1
 73
     1
176
     1
 90
        0
176
     1
 40
0.6
176
     1
 41
30.0
176
     1
 62
     5
 63
     7
421
 16777215
176
     1
 74
     0
176
     1
 91
        4
176
     1
 64
     7
176
     1
 65
   257
176
     1
 75
     1
176
     1
175
     1
176
     1
 42
1.0
176
     1
 92
        8
176
     1
 66
     7
176
     1
 43
1.0
176
     1
 76
     1
176
     1
 77
     6
176
     1
 78
     2
176
     1
 67
     7
176
     1
 79
     5
176
     1
170
     0
176
     1
171
     0
176
     1
290
     0
176
     1
 93
        1
176
     1
 44
0.0
176
     1
173
     0
176
     1
  0
VISUALSTYLE
  5
36
102
{ACAD_REACTORS
330
2A
102
}
102
{ACAD_XDICTIONARY
360
9C
102
}
330
2A
100
AcDbVisualStyle
  2
Brighten
 70
    12
177
     2
291
     1
 71
     2
176
     1
 72
     2
176
     1
 73
     0
176
     1
 90
        0
176
     1
 40
0.6
176
     1
 41
30.0
176
     1
 62
     5
 63
     7
421
 16777215
176
     1
 74
     1
176
     1
 91
        4
176
     1
 64
     7
176
     1
 65
   257
176
     1
 75
     1
176
     1
175
     1
176
     1
 42
1.0
176
     1
 92
        8
176
     1
 66
     7
176
     1
 43
1.0
176
     1
 76
     1
176
     1
 77
     6
176
     1
 78
     2
176
     1
 67
     7
176
     1
 79
     5
176
     1
170
     0
176
     1
171
     0
176
     1
290
     0
176
     1
 93
        1
176
     1
 44
50.0
176
     1
173
     0
176
     1
  0
VISUALSTYLE
  5
3A
102
{ACAD_REACTORS
330
2A
102
}
102
{ACAD_XDICTIONARY
360
A4
102
}
330
2A
100
AcDbVisualStyle
  2
ColorChange
 70
    16
177
     2
291
     1
 71
     2
176
     1
 72
     2
176
     1
 73
     3
176
     1
 90
        0
176
     1
 40
0.6
176
     1
 41
30.0
176
     1
 62
     5
 63
     8
421
  8421504
176
     1
 74
     1
176
     1
 91
        4
176
     1
 64
     7
176
     1
 65
   257
176
     1
 75
     1
176
     1
175
     1
176
     1
 42
1.0
176
     1
 92
        8
176
     1
 66
     8
424
  8421504
176
     1
 43
1.0
176
     1
 76
     1
176
     1
 77
     6
176
     1
 78
     2
176
     1
 67
     7
176
     1
 79
     5
176
     1
170
     0
176
     1
171
     0
176
     1
290
     0
176
     1
 93
        1
176
     1
 44
0.0
176
     1
173
     0
176
     1
  0
VISUALSTYLE
  5
34
102
{ACAD_REACTORS
330
2A
102
}
102
{ACAD_XDICTIONARY
360
98
102
}
330
2A
100
AcDbVisualStyle
  2
Conceptual
 70
     9
177
     2
291
     0
 71
     3
176
     1
 72
     2
176
     1
 73
     0
176
     1
 90
        0
176
     1
 40
0.6
176
     1
 41
30.0
176
     1
 62
     5
 63
     7
421
 16777215
176
     1
 74
     2
176
     1
 91
        2
176
     1
 64
     7
176
     1
 65
   257
176
     1
 75
     1
176
     1
175
     1
176
     1
 42
179.0
176
     1
 92
        8
176
     1
 66
     7
176
     1
 43
1.0
176
     1
 76
     1
176
     1
 77
     6
176
     1
 78
     2
176
     1
 67
     7
176
     1
 79
     3
176
     1
170
     0
176
     1
171
     0
176
     1
290
     0
176
     1
 93
        1
176
     1
 44
0.0
176
     1
173
     0
176
     1
  0
VISUALSTYLE
  5
35
102
{ACAD_REACTORS
330
2A
102
}
102
{ACAD_XDICTIONARY
360
9A
102
}
330
2A
100
AcDbVisualStyle
  2
Dim
 70
    11
177
     2
291
     1
 71
     2
176
     1
 72
     2
176
     1
 73
     0
176
     1
 90
        0
176
     1
 40
0.6
176
     1
 41
30.0
176
     1
 62
     5
 63
     7
421
 16777215
176
     1
 74
     1
176
     1
 91
        4
176
     1
 64
     7
176
     1
 65
   257
176
     1
 75
     1
176
     1
175
     1
176
     1
 42
1.0
176
     1
 92
        8
176
     1
 66
     7
176
     1
 43
1.0
176
     1
 76
     1
176
     1
 77
     6
176
     1
 78
     2
176
     1
 67
     7
176
     1
 79
     5
176
     1
170
     0
176
     1
171
     0
176
     1
290
     0
176
     1
 93
        1
176
     1
 44
-50.0
176
     1
173
     0
176
     1
  0
VISUALSTYLE
  5
3D
102
{ACAD_REACTORS
330
2A
102
}
102
{ACAD_XDICTIONARY
360
AA
102
}
330
2A
100
AcDbVisualStyle
  2
EdgeColorOff
 70
    22
177
     2
291
     1
 71
     2
176
     0
 72
     2
176
     0
 73
     0
176
     0
 90
        0
176
     0
 40
0.6
176
     0
 41
30.0
176
     0
 62
     5
 63
     7
421
 16777215
176
     0
 74
     1
176
     0
 91
        4
176
     0
 64
     7
176
     0
 65
   257
176
     0
 75
     1
176
     0
175
     1
176
     0
 42
1.0
176
     0
 92
        8
176
     2
 66
     7
176
     0
 43
1.0
176
     0
 76
     1
176
     0
 77
     6
176
     0
 78
     2
176
     0
 67
     7
176
     0
 79
     5
176
     0
170
     0
176
     0
171
     0
176
     0
290
     0
176
     0
 93
        1
176
     0
 44
0.0
176
     0
173
     0
176
     0
  0
VISUALSTYLE
  5
39
102
{ACAD_REACTORS
330
2A
102
}
102
{ACAD_XDICTIONARY
360
A2
102
}
330
2A
100
AcDbVisualStyle
  2
Facepattern
 70
    15
177
     2
291
     1
 71
     2
176
     1
 72
     2
176
     1
 73
     0
176
     1
 90
        0
176
     1
 40
0.6
176
     1
 41
30.0
176
     1
 62
     5
 63
     7
421
 16777215
176
     1
 74
     1
176
     1
 91
        4
176
     1
 64
     7
176
     1
 65
   257
176
     1
 75
     1
176
     1
175
     1
176
     1
 42
1.0
176
     1
 92
        8
176
     1
 66
     7
176
     1
 43
1.0
176
     1
 76
     1
176
     1
 77
     6
176
     1
 78
     2
176
     1
 67
     7
176
     1
 79
     5
176
     1
170
     0
176
     1
171
     0
176
     1
290
     0
176
     1
 93
        1
176
     1
 44
0.0
176
     1
173
     0
176
     1
  0
VISUALSTYLE
  5
2B
102
{ACAD_REACTORS
330
2A
102
}
102
{ACAD_XDICTIONARY
360
86
102
}
330
2A
100
AcDbVisualStyle
  2
Flat
 70
     0
177
     2
291
     1
 71
     2
176
     1
 72
     1
176
     1
 73
     1
176
     1
 90
        2
176
     1
 40
0.6
176
     1
 41
30.0
176
     1
 62
     5
 63
     7
421
 16777215
176
     1
 74
     0
176
     1
 91
        0
176
     1
 64
     7
176
     1
 65
   257
176
     1
 75
     1
176
     1
175
     1
176
     1
 42
1.0
176
     1
 92
        8
176
     1
 66
     7
176
     1
 43
1.0
176
     1
 76
     1
176
     1
 77
     6
176
     1
 78
     2
176
     1
 67
     7
176
     1
 79
     5
176
     1
170
     0
176
     1
171
     0
176
     1
290
     0
176
     1
 93
       13
176
     1
 44
0.0
176
     1
173
     0
176
     1
  0
VISUALSTYLE
  5
2C
102
{ACAD_REACTORS
330
2A
102
}
102
{ACAD_XDICTIONARY
360
88
102
}
330
2A
100
AcDbVisualStyle
  2
FlatWithEdges
 70
     1
177
     2
291
     1
 71
     2
176
     1
 72
     1
176
     1
 73
     1
176
     1
 90
        2
176
     1
 40
0.6
176
     1
 41
30.0
176
     1
 62
     5
 63
     7
421
 16777215
176
     1
 74
     1
176
     1
 91
        0
176
     1
 64
     7
176
     1
 65
   257
176
     1
 75
     1
176
     1
175
     1
176
     1
 42
1.0
176
     1
 92
        0
176
     1
 66
   257
176
     1
 43
1.0
176
     1
 76
     1
176
     1
 77
     6
176
     1
 78
     2
176
     1
 67
     7
176
     1
 79
     5
176
     1
170
     0
176
     1
171
     0
176
     1
290
     0
176
     1
 93
       13
176
     1
 44
0.0
176
     1
173
     0
176
     1
  0
VISUALSTYLE
  5
2D
102
{ACAD_REACTORS
330
2A
102
}
102
{ACAD_XDICTIONARY
360
8A
102
}
330
2A
100
AcDbVisualStyle
  2
Gouraud
 70
     2
177
     2
291
     1
 71
     2
176
     1
 72
     2
176
     1
 73
     1
176
     1
 90
        2
176
     1
 40
0.6
176
     1
 41
30.0
176
     1
 62
     5
 63
     7
421
 16777215
176
     1
 74
     0
176
     1
 91
        0
176
     1
 64
     7
176
     1
 65
   257
176
     1
 75
     1
176
     1
175
     1
176
     1
 42
1.0
176
     1
 92
        0
176
     1
 66
     7
176
     1
 43
1.0
176
     1
 76
     1
176
     1
 77
     6
176
     1
 78
     2
176
     1
 67
     7
176
     1
 79
     5
176
     1
170
     0
176
     1
171
     0
176
     1
290
     0
176
     1
 93
       13
176
     1
 44
0.0
176
     1
173
     0
176
     1
  0
VISUALSTYLE
  5
2E
102
{ACAD_REACTORS
330
2A
102
}
102
{ACAD_XDICTIONARY
360
8C
102
}
330
2A
100
AcDbVisualStyle
  2
GouraudWithEdges
 70
     3
177
     2
291
     1
 71
     2
176
     1
 72
     2
176
     1
 73
     1
176
     1
 90
        2
176
     1
 40
0.6
176
     1
 41
30.0
176
     1
 62
     5
 63
     7
421
 16777215
176
     1
 74
     1
176
     1
 91
        0
176
     1
 64
     7
176
     1
 65
   257
176
     1
 75
     1
176
     1
175
     1
176
     1
 42
1.0
176
     1
 92
        0
176
     1
 66
   257
176
     1
 43
1.0
176
     1
 76
     1
176
     1
 77
     6
176
     1
 78
     2
176
     1
 67
     7
176
     1
 79
     5
176
     1
170
     0
176
     1
171
     0
176
     1
290
     0
176
     1
 93
       13
176
     1
 44
0.0
176
     1
173
     0
176
     1
  0
VISUALSTYLE
  5
31
102
{ACAD_REACTORS
330
2A
102
}
102
{ACAD_XDICTIONARY
360
92
102
}
330
2A
100
AcDbVisualStyle
  2
Hidden
 70
     6
177
     2
291
     0
 71
     1
176
     1
 72
     2
176
     1
 73
     2
176
     1
 90
        0
176
     1
 40
0.6
176
     1
 41
30.0
176
     1
 62
     5
 63
     7
421
 16777215
176
     1
 74
     2
176
     1
 91
        2
176
     1
 64
     7
176
     1
 65
   257
176
     1
 75
     2
176
     1
175
     1
176
     1
 42
40.0
176
     1
 92
        0
176
     1
 66
   257
176
     1
 43
1.0
176
     1
 76
     1
176
     1
 77
     6
176
     1
 78
     2
176
     1
 67
     7
176
     1
 79
     3
176
     1
170
     0
176
     1
171
     0
176
     1
290
     0
176
     1
 93
        1
176
     1
 44
0.0
176
     1
173
     0
176
     1
  0
VISUALSTYLE
  5
3B
102
{ACAD_REACTORS
330
2A
102
}
102
{ACAD_XDICTIONARY
360
A6
102
}
330
2A
100
AcDbVisualStyle
  2
JitterOff
 70
    20
177
     2
291
     1
 71
     2
176
     0
 72
     2
176
     0
 73
     0
176
     0
 90
        0
176
     0
 40
0.6
176
     0
 41
30.0
176
     0
 62
     5
 63
     7
421
 16777215
176
     0
 74
     1
176
     0
 91
        4
176
     0
 64
     7
176
     0
 65
   257
176
     0
 75
     1
176
     0
175
     1
176
     0
 42
1.0
176
     0
 92
       10
176
     2
 66
     7
176
     0
 43
1.0
176
     0
 76
     1
176
     0
 77
     6
176
     0
 78
     2
176
     0
 67
     7
176
     0
 79
     5
176
     0
170
     0
176
     0
171
     0
176
     0
290
     0
176
     0
 93
        1
176
     0
 44
0.0
176
     0
173
     0
176
     0
  0
VISUALSTYLE
  5
38
102
{ACAD_REACTORS
330
2A
102
}
102
{ACAD_XDICTIONARY
360
A0
102
}
330
2A
100
AcDbVisualStyle
  2
Linepattern
 70
    14
177
     2
291
     1
 71
     2
176
     1
 72
     2
176
     1
 73
     0
176
     1
 90
        0
176
     1
 40
0.6
176
     1
 41
30.0
176
     1
 62
     5
 63
     7
421
 16777215
176
     1
 74
     1
176
     1
 91
        4
176
     1
 64
     7
176
     1
 65
   257
176
     1
 75
     7
176
     1
175
     7
176
     1
 42
1.0
176
     1
 92
        8
176
     1
 66
     7
176
     1
 43
1.0
176
     1
 76
     1
176
     1
 77
     6
176
     1
 78
     2
176
     1
 67
     7
176
     1
 79
     5
176
     1
170
     0
176
     1
171
     0
176
     1
290
     0
176
     1
 93
        1
176
     1
 44
0.0
176
     1
173
     0
176
     1
  0
VISUALSTYLE
  5
3C
102
{ACAD_REACTORS
330
2A
102
}
102
{ACAD_XDICTIONARY
360
A8
102
}
330
2A
100
AcDbVisualStyle
  2
OverhangOff
 70
    21
177
     2
291
     1
 71
     2
176
     0
 72
     2
176
     0
 73
     0
176
     0
 90
        0
176
     0
 40
0.6
176
     0
 41
30.0
176
     0
 62
     5
 63
     7
421
 16777215
176
     0
 74
     1
176
     0
 91
        4
176
     0
 64
     7
176
     0
 65
   257
176
     0
 75
     1
176
     0
175
     1
176
     0
 42
1.0
176
     0
 92
        9
176
     2
 66
     7
176
     0
 43
1.0
176
     0
 76
     1
176
     0
 77
     6
176
     0
 78
     2
176
     0
 67
     7
176
     0
 79
     5
176
     0
170
     0
176
     0
171
     0
176
     0
290
     0
176
     0
 93
        1
176
     0
 44
0.0
176
     0
173
     0
176
     0
  0
VISUALSTYLE
  5
33
102
{ACAD_REACTORS
330
2A
102
}
102
{ACAD_XDICTIONARY
360
96
102
}
330
2A
100
AcDbVisualStyle
  2
Realistic
 70
     8
177
     2
291
     0
 71
     2
176
     1
 72
     3
176
     1
 73
     0
176
     1
 90
        2
176
     1
 40
0.6
176
     1
 41
30.0
176
     1
 62
     5
 63
     7
421
 16777215
176
     1
 74
     0
176
     1
 91
        0
176
     1
 64
     7
176
     1
 65
   257
176
     1
 75
     1
176
     1
175
     1
176
     1
 42
1.0
176
     1
 92
        8
176
     1
 66
   257
176
     1
 43
1.0
176
     1
 76
     1
176
     1
 77
     6
176
     1
 78
     2
176
     1
 67
     7
176
     1
 79
     3
176
     1
170
     0
176
     1
171
     0
176
     1
290
     0
176
     1
 93
       13
176
     1
 44
0.0
176
     1
173
     0
176
     1
  0
VISUALSTYLE
  5
42
102
{ACAD_REACTORS
330
2A
102
}
102
{ACAD_XDICTIONARY
360
B4
102
}
330
2A
100
AcDbVisualStyle
  2
Shaded
 70
    27
177
     2
291
     0
 71
     2
176
     1
 72
     2
176
     1
 73
     1
176
     1
 90
        2
176
     1
 40
0.6
176
     1
 41
30.0
176
     1
 62
     5
 63
     7
421
 16777215
176
     1
 74
     0
176
     1
 91
        4
176
     1
 64
     7
176
     1
 65
   257
176
     1
 75
     1
176
     1
175
     1
176
     1
 42
1.0
176
     1
 92
        8
176
     1
 66
   257
176
     1
 43
1.0
176
     1
 76
     1
176
     1
 77
     6
176
     1
 78
     2
176
     1
 67
     8
425
  7895160
176
     1
 79
     3
176
     1
170
     0
176
     1
171
     0
176
     1
290
     0
176
     1
 93
        5
176
     1
 44
0.0
176
     1
173
     0
176
     1
  0
VISUALSTYLE
  5
41
102
{ACAD_REACTORS
330
2A
102
}
102
{ACAD_XDICTIONARY
360
B2
102
}
330
2A
100
AcDbVisualStyle
  2
Shaded with edges
 70
    26
177
     2
291
     0
 71
     2
176
     1
 72
     2
176
     1
 73
     1
176
     1
 90
        2
176
     1
 40
0.6
176
     1
 41
30.0
176
     1
 62
     5
 63
     7
421
 16777215
176
     1
 74
     1
176
     1
 91
       10
176
     1
 64
     7
176
     1
 65
   257
176
     1
 75
     2
176
     1
175
     1
176
     1
 42
1.0
176
     1
 92
        8
176
     1
 66
   257
176
     1
 43
1.0
176
     1
 76
     1
176
     1
 77
     6
176
     1
 78
     2
176
     1
 67
     7
176
     1
 79
     3
176
     1
170
     0
176
     1
171
     0
176
     1
290
     0
176
     1
 93
        5
176
     1
 44
0.0
176
     1
173
     0
176
     1
  0
VISUALSTYLE
  5
3E
102
{ACAD_REACTORS
330
2A
102
}
102
{ACAD_XDICTIONARY
360
AC
102
}
330
2A
100
AcDbVisualStyle
  2
Shades of Gray
 70
    23
177
     2
291
     0
 71
     2
176
     1
 72
     2
176
     1
 73
     3
176
     1
 90
        0
176
     1
 40
0.6
176
     1
 41
30.0
176
     1
 62
     5
 63
     7
421
 16777215
176
     1
 74
     2
176
     1
 91
        2
176
     1
 64
     7
176
     1
 65
     7
176
     1
 75
     1
176
     1
175
     1
176
     1
 42
40.0
176
     1
 92
        8
176
     1
 66
     7
176
     1
 43
1.0
176
     1
 76
     1
176
     1
 77
     6
176
     1
 78
     2
176
     1
 67
     7
176
     1
 79
     3
176
     1
170
     0
176
     1
171
     0
176
     1
290
     0
176
     1
 93
        1
176
     1
 44
0.0
176
     1
173
     0
176
     1
  0
VISUALSTYLE
  5
3F
102
{ACAD_REACTORS
330
2A
102
}
102
{ACAD_XDICTIONARY
360
AE
102
}
330
2A
100
AcDbVisualStyle
  2
Sketchy
 70
    24
177
     2
291
     0
 71
     1
176
     1
 72
     2
176
     1
 73
     2
176
     1
 90
        0
176
     1
 40
0.6
176
     1
 41
30.0
176
     1
 62
     5
 63
     7
421
 16777215
176
     1
 74
     2
176
     1
 91
        2
176
     1
 64
     7
176
     1
 65
     7
176
     1
 75
     1
176
     1
175
     1
176
     1
 42
40.0
176
     1
 92
       11
176
     1
 66
     7
176
     1
 43
1.0
176
     1
 76
     1
176
     1
 77
     6
176
     1
 78
     2
176
     1
 67
     7
176
     1
 79
     6
176
     1
170
     0
176
     1
171
     0
176
     1
290
     0
176
     1
 93
        1
176
     1
 44
0.0
176
     1
173
     0
176
     1
  0
VISUALSTYLE
  5
37
102
{ACAD_REACTORS
330
2A
102
}
102
{ACAD_XDICTIONARY
360
9E
102
}
330
2A
100
AcDbVisualStyle
  2
Thicken
 70
    13
177
     2
291
     1
 71
     2
176
     1
 72
     2
176
     1
 73
     0
176
     1
 90
        0
176
     1
 40
0.6
176
     1
 41
30.0
176
     1
 62
     5
 63
     7
421
 16777215
176
     1
 74
     1
176
     1
 91
        4
176
     1
 64
     7
176
     1
 65
   257
176
     1
 75
     1
176
     1
175
     1
176
     1
 42
1.0
176
     1
 92
       12
176
     1
 66
     7
176
     1
 43
1.0
176
     1
 76
     1
176
     1
 77
     6
176
     1
 78
     2
176
     1
 67
     7
176
     1
 79
     5
176
     1
170
     0
176
     1
171
     0
176
     1
290
     0
176
     1
 93
        1
176
     1
 44
0.0
176
     1
173
     0
176
     1
  0
VISUALSTYLE
  5
30
102
{ACAD_REACTORS
330
2A
102
}
102
{ACAD_XDICTIONARY
360
90
102
}
330
2A
100
AcDbVisualStyle
  2
Wireframe
 70
     5
177
     2
291
     0
 71
     0
176
     1
 72
     2
176
     1
 73
     0
176
     1
 90
        0
176
     1
 40
0.6
176
     1
 41
30.0
176
     1
 62
     5
 63
     7
421
 16777215
176
     1
 74
     1
176
     1
 91
        4
176
     1
 64
     7
176
     1
 65
   257
176
     1
 75
     1
176
     1
175
     1
176
     1
 42
1.0
176
     1
 92
        0
176
     1
 66
   257
176
     1
 43
1.0
176
     1
 76
     1
176
     1
 77
     6
176
     1
 78
     2
176
     1
 67
     7
176
     1
 79
     3
176
     1
170
     0
176
     1
171
     0
176
     1
290
     0
176
     1
 93
        1
176
     1
 44
0.0
176
     1
173
     0
176
     1
  0
VISUALSTYLE
  5
40
102
{ACAD_REACTORS
330
2A
102
}
102
{ACAD_XDICTIONARY
360
B0
102
}
330
2A
100
AcDbVisualStyle
  2
X-Ray
 70
    25
177
     2
291
     0
 71
     2
176
     1
 72
     2
176
     1
 73
     1
176
     1
 90
        1
176
     1
 40
0.5
176
     1
 41
30.0
176
     1
 62
     5
 63
     7
421
 16777215
176
     1
 74
     1
176
     1
 91
        0
176
     1
 64
     7
176
     1
 65
   257
176
     1
 75
     1
176
     1
175
     1
176
     1
 42
1.0
176
     1
 92
        8
176
     1
 66
     7
176
     1
 43
1.0
176
     1
 76
     1
176
     1
 77
     6
176
     1
 78
     2
176
     1
 67
     7
176
     1
 79
     3
176
     1
170
     0
176
     1
171
     0
176
     1
290
     0
176
     1
 93
       13
176
     1
 44
0.0
176
     1
173
     0
176
     1
  0
DICTIONARYVAR
  5
85
102
{ACAD_REACTORS
330
84
102
}
330
84
100
DictionaryVariables
280
     0
  1
1:1
  0
DICTIONARYVAR
  5
BD
102
{ACAD_REACTORS
330
84
102
}
330
84
100
DictionaryVariables
280
     0
  1
3.500000
  0
DICTIONARYVAR
  5
BE
102
{ACAD_REACTORS
330
84
102
}
330
84
100
DictionaryVariables
280
     0
  1
acadiso.lin
  0
DICTIONARYVAR
  5
BA
102
{ACAD_REACTORS
330
84
102
}
330
84
100
DictionaryVariables
280
     0
  1
Standard
  0
DICTIONARYVAR
  5
B9
102
{ACAD_REACTORS
330
84
102
}
330
84
100
DictionaryVariables
280
     0
  1
Standard
  0
DICTIONARY
  5
B6
330
5A
100
AcDbDictionary
280
     1
281
     1
  3
ACAD_ROUNDTRIP_2008_TABLESTYLE_CELLSTYLEMAP
360
B7
  0
DICTIONARY
  5
8E
330
2F
100
AcDbDictionary
280
     1
281
     1
  3
ACAD_XREC_ROUNDTRIP
360
8F
  0
DICTIONARY
  5
94
330
32
100
AcDbDictionary
280
     1
281
     1
  3
ACAD_XREC_ROUNDTRIP
360
95
  0
DICTIONARY
  5
9C
330
36
100
AcDbDictionary
280
     1
281
     1
  3
ACAD_XREC_ROUNDTRIP
360
9D
  0
DICTIONARY
  5
A4
330
3A
100
AcDbDictionary
280
     1
281
     1
  3
ACAD_XREC_ROUNDTRIP
360
A5
  0
DICTIONARY
  5
98
330
34
100
AcDbDictionary
280
     1
281
     1
  3
ACAD_XREC_ROUNDTRIP
360
99
  0
DICTIONARY
  5
9A
330
35
100
AcDbDictionary
280
     1
281
     1
  3
ACAD_XREC_ROUNDTRIP
360
9B
  0
DICTIONARY
  5
AA
330
3D
100
AcDbDictionary
280
     1
281
     1
  3
ACAD_XREC_ROUNDTRIP
360
AB
  0
DICTIONARY
  5
A2
330
39
100
AcDbDictionary
280
     1
281
     1
  3
ACAD_XREC_ROUNDTRIP
360
A3
  0
DICTIONARY
  5
86
330
2B
100
AcDbDictionary
280
     1
281
     1
  3
ACAD_XREC_ROUNDTRIP
360
87
  0
DICTIONARY
  5
88
330
2C
100
AcDbDictionary
280
     1
281
     1
  3
ACAD_XREC_ROUNDTRIP
360
89
  0
DICTIONARY
  5
8A
330
2D
100
AcDbDictionary
280
     1
281
     1
  3
ACAD_XREC_ROUNDTRIP
360
8B
  0
DICTIONARY
  5
8C
330
2E
100
AcDbDictionary
280
     1
281
     1
  3
ACAD_XREC_ROUNDTRIP
360
8D
  0
DICTIONARY
  5
92
330
31
100
AcDbDictionary
280
     1
281
     1
  3
ACAD_XREC_ROUNDTRIP
360
93
  0
DICTIONARY
  5
A6
330
3B
100
AcDbDictionary
280
     1
281
     1
  3
ACAD_XREC_ROUNDTRIP
360
A7
  0
DICTIONARY
  5
A0
330
38
100
AcDbDictionary
280
     1
281
     1
  3
ACAD_XREC_ROUNDTRIP
360
A1
  0
DICTIONARY
  5
A8
330
3C
100
AcDbDictionary
280
     1
281
     1
  3
ACAD_XREC_ROUNDTRIP
360
A9
  0
DICTIONARY
  5
96
330
33
100
AcDbDictionary
280
     1
281
     1
  3
ACAD_XREC_ROUNDTRIP
360
97
  0
DICTIONARY
  5
B4
330
42
100
AcDbDictionary
280
     1
281
     1
  3
ACAD_XREC_ROUNDTRIP
360
B5
  0
DICTIONARY
  5
B2
330
41
100
AcDbDictionary
280
     1
281
     1
  3
ACAD_XREC_ROUNDTRIP
360
B3
  0
DICTIONARY
  5
AC
330
3E
100
AcDbDictionary
280
     1
281
     1
  3
ACAD_XREC_ROUNDTRIP
360
AD
  0
DICTIONARY
  5
AE
330
3F
100
AcDbDictionary
280
     1
281
     1
  3
ACAD_XREC_ROUNDTRIP
360
AF
  0
DICTIONARY
  5
9E
330
37
100
AcDbDictionary
280
     1
281
     1
  3
ACAD_XREC_ROUNDTRIP
360
9F
  0
DICTIONARY
  5
90
330
30
100
AcDbDictionary
280
     1
281
     1
  3
ACAD_XREC_ROUNDTRIP
360
91
  0
DICTIONARY
  5
B0
330
40
100
AcDbDictionary
280
     1
281
     1
  3
ACAD_XREC_ROUNDTRIP
360
B1
  0
CELLSTYLEMAP
  5
B7
102
{ACAD_REACTORS
330
B6
102
}
330
B6
100
AcDbCellStyleMap
 90
        3
300
CELLSTYLE
  1
TABLEFORMAT_BEGIN
 90
        5
170
     1
 91
        0
 92
    32768
 62
   257
 93
        1
300
CONTENTFORMAT
  1
CONTENTFORMAT_BEGIN
 90
        0
 91
        0
 92
        4
 93
        0
300

 40
0.0
140
1.0
 94
        5
 62
     0
340
11
144
6.0
309
CONTENTFORMAT_END
171
     1
301
MARGIN
  1
CELLMARGIN_BEGIN
 40
1.5
 40
1.5
 40
1.5
 40
1.5
 40
1.5
 40
1.5
309
CELLMARGIN_END
 94
        6
 95
        1
302
GRIDFORMAT
  1
GRIDFORMAT_BEGIN
 90
        0
 91
        1
 62
     0
 92
       -2
340
14
 93
        0
 40
0.045
309
GRIDFORMAT_END
 95
        2
302
GRIDFORMAT
  1
GRIDFORMAT_BEGIN
 90
        0
 91
        1
 62
     0
 92
       -2
340
14
 93
        0
 40
0.045
309
GRIDFORMAT_END
 95
        4
302
GRIDFORMAT
  1
GRIDFORMAT_BEGIN
 90
        0
 91
        1
 62
     0
 92
       -2
340
14
 93
        0
 40
0.045
309
GRIDFORMAT_END
 95
        8
302
GRIDFORMAT
  1
GRIDFORMAT_BEGIN
 90
        0
 91
        1
 62
     0
 92
       -2
340
14
 93
        0
 40
0.045
309
GRIDFORMAT_END
 95
       16
302
GRIDFORMAT
  1
GRIDFORMAT_BEGIN
 90
        0
 91
        1
 62
     0
 92
       -2
340
14
 93
        0
 40
0.045
309
GRIDFORMAT_END
 95
       32
302
GRIDFORMAT
  1
GRIDFORMAT_BEGIN
 90
        0
 91
        1
 62
     0
 92
       -2
340
14
 93
        0
 40
0.045
309
GRIDFORMAT_END
309
TABLEFORMAT_END
  1
CELLSTYLE_BEGIN
 90
        1
 91
        1
300
_TITLE
309
CELLSTYLE_END
300
CELLSTYLE
  1
TABLEFORMAT_BEGIN
 90
        5
170
     1
 91
        0
 92
        0
 62
   257
 93
        1
300
CONTENTFORMAT
  1
CONTENTFORMAT_BEGIN
 90
        0
 91
        0
 92
        4
 93
        0
300

 40
0.0
140
1.0
 94
        5
 62
     0
340
11
144
4.5
309
CONTENTFORMAT_END
171
     1
301
MARGIN
  1
CELLMARGIN_BEGIN
 40
1.5
 40
1.5
 40
1.5
 40
1.5
 40
1.5
 40
1.5
309
CELLMARGIN_END
 94
        6
 95
        1
302
GRIDFORMAT
  1
GRIDFORMAT_BEGIN
 90
        0
 91
        1
 62
     0
 92
       -2
340
14
 93
        0
 40
0.045
309
GRIDFORMAT_END
 95
        2
302
GRIDFORMAT
  1
GRIDFORMAT_BEGIN
 90
        0
 91
        1
 62
     0
 92
       -2
340
14
 93
        0
 40
0.045
309
GRIDFORMAT_END
 95
        4
302
GRIDFORMAT
  1
GRIDFORMAT_BEGIN
 90
        0
 91
        1
 62
     0
 92
       -2
340
14
 93
        0
 40
0.045
309
GRIDFORMAT_END
 95
        8
302
GRIDFORMAT
  1
GRIDFORMAT_BEGIN
 90
        0
 91
        1
 62
     0
 92
       -2
340
14
 93
        0
 40
0.045
309
GRIDFORMAT_END
 95
       16
302
GRIDFORMAT
  1
GRIDFORMAT_BEGIN
 90
        0
 91
        1
 62
     0
 92
       -2
340
14
 93
        0
 40
0.045
309
GRIDFORMAT_END
 95
       32
302
GRIDFORMAT
  1
GRIDFORMAT_BEGIN
 90
        0
 91
        1
 62
     0
 92
       -2
340
14
 93
        0
 40
0.045
309
GRIDFORMAT_END
309
TABLEFORMAT_END
  1
CELLSTYLE_BEGIN
 90
        2
 91
        1
300
_HEADER
309
CELLSTYLE_END
300
CELLSTYLE
  1
TABLEFORMAT_BEGIN
 90
        5
170
     1
 91
        0
 92
        0
 62
   257
 93
        1
300
CONTENTFORMAT
  1
CONTENTFORMAT_BEGIN
 90
        0
 91
        0
 92
        4
 93
        0
300

 40
0.0
140
1.0
 94
        2
 62
     0
340
11
144
4.5
309
CONTENTFORMAT_END
171
     1
301
MARGIN
  1
CELLMARGIN_BEGIN
 40
1.5
 40
1.5
 40
1.5
 40
1.5
 40
1.5
 40
1.5
309
CELLMARGIN_END
 94
        6
 95
        1
302
GRIDFORMAT
  1
GRIDFORMAT_BEGIN
 90
        0
 91
        1
 62
     0
 92
       -2
340
14
 93
        0
 40
0.045
309
GRIDFORMAT_END
 95
        2
302
GRIDFORMAT
  1
GRIDFORMAT_BEGIN
 90
        0
 91
        1
 62
     0
 92
       -2
340
14
 93
        0
 40
0.045
309
GRIDFORMAT_END
 95
        4
302
GRIDFORMAT
  1
GRIDFORMAT_BEGIN
 90
        0
 91
        1
 62
     0
 92
       -2
340
14
 93
        0
 40
0.045
309
GRIDFORMAT_END
 95
        8
302
GRIDFORMAT
  1
GRIDFORMAT_BEGIN
 90
        0
 91
        1
 62
     0
 92
       -2
340
14
 93
        0
 40
0.045
309
GRIDFORMAT_END
 95
       16
302
GRIDFORMAT
  1
GRIDFORMAT_BEGIN
 90
        0
 91
        1
 62
     0
 92
       -2
340
14
 93
        0
 40
0.045
309
GRIDFORMAT_END
 95
       32
302
GRIDFORMAT
  1
GRIDFORMAT_BEGIN
 90
        0
 91
        1
 62
     0
 92
       -2
340
14
 93
        0
 40
0.045
309
GRIDFORMAT_END
309
TABLEFORMAT_END
  1
CELLSTYLE_BEGIN
 90
        3
 91
        2
300
_DATA
309
CELLSTYLE_END
  0
XRECORD
  5
8F
102
{ACAD_REACTORS
330
8E
102
}
330
8E
100
AcDbXrecord
280
     1
102
RTVSPost2010Prop28
280
     1
102
RTVSPost2010PropOp28
 70
     1
102
RTVSPost2010Prop29
280
     1
102
RTVSPost2010PropOp29
 70
     1
102
RTVSPost2010Prop30
280
     0
102
RTVSPost2010PropOp30
 70
     1
102
RTVSPost2010Prop31
280
     0
102
RTVSPost2010PropOp31
 70
     1
102
RTVSPost2010Prop32
280
     0
102
RTVSPost2010PropOp32
 70
     1
102
RTVSPost2010Prop33
280
     0
102
RTVSPost2010PropOp33
 70
     1
102
RTVSPost2010Prop34
280
     0
102
RTVSPost2010PropOp34
 70
     1
102
RTVSPost2010Prop35
280
     0
102
RTVSPost2010PropOp35
 70
     1
102
RTVSPost2010Prop36
280
     0
102
RTVSPost2010PropOp36
 70
     1
102
RTVSPost2010Prop37
 90
       50
102
RTVSPost2010PropOp37
 70
     1
102
RTVSPost2010Prop38
140
0.0
102
RTVSPost2010PropOp38
 70
     1
102
RTVSPost2010Prop39
140
1.0
102
RTVSPost2010PropOp39
 70
     1
102
RTVSPost2010Prop40
 90
        0
102
RTVSPost2010PropOp40
 70
     1
102
RTVSPost2010Prop41ColorIndex
 90
       18
102
RTVSPost2010Prop41ColorRGB
 90
        0
102
RTVSPost2010PropOp41
 70
     1
102
RTVSPost2010Prop42
 90
       50
102
RTVSPost2010PropOp42
 70
     1
102
RTVSPost2010Prop43
 90
        3
102
RTVSPost2010PropOp43
 70
     1
102
RTVSPost2010Prop44ColorIndex
 90
        5
102
RTVSPost2010Prop44ColorRGB
 90
      255
102
RTVSPost2010PropOp44
 70
     1
102
RTVSPost2010Prop45
280
     0
102
RTVSPost2010PropOp45
 70
     1
102
RTVSPost2010Prop46
 90
       50
102
RTVSPost2010PropOp46
 70
     1
102
RTVSPost2010Prop47
 90
       50
102
RTVSPost2010PropOp47
 70
     1
102
RTVSPost2010Prop48
 90
       50
102
RTVSPost2010PropOp48
 70
     1
102
RTVSPost2010Prop49
280
     0
102
RTVSPost2010PropOp49
 70
     1
102
RTVSPost2010Prop50
 90
       50
102
RTVSPost2010PropOp50
 70
     1
102
RTVSPost2010Prop51ColorIndex
 90
      256
102
RTVSPost2010Prop51ColorRGB
 90
-16777216
102
RTVSPost2010PropOp51
 70
     0
102
RTVSPost2010Prop52
140
1.0
102
RTVSPost2010PropOp52
 70
     0
102
RTVSPost2010Prop53
 90
        2
102
RTVSPost2010PropOp53
 70
     1
102
RTVSPost2010Prop54
  1
strokes_ogs.tif
102
RTVSPost2010PropOp54
 70
     1
102
RTVSPost2010Prop55
280
     0
102
RTVSPost2010PropOp55
 70
     1
102
RTVSPost2010Prop56
140
1.0
102
RTVSPost2010PropOp56
 70
     1
102
RTVSPost2010Prop57
140
1.0
102
RTVSPost2010PropOp57
 70
     1
  0
XRECORD
  5
95
102
{ACAD_REACTORS
330
94
102
}
330
94
100
AcDbXrecord
280
     1
102
RTVSPost2010Prop28
280
     0
102
RTVSPost2010PropOp28
 70
     1
102
RTVSPost2010Prop29
280
     1
102
RTVSPost2010PropOp29
 70
     1
102
RTVSPost2010Prop30
280
     1
102
RTVSPost2010PropOp30
 70
     1
102
RTVSPost2010Prop31
280
     0
102
RTVSPost2010PropOp31
 70
     1
102
RTVSPost2010Prop32
280
     0
102
RTVSPost2010PropOp32
 70
     1
102
RTVSPost2010Prop33
280
     0
102
RTVSPost2010PropOp33
 70
     1
102
RTVSPost2010Prop34
280
     0
102
RTVSPost2010PropOp34
 70
     1
102
RTVSPost2010Prop35
280
     0
102
RTVSPost2010PropOp35
 70
     1
102
RTVSPost2010Prop36
280
     0
102
RTVSPost2010PropOp36
 70
     1
102
RTVSPost2010Prop37
 90
       50
102
RTVSPost2010PropOp37
 70
     1
102
RTVSPost2010Prop38
140
0.0
102
RTVSPost2010PropOp38
 70
     1
102
RTVSPost2010Prop39
140
1.0
102
RTVSPost2010PropOp39
 70
     1
102
RTVSPost2010Prop40
 90
        0
102
RTVSPost2010PropOp40
 70
     1
102
RTVSPost2010Prop41ColorIndex
 90
       18
102
RTVSPost2010Prop41ColorRGB
 90
        0
102
RTVSPost2010PropOp41
 70
     1
102
RTVSPost2010Prop42
 90
       50
102
RTVSPost2010PropOp42
 70
     1
102
RTVSPost2010Prop43
 90
        3
102
RTVSPost2010PropOp43
 70
     1
102
RTVSPost2010Prop44ColorIndex
 90
        5
102
RTVSPost2010Prop44ColorRGB
 90
      255
102
RTVSPost2010PropOp44
 70
     1
102
RTVSPost2010Prop45
280
     0
102
RTVSPost2010PropOp45
 70
     1
102
RTVSPost2010Prop46
 90
       50
102
RTVSPost2010PropOp46
 70
     1
102
RTVSPost2010Prop47
 90
       50
102
RTVSPost2010PropOp47
 70
     1
102
RTVSPost2010Prop48
 90
       50
102
RTVSPost2010PropOp48
 70
     1
102
RTVSPost2010Prop49
280
     0
102
RTVSPost2010PropOp49
 70
     1
102
RTVSPost2010Prop50
 90
       50
102
RTVSPost2010PropOp50
 70
     1
102
RTVSPost2010Prop51ColorIndex
 90
      256
102
RTVSPost2010Prop51ColorRGB
 90
-16777216
102
RTVSPost2010PropOp51
 70
     0
102
RTVSPost2010Prop52
140
1.0
102
RTVSPost2010PropOp52
 70
     0
102
RTVSPost2010Prop53
 90
        2
102
RTVSPost2010PropOp53
 70
     1
102
RTVSPost2010Prop54
  1
strokes_ogs.tif
102
RTVSPost2010PropOp54
 70
     1
102
RTVSPost2010Prop55
280
     0
102
RTVSPost2010PropOp55
 70
     1
102
RTVSPost2010Prop56
140
1.0
102
RTVSPost2010PropOp56
 70
     1
102
RTVSPost2010Prop57
140
1.0
102
RTVSPost2010PropOp57
 70
     1
  0
XRECORD
  5
9D
102
{ACAD_REACTORS
330
9C
102
}
330
9C
100
AcDbXrecord
280
     1
102
RTVSPost2010Prop28
280
     0
102
RTVSPost2010PropOp28
 70
     1
102
RTVSPost2010Prop29
280
     1
102
RTVSPost2010PropOp29
 70
     1
102
RTVSPost2010Prop30
280
     1
102
RTVSPost2010PropOp30
 70
     1
102
RTVSPost2010Prop31
280
     0
102
RTVSPost2010PropOp31
 70
     1
102
RTVSPost2010Prop32
280
     0
102
RTVSPost2010PropOp32
 70
     1
102
RTVSPost2010Prop33
280
     0
102
RTVSPost2010PropOp33
 70
     1
102
RTVSPost2010Prop34
280
     0
102
RTVSPost2010PropOp34
 70
     1
102
RTVSPost2010Prop35
280
     0
102
RTVSPost2010PropOp35
 70
     1
102
RTVSPost2010Prop36
280
     0
102
RTVSPost2010PropOp36
 70
     1
102
RTVSPost2010Prop37
 90
       50
102
RTVSPost2010PropOp37
 70
     1
102
RTVSPost2010Prop38
140
0.0
102
RTVSPost2010PropOp38
 70
     1
102
RTVSPost2010Prop39
140
1.0
102
RTVSPost2010PropOp39
 70
     1
102
RTVSPost2010Prop40
 90
        0
102
RTVSPost2010PropOp40
 70
     1
102
RTVSPost2010Prop41ColorIndex
 90
       18
102
RTVSPost2010Prop41ColorRGB
 90
        0
102
RTVSPost2010PropOp41
 70
     1
102
RTVSPost2010Prop42
 90
       50
102
RTVSPost2010PropOp42
 70
     1
102
RTVSPost2010Prop43
 90
        3
102
RTVSPost2010PropOp43
 70
     1
102
RTVSPost2010Prop44ColorIndex
 90
        5
102
RTVSPost2010Prop44ColorRGB
 90
      255
102
RTVSPost2010PropOp44
 70
     1
102
RTVSPost2010Prop45
280
     0
102
RTVSPost2010PropOp45
 70
     1
102
RTVSPost2010Prop46
 90
       50
102
RTVSPost2010PropOp46
 70
     1
102
RTVSPost2010Prop47
 90
       50
102
RTVSPost2010PropOp47
 70
     1
102
RTVSPost2010Prop48
 90
       50
102
RTVSPost2010PropOp48
 70
     1
102
RTVSPost2010Prop49
280
     0
102
RTVSPost2010PropOp49
 70
     1
102
RTVSPost2010Prop50
 90
       50
102
RTVSPost2010PropOp50
 70
     1
102
RTVSPost2010Prop51ColorIndex
 90
      256
102
RTVSPost2010Prop51ColorRGB
 90
-16777216
102
RTVSPost2010PropOp51
 70
     0
102
RTVSPost2010Prop52
140
1.0
102
RTVSPost2010PropOp52
 70
     0
102
RTVSPost2010Prop53
 90
        2
102
RTVSPost2010PropOp53
 70
     1
102
RTVSPost2010Prop54
  1
strokes_ogs.tif
102
RTVSPost2010PropOp54
 70
     1
102
RTVSPost2010Prop55
280
     0
102
RTVSPost2010PropOp55
 70
     1
102
RTVSPost2010Prop56
140
1.0
102
RTVSPost2010PropOp56
 70
     1
102
RTVSPost2010Prop57
140
1.0
102
RTVSPost2010PropOp57
 70
     1
  0
XRECORD
  5
A5
102
{ACAD_REACTORS
330
A4
102
}
330
A4
100
AcDbXrecord
280
     1
102
RTVSPost2010Prop28
280
     0
102
RTVSPost2010PropOp28
 70
     1
102
RTVSPost2010Prop29
280
     1
102
RTVSPost2010PropOp29
 70
     1
102
RTVSPost2010Prop30
280
     1
102
RTVSPost2010PropOp30
 70
     1
102
RTVSPost2010Prop31
280
     0
102
RTVSPost2010PropOp31
 70
     1
102
RTVSPost2010Prop32
280
     0
102
RTVSPost2010PropOp32
 70
     1
102
RTVSPost2010Prop33
280
     0
102
RTVSPost2010PropOp33
 70
     1
102
RTVSPost2010Prop34
280
     0
102
RTVSPost2010PropOp34
 70
     1
102
RTVSPost2010Prop35
280
     0
102
RTVSPost2010PropOp35
 70
     1
102
RTVSPost2010Prop36
280
     0
102
RTVSPost2010PropOp36
 70
     1
102
RTVSPost2010Prop37
 90
       50
102
RTVSPost2010PropOp37
 70
     1
102
RTVSPost2010Prop38
140
0.0
102
RTVSPost2010PropOp38
 70
     1
102
RTVSPost2010Prop39
140
1.0
102
RTVSPost2010PropOp39
 70
     1
102
RTVSPost2010Prop40
 90
        0
102
RTVSPost2010PropOp40
 70
     1
102
RTVSPost2010Prop41ColorIndex
 90
       18
102
RTVSPost2010Prop41ColorRGB
 90
        0
102
RTVSPost2010PropOp41
 70
     1
102
RTVSPost2010Prop42
 90
       50
102
RTVSPost2010PropOp42
 70
     1
102
RTVSPost2010Prop43
 90
        3
102
RTVSPost2010PropOp43
 70
     1
102
RTVSPost2010Prop44ColorIndex
 90
        5
102
RTVSPost2010Prop44ColorRGB
 90
      255
102
RTVSPost2010PropOp44
 70
     1
102
RTVSPost2010Prop45
280
     0
102
RTVSPost2010PropOp45
 70
     1
102
RTVSPost2010Prop46
 90
       50
102
RTVSPost2010PropOp46
 70
     1
102
RTVSPost2010Prop47
 90
       50
102
RTVSPost2010PropOp47
 70
     1
102
RTVSPost2010Prop48
 90
       50
102
RTVSPost2010PropOp48
 70
     1
102
RTVSPost2010Prop49
280
     0
102
RTVSPost2010PropOp49
 70
     1
102
RTVSPost2010Prop50
 90
       50
102
RTVSPost2010PropOp50
 70
     1
102
RTVSPost2010Prop51ColorIndex
 90
      256
102
RTVSPost2010Prop51ColorRGB
 90
-16777216
102
RTVSPost2010PropOp51
 70
     0
102
RTVSPost2010Prop52
140
1.0
102
RTVSPost2010PropOp52
 70
     0
102
RTVSPost2010Prop53
 90
        2
102
RTVSPost2010PropOp53
 70
     1
102
RTVSPost2010Prop54
  1
strokes_ogs.tif
102
RTVSPost2010PropOp54
 70
     1
102
RTVSPost2010Prop55
280
     0
102
RTVSPost2010PropOp55
 70
     1
102
RTVSPost2010Prop56
140
1.0
102
RTVSPost2010PropOp56
 70
     1
102
RTVSPost2010Prop57
140
1.0
102
RTVSPost2010PropOp57
 70
     1
  0
XRECORD
  5
99
102
{ACAD_REACTORS
330
98
102
}
330
98
100
AcDbXrecord
280
     1
102
RTVSPost2010Prop28
280
     0
102
RTVSPost2010PropOp28
 70
     1
102
RTVSPost2010Prop29
280
     1
102
RTVSPost2010PropOp29
 70
     1
102
RTVSPost2010Prop30
280
     1
102
RTVSPost2010PropOp30
 70
     1
102
RTVSPost2010Prop31
280
     0
102
RTVSPost2010PropOp31
 70
     1
102
RTVSPost2010Prop32
280
     0
102
RTVSPost2010PropOp32
 70
     1
102
RTVSPost2010Prop33
280
     0
102
RTVSPost2010PropOp33
 70
     1
102
RTVSPost2010Prop34
280
     0
102
RTVSPost2010PropOp34
 70
     1
102
RTVSPost2010Prop35
280
     0
102
RTVSPost2010PropOp35
 70
     1
102
RTVSPost2010Prop36
280
     0
102
RTVSPost2010PropOp36
 70
     1
102
RTVSPost2010Prop37
 90
       50
102
RTVSPost2010PropOp37
 70
     1
102
RTVSPost2010Prop38
140
0.0
102
RTVSPost2010PropOp38
 70
     1
102
RTVSPost2010Prop39
140
1.0
102
RTVSPost2010PropOp39
 70
     1
102
RTVSPost2010Prop40
 90
        0
102
RTVSPost2010PropOp40
 70
     1
102
RTVSPost2010Prop41ColorIndex
 90
       18
102
RTVSPost2010Prop41ColorRGB
 90
        0
102
RTVSPost2010PropOp41
 70
     1
102
RTVSPost2010Prop42
 90
       50
102
RTVSPost2010PropOp42
 70
     1
102
RTVSPost2010Prop43
 90
        3
102
RTVSPost2010PropOp43
 70
     1
102
RTVSPost2010Prop44ColorIndex
 90
        5
102
RTVSPost2010Prop44ColorRGB
 90
      255
102
RTVSPost2010PropOp44
 70
     1
102
RTVSPost2010Prop45
280
     0
102
RTVSPost2010PropOp45
 70
     1
102
RTVSPost2010Prop46
 90
       50
102
RTVSPost2010PropOp46
 70
     1
102
RTVSPost2010Prop47
 90
       50
102
RTVSPost2010PropOp47
 70
     1
102
RTVSPost2010Prop48
 90
       50
102
RTVSPost2010PropOp48
 70
     1
102
RTVSPost2010Prop49
280
     0
102
RTVSPost2010PropOp49
 70
     1
102
RTVSPost2010Prop50
 90
       50
102
RTVSPost2010PropOp50
 70
     1
102
RTVSPost2010Prop51ColorIndex
 90
      256
102
RTVSPost2010Prop51ColorRGB
 90
-16777216
102
RTVSPost2010PropOp51
 70
     0
102
RTVSPost2010Prop52
140
1.0
102
RTVSPost2010PropOp52
 70
     0
102
RTVSPost2010Prop53
 90
        2
102
RTVSPost2010PropOp53
 70
     1
102
RTVSPost2010Prop54
  1
strokes_ogs.tif
102
RTVSPost2010PropOp54
 70
     1
102
RTVSPost2010Prop55
280
     0
102
RTVSPost2010PropOp55
 70
     1
102
RTVSPost2010Prop56
140
1.0
102
RTVSPost2010PropOp56
 70
     1
102
RTVSPost2010Prop57
140
1.0
102
RTVSPost2010PropOp57
 70
     1
  0
XRECORD
  5
9B
102
{ACAD_REACTORS
330
9A
102
}
330
9A
100
AcDbXrecord
280
     1
102
RTVSPost2010Prop28
280
     0
102
RTVSPost2010PropOp28
 70
     1
102
RTVSPost2010Prop29
280
     1
102
RTVSPost2010PropOp29
 70
     1
102
RTVSPost2010Prop30
280
     1
102
RTVSPost2010PropOp30
 70
     1
102
RTVSPost2010Prop31
280
     0
102
RTVSPost2010PropOp31
 70
     1
102
RTVSPost2010Prop32
280
     0
102
RTVSPost2010PropOp32
 70
     1
102
RTVSPost2010Prop33
280
     0
102
RTVSPost2010PropOp33
 70
     1
102
RTVSPost2010Prop34
280
     0
102
RTVSPost2010PropOp34
 70
     1
102
RTVSPost2010Prop35
280
     0
102
RTVSPost2010PropOp35
 70
     1
102
RTVSPost2010Prop36
280
     0
102
RTVSPost2010PropOp36
 70
     1
102
RTVSPost2010Prop37
 90
       50
102
RTVSPost2010PropOp37
 70
     1
102
RTVSPost2010Prop38
140
0.0
102
RTVSPost2010PropOp38
 70
     1
102
RTVSPost2010Prop39
140
1.0
102
RTVSPost2010PropOp39
 70
     1
102
RTVSPost2010Prop40
 90
        0
102
RTVSPost2010PropOp40
 70
     1
102
RTVSPost2010Prop41ColorIndex
 90
       18
102
RTVSPost2010Prop41ColorRGB
 90
        0
102
RTVSPost2010PropOp41
 70
     1
102
RTVSPost2010Prop42
 90
       50
102
RTVSPost2010PropOp42
 70
     1
102
RTVSPost2010Prop43
 90
        3
102
RTVSPost2010PropOp43
 70
     1
102
RTVSPost2010Prop44ColorIndex
 90
        5
102
RTVSPost2010Prop44ColorRGB
 90
      255
102
RTVSPost2010PropOp44
 70
     1
102
RTVSPost2010Prop45
280
     0
102
RTVSPost2010PropOp45
 70
     1
102
RTVSPost2010Prop46
 90
       50
102
RTVSPost2010PropOp46
 70
     1
102
RTVSPost2010Prop47
 90
       50
102
RTVSPost2010PropOp47
 70
     1
102
RTVSPost2010Prop48
 90
       50
102
RTVSPost2010PropOp48
 70
     1
102
RTVSPost2010Prop49
280
     0
102
RTVSPost2010PropOp49
 70
     1
102
RTVSPost2010Prop50
 90
       50
102
RTVSPost2010PropOp50
 70
     1
102
RTVSPost2010Prop51ColorIndex
 90
      256
102
RTVSPost2010Prop51ColorRGB
 90
-16777216
102
RTVSPost2010PropOp51
 70
     0
102
RTVSPost2010Prop52
140
1.0
102
RTVSPost2010PropOp52
 70
     0
102
RTVSPost2010Prop53
 90
        2
102
RTVSPost2010PropOp53
 70
     1
102
RTVSPost2010Prop54
  1
strokes_ogs.tif
102
RTVSPost2010PropOp54
 70
     1
102
RTVSPost2010Prop55
280
     0
102
RTVSPost2010PropOp55
 70
     1
102
RTVSPost2010Prop56
140
1.0
102
RTVSPost2010PropOp56
 70
     1
102
RTVSPost2010Prop57
140
1.0
102
RTVSPost2010PropOp57
 70
     1
  0
XRECORD
  5
AB
102
{ACAD_REACTORS
330
AA
102
}
330
AA
100
AcDbXrecord
280
     1
102
RTVSPost2010Prop28
280
     0
102
RTVSPost2010PropOp28
 70
     0
102
RTVSPost2010Prop29
280
     1
102
RTVSPost2010PropOp29
 70
     0
102
RTVSPost2010Prop30
280
     1
102
RTVSPost2010PropOp30
 70
     0
102
RTVSPost2010Prop31
280
     0
102
RTVSPost2010PropOp31
 70
     0
102
RTVSPost2010Prop32
280
     0
102
RTVSPost2010PropOp32
 70
     0
102
RTVSPost2010Prop33
280
     0
102
RTVSPost2010PropOp33
 70
     0
102
RTVSPost2010Prop34
280
     0
102
RTVSPost2010PropOp34
 70
     0
102
RTVSPost2010Prop35
280
     0
102
RTVSPost2010PropOp35
 70
     0
102
RTVSPost2010Prop36
280
     0
102
RTVSPost2010PropOp36
 70
     0
102
RTVSPost2010Prop37
 90
       50
102
RTVSPost2010PropOp37
 70
     0
102
RTVSPost2010Prop38
140
0.0
102
RTVSPost2010PropOp38
 70
     0
102
RTVSPost2010Prop39
140
1.0
102
RTVSPost2010PropOp39
 70
     0
102
RTVSPost2010Prop40
 90
        0
102
RTVSPost2010PropOp40
 70
     0
102
RTVSPost2010Prop41ColorIndex
 90
       18
102
RTVSPost2010Prop41ColorRGB
 90
        0
102
RTVSPost2010PropOp41
 70
     0
102
RTVSPost2010Prop42
 90
       50
102
RTVSPost2010PropOp42
 70
     0
102
RTVSPost2010Prop43
 90
        3
102
RTVSPost2010PropOp43
 70
     0
102
RTVSPost2010Prop44ColorIndex
 90
        5
102
RTVSPost2010Prop44ColorRGB
 90
      255
102
RTVSPost2010PropOp44
 70
     0
102
RTVSPost2010Prop45
280
     0
102
RTVSPost2010PropOp45
 70
     0
102
RTVSPost2010Prop46
 90
       50
102
RTVSPost2010PropOp46
 70
     0
102
RTVSPost2010Prop47
 90
       50
102
RTVSPost2010PropOp47
 70
     0
102
RTVSPost2010Prop48
 90
       50
102
RTVSPost2010PropOp48
 70
     0
102
RTVSPost2010Prop49
280
     0
102
RTVSPost2010PropOp49
 70
     0
102
RTVSPost2010Prop50
 90
       50
102
RTVSPost2010PropOp50
 70
     0
102
RTVSPost2010Prop51ColorIndex
 90
      256
102
RTVSPost2010Prop51ColorRGB
 90
-16777216
102
RTVSPost2010PropOp51
 70
     0
102
RTVSPost2010Prop52
140
1.0
102
RTVSPost2010PropOp52
 70
     0
102
RTVSPost2010Prop53
 90
        2
102
RTVSPost2010PropOp53
 70
     0
102
RTVSPost2010Prop54
  1
strokes_ogs.tif
102
RTVSPost2010PropOp54
 70
     0
102
RTVSPost2010Prop55
280
     0
102
RTVSPost2010PropOp55
 70
     0
102
RTVSPost2010Prop56
140
1.0
102
RTVSPost2010PropOp56
 70
     0
102
RTVSPost2010Prop57
140
1.0
102
RTVSPost2010PropOp57
 70
     0
  0
XRECORD
  5
A3
102
{ACAD_REACTORS
330
A2
102
}
330
A2
100
AcDbXrecord
280
     1
102
RTVSPost2010Prop28
280
     0
102
RTVSPost2010PropOp28
 70
     1
102
RTVSPost2010Prop29
280
     1
102
RTVSPost2010PropOp29
 70
     1
102
RTVSPost2010Prop30
280
     1
102
RTVSPost2010PropOp30
 70
     1
102
RTVSPost2010Prop31
280
     0
102
RTVSPost2010PropOp31
 70
     1
102
RTVSPost2010Prop32
280
     0
102
RTVSPost2010PropOp32
 70
     1
102
RTVSPost2010Prop33
280
     0
102
RTVSPost2010PropOp33
 70
     1
102
RTVSPost2010Prop34
280
     0
102
RTVSPost2010PropOp34
 70
     1
102
RTVSPost2010Prop35
280
     0
102
RTVSPost2010PropOp35
 70
     1
102
RTVSPost2010Prop36
280
     0
102
RTVSPost2010PropOp36
 70
     1
102
RTVSPost2010Prop37
 90
       50
102
RTVSPost2010PropOp37
 70
     1
102
RTVSPost2010Prop38
140
0.0
102
RTVSPost2010PropOp38
 70
     1
102
RTVSPost2010Prop39
140
1.0
102
RTVSPost2010PropOp39
 70
     1
102
RTVSPost2010Prop40
 90
        0
102
RTVSPost2010PropOp40
 70
     1
102
RTVSPost2010Prop41ColorIndex
 90
       18
102
RTVSPost2010Prop41ColorRGB
 90
        0
102
RTVSPost2010PropOp41
 70
     1
102
RTVSPost2010Prop42
 90
       50
102
RTVSPost2010PropOp42
 70
     1
102
RTVSPost2010Prop43
 90
        3
102
RTVSPost2010PropOp43
 70
     1
102
RTVSPost2010Prop44ColorIndex
 90
        5
102
RTVSPost2010Prop44ColorRGB
 90
      255
102
RTVSPost2010PropOp44
 70
     1
102
RTVSPost2010Prop45
280
     0
102
RTVSPost2010PropOp45
 70
     1
102
RTVSPost2010Prop46
 90
       50
102
RTVSPost2010PropOp46
 70
     1
102
RTVSPost2010Prop47
 90
       50
102
RTVSPost2010PropOp47
 70
     1
102
RTVSPost2010Prop48
 90
       50
102
RTVSPost2010PropOp48
 70
     1
102
RTVSPost2010Prop49
280
     0
102
RTVSPost2010PropOp49
 70
     1
102
RTVSPost2010Prop50
 90
       50
102
RTVSPost2010PropOp50
 70
     1
102
RTVSPost2010Prop51ColorIndex
 90
      256
102
RTVSPost2010Prop51ColorRGB
 90
-16777216
102
RTVSPost2010PropOp51
 70
     0
102
RTVSPost2010Prop52
140
1.0
102
RTVSPost2010PropOp52
 70
     0
102
RTVSPost2010Prop53
 90
        2
102
RTVSPost2010PropOp53
 70
     1
102
RTVSPost2010Prop54
  1
strokes_ogs.tif
102
RTVSPost2010PropOp54
 70
     1
102
RTVSPost2010Prop55
280
     0
102
RTVSPost2010PropOp55
 70
     1
102
RTVSPost2010Prop56
140
1.0
102
RTVSPost2010PropOp56
 70
     1
102
RTVSPost2010Prop57
140
1.0
102
RTVSPost2010PropOp57
 70
     1
  0
XRECORD
  5
87
102
{ACAD_REACTORS
330
86
102
}
330
86
100
AcDbXrecord
280
     1
102
RTVSPost2010Prop28
280
     0
102
RTVSPost2010PropOp28
 70
     1
102
RTVSPost2010Prop29
280
     1
102
RTVSPost2010PropOp29
 70
     1
102
RTVSPost2010Prop30
280
     1
102
RTVSPost2010PropOp30
 70
     1
102
RTVSPost2010Prop31
280
     0
102
RTVSPost2010PropOp31
 70
     1
102
RTVSPost2010Prop32
280
     0
102
RTVSPost2010PropOp32
 70
     1
102
RTVSPost2010Prop33
280
     0
102
RTVSPost2010PropOp33
 70
     1
102
RTVSPost2010Prop34
280
     0
102
RTVSPost2010PropOp34
 70
     1
102
RTVSPost2010Prop35
280
     0
102
RTVSPost2010PropOp35
 70
     1
102
RTVSPost2010Prop36
280
     0
102
RTVSPost2010PropOp36
 70
     1
102
RTVSPost2010Prop37
 90
       50
102
RTVSPost2010PropOp37
 70
     1
102
RTVSPost2010Prop38
140
0.0
102
RTVSPost2010PropOp38
 70
     1
102
RTVSPost2010Prop39
140
1.0
102
RTVSPost2010PropOp39
 70
     1
102
RTVSPost2010Prop40
 90
        0
102
RTVSPost2010PropOp40
 70
     1
102
RTVSPost2010Prop41ColorIndex
 90
       18
102
RTVSPost2010Prop41ColorRGB
 90
        0
102
RTVSPost2010PropOp41
 70
     1
102
RTVSPost2010Prop42
 90
       50
102
RTVSPost2010PropOp42
 70
     1
102
RTVSPost2010Prop43
 90
        3
102
RTVSPost2010PropOp43
 70
     1
102
RTVSPost2010Prop44ColorIndex
 90
        5
102
RTVSPost2010Prop44ColorRGB
 90
      255
102
RTVSPost2010PropOp44
 70
     1
102
RTVSPost2010Prop45
280
     0
102
RTVSPost2010PropOp45
 70
     1
102
RTVSPost2010Prop46
 90
       50
102
RTVSPost2010PropOp46
 70
     1
102
RTVSPost2010Prop47
 90
       50
102
RTVSPost2010PropOp47
 70
     1
102
RTVSPost2010Prop48
 90
       50
102
RTVSPost2010PropOp48
 70
     1
102
RTVSPost2010Prop49
280
     0
102
RTVSPost2010PropOp49
 70
     1
102
RTVSPost2010Prop50
 90
       50
102
RTVSPost2010PropOp50
 70
     1
102
RTVSPost2010Prop51ColorIndex
 90
      256
102
RTVSPost2010Prop51ColorRGB
 90
-16777216
102
RTVSPost2010PropOp51
 70
     0
102
RTVSPost2010Prop52
140
1.0
102
RTVSPost2010PropOp52
 70
     0
102
RTVSPost2010Prop53
 90
        2
102
RTVSPost2010PropOp53
 70
     1
102
RTVSPost2010Prop54
  1
strokes_ogs.tif
102
RTVSPost2010PropOp54
 70
     1
102
RTVSPost2010Prop55
280
     0
102
RTVSPost2010PropOp55
 70
     1
102
RTVSPost2010Prop56
140
1.0
102
RTVSPost2010PropOp56
 70
     1
102
RTVSPost2010Prop57
140
1.0
102
RTVSPost2010PropOp57
 70
     1
  0
XRECORD
  5
89
102
{ACAD_REACTORS
330
88
102
}
330
88
100
AcDbXrecord
280
     1
102
RTVSPost2010Prop28
280
     0
102
RTVSPost2010PropOp28
 70
     1
102
RTVSPost2010Prop29
280
     1
102
RTVSPost2010PropOp29
 70
     1
102
RTVSPost2010Prop30
280
     1
102
RTVSPost2010PropOp30
 70
     1
102
RTVSPost2010Prop31
280
     0
102
RTVSPost2010PropOp31
 70
     1
102
RTVSPost2010Prop32
280
     0
102
RTVSPost2010PropOp32
 70
     1
102
RTVSPost2010Prop33
280
     0
102
RTVSPost2010PropOp33
 70
     1
102
RTVSPost2010Prop34
280
     0
102
RTVSPost2010PropOp34
 70
     1
102
RTVSPost2010Prop35
280
     0
102
RTVSPost2010PropOp35
 70
     1
102
RTVSPost2010Prop36
280
     0
102
RTVSPost2010PropOp36
 70
     1
102
RTVSPost2010Prop37
 90
       50
102
RTVSPost2010PropOp37
 70
     1
102
RTVSPost2010Prop38
140
0.0
102
RTVSPost2010PropOp38
 70
     1
102
RTVSPost2010Prop39
140
1.0
102
RTVSPost2010PropOp39
 70
     1
102
RTVSPost2010Prop40
 90
        0
102
RTVSPost2010PropOp40
 70
     1
102
RTVSPost2010Prop41ColorIndex
 90
       18
102
RTVSPost2010Prop41ColorRGB
 90
        0
102
RTVSPost2010PropOp41
 70
     1
102
RTVSPost2010Prop42
 90
       50
102
RTVSPost2010PropOp42
 70
     1
102
RTVSPost2010Prop43
 90
        3
102
RTVSPost2010PropOp43
 70
     1
102
RTVSPost2010Prop44ColorIndex
 90
        5
102
RTVSPost2010Prop44ColorRGB
 90
      255
102
RTVSPost2010PropOp44
 70
     1
102
RTVSPost2010Prop45
280
     0
102
RTVSPost2010PropOp45
 70
     1
102
RTVSPost2010Prop46
 90
       50
102
RTVSPost2010PropOp46
 70
     1
102
RTVSPost2010Prop47
 90
       50
102
RTVSPost2010PropOp47
 70
     1
102
RTVSPost2010Prop48
 90
       50
102
RTVSPost2010PropOp48
 70
     1
102
RTVSPost2010Prop49
280
     0
102
RTVSPost2010PropOp49
 70
     1
102
RTVSPost2010Prop50
 90
       50
102
RTVSPost2010PropOp50
 70
     1
102
RTVSPost2010Prop51ColorIndex
 90
      256
102
RTVSPost2010Prop51ColorRGB
 90
-16777216
102
RTVSPost2010PropOp51
 70
     0
102
RTVSPost2010Prop52
140
1.0
102
RTVSPost2010PropOp52
 70
     0
102
RTVSPost2010Prop53
 90
        2
102
RTVSPost2010PropOp53
 70
     1
102
RTVSPost2010Prop54
  1
strokes_ogs.tif
102
RTVSPost2010PropOp54
 70
     1
102
RTVSPost2010Prop55
280
     0
102
RTVSPost2010PropOp55
 70
     1
102
RTVSPost2010Prop56
140
1.0
102
RTVSPost2010PropOp56
 70
     1
102
RTVSPost2010Prop57
140
1.0
102
RTVSPost2010PropOp57
 70
     1
  0
XRECORD
  5
8B
102
{ACAD_REACTORS
330
8A
102
}
330
8A
100
AcDbXrecord
280
     1
102
RTVSPost2010Prop28
280
     0
102
RTVSPost2010PropOp28
 70
     1
102
RTVSPost2010Prop29
280
     1
102
RTVSPost2010PropOp29
 70
     1
102
RTVSPost2010Prop30
280
     1
102
RTVSPost2010PropOp30
 70
     1
102
RTVSPost2010Prop31
280
     0
102
RTVSPost2010PropOp31
 70
     1
102
RTVSPost2010Prop32
280
     0
102
RTVSPost2010PropOp32
 70
     1
102
RTVSPost2010Prop33
280
     0
102
RTVSPost2010PropOp33
 70
     1
102
RTVSPost2010Prop34
280
     0
102
RTVSPost2010PropOp34
 70
     1
102
RTVSPost2010Prop35
280
     0
102
RTVSPost2010PropOp35
 70
     1
102
RTVSPost2010Prop36
280
     0
102
RTVSPost2010PropOp36
 70
     1
102
RTVSPost2010Prop37
 90
       50
102
RTVSPost2010PropOp37
 70
     1
102
RTVSPost2010Prop38
140
0.0
102
RTVSPost2010PropOp38
 70
     1
102
RTVSPost2010Prop39
140
1.0
102
RTVSPost2010PropOp39
 70
     1
102
RTVSPost2010Prop40
 90
        0
102
RTVSPost2010PropOp40
 70
     1
102
RTVSPost2010Prop41ColorIndex
 90
       18
102
RTVSPost2010Prop41ColorRGB
 90
        0
102
RTVSPost2010PropOp41
 70
     1
102
RTVSPost2010Prop42
 90
       50
102
RTVSPost2010PropOp42
 70
     1
102
RTVSPost2010Prop43
 90
        3
102
RTVSPost2010PropOp43
 70
     1
102
RTVSPost2010Prop44ColorIndex
 90
        5
102
RTVSPost2010Prop44ColorRGB
 90
      255
102
RTVSPost2010PropOp44
 70
     1
102
RTVSPost2010Prop45
280
     0
102
RTVSPost2010PropOp45
 70
     1
102
RTVSPost2010Prop46
 90
       50
102
RTVSPost2010PropOp46
 70
     1
102
RTVSPost2010Prop47
 90
       50
102
RTVSPost2010PropOp47
 70
     1
102
RTVSPost2010Prop48
 90
       50
102
RTVSPost2010PropOp48
 70
     1
102
RTVSPost2010Prop49
280
     0
102
RTVSPost2010PropOp49
 70
     1
102
RTVSPost2010Prop50
 90
       50
102
RTVSPost2010PropOp50
 70
     1
102
RTVSPost2010Prop51ColorIndex
 90
      256
102
RTVSPost2010Prop51ColorRGB
 90
-16777216
102
RTVSPost2010PropOp51
 70
     0
102
RTVSPost2010Prop52
140
1.0
102
RTVSPost2010PropOp52
 70
     0
102
RTVSPost2010Prop53
 90
        2
102
RTVSPost2010PropOp53
 70
     1
102
RTVSPost2010Prop54
  1
strokes_ogs.tif
102
RTVSPost2010PropOp54
 70
     1
102
RTVSPost2010Prop55
280
     0
102
RTVSPost2010PropOp55
 70
     1
102
RTVSPost2010Prop56
140
1.0
102
RTVSPost2010PropOp56
 70
     1
102
RTVSPost2010Prop57
140
1.0
102
RTVSPost2010PropOp57
 70
     1
  0
XRECORD
  5
8D
102
{ACAD_REACTORS
330
8C
102
}
330
8C
100
AcDbXrecord
280
     1
102
RTVSPost2010Prop28
280
     0
102
RTVSPost2010PropOp28
 70
     1
102
RTVSPost2010Prop29
280
     1
102
RTVSPost2010PropOp29
 70
     1
102
RTVSPost2010Prop30
280
     1
102
RTVSPost2010PropOp30
 70
     1
102
RTVSPost2010Prop31
280
     0
102
RTVSPost2010PropOp31
 70
     1
102
RTVSPost2010Prop32
280
     0
102
RTVSPost2010PropOp32
 70
     1
102
RTVSPost2010Prop33
280
     0
102
RTVSPost2010PropOp33
 70
     1
102
RTVSPost2010Prop34
280
     0
102
RTVSPost2010PropOp34
 70
     1
102
RTVSPost2010Prop35
280
     0
102
RTVSPost2010PropOp35
 70
     1
102
RTVSPost2010Prop36
280
     0
102
RTVSPost2010PropOp36
 70
     1
102
RTVSPost2010Prop37
 90
       50
102
RTVSPost2010PropOp37
 70
     1
102
RTVSPost2010Prop38
140
0.0
102
RTVSPost2010PropOp38
 70
     1
102
RTVSPost2010Prop39
140
1.0
102
RTVSPost2010PropOp39
 70
     1
102
RTVSPost2010Prop40
 90
        0
102
RTVSPost2010PropOp40
 70
     1
102
RTVSPost2010Prop41ColorIndex
 90
       18
102
RTVSPost2010Prop41ColorRGB
 90
        0
102
RTVSPost2010PropOp41
 70
     1
102
RTVSPost2010Prop42
 90
       50
102
RTVSPost2010PropOp42
 70
     1
102
RTVSPost2010Prop43
 90
        3
102
RTVSPost2010PropOp43
 70
     1
102
RTVSPost2010Prop44ColorIndex
 90
        5
102
RTVSPost2010Prop44ColorRGB
 90
      255
102
RTVSPost2010PropOp44
 70
     1
102
RTVSPost2010Prop45
280
     0
102
RTVSPost2010PropOp45
 70
     1
102
RTVSPost2010Prop46
 90
       50
102
RTVSPost2010PropOp46
 70
     1
102
RTVSPost2010Prop47
 90
       50
102
RTVSPost2010PropOp47
 70
     1
102
RTVSPost2010Prop48
 90
       50
102
RTVSPost2010PropOp48
 70
     1
102
RTVSPost2010Prop49
280
     0
102
RTVSPost2010PropOp49
 70
     1
102
RTVSPost2010Prop50
 90
       50
102
RTVSPost2010PropOp50
 70
     1
102
RTVSPost2010Prop51ColorIndex
 90
      256
102
RTVSPost2010Prop51ColorRGB
 90
-16777216
102
RTVSPost2010PropOp51
 70
     0
102
RTVSPost2010Prop52
140
1.0
102
RTVSPost2010PropOp52
 70
     0
102
RTVSPost2010Prop53
 90
        2
102
RTVSPost2010PropOp53
 70
     1
102
RTVSPost2010Prop54
  1
strokes_ogs.tif
102
RTVSPost2010PropOp54
 70
     1
102
RTVSPost2010Prop55
280
     0
102
RTVSPost2010PropOp55
 70
     1
102
RTVSPost2010Prop56
140
1.0
102
RTVSPost2010PropOp56
 70
     1
102
RTVSPost2010Prop57
140
1.0
102
RTVSPost2010PropOp57
 70
     1
  0
XRECORD
  5
93
102
{ACAD_REACTORS
330
92
102
}
330
92
100
AcDbXrecord
280
     1
102
RTVSPost2010Prop28
280
     0
102
RTVSPost2010PropOp28
 70
     1
102
RTVSPost2010Prop29
280
     1
102
RTVSPost2010PropOp29
 70
     1
102
RTVSPost2010Prop30
280
     1
102
RTVSPost2010PropOp30
 70
     1
102
RTVSPost2010Prop31
280
     0
102
RTVSPost2010PropOp31
 70
     1
102
RTVSPost2010Prop32
280
     0
102
RTVSPost2010PropOp32
 70
     1
102
RTVSPost2010Prop33
280
     0
102
RTVSPost2010PropOp33
 70
     1
102
RTVSPost2010Prop34
280
     0
102
RTVSPost2010PropOp34
 70
     1
102
RTVSPost2010Prop35
280
     0
102
RTVSPost2010PropOp35
 70
     1
102
RTVSPost2010Prop36
280
     0
102
RTVSPost2010PropOp36
 70
     1
102
RTVSPost2010Prop37
 90
       50
102
RTVSPost2010PropOp37
 70
     1
102
RTVSPost2010Prop38
140
0.0
102
RTVSPost2010PropOp38
 70
     1
102
RTVSPost2010Prop39
140
1.0
102
RTVSPost2010PropOp39
 70
     1
102
RTVSPost2010Prop40
 90
        0
102
RTVSPost2010PropOp40
 70
     1
102
RTVSPost2010Prop41ColorIndex
 90
       18
102
RTVSPost2010Prop41ColorRGB
 90
        0
102
RTVSPost2010PropOp41
 70
     1
102
RTVSPost2010Prop42
 90
       50
102
RTVSPost2010PropOp42
 70
     1
102
RTVSPost2010Prop43
 90
        3
102
RTVSPost2010PropOp43
 70
     1
102
RTVSPost2010Prop44ColorIndex
 90
        5
102
RTVSPost2010Prop44ColorRGB
 90
      255
102
RTVSPost2010PropOp44
 70
     1
102
RTVSPost2010Prop45
280
     0
102
RTVSPost2010PropOp45
 70
     1
102
RTVSPost2010Prop46
 90
       50
102
RTVSPost2010PropOp46
 70
     1
102
RTVSPost2010Prop47
 90
       50
102
RTVSPost2010PropOp47
 70
     1
102
RTVSPost2010Prop48
 90
       50
102
RTVSPost2010PropOp48
 70
     1
102
RTVSPost2010Prop49
280
     0
102
RTVSPost2010PropOp49
 70
     1
102
RTVSPost2010Prop50
 90
       50
102
RTVSPost2010PropOp50
 70
     1
102
RTVSPost2010Prop51ColorIndex
 90
      256
102
RTVSPost2010Prop51ColorRGB
 90
-16777216
102
RTVSPost2010PropOp51
 70
     0
102
RTVSPost2010Prop52
140
1.0
102
RTVSPost2010PropOp52
 70
     0
102
RTVSPost2010Prop53
 90
        2
102
RTVSPost2010PropOp53
 70
     1
102
RTVSPost2010Prop54
  1
strokes_ogs.tif
102
RTVSPost2010PropOp54
 70
     1
102
RTVSPost2010Prop55
280
     0
102
RTVSPost2010PropOp55
 70
     1
102
RTVSPost2010Prop56
140
1.0
102
RTVSPost2010PropOp56
 70
     1
102
RTVSPost2010Prop57
140
1.0
102
RTVSPost2010PropOp57
 70
     1
  0
XRECORD
  5
A7
102
{ACAD_REACTORS
330
A6
102
}
330
A6
100
AcDbXrecord
280
     1
102
RTVSPost2010Prop28
280
     0
102
RTVSPost2010PropOp28
 70
     0
102
RTVSPost2010Prop29
280
     1
102
RTVSPost2010PropOp29
 70
     0
102
RTVSPost2010Prop30
280
     1
102
RTVSPost2010PropOp30
 70
     0
102
RTVSPost2010Prop31
280
     0
102
RTVSPost2010PropOp31
 70
     0
102
RTVSPost2010Prop32
280
     0
102
RTVSPost2010PropOp32
 70
     0
102
RTVSPost2010Prop33
280
     0
102
RTVSPost2010PropOp33
 70
     0
102
RTVSPost2010Prop34
280
     0
102
RTVSPost2010PropOp34
 70
     0
102
RTVSPost2010Prop35
280
     0
102
RTVSPost2010PropOp35
 70
     0
102
RTVSPost2010Prop36
280
     0
102
RTVSPost2010PropOp36
 70
     0
102
RTVSPost2010Prop37
 90
       50
102
RTVSPost2010PropOp37
 70
     0
102
RTVSPost2010Prop38
140
0.0
102
RTVSPost2010PropOp38
 70
     0
102
RTVSPost2010Prop39
140
1.0
102
RTVSPost2010PropOp39
 70
     0
102
RTVSPost2010Prop40
 90
        0
102
RTVSPost2010PropOp40
 70
     0
102
RTVSPost2010Prop41ColorIndex
 90
       18
102
RTVSPost2010Prop41ColorRGB
 90
        0
102
RTVSPost2010PropOp41
 70
     0
102
RTVSPost2010Prop42
 90
       50
102
RTVSPost2010PropOp42
 70
     0
102
RTVSPost2010Prop43
 90
        3
102
RTVSPost2010PropOp43
 70
     0
102
RTVSPost2010Prop44ColorIndex
 90
        5
102
RTVSPost2010Prop44ColorRGB
 90
      255
102
RTVSPost2010PropOp44
 70
     0
102
RTVSPost2010Prop45
280
     0
102
RTVSPost2010PropOp45
 70
     0
102
RTVSPost2010Prop46
 90
       50
102
RTVSPost2010PropOp46
 70
     0
102
RTVSPost2010Prop47
 90
       50
102
RTVSPost2010PropOp47
 70
     0
102
RTVSPost2010Prop48
 90
       50
102
RTVSPost2010PropOp48
 70
     0
102
RTVSPost2010Prop49
280
     0
102
RTVSPost2010PropOp49
 70
     0
102
RTVSPost2010Prop50
 90
       50
102
RTVSPost2010PropOp50
 70
     0
102
RTVSPost2010Prop51ColorIndex
 90
      256
102
RTVSPost2010Prop51ColorRGB
 90
-16777216
102
RTVSPost2010PropOp51
 70
     0
102
RTVSPost2010Prop52
140
1.0
102
RTVSPost2010PropOp52
 70
     0
102
RTVSPost2010Prop53
 90
        2
102
RTVSPost2010PropOp53
 70
     0
102
RTVSPost2010Prop54
  1
strokes_ogs.tif
102
RTVSPost2010PropOp54
 70
     0
102
RTVSPost2010Prop55
280
     0
102
RTVSPost2010PropOp55
 70
     0
102
RTVSPost2010Prop56
140
1.0
102
RTVSPost2010PropOp56
 70
     0
102
RTVSPost2010Prop57
140
1.0
102
RTVSPost2010PropOp57
 70
     0
  0
XRECORD
  5
A1
102
{ACAD_REACTORS
330
A0
102
}
330
A0
100
AcDbXrecord
280
     1
102
RTVSPost2010Prop28
280
     0
102
RTVSPost2010PropOp28
 70
     1
102
RTVSPost2010Prop29
280
     1
102
RTVSPost2010PropOp29
 70
     1
102
RTVSPost2010Prop30
280
     1
102
RTVSPost2010PropOp30
 70
     1
102
RTVSPost2010Prop31
280
     0
102
RTVSPost2010PropOp31
 70
     1
102
RTVSPost2010Prop32
280
     0
102
RTVSPost2010PropOp32
 70
     1
102
RTVSPost2010Prop33
280
     0
102
RTVSPost2010PropOp33
 70
     1
102
RTVSPost2010Prop34
280
     0
102
RTVSPost2010PropOp34
 70
     1
102
RTVSPost2010Prop35
280
     0
102
RTVSPost2010PropOp35
 70
     1
102
RTVSPost2010Prop36
280
     0
102
RTVSPost2010PropOp36
 70
     1
102
RTVSPost2010Prop37
 90
       50
102
RTVSPost2010PropOp37
 70
     1
102
RTVSPost2010Prop38
140
0.0
102
RTVSPost2010PropOp38
 70
     1
102
RTVSPost2010Prop39
140
1.0
102
RTVSPost2010PropOp39
 70
     1
102
RTVSPost2010Prop40
 90
        0
102
RTVSPost2010PropOp40
 70
     1
102
RTVSPost2010Prop41ColorIndex
 90
       18
102
RTVSPost2010Prop41ColorRGB
 90
        0
102
RTVSPost2010PropOp41
 70
     1
102
RTVSPost2010Prop42
 90
       50
102
RTVSPost2010PropOp42
 70
     1
102
RTVSPost2010Prop43
 90
        3
102
RTVSPost2010PropOp43
 70
     1
102
RTVSPost2010Prop44ColorIndex
 90
        5
102
RTVSPost2010Prop44ColorRGB
 90
      255
102
RTVSPost2010PropOp44
 70
     1
102
RTVSPost2010Prop45
280
     0
102
RTVSPost2010PropOp45
 70
     1
102
RTVSPost2010Prop46
 90
       50
102
RTVSPost2010PropOp46
 70
     1
102
RTVSPost2010Prop47
 90
       50
102
RTVSPost2010PropOp47
 70
     1
102
RTVSPost2010Prop48
 90
       50
102
RTVSPost2010PropOp48
 70
     1
102
RTVSPost2010Prop49
280
     0
102
RTVSPost2010PropOp49
 70
     1
102
RTVSPost2010Prop50
 90
       50
102
RTVSPost2010PropOp50
 70
     1
102
RTVSPost2010Prop51ColorIndex
 90
      256
102
RTVSPost2010Prop51ColorRGB
 90
-16777216
102
RTVSPost2010PropOp51
 70
     0
102
RTVSPost2010Prop52
140
1.0
102
RTVSPost2010PropOp52
 70
     0
102
RTVSPost2010Prop53
 90
        2
102
RTVSPost2010PropOp53
 70
     1
102
RTVSPost2010Prop54
  1
strokes_ogs.tif
102
RTVSPost2010PropOp54
 70
     1
102
RTVSPost2010Prop55
280
     0
102
RTVSPost2010PropOp55
 70
     1
102
RTVSPost2010Prop56
140
1.0
102
RTVSPost2010PropOp56
 70
     1
102
RTVSPost2010Prop57
140
1.0
102
RTVSPost2010PropOp57
 70
     1
  0
XRECORD
  5
A9
102
{ACAD_REACTORS
330
A8
102
}
330
A8
100
AcDbXrecord
280
     1
102
RTVSPost2010Prop28
280
     0
102
RTVSPost2010PropOp28
 70
     0
102
RTVSPost2010Prop29
280
     1
102
RTVSPost2010PropOp29
 70
     0
102
RTVSPost2010Prop30
280
     1
102
RTVSPost2010PropOp30
 70
     0
102
RTVSPost2010Prop31
280
     0
102
RTVSPost2010PropOp31
 70
     0
102
RTVSPost2010Prop32
280
     0
102
RTVSPost2010PropOp32
 70
     0
102
RTVSPost2010Prop33
280
     0
102
RTVSPost2010PropOp33
 70
     0
102
RTVSPost2010Prop34
280
     0
102
RTVSPost2010PropOp34
 70
     0
102
RTVSPost2010Prop35
280
     0
102
RTVSPost2010PropOp35
 70
     0
102
RTVSPost2010Prop36
280
     0
102
RTVSPost2010PropOp36
 70
     0
102
RTVSPost2010Prop37
 90
       50
102
RTVSPost2010PropOp37
 70
     0
102
RTVSPost2010Prop38
140
0.0
102
RTVSPost2010PropOp38
 70
     0
102
RTVSPost2010Prop39
140
1.0
102
RTVSPost2010PropOp39
 70
     0
102
RTVSPost2010Prop40
 90
        0
102
RTVSPost2010PropOp40
 70
     0
102
RTVSPost2010Prop41ColorIndex
 90
       18
102
RTVSPost2010Prop41ColorRGB
 90
        0
102
RTVSPost2010PropOp41
 70
     0
102
RTVSPost2010Prop42
 90
       50
102
RTVSPost2010PropOp42
 70
     0
102
RTVSPost2010Prop43
 90
        3
102
RTVSPost2010PropOp43
 70
     0
102
RTVSPost2010Prop44ColorIndex
 90
        5
102
RTVSPost2010Prop44ColorRGB
 90
      255
102
RTVSPost2010PropOp44
 70
     0
102
RTVSPost2010Prop45
280
     0
102
RTVSPost2010PropOp45
 70
     0
102
RTVSPost2010Prop46
 90
       50
102
RTVSPost2010PropOp46
 70
     0
102
RTVSPost2010Prop47
 90
       50
102
RTVSPost2010PropOp47
 70
     0
102
RTVSPost2010Prop48
 90
       50
102
RTVSPost2010PropOp48
 70
     0
102
RTVSPost2010Prop49
280
     0
102
RTVSPost2010PropOp49
 70
     0
102
RTVSPost2010Prop50
 90
       50
102
RTVSPost2010PropOp50
 70
     0
102
RTVSPost2010Prop51ColorIndex
 90
      256
102
RTVSPost2010Prop51ColorRGB
 90
-16777216
102
RTVSPost2010PropOp51
 70
     0
102
RTVSPost2010Prop52
140
1.0
102
RTVSPost2010PropOp52
 70
     0
102
RTVSPost2010Prop53
 90
        2
102
RTVSPost2010PropOp53
 70
     0
102
RTVSPost2010Prop54
  1
strokes_ogs.tif
102
RTVSPost2010PropOp54
 70
     0
102
RTVSPost2010Prop55
280
     0
102
RTVSPost2010PropOp55
 70
     0
102
RTVSPost2010Prop56
140
1.0
102
RTVSPost2010PropOp56
 70
     0
102
RTVSPost2010Prop57
140
1.0
102
RTVSPost2010PropOp57
 70
     0
  0
XRECORD
  5
97
102
{ACAD_REACTORS
330
96
102
}
330
96
100
AcDbXrecord
280
     1
102
RTVSPost2010Prop28
280
     0
102
RTVSPost2010PropOp28
 70
     1
102
RTVSPost2010Prop29
280
     1
102
RTVSPost2010PropOp29
 70
     1
102
RTVSPost2010Prop30
280
     1
102
RTVSPost2010PropOp30
 70
     1
102
RTVSPost2010Prop31
280
     0
102
RTVSPost2010PropOp31
 70
     1
102
RTVSPost2010Prop32
280
     0
102
RTVSPost2010PropOp32
 70
     1
102
RTVSPost2010Prop33
280
     0
102
RTVSPost2010PropOp33
 70
     1
102
RTVSPost2010Prop34
280
     0
102
RTVSPost2010PropOp34
 70
     1
102
RTVSPost2010Prop35
280
     0
102
RTVSPost2010PropOp35
 70
     1
102
RTVSPost2010Prop36
280
     0
102
RTVSPost2010PropOp36
 70
     1
102
RTVSPost2010Prop37
 90
       50
102
RTVSPost2010PropOp37
 70
     1
102
RTVSPost2010Prop38
140
0.0
102
RTVSPost2010PropOp38
 70
     1
102
RTVSPost2010Prop39
140
1.0
102
RTVSPost2010PropOp39
 70
     1
102
RTVSPost2010Prop40
 90
        0
102
RTVSPost2010PropOp40
 70
     1
102
RTVSPost2010Prop41ColorIndex
 90
       18
102
RTVSPost2010Prop41ColorRGB
 90
        0
102
RTVSPost2010PropOp41
 70
     1
102
RTVSPost2010Prop42
 90
       50
102
RTVSPost2010PropOp42
 70
     1
102
RTVSPost2010Prop43
 90
        3
102
RTVSPost2010PropOp43
 70
     1
102
RTVSPost2010Prop44ColorIndex
 90
        5
102
RTVSPost2010Prop44ColorRGB
 90
      255
102
RTVSPost2010PropOp44
 70
     1
102
RTVSPost2010Prop45
280
     0
102
RTVSPost2010PropOp45
 70
     1
102
RTVSPost2010Prop46
 90
       50
102
RTVSPost2010PropOp46
 70
     1
102
RTVSPost2010Prop47
 90
       50
102
RTVSPost2010PropOp47
 70
     1
102
RTVSPost2010Prop48
 90
       50
102
RTVSPost2010PropOp48
 70
     1
102
RTVSPost2010Prop49
280
     0
102
RTVSPost2010PropOp49
 70
     1
102
RTVSPost2010Prop50
 90
       50
102
RTVSPost2010PropOp50
 70
     1
102
RTVSPost2010Prop51ColorIndex
 90
      256
102
RTVSPost2010Prop51ColorRGB
 90
-16777216
102
RTVSPost2010PropOp51
 70
     0
102
RTVSPost2010Prop52
140
1.0
102
RTVSPost2010PropOp52
 70
     0
102
RTVSPost2010Prop53
 90
        2
102
RTVSPost2010PropOp53
 70
     1
102
RTVSPost2010Prop54
  1
strokes_ogs.tif
102
RTVSPost2010PropOp54
 70
     1
102
RTVSPost2010Prop55
280
     0
102
RTVSPost2010PropOp55
 70
     1
102
RTVSPost2010Prop56
140
1.0
102
RTVSPost2010PropOp56
 70
     1
102
RTVSPost2010Prop57
140
1.0
102
RTVSPost2010PropOp57
 70
     1
  0
XRECORD
  5
B5
102
{ACAD_REACTORS
330
B4
102
}
330
B4
100
AcDbXrecord
280
     1
102
RTVSPost2010Prop28
280
     0
102
RTVSPost2010PropOp28
 70
     1
102
RTVSPost2010Prop29
280
     1
102
RTVSPost2010PropOp29
 70
     1
102
RTVSPost2010Prop30
280
     1
102
RTVSPost2010PropOp30
 70
     1
102
RTVSPost2010Prop31
280
     0
102
RTVSPost2010PropOp31
 70
     1
102
RTVSPost2010Prop32
280
     0
102
RTVSPost2010PropOp32
 70
     1
102
RTVSPost2010Prop33
280
     0
102
RTVSPost2010PropOp33
 70
     1
102
RTVSPost2010Prop34
280
     0
102
RTVSPost2010PropOp34
 70
     1
102
RTVSPost2010Prop35
280
     0
102
RTVSPost2010PropOp35
 70
     1
102
RTVSPost2010Prop36
280
     0
102
RTVSPost2010PropOp36
 70
     1
102
RTVSPost2010Prop37
 90
       50
102
RTVSPost2010PropOp37
 70
     1
102
RTVSPost2010Prop38
140
0.0
102
RTVSPost2010PropOp38
 70
     1
102
RTVSPost2010Prop39
140
1.0
102
RTVSPost2010PropOp39
 70
     1
102
RTVSPost2010Prop40
 90
        0
102
RTVSPost2010PropOp40
 70
     1
102
RTVSPost2010Prop41ColorIndex
 90
       18
102
RTVSPost2010Prop41ColorRGB
 90
        0
102
RTVSPost2010PropOp41
 70
     1
102
RTVSPost2010Prop42
 90
       50
102
RTVSPost2010PropOp42
 70
     1
102
RTVSPost2010Prop43
 90
        3
102
RTVSPost2010PropOp43
 70
     1
102
RTVSPost2010Prop44ColorIndex
 90
        5
102
RTVSPost2010Prop44ColorRGB
 90
      255
102
RTVSPost2010PropOp44
 70
     1
102
RTVSPost2010Prop45
280
     0
102
RTVSPost2010PropOp45
 70
     1
102
RTVSPost2010Prop46
 90
       50
102
RTVSPost2010PropOp46
 70
     1
102
RTVSPost2010Prop47
 90
       50
102
RTVSPost2010PropOp47
 70
     1
102
RTVSPost2010Prop48
 90
       50
102
RTVSPost2010PropOp48
 70
     1
102
RTVSPost2010Prop49
280
     0
102
RTVSPost2010PropOp49
 70
     1
102
RTVSPost2010Prop50
 90
       50
102
RTVSPost2010PropOp50
 70
     1
102
RTVSPost2010Prop51ColorIndex
 90
      256
102
RTVSPost2010Prop51ColorRGB
 90
-16777216
102
RTVSPost2010PropOp51
 70
     0
102
RTVSPost2010Prop52
140
1.0
102
RTVSPost2010PropOp52
 70
     0
102
RTVSPost2010Prop53
 90
        2
102
RTVSPost2010PropOp53
 70
     1
102
RTVSPost2010Prop54
  1
strokes_ogs.tif
102
RTVSPost2010PropOp54
 70
     1
102
RTVSPost2010Prop55
280
     0
102
RTVSPost2010PropOp55
 70
     1
102
RTVSPost2010Prop56
140
1.0
102
RTVSPost2010PropOp56
 70
     1
102
RTVSPost2010Prop57
140
1.0
102
RTVSPost2010PropOp57
 70
     1
  0
XRECORD
  5
B3
102
{ACAD_REACTORS
330
B2
102
}
330
B2
100
AcDbXrecord
280
     1
102
RTVSPost2010Prop28
280
     0
102
RTVSPost2010PropOp28
 70
     1
102
RTVSPost2010Prop29
280
     1
102
RTVSPost2010PropOp29
 70
     1
102
RTVSPost2010Prop30
280
     1
102
RTVSPost2010PropOp30
 70
     1
102
RTVSPost2010Prop31
280
     0
102
RTVSPost2010PropOp31
 70
     1
102
RTVSPost2010Prop32
280
     0
102
RTVSPost2010PropOp32
 70
     1
102
RTVSPost2010Prop33
280
     0
102
RTVSPost2010PropOp33
 70
     1
102
RTVSPost2010Prop34
280
     0
102
RTVSPost2010PropOp34
 70
     1
102
RTVSPost2010Prop35
280
     0
102
RTVSPost2010PropOp35
 70
     1
102
RTVSPost2010Prop36
280
     0
102
RTVSPost2010PropOp36
 70
     1
102
RTVSPost2010Prop37
 90
       50
102
RTVSPost2010PropOp37
 70
     1
102
RTVSPost2010Prop38
140
0.0
102
RTVSPost2010PropOp38
 70
     1
102
RTVSPost2010Prop39
140
1.0
102
RTVSPost2010PropOp39
 70
     1
102
RTVSPost2010Prop40
 90
        0
102
RTVSPost2010PropOp40
 70
     1
102
RTVSPost2010Prop41ColorIndex
 90
       18
102
RTVSPost2010Prop41ColorRGB
 90
        0
102
RTVSPost2010PropOp41
 70
     1
102
RTVSPost2010Prop42
 90
       50
102
RTVSPost2010PropOp42
 70
     1
102
RTVSPost2010Prop43
 90
        3
102
RTVSPost2010PropOp43
 70
     1
102
RTVSPost2010Prop44ColorIndex
 90
        5
102
RTVSPost2010Prop44ColorRGB
 90
      255
102
RTVSPost2010PropOp44
 70
     1
102
RTVSPost2010Prop45
280
     0
102
RTVSPost2010PropOp45
 70
     1
102
RTVSPost2010Prop46
 90
       50
102
RTVSPost2010PropOp46
 70
     1
102
RTVSPost2010Prop47
 90
       50
102
RTVSPost2010PropOp47
 70
     1
102
RTVSPost2010Prop48
 90
       50
102
RTVSPost2010PropOp48
 70
     1
102
RTVSPost2010Prop49
280
     0
102
RTVSPost2010PropOp49
 70
     1
102
RTVSPost2010Prop50
 90
       50
102
RTVSPost2010PropOp50
 70
     1
102
RTVSPost2010Prop51ColorIndex
 90
      256
102
RTVSPost2010Prop51ColorRGB
 90
-16777216
102
RTVSPost2010PropOp51
 70
     0
102
RTVSPost2010Prop52
140
1.0
102
RTVSPost2010PropOp52
 70
     0
102
RTVSPost2010Prop53
 90
        2
102
RTVSPost2010PropOp53
 70
     1
102
RTVSPost2010Prop54
  1
strokes_ogs.tif
102
RTVSPost2010PropOp54
 70
     1
102
RTVSPost2010Prop55
280
     0
102
RTVSPost2010PropOp55
 70
     1
102
RTVSPost2010Prop56
140
1.0
102
RTVSPost2010PropOp56
 70
     1
102
RTVSPost2010Prop57
140
1.0
102
RTVSPost2010PropOp57
 70
     1
  0
XRECORD
  5
AD
102
{ACAD_REACTORS
330
AC
102
}
330
AC
100
AcDbXrecord
280
     1
102
RTVSPost2010Prop28
280
     0
102
RTVSPost2010PropOp28
 70
     1
102
RTVSPost2010Prop29
280
     1
102
RTVSPost2010PropOp29
 70
     1
102
RTVSPost2010Prop30
280
     1
102
RTVSPost2010PropOp30
 70
     1
102
RTVSPost2010Prop31
280
     0
102
RTVSPost2010PropOp31
 70
     1
102
RTVSPost2010Prop32
280
     0
102
RTVSPost2010PropOp32
 70
     1
102
RTVSPost2010Prop33
280
     0
102
RTVSPost2010PropOp33
 70
     1
102
RTVSPost2010Prop34
280
     0
102
RTVSPost2010PropOp34
 70
     1
102
RTVSPost2010Prop35
280
     0
102
RTVSPost2010PropOp35
 70
     1
102
RTVSPost2010Prop36
280
     0
102
RTVSPost2010PropOp36
 70
     1
102
RTVSPost2010Prop37
 90
       50
102
RTVSPost2010PropOp37
 70
     1
102
RTVSPost2010Prop38
140
0.0
102
RTVSPost2010PropOp38
 70
     1
102
RTVSPost2010Prop39
140
1.0
102
RTVSPost2010PropOp39
 70
     1
102
RTVSPost2010Prop40
 90
        0
102
RTVSPost2010PropOp40
 70
     1
102
RTVSPost2010Prop41ColorIndex
 90
       18
102
RTVSPost2010Prop41ColorRGB
 90
        0
102
RTVSPost2010PropOp41
 70
     1
102
RTVSPost2010Prop42
 90
       50
102
RTVSPost2010PropOp42
 70
     1
102
RTVSPost2010Prop43
 90
        3
102
RTVSPost2010PropOp43
 70
     1
102
RTVSPost2010Prop44ColorIndex
 90
        5
102
RTVSPost2010Prop44ColorRGB
 90
      255
102
RTVSPost2010PropOp44
 70
     1
102
RTVSPost2010Prop45
280
     0
102
RTVSPost2010PropOp45
 70
     1
102
RTVSPost2010Prop46
 90
       50
102
RTVSPost2010PropOp46
 70
     1
102
RTVSPost2010Prop47
 90
       50
102
RTVSPost2010PropOp47
 70
     1
102
RTVSPost2010Prop48
 90
       50
102
RTVSPost2010PropOp48
 70
     1
102
RTVSPost2010Prop49
280
     0
102
RTVSPost2010PropOp49
 70
     1
102
RTVSPost2010Prop50
 90
       50
102
RTVSPost2010PropOp50
 70
     1
102
RTVSPost2010Prop51ColorIndex
 90
      256
102
RTVSPost2010Prop51ColorRGB
 90
-16777216
102
RTVSPost2010PropOp51
 70
     0
102
RTVSPost2010Prop52
140
1.0
102
RTVSPost2010PropOp52
 70
     0
102
RTVSPost2010Prop53
 90
        2
102
RTVSPost2010PropOp53
 70
     1
102
RTVSPost2010Prop54
  1
strokes_ogs.tif
102
RTVSPost2010PropOp54
 70
     1
102
RTVSPost2010Prop55
280
     0
102
RTVSPost2010PropOp55
 70
     1
102
RTVSPost2010Prop56
140
1.0
102
RTVSPost2010PropOp56
 70
     1
102
RTVSPost2010Prop57
140
1.0
102
RTVSPost2010PropOp57
 70
     1
  0
XRECORD
  5
AF
102
{ACAD_REACTORS
330
AE
102
}
330
AE
100
AcDbXrecord
280
     1
102
RTVSPost2010Prop28
280
     0
102
RTVSPost2010PropOp28
 70
     1
102
RTVSPost2010Prop29
280
     1
102
RTVSPost2010PropOp29
 70
     1
102
RTVSPost2010Prop30
280
     1
102
RTVSPost2010PropOp30
 70
     1
102
RTVSPost2010Prop31
280
     0
102
RTVSPost2010PropOp31
 70
     1
102
RTVSPost2010Prop32
280
     0
102
RTVSPost2010PropOp32
 70
     1
102
RTVSPost2010Prop33
280
     0
102
RTVSPost2010PropOp33
 70
     1
102
RTVSPost2010Prop34
280
     0
102
RTVSPost2010PropOp34
 70
     1
102
RTVSPost2010Prop35
280
     0
102
RTVSPost2010PropOp35
 70
     1
102
RTVSPost2010Prop36
280
     0
102
RTVSPost2010PropOp36
 70
     1
102
RTVSPost2010Prop37
 90
       50
102
RTVSPost2010PropOp37
 70
     1
102
RTVSPost2010Prop38
140
0.0
102
RTVSPost2010PropOp38
 70
     1
102
RTVSPost2010Prop39
140
1.0
102
RTVSPost2010PropOp39
 70
     1
102
RTVSPost2010Prop40
 90
        0
102
RTVSPost2010PropOp40
 70
     1
102
RTVSPost2010Prop41ColorIndex
 90
       18
102
RTVSPost2010Prop41ColorRGB
 90
        0
102
RTVSPost2010PropOp41
 70
     1
102
RTVSPost2010Prop42
 90
       50
102
RTVSPost2010PropOp42
 70
     1
102
RTVSPost2010Prop43
 90
        3
102
RTVSPost2010PropOp43
 70
     1
102
RTVSPost2010Prop44ColorIndex
 90
        5
102
RTVSPost2010Prop44ColorRGB
 90
      255
102
RTVSPost2010PropOp44
 70
     1
102
RTVSPost2010Prop45
280
     0
102
RTVSPost2010PropOp45
 70
     1
102
RTVSPost2010Prop46
 90
       50
102
RTVSPost2010PropOp46
 70
     1
102
RTVSPost2010Prop47
 90
       50
102
RTVSPost2010PropOp47
 70
     1
102
RTVSPost2010Prop48
 90
       50
102
RTVSPost2010PropOp48
 70
     1
102
RTVSPost2010Prop49
280
     0
102
RTVSPost2010PropOp49
 70
     1
102
RTVSPost2010Prop50
 90
       50
102
RTVSPost2010PropOp50
 70
     1
102
RTVSPost2010Prop51ColorIndex
 90
      256
102
RTVSPost2010Prop51ColorRGB
 90
-16777216
102
RTVSPost2010PropOp51
 70
     0
102
RTVSPost2010Prop52
140
1.0
102
RTVSPost2010PropOp52
 70
     0
102
RTVSPost2010Prop53
 90
        2
102
RTVSPost2010PropOp53
 70
     1
102
RTVSPost2010Prop54
  1
strokes_ogs.tif
102
RTVSPost2010PropOp54
 70
     1
102
RTVSPost2010Prop55
280
     0
102
RTVSPost2010PropOp55
 70
     1
102
RTVSPost2010Prop56
140
1.0
102
RTVSPost2010PropOp56
 70
     1
102
RTVSPost2010Prop57
140
1.0
102
RTVSPost2010PropOp57
 70
     1
  0
XRECORD
  5
9F
102
{ACAD_REACTORS
330
9E
102
}
330
9E
100
AcDbXrecord
280
     1
102
RTVSPost2010Prop28
280
     0
102
RTVSPost2010PropOp28
 70
     1
102
RTVSPost2010Prop29
280
     1
102
RTVSPost2010PropOp29
 70
     1
102
RTVSPost2010Prop30
280
     1
102
RTVSPost2010PropOp30
 70
     1
102
RTVSPost2010Prop31
280
     0
102
RTVSPost2010PropOp31
 70
     1
102
RTVSPost2010Prop32
280
     0
102
RTVSPost2010PropOp32
 70
     1
102
RTVSPost2010Prop33
280
     0
102
RTVSPost2010PropOp33
 70
     1
102
RTVSPost2010Prop34
280
     0
102
RTVSPost2010PropOp34
 70
     1
102
RTVSPost2010Prop35
280
     0
102
RTVSPost2010PropOp35
 70
     1
102
RTVSPost2010Prop36
280
     0
102
RTVSPost2010PropOp36
 70
     1
102
RTVSPost2010Prop37
 90
       50
102
RTVSPost2010PropOp37
 70
     1
102
RTVSPost2010Prop38
140
0.0
102
RTVSPost2010PropOp38
 70
     1
102
RTVSPost2010Prop39
140
1.0
102
RTVSPost2010PropOp39
 70
     1
102
RTVSPost2010Prop40
 90
        0
102
RTVSPost2010PropOp40
 70
     1
102
RTVSPost2010Prop41ColorIndex
 90
       18
102
RTVSPost2010Prop41ColorRGB
 90
        0
102
RTVSPost2010PropOp41
 70
     1
102
RTVSPost2010Prop42
 90
       50
102
RTVSPost2010PropOp42
 70
     1
102
RTVSPost2010Prop43
 90
        3
102
RTVSPost2010PropOp43
 70
     1
102
RTVSPost2010Prop44ColorIndex
 90
        5
102
RTVSPost2010Prop44ColorRGB
 90
      255
102
RTVSPost2010PropOp44
 70
     1
102
RTVSPost2010Prop45
280
     0
102
RTVSPost2010PropOp45
 70
     1
102
RTVSPost2010Prop46
 90
       50
102
RTVSPost2010PropOp46
 70
     1
102
RTVSPost2010Prop47
 90
       50
102
RTVSPost2010PropOp47
 70
     1
102
RTVSPost2010Prop48
 90
       50
102
RTVSPost2010PropOp48
 70
     1
102
RTVSPost2010Prop49
280
     0
102
RTVSPost2010PropOp49
 70
     1
102
RTVSPost2010Prop50
 90
       50
102
RTVSPost2010PropOp50
 70
     1
102
RTVSPost2010Prop51ColorIndex
 90
      256
102
RTVSPost2010Prop51ColorRGB
 90
-16777216
102
RTVSPost2010PropOp51
 70
     0
102
RTVSPost2010Prop52
140
1.0
102
RTVSPost2010PropOp52
 70
     0
102
RTVSPost2010Prop53
 90
        2
102
RTVSPost2010PropOp53
 70
     1
102
RTVSPost2010Prop54
  1
strokes_ogs.tif
102
RTVSPost2010PropOp54
 70
     1
102
RTVSPost2010Prop55
280
     0
102
RTVSPost2010PropOp55
 70
     1
102
RTVSPost2010Prop56
140
1.0
102
RTVSPost2010PropOp56
 70
     1
102
RTVSPost2010Prop57
140
1.0
102
RTVSPost2010PropOp57
 70
     1
  0
XRECORD
  5
91
102
{ACAD_REACTORS
330
90
102
}
330
90
100
AcDbXrecord
280
     1
102
RTVSPost2010Prop28
280
     0
102
RTVSPost2010PropOp28
 70
     1
102
RTVSPost2010Prop29
280
     1
102
RTVSPost2010PropOp29
 70
     1
102
RTVSPost2010Prop30
280
     1
102
RTVSPost2010PropOp30
 70
     1
102
RTVSPost2010Prop31
280
     0
102
RTVSPost2010PropOp31
 70
     1
102
RTVSPost2010Prop32
280
     0
102
RTVSPost2010PropOp32
 70
     1
102
RTVSPost2010Prop33
280
     0
102
RTVSPost2010PropOp33
 70
     1
102
RTVSPost2010Prop34
280
     0
102
RTVSPost2010PropOp34
 70
     1
102
RTVSPost2010Prop35
280
     0
102
RTVSPost2010PropOp35
 70
     1
102
RTVSPost2010Prop36
280
     0
102
RTVSPost2010PropOp36
 70
     1
102
RTVSPost2010Prop37
 90
       50
102
RTVSPost2010PropOp37
 70
     1
102
RTVSPost2010Prop38
140
0.0
102
RTVSPost2010PropOp38
 70
     1
102
RTVSPost2010Prop39
140
1.0
102
RTVSPost2010PropOp39
 70
     1
102
RTVSPost2010Prop40
 90
        0
102
RTVSPost2010PropOp40
 70
     1
102
RTVSPost2010Prop41ColorIndex
 90
       18
102
RTVSPost2010Prop41ColorRGB
 90
        0
102
RTVSPost2010PropOp41
 70
     1
102
RTVSPost2010Prop42
 90
       50
102
RTVSPost2010PropOp42
 70
     1
102
RTVSPost2010Prop43
 90
        3
102
RTVSPost2010PropOp43
 70
     1
102
RTVSPost2010Prop44ColorIndex
 90
        5
102
RTVSPost2010Prop44ColorRGB
 90
      255
102
RTVSPost2010PropOp44
 70
     1
102
RTVSPost2010Prop45
280
     0
102
RTVSPost2010PropOp45
 70
     1
102
RTVSPost2010Prop46
 90
       50
102
RTVSPost2010PropOp46
 70
     1
102
RTVSPost2010Prop47
 90
       50
102
RTVSPost2010PropOp47
 70
     1
102
RTVSPost2010Prop48
 90
       50
102
RTVSPost2010PropOp48
 70
     1
102
RTVSPost2010Prop49
280
     0
102
RTVSPost2010PropOp49
 70
     1
102
RTVSPost2010Prop50
 90
       50
102
RTVSPost2010PropOp50
 70
     1
102
RTVSPost2010Prop51ColorIndex
 90
      256
102
RTVSPost2010Prop51ColorRGB
 90
-16777216
102
RTVSPost2010PropOp51
 70
     0
102
RTVSPost2010Prop52
140
1.0
102
RTVSPost2010PropOp52
 70
     0
102
RTVSPost2010Prop53
 90
        2
102
RTVSPost2010PropOp53
 70
     1
102
RTVSPost2010Prop54
  1
strokes_ogs.tif
102
RTVSPost2010PropOp54
 70
     1
102
RTVSPost2010Prop55
280
     0
102
RTVSPost2010PropOp55
 70
     1
102
RTVSPost2010Prop56
140
1.0
102
RTVSPost2010PropOp56
 70
     1
102
RTVSPost2010Prop57
140
1.0
102
RTVSPost2010PropOp57
 70
     1
  0
XRECORD
  5
B1
102
{ACAD_REACTORS
330
B0
102
}
330
B0
100
AcDbXrecord
280
     1
102
RTVSPost2010Prop28
280
     0
102
RTVSPost2010PropOp28
 70
     1
102
RTVSPost2010Prop29
280
     1
102
RTVSPost2010PropOp29
 70
     1
102
RTVSPost2010Prop30
280
     1
102
RTVSPost2010PropOp30
 70
     1
102
RTVSPost2010Prop31
280
     0
102
RTVSPost2010PropOp31
 70
     1
102
RTVSPost2010Prop32
280
     0
102
RTVSPost2010PropOp32
 70
     1
102
RTVSPost2010Prop33
280
     0
102
RTVSPost2010PropOp33
 70
     1
102
RTVSPost2010Prop34
280
     0
102
RTVSPost2010PropOp34
 70
     1
102
RTVSPost2010Prop35
280
     0
102
RTVSPost2010PropOp35
 70
     1
102
RTVSPost2010Prop36
280
     0
102
RTVSPost2010PropOp36
 70
     1
102
RTVSPost2010Prop37
 90
       50
102
RTVSPost2010PropOp37
 70
     1
102
RTVSPost2010Prop38
140
0.0
102
RTVSPost2010PropOp38
 70
     1
102
RTVSPost2010Prop39
140
1.0
102
RTVSPost2010PropOp39
 70
     1
102
RTVSPost2010Prop40
 90
        0
102
RTVSPost2010PropOp40
 70
     1
102
RTVSPost2010Prop41ColorIndex
 90
       18
102
RTVSPost2010Prop41ColorRGB
 90
        0
102
RTVSPost2010PropOp41
 70
     1
102
RTVSPost2010Prop42
 90
       50
102
RTVSPost2010PropOp42
 70
     1
102
RTVSPost2010Prop43
 90
        3
102
RTVSPost2010PropOp43
 70
     1
102
RTVSPost2010Prop44ColorIndex
 90
        5
102
RTVSPost2010Prop44ColorRGB
 90
      255
102
RTVSPost2010PropOp44
 70
     1
102
RTVSPost2010Prop45
280
     0
102
RTVSPost2010PropOp45
 70
     1
102
RTVSPost2010Prop46
 90
       50
102
RTVSPost2010PropOp46
 70
     1
102
RTVSPost2010Prop47
 90
       50
102
RTVSPost2010PropOp47
 70
     1
102
RTVSPost2010Prop48
 90
       50
102
RTVSPost2010PropOp48
 70
     1
102
RTVSPost2010Prop49
280
     0
102
RTVSPost2010PropOp49
 70
     1
102
RTVSPost2010Prop50
 90
       50
102
RTVSPost2010PropOp50
 70
     1
102
RTVSPost2010Prop51ColorIndex
 90
      256
102
RTVSPost2010Prop51ColorRGB
 90
-16777216
102
RTVSPost2010PropOp51
 70
     0
102
RTVSPost2010Prop52
140
1.0
102
RTVSPost2010PropOp52
 70
     0
102
RTVSPost2010Prop53
 90
        2
102
RTVSPost2010PropOp53
 70
     1
102
RTVSPost2010Prop54
  1
strokes_ogs.tif
102
RTVSPost2010PropOp54
 70
     1
102
RTVSPost2010Prop55
280
     0
102
RTVSPost2010PropOp55
 70
     1
102
RTVSPost2010Prop56
140
1.0
102
RTVSPost2010PropOp56
 70
     1
102
RTVSPost2010Prop57
140
1.0
102
RTVSPost2010PropOp57
 70
     1
  0
ENDSEC
  0
EOF
